Supplier Number,Company Name,Display Name,SIM Status,Organization Type,Federal Tax ID,DUNS,Country of Operation,Preferred Currency,Payment Term,Invoice Matching Level,Minority Indicator,Minority Type,Primary Contact Email,Pay Group,Risk Tier,Insurance Expiry,Plants Served
V-100001,Lansdowne Machining LLC,Lansdowne Machining,active,Corporation,456453024,239017355,,Euro,Net 45,Two-way,Yes,SDVOSB,lansdowne.machining@lansdownemac.com,,Tier 1,2027-10-14,"PLT-12, PLT-07"
V-100002,Ashworth Fasteners Corp,Ashworth Fasteners,active,LLC,851303235,578016377,Canada,USD,Net 45,2 way,false,,ashworth.fasteners@ashworthfas.com,US-AP,1,2027-04-08,PLT-09 / PLT-03 / PLT-02
V-100003,Hollingworth Fabrication GmbH,Hollingworth Fabrication,active,Limited Liability Company,50-7524466,858240978,US,CAD,Net 45,2 way,F,,hollingworth.fabrication@hollingworthfab.com,US-AP,1,2027-08-16,PLT-02;PLT-11;PLT-12;PLT-07
V-100004,Grimsby Weldments Ltd,Grimsby Weldments,Inactive,Non-Profit,407976610,083578765,USA,USD,2/10 Net 30,None,0,,grimsby.weldments@grimsbywel.com,EU-AP,Tier 3,,PLT-02;PLT-04
V-100005,Netherfield Packaging PLC,,active,LLC,831584039,630705588,United States,USD,Net 30,None,FALSE,,netherfield.packaging@netherfieldpac.com,US-AP,2,01/16/2027,PLT-08;PLT-04;PLT-05;PLT-09
V-100006,Eastgate Fabrication Corp,Eastgate Fabrication,active,Sole Proprietor,731442852,441122910,United States,EUR,Net 90,3-way,,,eastgate.fabrication@eastgatefab.com,UK-AP,1,2028-11-11,
V-100007,Castleford Pneumatics Ltd.,Castleford Pneumatics,Active,Limited Liability Company,10-1210609,341341271,CA,USD,Net30,3-way,N,,castleford.pneumatics@castlefordpne.com,US-AP,Tier 1,2028-05-20,PLT-08
V-100008,Rushcliffe Machining Inc,,active,Corporation,79-4549691,684743169,CA,USD,Net 60,2-way,YES,MBE,rushcliffe.machining@rushcliffemac.com,EU-AP,Tier 1,2028-12-13,PLT-12;PLT-07;PLT-05
V-100009,Ashworth Fasteners Corp,,Inactive,,829977177,,US,,Net 30,2 way,FALSE,,ap@ashworthfas.com; ashworth.fasteners@ashworthfas.com,,2,2027-09-11,PLT-09;PLT-01;PLT-12
V-100010,Marchmont Electrical Co,,active,LLC,03-6470208,38821269,Mexico,USD,Net 60,2 Way Match,FALSE,,marchmont.electrical@marchmontele.com,MX-AP,Tier 2,06/19/2027,PLT-02;PLT-09
V-100011,Saltburn Lubricants Inc,,active,Corporation,53-6805785,226547539,United Kingdom,USD,Net 30,2 way,F,,saltburn.lubricants@saltburnlub.com,US-AP,3,,"PLT-09, PLT-05"
V-100012,Hollingworth Extrusions PLC,Hollingworth Extrusions,On Hold,,586222993,199705378,US,USD,Net30,3 Way Match,False,,hollingworth.extrusions@hollingworthext.com,US-AP,Tier 2,05/20/2028,PLT-05
V-100013,Netherfield Springs GmbH,,active,Sole Prop,10-4414017,313708677,DE,USD,COD,2 way,true,SDVOSB,,UK-AP,3,,"PLT-09, PLT-08, PLT-06"
V-100014,Jarrow Calibration Ltd,Jarrow Calibration,On Hold,,,16-333-7650,CA,MXN,Net 30,Three way direct,false,,jarrow.calibration@jarrowcal.com,US-AP,1,2027-05-19,PLT-03;PLT-05
V-100015,Denholm Bearings Corp,Denholm Bearings,A,S-Corp,103082552,597677564,DE,CAD,Net 45,,0,,denholm.bearings@denholmbea.com,CA-AP,High,2027-02-09,PLT-01;PLT-12
V-100016,Quarrington Tooling Inc.,Quarrington Tooling,Inactive,Partnership,19-4255859,79368505,DE,usd,Net 60,2-way,No,,quarrington.tooling@quarringtontoo.com,US-AP,Tier 2,2028-02-20,PLT-02
V-100017,Lansdowne Plating S.A. de C.V.,,draft,S-Corp,82-6325594,467868170,GB,USD,Net 60,2-way,True,MBE,lansdowne.plating@lansdownepla.com,,Tier 2,01/28/2026,
V-100018,Netherfield Pneumatics Ltd,,Active,Sole Proprietor,,34988123,US,USD,Net 30,None,No,,netherfield.pneumatics@netherfieldpne.com,,Low,2028-04-10,PLT-02
V-100019,Brackenridge Castings GmbH,,active,Non-Profit,049747494,311921334,USA,USD,Net 30,3 way,N,,brackenridge.castings@brackenridgecas.com,,3,2028-11-16,"PLT-09, PLT-05, PLT-04"
V-100020,Kettleby Machining S.A. de C.V.,Kettleby Machining,Active,S-Corp,68-2012776,988995097,,EUR,30 days,3-way,Yes,VOSB,kettleby.machining@kettlebymac.com,EU-AP,,2028-11-05,PLT-07
V-100021,Thirlmere Hydraulics PLC,Thirlmere Hydraulics,ACTIVE,Corporation,644854893,,US,,Net 15,2-way,No,,thirlmere.hydraulics@thirlmerehyd.com,EU-AP,Low,2026-09-04,
V-100022,Saltburn Gasket GmbH,,A,,698433731,258080784,US,USD,Net 30,3-way,False,,saltburn.gasket.saltburngas.com,MX-AP,3,09/27/2028,PLT-02
V-100023,Ingleby Forgings Inc,,Active,Limited Liability Company,242799638,15-184-8574,CA,,Net 45,2 way,F,,ingleby.forgings.inglebyfor.com,US-AP,Low,2026-06-05,"PLT-05, PLT-02"
V-100024,Saltburn Valves Inc,,active,LLC,832078595,,DE,MXN,NET30,3-way,False,,,,Tier 2,12/27/2026,
V-100025,Hollingworth Fabrication Ltd.,Hollingworth Fabrication,active,Corporation,955843570,,United States,USD,Net 30,2-way,False,,hollingworth.fabrication.hollingworthfab.com,MX-AP,Tier 3,11/03/2026,PLT-01
V-100026,Pemberton Castings S.A. de C.V.,,Active,,44-3827992,485942967,US,USD,Net 60,2-way,false,,pemberton.castings@pembertoncas.com,US-AP,Tier 2,2027-08-22,PLT-07
V-100027,Denholm Forgings Inc,Denholm Forgings,Inactive,,982603562,804903178,USA,USD,Due on receipt,3 way,,,denholm.forgings.denholmfor.com,MX-AP,1,01/10/2028,
V-100028,Verwood Pneumatics Corp,Verwood Pneumatics,active,LLC,30-6360906,,US,USD,N30,3-way,yes,MBE,verwood.pneumatics@verwoodpne.com,US-AP,2,2028-12-14,PLT-12
V-100029,Farndale Plating Inc.,,active,LLC,01-6302484,145185156,CA,GBP,Net 90,2 way,false,,ap@farndalepla.com; farndale.plating@farndalepla.com,US-AP,1,2028-05-19,PLT-03
V-100030,Eastgate Bearings Ltd,,Active,Corporation,22-3486492,407711292,MX,EUR,2/10 Net 30,Two-way,N,,eastgate.bearings@eastgatebea.com,,High,2028-10-02,PLT-11;PLT-04;PLT-05
V-100031,Ashworth Foundry Corp,Ashworth Foundry,Active,S-Corp,38-3386951,703093457,DE,USD,Net 30,3-way,1,WBE,ashworth.foundry@ashworthfou.com,CA-AP,1,2026-12-10,PLT-11
V-100032,Yarborough Coatings S.A. de C.V.,Yarborough Coatings,active,Corporation,13-6083631,780492931,Deutschland,CAD,Net 30,2-way,YES,SDVOSB,yarborough.coatings@yarboroughcoa.com,US-AP,,2028-03-16,PLT-12;PLT-01
V-100033,Verwood Logistics Inc.,,active,Corporation,41-3423662,469069861,USA,GBP,Immediate,,,,verwood.logistics@verwoodlog.com,US-AP,2,02/18/2028,PLT-11 / PLT-12 / PLT-09
V-100034,Lansdowne Coatings GmbH,Lansdowne Coatings,active,LLC,500710909,704724275,United States,EUR,NET30,2 way,false,,lansdowne.coatings@lansdownecoa.com,US-AP,Tier 2,2026-02-15,"PLT-02, PLT-03"
V-100035,Farndale Gasket Corp,Farndale Gasket,active,Partnership,209627400,774456705,United States,USD,Net 30,3-way,F,,farndale.gasket@farndalegas.com,MX-AP,,2026-11-01,PLT-04;PLT-09;PLT-03
V-100036,Denholm Seals Ltd.,Denholm Seals,active,Corporation,21-0976221,74221363,Canada,CAD,Due on receipt,3-way,false,,denholm.seals@denholmsea.com,US-AP,1,,PLT-07;PLT-09;PLT-10;PLT-03
V-100037,Culverton Foundry PLC,Culverton Foundry,Active,LLC,39-6252090,242464271,Germany,USD,COD,None,1,Minority Business Enterprise,,US-AP,Tier 2,2026-07-19,PLT-06
V-100038,Pemberton Gasket Co,,draft,Sole Proprietor,77-7753370,163301092,GB,EUR,Net 30,2-way,Yes,Woman-Owned Small Business,pemberton.gasket@pembertongas.com,MX-AP,3,03/16/2026,PLT-12
V-100039,Ullswater Gasket Ltd,Ullswater Gasket,A,Limited Liability Company,24-3816465,948725052,United States,usd,Net30,none,1,DBE,ap@ullswatergas.com; ullswater.gasket@ullswatergas.com,UK-AP,Tier 3,2027-10-08,PLT-10;PLT-08;PLT-01
V-100040,Wolverton Pneumatics Inc.,Wolverton Pneumatics,inactive,Corporation,226551435,761907598,Mexico,USD,NET30,2-way,0,,ap@wolvertonpne.com; wolverton.pneumatics@wolvertonpne.com,MX-AP,2,07/15/2027,"PLT-09, PLT-01, PLT-05"
V-100041,Fairweather Tooling Inc.,Fairweather Tooling,Active,Sole Proprietor,284259369,581470559,DE,EUR,30 days,2 way,False,,ap@fairweathertoo.com; fairweather.tooling@fairweathertoo.com,US-AP,,2028-05-16,PLT-03;PLT-07
V-100042,Ingleby Gasket Ltd,Ingleby Gasket,A,Non-Profit,95-2843898,877201806,MX,EUR,Immediate,2-way,N,,ingleby.gasket@inglebygas.com,EU-AP,Tier 1,,PLT-08
V-100043,Elmswell Castings Inc,,active,,19-3923389,667876716,US,US Dollar,Net 45,2-way,False,,ap@elmswellcas.com; elmswell.castings@elmswellcas.com,US-AP,Low,12/14/2026,PLT-09
V-100044,Oakhurst Packaging Co,,active,Corporation,067368737,,US,USD,Net 30,3-way,FALSE,,oakhurst.packaging@oakhurstpac.com,US-AP,3,,PLT-11;PLT-01;PLT-03
V-100045,Kettleby Fasteners Co,,Draft,Corporation,04-7214735,805952508,US,CAD,Net 30,2-way,0,,kettleby.fasteners@kettlebyfas.com,CA-AP,Medium,04/03/2028,"PLT-05, PLT-07, PLT-11"
V-100046,Wolverton Coatings PLC,Wolverton Coatings,active,Corporation,,631236158,USA,GBP,Net 30,3-way,F,,wolverton.coatings@wolvertoncoa.com,MX-AP,Tier 2,,PLT-10;PLT-05;PLT-06
V-100047,Ballantyne Hydraulics S.A. de C.V.,,ACTIVE,Non-Profit,93-8254558,406784628,Germany,USD,Net 60,3-way,T,DBE,ballantyne.hydraulics@ballantynehyd.com,MX-AP,Tier 1,2028-08-18,"PLT-09, PLT-02, PLT-11"
V-100048,Thirlmere Weldments Corp,,active,LLC,,238289481,,usd,30 days,,F,,thirlmere.weldments@thirlmerewel.com,EU-AP,3,06/19/2028,
V-100049,Brackenridge Coatings GmbH,Brackenridge Coatings,inactive,Partnership,,841841281,USA,CAD,NET30,Three way direct,No,,brackenridge.coatings@brackenridgecoa.com,US-AP,,07/10/2028,
V-100050,Denholm Plating LLC,Denholm Plating,Pending,Partnership,99-3339688,908635486,GB,usd,,3 way,0,,denholm.plating@denholmpla.com,US-AP,1,,PLT-11
V-100051,Ullswater Packaging Co,Ullswater Packaging,Inactive,,87-1075661,243735893,GB,MXN,Net 60,Two-way,false,,ullswater.packaging@ullswaterpac.com,UK-AP,High,02/26/2026,
V-100052,Alderman Seals Corp,Alderman Seals,active,Partnership,81-8435414,72-252-6974,CA,USD,NET30,3-way,False,,alderman.seals@aldermansea.com,UK-AP,3,09/19/2027,PLT-02
V-100053,Thirlmere Lubricants Inc,Thirlmere Lubricants,active,Corporation,681931614,52906391,United Kingdom,USD,Net 30,3 way,N,,thirlmere.lubricants@thirlmerelub.com,MX-AP,3,05/27/2026,PLT-05
V-100054,Thirlmere Machining Co,Thirlmere Machining,active,LLC,59-5993032,51375305,United States,GBP,Net 30,2 way,N,,thirlmere.machining@thirlmeremac.com,,2,2028-02-18,PLT-02
V-100055,Ingleby Extrusions GmbH,Ingleby Extrusions,Active,Sole Prop,41-3211922,628327164,US,USD,Net 90,2-way,T,VOSB,ingleby.extrusions@inglebyext.com,US-AP,3,2028-06-04,PLT-07;PLT-10;PLT-03;PLT-04
V-100056,Verwood Weldments GmbH,Verwood Weldments,draft,LLC,036078594,110319334,DE,GBP,NET30,none,True,WBE,verwood.weldments@verwoodwel.com,US-AP,Tier 1,2027-01-12,PLT-01;PLT-02
V-100057,Ullswater Logistics Ltd,,Pending,Sole Proprietor,14-5229669,177385777,,MXN,Net 45,None,,,ullswater.logistics@ullswaterlog.com,MX-AP,Tier 3,2028-06-15,PLT-09;PLT-06;PLT-07
V-100058,Oakhurst Pneumatics LLC,,On Hold,Partnership,33-5743388,701307762,US,USD,Due on receipt,none,No,,oakhurst.pneumatics@oakhurstpne.com,EU-AP,2,10/27/2028,PLT-06
V-100059,Netherfield Forgings PLC,,Active,Sole Prop,187078240,274052576,US,EUR,Due on receipt,3-way,N,,netherfield.forgings@netherfieldfor.com,EU-AP,Medium,12/21/2027,PLT-06;PLT-08
V-100060,Verwood Coatings Corp,Verwood Coatings,A,S-Corp,611473859,828820455,US,USD,Net 30,None,False,,verwood.coatings@verwoodcoa.com,CA-AP,3,2026-09-08,PLT-01 / PLT-06
V-100061,Saltburn Forgings Ltd,Saltburn Forgings,A,Corporation,978278446,802974993,Germany,USD,Net 30,Two-way,F,,saltburn.forgings@saltburnfor.com,US-AP,Low,2026-06-06,"PLT-04, PLT-11, PLT-09"
V-100062,Elmswell Fabrication Co,Elmswell Fabrication,Active,Partnership,11-7481603,897913609,,USD,Immediate,3-way,FALSE,,elmswell.fabrication@elmswellfab.com,US-AP,Medium,2027-04-28,"PLT-05, PLT-06"
V-100063,Jarrow Valves LLC,,Active,LLC,92-0156206,784196317,US,EUR,Net 45,3-way,No,,jarrow.valves.jarrowval.com,US-AP,,09/17/2028,PLT-02;PLT-09
V-100064,Castleford Foundry Ltd,,ACTIVE,Corporation,81-8945934,457029218,Canada,USD,N30,3 Way Match,N,,castleford.foundry@castlefordfou.com,US-AP,1,2028-08-27,PLT-12;PLT-01;PLT-10
V-100065,Wolverton Calibration Co,,active,Limited Liability Company,14-3354048,,US,USD,Net 45,none,yes,VOSB,wolverton.calibration@wolvertoncal.com,US-AP,,2026-09-06,PLT-06
V-100066,Grimsby Seals S.A. de C.V.,,inactive,,345339812,,DE,USD,,2 Way Match,FALSE,,ap@grimsbysea.com; grimsby.seals@grimsbysea.com,,High,2028-09-17,PLT-02
V-100067,Marchmont Calibration S.A. de C.V.,Marchmont Calibration,Active,Sole Proprietor,,858357787,US,USD,Net 45,None,,SDVOSB,marchmont.calibration@marchmontcal.com,CA-AP,3,06/12/2028,PLT-10;PLT-07;PLT-09
V-100068,Oakhurst Springs GmbH,Oakhurst Springs,draft,LLC,80-9761448,356170032,US,USD,Net 30,2-way,0,,oakhurst.springs@oakhurstspr.com,,3,2026-12-14,PLT-02
V-100069,Saltburn Castings Ltd,,inactive,Corporation,16-8362543,,US,EUR,Net 30,,yes,HUBZone,saltburn.castings@saltburncas.com,,High,2026-05-06,PLT-08
V-100070,Draycott Fasteners Inc.,Draycott Fasteners,inactive,Corporation,83-4191851,,MX,GBP,Net 45,3-way,0,,draycott.fasteners@draycottfas.com,MX-AP,,,PLT-02;PLT-04;PLT-01
V-100071,Eastgate Bearings Ltd,Eastgate Bearings,Inactive,Sole Proprietor,210709085,642971901,Germany,EUR,Net 45,3 way,Y,WBE,eastgate.bearings@eastgatebea.com,US-AP,,2026-11-25,"PLT-10, PLT-09, PLT-12, PLT-05"
V-100072,Grimsby Seals Corp,Grimsby Seals,active,Partnership,213207834,,CA,CAD,COD,,N,,ap@grimsbysea.com; grimsby.seals@grimsbysea.com,EU-AP,3,2028-07-05,PLT-02
V-100073,Yarborough Springs Inc,Yarborough Springs,Active,Non-Profit,194625264,645015675,United Kingdom,USD,COD,,0,,ap@yarboroughspr.com; yarborough.springs@yarboroughspr.com,US-AP,1,2027-04-23,"PLT-12, PLT-11"
V-100074,Wolverton Hydraulics PLC,Wolverton Hydraulics,Active,Corporation,58-7756606,491970088,,US Dollar,Net 90,2 Way Match,FALSE,,wolverton.hydraulics@wolvertonhyd.com,,Low,03/23/2026,
V-100075,Jarrow Castings Inc,Jarrow Castings,,Corporation,,538465943,USA,MXN,30 days,,F,,jarrow.castings@jarrowcas.com,,Tier 2,2027-02-22,PLT-09
V-100076,Draycott Bearings Co,Draycott Bearings,Pending,LLC,98-9847755,,MX,USD,N30,3-way,FALSE,,draycott.bearings@draycottbea.com,CA-AP,High,2028-06-26,PLT-06;PLT-02;PLT-08
V-100077,Thirlmere Valves S.A. de C.V.,,active,Limited Liability Company,88-3126351,616291627,US,usd,COD,2-way,YES,MBE,thirlmere.valves@thirlmereval.com,UK-AP,3,2026-12-22,PLT-08;PLT-11
V-100078,Marchmont Packaging S.A. de C.V.,,draft,Partnership,01-8866729,,United States,,Net30,2-way,False,,marchmont.packaging@marchmontpac.com,US-AP,,,PLT-02
V-100079,Ballantyne Lubricants GmbH,,Inactive,LLC,729866647,380274606,US,USD,Net 30,3-way,true,MBE,ballantyne.lubricants@ballantynelub.com,US-AP,High,2027-04-09,PLT-10 / PLT-07 / PLT-09
V-100080,Hollingworth Machining PLC,,Pending,Partnership,397635927,242141759,Canada,US Dollar,Net 30,Two-way,F,,hollingworth.machining@hollingworthmac.com,MX-AP,3,,
V-100081,Oakhurst Fabrication Ltd,Oakhurst Fabrication,I,LLC,269598568,253217552,US,CAD,Net 45,none,TRUE,WOSB,oakhurst.fabrication.oakhurstfab.com,US-AP,Low,,PLT-05 / PLT-04 / PLT-02
V-100082,Marchmont Forgings Inc.,Marchmont Forgings,Active,LLC,840082529,386215302,Germany,US Dollar,N30,3 way,false,,marchmont.forgings@marchmontfor.com,,3,2027-09-19,
V-100083,Ullswater Extrusions LLC,,active,Partnership,67-7487870,094920823,GB,USD,Net 45,3 way,FALSE,,ap@ullswaterext.com; ullswater.extrusions@ullswaterext.com,US-AP,,2027-08-21,PLT-06
V-100084,Rushcliffe Abrasives GmbH,Rushcliffe Abrasives,Draft,Sole Proprietor,64-3086851,,USA,USD,Immediate,None,0,,ap@rushcliffeabr.com; rushcliffe.abrasives@rushcliffeabr.com,US-AP,2,2026-01-25,PLT-01
V-100085,Elmswell Weldments LLC,,Active,LLC,639556425,681515319,DE,CAD,Net 15,none,FALSE,,elmswell.weldments@elmswellwel.com,,,2027-02-08,PLT-05;PLT-11
V-100086,Fairweather Castings Ltd.,Fairweather Castings,On Hold,LLC,41-3328637,50885088,US,USD,,2-way,YES,HUBZone,fairweather.castings@fairweathercas.com,US-AP,3,04/02/2026,PLT-12;PLT-05;PLT-02
V-100087,Ullswater Machining PLC,,active,Partnership,,78-848-0206,USA,Euro,,3-way,F,,ullswater.machining@ullswatermac.com,MX-AP,1,,PLT-11 / PLT-02 / PLT-10
V-100088,Rushcliffe Calibration Co,Rushcliffe Calibration,A,Sole Prop,37-7686500,,US,GBP,Net 15,Two-way,no,,,US-AP,,2028-12-07,
V-100089,Ullswater Foundry Ltd,,active,Corporation,09-7292911,98367034,US,US Dollar,Net 30,3-way,False,,ullswater.foundry@ullswaterfou.com,MX-AP,3,2027-10-10,PLT-09 / PLT-06
V-100090,Yarborough Calibration Corp,Yarborough Calibration,ACTIVE,LLC,46-0875882,,USA,EUR,NET30,3-way,false,,yarborough.calibration@yarboroughcal.com,UK-AP,,2026-03-13,
V-100091,Pemberton Tooling PLC,Pemberton Tooling,active,Partnership,44-8962155,54-222-9256,Canada,GBP,,3-way,YES,MBE,ap@pembertontoo.com; pemberton.tooling@pembertontoo.com,EU-AP,Tier 3,2028-11-02,PLT-06;PLT-05;PLT-04;PLT-12
V-100092,Farndale Fabrication Ltd.,Farndale Fabrication,Active,Corporation,842511562,721235053,DE,CAD,Net 15,3-way,N,,farndale.fabrication@farndalefab.com,CA-AP,1,2027-03-17,PLT-06
V-100093,Denholm Bearings S.A. de C.V.,Denholm Bearings,Active,Corporation,96-6327433,446097105,Canada,USD,COD,2 way,FALSE,,denholm.bearings@denholmbea.com,EU-AP,1,2027-01-19,"PLT-01, PLT-09"
V-100094,Draycott Castings Inc,,Pending,Corporation,93-7978069,517695725,United States,USD,Net 30,Three way direct,N,,draycott.castings.draycottcas.com,UK-AP,Medium,2026-02-03,
V-100095,Draycott Gasket Inc.,Draycott Gasket,Active,Corporation,,649704684,US,USD,2/10 Net 30,3-way-direct,False,,draycott.gasket@draycottgas.com,US-AP,High,2026-04-01,PLT-01;PLT-11;PLT-03
V-100096,Ashworth Foundry Corp,,active,Corporation,873442418,,United States,GBP,Net 30,3-way,No,,ashworth.foundry@ashworthfou.com,,Tier 2,,PLT-08;PLT-05
V-100097,Pemberton Fasteners PLC,,I,Corporation,120465784,714536626,USA,EUR,Net 45,Two-way,1,DBE,pemberton.fasteners@pembertonfas.com,US-AP,,2028-08-25,"PLT-01, PLT-05, PLT-03"
,Draycott Seals Inc.,Draycott Seals,A,Limited Liability Company,99-6577700,908805639,DE,USD,Net 90,3-way-direct,YES,DBE,draycott.seals@draycottsea.com,EU-AP,Low,,PLT-12;PLT-05
V-100099,Ashworth Fabrication Corp,,Inactive,LLC,74-3682753,423068274,United States,EUR,Due on receipt,3-way,TRUE,HUBZone,ashworth.fabrication@ashworthfab.com,US-AP,Tier 3,2027-04-15,PLT-02
V-100100,Hollingworth Machining Ltd.,Hollingworth Machining,inactive,LLC,41-5820928,355356598,US,USD,Net 30,2-way,0,,hollingworth.machining@hollingworthmac.com,US-AP,Tier 1,2027-12-26,PLT-12
V-100101,Draycott Hydraulics Corp,Draycott Hydraulics,active,S-Corp,,721519638,DE,EUR,Due on receipt,,no,,draycott.hydraulics@draycotthyd.com,US-AP,Tier 3,2027-05-15,
V-100102,Netherfield Coatings Co,Netherfield Coatings,active,Corporation,85-4564409,188270793,GB,USD,N30,2-way,,,netherfield.coatings@netherfieldcoa.com,UK-AP,3,2028-11-11,PLT-08;PLT-03;PLT-01
V-100103,Elmswell Foundry Ltd.,,inactive,LLC,77-2715746,861362928,US,USD,Net 60,2-way,no,,elmswell.foundry@elmswellfou.com,,3,,PLT-09;PLT-01;PLT-03
V-100104,Kettleby Valves LLC,,active,Corporation,285137050,995640772,US,usd,Net 60,,0,,kettleby.valves@kettlebyval.com,UK-AP,,2028-02-09,PLT-02
V-100105,Brackenridge Bearings S.A. de C.V.,Brackenridge Bearings,active,Partnership,32-7006635,252970321,MX,,NET30,Two-way,,,brackenridge.bearings@brackenridgebea.com,CA-AP,Tier 1,04/01/2028,PLT-11
V-100106,Kettleby Foundry Inc.,Kettleby Foundry,inactive,LLC,554534585,108603451,Germany,USD,Net 90,None,No,,kettleby.foundry@kettlebyfou.com,,1,2027-08-04,PLT-04;PLT-06;PLT-12
V-100107,Denholm Packaging Inc.,Denholm Packaging,draft,Sole Prop,277342042,899942181,United States,MXN,Net 30,2-way,Yes,MBE,denholm.packaging@denholmpac.com,US-AP,Medium,2026-11-26,PLT-04;PLT-06;PLT-07
V-100108,Pemberton Forgings Ltd,Pemberton Forgings,active,Limited Liability Company,94-6649068,99475532,Canada,EUR,Due on receipt,None,yes,WBE,pemberton.forgings@pembertonfor.com,US-AP,2,2026-08-09,"PLT-06, PLT-11, PLT-03"
V-100109,Jarrow Springs S.A. de C.V.,,,Corporation,,552924171,Canada,MXN,Net 45,2 way,,,jarrow.springs@jarrowspr.com,US-AP,,2028-06-01,PLT-12
V-100110,Castleford Fasteners PLC,,active,Corporation,305442297,780747897,Deutschland,USD,Net 30,none,0,,ap@castlefordfas.com; castleford.fasteners@castlefordfas.com,US-AP,2,2028-08-14,PLT-07
V-101395,Netherfield Tooling S.A. de C.V.,,Active,,758603593,281020555,GB,CAD,,Two-way,FALSE,,netherfield.tooling@netherfieldtoo.com,CA-AP,Tier 1,06/05/2026,
V-100112,Thirlmere Coatings Inc.,Thirlmere Coatings,active,LLC,475061463,467132018,,usd,Net 45,3-way,F,,,US-AP,3,08/12/2026,PLT-04;PLT-05;PLT-03
V-100113,Jarrow Plating GmbH,Jarrow Plating,I,Limited Liability Company,847973672,470817286,USA,MXN,Net 30,None,1,Woman-Owned Small Business,jarrow.plating@jarrowpla.com,EU-AP,High,10/25/2027,PLT-05
V-100114,Eastgate Valves Inc,Eastgate Valves,Active,,73-8045035,11371677,USA,USD,Net 45,3-way-direct,F,,eastgate.valves@eastgateval.com,EU-AP,Tier 2,2028-05-21,"PLT-05, PLT-12, PLT-02"
V-100115,Ingleby Weldments Ltd,,draft,LLC,01-9204640,133788749,Germany,,Net 30,none,T,DBE,ingleby.weldments@inglebywel.com,US-AP,,2027-10-12,PLT-08;PLT-09
V-100116,Yarborough Fabrication Co,Yarborough Fabrication,inactive,Corporation,24-3574202,296635951,CA,USD,Net 30,3 Way Match,N,,yarborough.fabrication@yarboroughfab.com,CA-AP,High,2028-05-21,PLT-09;PLT-08
V-100117,Netherfield Gasket Inc,Netherfield Gasket,Pending,Corporation,113992728,418793304,DE,CAD,NET30,3-way-direct,N,,netherfield.gasket@netherfieldgas.com,US-AP,Tier 3,04/01/2028,PLT-11
V-100118,Eastgate Abrasives Inc.,,ACTIVE,Corporation,627722912,769513464,US,CAD,Net 30,2-way,False,,eastgate.abrasives@eastgateabr.com,UK-AP,Low,2027-03-04,PLT-01
V-100119,Brackenridge Coatings GmbH,,inactive,Sole Proprietor,81-8376919,41364461,United Kingdom,EUR,NET30,None,TRUE,VOSB,ap@brackenridgecoa.com; brackenridge.coatings@brackenridgecoa.com,MX-AP,High,2027-06-28,PLT-08
V-100120,Draycott Pneumatics PLC,Draycott Pneumatics,active,LLC,25-7337905,140587423,MX,Euro,N30,3-way-direct,0,,draycott.pneumatics@draycottpne.com,US-AP,,2026-09-20,PLT-03;PLT-10
V-100121,Yarborough Abrasives Ltd.,Yarborough Abrasives,active,Non-Profit,723936854,375019884,United States,USD,2/10 Net 30,3-way,no,,,,High,2026-08-25,PLT-03
V-100122,Saltburn Machining LLC,Saltburn Machining,A,Corporation,507966123,410626524,USA,,Net 30,,FALSE,,saltburn.machining@saltburnmac.com,MX-AP,Low,2026-08-08,"PLT-10, PLT-05"
V-100123,Brackenridge Bearings PLC,,Pending,Corporation,866960422,,GB,EUR,Net 30,3 Way Match,Yes,DBE,brackenridge.bearings@brackenridgebea.com,US-AP,High,07/12/2028,PLT-12
V-100124,Thirlmere Lubricants S.A. de C.V.,Thirlmere Lubricants,active,LLC,064252534,238218062,US,USD,,none,Y,DBE,,UK-AP,2,03/20/2026,PLT-04
V-100125,Ingleby Seals S.A. de C.V.,,active,Corporation,,819099394,GB,USD,Net30,2-way,false,,ingleby.seals@inglebysea.com,EU-AP,2,2027-03-16,PLT-01;PLT-11;PLT-07
V-100126,Pemberton Calibration GmbH,,active,LLC,651516219,155708302,,USD,Net 30,2-way,FALSE,,ap@pembertoncal.com; pemberton.calibration@pembertoncal.com,CA-AP,Low,2026-04-10,PLT-08;PLT-02;PLT-07;PLT-09
V-100127,Wolverton Fasteners S.A. de C.V.,Wolverton Fasteners,draft,Corporation,31-6800152,685181712,US,USD,Net 45,3-way,,,wolverton.fasteners@wolvertonfas.com,EU-AP,2,2028-12-06,PLT-05
V-100128,Brackenridge Lubricants GmbH,,I,Sole Proprietor,721018418,85-734-8903,CA,USD,Net 30,3-way,F,,brackenridge.lubricants@brackenridgelub.com,CA-AP,Tier 1,2027-01-08,PLT-12 / PLT-05 / PLT-09
V-100129,Oakhurst Gasket Ltd,,active,LLC,81-0299072,640808888,DE,CAD,NET30,2 way,no,,oakhurst.gasket@oakhurstgas.com,MX-AP,Medium,10/17/2026,PLT-06 / PLT-04 / PLT-12
V-100130,Quarrington Foundry GmbH,,active,Corporation,261913905,348077344,United Kingdom,USD,NET30,none,,,quarrington.foundry@quarringtonfou.com,US-AP,2,2028-10-03,"PLT-07, PLT-01"
V-100131,Netherfield Machining Ltd,Netherfield Machining,Active,Sole Proprietor,65-6384235,597331889,,USD,N30,,no,,netherfield.machining@netherfieldmac.com,,,06/07/2026,
V-100132,Brackenridge Pneumatics Inc.,Brackenridge Pneumatics,Active,LLC,86-5824056,321250030,MX,,Net 15,2-way,F,,brackenridge.pneumatics@brackenridgepne.com,US-AP,3,,PLT-02;PLT-03;PLT-10
V-100133,Marchmont Machining Inc,Marchmont Machining,active,LLC,45-5495116,839291163,United States,usd,Net 30,3-way,,,marchmont.machining@marchmontmac.com,US-AP,2,2027-06-15,PLT-01;PLT-09
V-100134,Oakhurst Tooling Inc,Oakhurst Tooling,active,Sole Proprietor,57-0098086,399489792,US,GBP,COD,3-way,,,oakhurst.tooling@oakhursttoo.com,MX-AP,2,12/11/2026,"PLT-01, PLT-02"
V-100135,Wolverton Gasket Inc.,Wolverton Gasket,active,LLC,81-9881161,162607050,US,USD,Net 60,3-way,N,,wolverton.gasket@wolvertongas.com,US-AP,Tier 1,2027-06-20,PLT-07
V-100136,Saltburn Valves S.A. de C.V.,,A,LLC,20-6254758,,MX,usd,Net 15,3-way,N,,saltburn.valves@saltburnval.com,,1,2026-04-26,PLT-12
V-100137,Netherfield Coatings Ltd.,Netherfield Coatings,active,Corporation,84-7958487,891196104,DE,USD,Net 45,2-way,Y,DBE,netherfield.coatings@netherfieldcoa.com,US-AP,2,09/20/2027,PLT-04;PLT-03
V-100138,Thirlmere Lubricants Ltd,Thirlmere Lubricants,inactive,S-Corp,93-8843134,990715696,Mexico,CAD,Immediate,3-way,False,Minority Business Enterprise,thirlmere.lubricants@thirlmerelub.com,US-AP,High,2028-05-14,PLT-01;PLT-05;PLT-02
V-100139,Yarborough Valves Inc,Yarborough Valves,A,LLC,87-3714449,04469491,CA,USD,,3 Way Match,N,,yarborough.valves@yarboroughval.com,CA-AP,Tier 2,2028-05-26,
V-100140,Brackenridge Fabrication S.A. de C.V.,Brackenridge Fabrication,draft,Non-Profit,693415918,130426104,Canada,USD,Net 30,3-way,N,,ap@brackenridgefab.com; brackenridge.fabrication@brackenridgefab.com,CA-AP,3,2027-05-27,PLT-02
V-100141,Wolverton Bearings Inc,Wolverton Bearings,inactive,Sole Proprietor,135998215,74-954-7870,US,usd,Net 30,2-way,no,,wolverton.bearings@wolvertonbea.com,US-AP,,,PLT-11;PLT-06
V-100142,Grimsby Electrical Inc,,Inactive,LLC,78-0134281,501773306,MX,GBP,,2-way,yes,MBE,grimsby.electrical@grimsbyele.com,US-AP,3,,PLT-01;PLT-07;PLT-08
V-100143,Brackenridge Valves GmbH,,Draft,,04-5375361,36-825-0640,US,USD,Net 60,3-way,FALSE,,brackenridge.valves@brackenridgeval.com,US-AP,2,03/26/2028,"PLT-11, PLT-04"
V-100144,Oakhurst Plating LLC,Oakhurst Plating,Active,Corporation,96-3972419,802989996,United States,usd,N30,2-way,No,,oakhurst.plating@oakhurstpla.com,UK-AP,,10/24/2027,"PLT-03, PLT-09, PLT-07"
V-100145,Elmswell Seals Inc.,,Active,Corporation,32-9605156,197964779,United States,USD,Net 45,2-way,No,,elmswell.seals@elmswellsea.com,CA-AP,3,2026-10-12,PLT-10;PLT-12
V-100146,Oakhurst Packaging Inc,Oakhurst Packaging,On Hold,Corporation,78-2933527,441369529,US,EUR,Net 60,2-way,false,,oakhurst.packaging@oakhurstpac.com,US-AP,Medium,,PLT-06
V-100147,Saltburn Lubricants Inc,,Active,LLC,00-3799177,974619574,US,USD,Net 15,None,0,,saltburn.lubricants@saltburnlub.com,CA-AP,1,09/09/2026,"PLT-04, PLT-11"
V-100148,Culverton Seals Ltd,Culverton Seals,Active,Corporation,49-9072201,409656062,US,EUR,Immediate,3 Way Match,0,,,,Tier 2,2028-01-19,PLT-06
V-100149,Oakhurst Fabrication PLC,Oakhurst Fabrication,Active,LLC,70-2239767,,DE,usd,NET30,none,Y,MBE,oakhurst.fabrication@oakhurstfab.com,,1,2028-07-10,"PLT-09, PLT-12"
V-100150,Farndale Packaging Ltd.,Farndale Packaging,Pending,Corporation,21-4698141,621345188,Deutschland,MXN,Net 45,3-way-direct,no,,farndale.packaging@farndalepac.com,EU-AP,3,2026-01-25,
V-100151,Wolverton Packaging GmbH,Wolverton Packaging,Active,Limited Liability Company,,899802078,MX,USD,Net 30,2-way,True,HUBZone,wolverton.packaging@wolvertonpac.com,CA-AP,Medium,,PLT-07
V-100152,Wolverton Valves Ltd,,Active,Partnership,82-5840288,470653902,US,,COD,Two-way,FALSE,,wolverton.valves@wolvertonval.com,US-AP,Tier 2,04/24/2026,PLT-08;PLT-10
V-100153,Castleford Fabrication Corp,,draft,Corporation,15-9383260,637006088,United States,USD,Net30,3-way-direct,false,,castleford.fabrication@castlefordfab.com,MX-AP,Tier 3,2028-04-10,PLT-04;PLT-02;PLT-06
V-100154,Denholm Springs Inc,Denholm Springs,Inactive,Corporation,92-2357492,594804831,United States,USD,,,no,,denholm.springs@denholmspr.com,UK-AP,Low,2027-08-18,PLT-02;PLT-12;PLT-04
V-100155,Pemberton Electrical GmbH,Pemberton Electrical,active,Limited Liability Company,14-1106363,222797464,MX,USD,Net 60,2-way,,,pemberton.electrical@pembertonele.com,,High,08/05/2026,PLT-10;PLT-03
V-100156,Ashworth Foundry Inc.,,draft,Partnership,22-2960833,857580443,United Kingdom,USD,Net 30,2-way,N,,ashworth.foundry@ashworthfou.com,,3,2026-11-21,PLT-03;PLT-11
V-100157,Hollingworth Seals S.A. de C.V.,Hollingworth Seals,ACTIVE,Sole Proprietor,292027991,920490975,USA,CAD,N30,3-way,Y,DBE,hollingworth.seals@hollingworthsea.com,UK-AP,,2027-05-06,PLT-01
V-100158,Saltburn Abrasives Ltd,Saltburn Abrasives,active,Corporation,74-4491420,074739447,DE,CAD,,Three way direct,False,,saltburn.abrasives@saltburnabr.com,US-AP,Medium,2028-10-06,PLT-10;PLT-07;PLT-01
V-100159,Ingleby Lubricants Corp,,active,Sole Proprietor,628936645,947184079,DE,USD,Net 30,None,FALSE,,ap@inglebylub.com; ingleby.lubricants@inglebylub.com,EU-AP,1,2026-11-17,PLT-06
V-100160,Elmswell Abrasives Corp,,active,Limited Liability Company,04-2018702,716535246,US,EUR,Net 30,,false,,elmswell.abrasives@elmswellabr.com,,3,2028-11-17,PLT-08
V-100161,Ingleby Seals LLC,Ingleby Seals,inactive,,16-4055924,966518344,USA,USD,Due on receipt,3-way-direct,No,,ingleby.seals@inglebysea.com,CA-AP,Medium,12/04/2027,PLT-09;PLT-04;PLT-03
V-100162,Fairweather Logistics Inc.,Fairweather Logistics,A,,636077439,564859073,DE,USD,Net 60,3-way,N,,fairweather.logistics@fairweatherlog.com,EU-AP,Medium,2028-06-16,PLT-01;PLT-09
V-100163,Wolverton Packaging Co,,active,S-Corp,30-1790117,080297011,US,USD,2/10 Net 30,3-way,no,,,US-AP,2,2028-08-17,PLT-01;PLT-05
V-100164,Denholm Packaging PLC,Denholm Packaging,Inactive,Corporation,,528498245,Canada,GBP,,Two-way,TRUE,HUBZone,denholm.packaging@denholmpac.com,US-AP,Low,2026-09-16,PLT-01
V-100165,Thirlmere Gasket Corp,Thirlmere Gasket,active,Non-Profit,040991622,626348000,US,EUR,Due on receipt,None,N,,thirlmere.gasket@thirlmeregas.com,,Tier 1,2027-07-22,PLT-12
V-100166,Kettleby Pneumatics GmbH,Kettleby Pneumatics,inactive,Corporation,86-3926449,977517447,USA,,Net 90,Three way direct,False,,kettleby.pneumatics@kettlebypne.com,US-AP,3,2026-09-15,
V-100167,Ballantyne Machining S.A. de C.V.,,active,Limited Liability Company,27-0453442,847592452,GB,USD,Net 45,2-way,,,ballantyne.machining@ballantynemac.com,US-AP,Medium,2027-11-06,PLT-04
V-100168,Netherfield Weldments Ltd.,Netherfield Weldments,active,Corporation,80-3063521,497578654,US,MXN,,3-way-direct,N,,netherfield.weldments.netherfieldwel.com,,,2026-09-15,PLT-12
V-100169,Hollingworth Abrasives Ltd.,Hollingworth Abrasives,Active,Corporation,438554283,113079966,US,,Net 45,None,,DBE,hollingworth.abrasives@hollingworthabr.com,UK-AP,,05/16/2027,PLT-02
V-100170,Yarborough Calibration GmbH,Yarborough Calibration,active,,66-5935094,96726212,US,EUR,Net 15,,False,,yarborough.calibration@yarboroughcal.com,US-AP,,2026-10-08,"PLT-05, PLT-03"
V-100171,Denholm Plating GmbH,Denholm Plating,Inactive,Corporation,85-7473690,939010994,CA,US Dollar,,none,0,,,CA-AP,2,2028-11-19,
V-100172,Denholm Pneumatics Co,,Draft,S-Corp,980182204,944823312,US,CAD,Net 30,2-way,FALSE,,denholm.pneumatics@denholmpne.com,US-AP,Tier 2,02/07/2026,PLT-10 / PLT-01 / PLT-05
V-100173,Yarborough Seals Corp,Yarborough Seals,Active,S-Corp,754305762,75-870-4673,Canada,US Dollar,Net 30,None,0,,yarborough.seals@yarboroughsea.com,US-AP,Medium,,PLT-07;PLT-08
V-100174,Denholm Abrasives Co,Denholm Abrasives,active,Corporation,91-6839546,96358845,Deutschland,USD,Net 30,none,N,,denholm.abrasives@denholmabr.com,CA-AP,High,2028-03-06,PLT-04;PLT-11
V-100175,Ingleby Castings Ltd.,Ingleby Castings,active,Sole Proprietor,08-5777395,136470551,US,GBP,30 days,3 Way Match,no,,ingleby.castings@inglebycas.com,US-AP,Tier 1,2026-02-09,PLT-12
V-100176,Oakhurst Packaging S.A. de C.V.,,draft,Sole Proprietor,085921875,720512313,US,USD,Net 30,2 Way Match,no,,oakhurst.packaging@oakhurstpac.com,US-AP,1,2027-01-10,PLT-11 / PLT-10
V-100177,Lansdowne Weldments Inc,,active,Corporation,,517129890,Deutschland,EUR,Net 30,2-way,no,,lansdowne.weldments@lansdownewel.com,EU-AP,Tier 2,2027-11-14,
V-100178,Rushcliffe Forgings Inc,,Active,Limited Liability Company,96-7882124,37-734-7671,MX,USD,Net 30,none,1,HUBZone,rushcliffe.forgings@rushcliffefor.com,US-AP,2,01/28/2027,PLT-02
V-100179,Brackenridge Fabrication Inc.,Brackenridge Fabrication,,Corporation,28-4639562,382232222,United Kingdom,usd,Net 30,None,0,,brackenridge.fabrication@brackenridgefab.com,US-AP,Tier 1,2027-10-18,PLT-04
V-100180,Oakhurst Valves S.A. de C.V.,Oakhurst Valves,active,,,339970634,USA,USD,Net 45,,FALSE,,oakhurst.valves@oakhurstval.com,CA-AP,Medium,2026-12-19,PLT-02;PLT-12;PLT-06
V-100181,Kettleby Tooling Ltd.,Kettleby Tooling,Inactive,Partnership,,,Mexico,,Net 90,2 way,1,DBE,kettleby.tooling@kettlebytoo.com,EU-AP,2,06/16/2027,PLT-09
,Marchmont Fabrication Ltd.,Marchmont Fabrication,active,Sole Proprietor,210696286,74793693,US,USD,Net30,none,F,,marchmont.fabrication@marchmontfab.com,CA-AP,1,2028-01-06,PLT-04;PLT-12;PLT-09
V-100183,Wolverton Gasket LLC,Wolverton Gasket,active,Corporation,80-2320941,982437138,US,GBP,Net 30,2-way,0,,,,1,2026-07-03,PLT-06;PLT-12
V-100184,Grimsby Seals Inc,Grimsby Seals,active,LLC,471108332,489910400,United States,EUR,Net30,3-way,FALSE,,grimsby.seals@grimsbysea.com,US-AP,2,2027-06-24,PLT-11;PLT-10
V-100185,Draycott Coatings S.A. de C.V.,,active,LLC,387300198,714139533,United States,USD,Net 60,3 Way Match,FALSE,,draycott.coatings@draycottcoa.com,,2,2027-05-01,PLT-01
V-100186,Kettleby Electrical Corp,,Inactive,Corporation,746393647,185854632,GB,MXN,NET30,2 way,No,,kettleby.electrical@kettlebyele.com,CA-AP,Tier 2,2028-12-03,"PLT-02, PLT-07"
,Ballantyne Plating Inc,Ballantyne Plating,inactive,Corporation,00-3043774,917597002,United States,USD,,3-way,YES,WOSB,ballantyne.plating@ballantynepla.com,EU-AP,2,2028-11-03,PLT-10;PLT-04
V-100188,Ingleby Abrasives Inc,Ingleby Abrasives,active,,579015228,,US,usd,Due on receipt,None,False,,ap@inglebyabr.com; ingleby.abrasives@inglebyabr.com,CA-AP,1,2026-04-20,PLT-07
V-100189,Marchmont Machining Inc.,Marchmont Machining,Active,Corporation,,192220977,GB,usd,Net 30,none,false,,marchmont.machining@marchmontmac.com,EU-AP,,02/19/2026,PLT-11 / PLT-04
V-100190,Verwood Tooling Ltd,,Pending,Corporation,138079060,626039362,United States,USD,Net 30,3 way,false,,verwood.tooling@verwoodtoo.com,US-AP,,2028-12-28,PLT-04
V-100191,Culverton Castings Inc.,,active,Corporation,60-8807926,417424048,Germany,EUR,Net 30,3-way-direct,false,,culverton.castings@culvertoncas.com,US-AP,Low,07/28/2026,"PLT-03, PLT-11, PLT-09"
V-100192,Grimsby Seals Ltd.,,active,Sole Prop,971287498,,MX,USD,Net 30,2 way,no,,grimsby.seals@grimsbysea.com,US-AP,Low,06/05/2028,PLT-05 / PLT-08 / PLT-01
V-100193,Marchmont Machining Inc.,Marchmont Machining,inactive,LLC,52-4684468,256352852,GB,MXN,COD,3-way,True,MBE,marchmont.machining@marchmontmac.com,US-AP,Tier 2,10/16/2028,PLT-11 / PLT-01 / PLT-09
V-100194,Kettleby Electrical Co,Kettleby Electrical,Active,,69-4465913,324967239,United Kingdom,USD,Net 30,3-way-direct,FALSE,,kettleby.electrical@kettlebyele.com,US-AP,High,2026-08-16,PLT-11;PLT-12;PLT-01
V-100195,Denholm Tooling Co,Denholm Tooling,active,,367832857,422681747,United States,USD,,3-way,false,,denholm.tooling@denholmtoo.com,EU-AP,High,,PLT-12
V-100196,Saltburn Plating LLC,,active,Corporation,91-5913036,223550652,US,GBP,Net 90,3-way,Y,WOSB,saltburn.plating@saltburnpla.com,MX-AP,1,12/13/2028,PLT-07;PLT-02
V-100197,Denholm Seals Inc.,Denholm Seals,active,Corporation,35-2331804,510445130,US,GBP,Net 90,2 Way Match,FALSE,,denholm.seals@denholmsea.com,,2,2026-10-08,PLT-05
V-100198,Elmswell Castings Corp,,active,LLC,,500840735,USA,Euro,NET30,3-way-direct,no,,,US-AP,1,2028-09-16,PLT-11
V-100199,Rushcliffe Coatings PLC,Rushcliffe Coatings,Active,Corporation,044170674,706887720,USA,GBP,30 days,3-way,Yes,WBE,rushcliffe.coatings@rushcliffecoa.com,EU-AP,High,2026-10-06,PLT-08;PLT-09;PLT-10
V-100200,Grimsby Plating Co,,Inactive,LLC,679261971,378313681,MX,US Dollar,Net 30,None,no,,grimsby.plating@grimsbypla.com,US-AP,Tier 2,05/22/2027,
V-100201,Ullswater Electrical GmbH,Ullswater Electrical,active,LLC,,07-379-6894,CA,usd,30 days,3-way,no,,ullswater.electrical@ullswaterele.com,US-AP,2,,PLT-02 / PLT-08
V-100202,Ullswater Calibration Ltd,Ullswater Calibration,active,LLC,83-7453986,703124910,Germany,US Dollar,Net 45,2-way,False,,ullswater.calibration@ullswatercal.com,US-AP,3,2027-08-06,PLT-11 / PLT-09 / PLT-10
V-100203,Castleford Fasteners Ltd,,Inactive,Partnership,10-9922578,834029451,United States,USD,COD,2-way,YES,WBE,castleford.fasteners@castlefordfas.com,EU-AP,2,10/18/2028,PLT-08
V-100204,Wolverton Plating Inc,,Active,Corporation,23-8851445,,USA,USD,Due on receipt,3-way,no,,ap@wolvertonpla.com; wolverton.plating@wolvertonpla.com,US-AP,1,2028-03-25,PLT-05;PLT-01
V-100205,Marchmont Lubricants GmbH,,active,Corporation,564395739,362455107,US,CAD,Net 15,none,No,,marchmont.lubricants@marchmontlub.com,US-AP,Low,2028-12-27,"PLT-04, PLT-02, PLT-05"
V-100206,Castleford Bearings Corp,,inactive,Sole Proprietor,64-8203149,131040594,US,EUR,2/10 Net 30,3-way,false,,,US-AP,2,2028-11-08,PLT-02
V-100207,Jarrow Calibration Co,,Draft,LLC,66-2821096,666045957,US,USD,Net 30,3 Way Match,no,,jarrow.calibration@jarrowcal.com,US-AP,2,2028-01-10,PLT-10
V-100208,Yarborough Lubricants LLC,Yarborough Lubricants,Active,Corporation,65-7551401,331405371,GB,USD,Net 30,3-way,TRUE,DBE,yarborough.lubricants@yarboroughlub.com,,Tier 3,,PLT-02;PLT-06;PLT-01
V-100209,Lansdowne Bearings S.A. de C.V.,Lansdowne Bearings,Active,Sole Proprietor,717117870,487078185,,GBP,30 days,3-way,F,,lansdowne.bearings@lansdownebea.com,EU-AP,1,2027-05-25,PLT-07;PLT-10;PLT-02;PLT-12
V-100210,Quarrington Forgings Inc.,Quarrington Forgings,A,Corporation,68-9987665,382451483,USA,GBP,Immediate,none,false,,quarrington.forgings@quarringtonfor.com,,,10/05/2026,PLT-10
V-100211,Kettleby Springs LLC,Kettleby Springs,Pending,Limited Liability Company,123775148,775980248,Germany,CAD,Immediate,2 Way Match,No,,,MX-AP,2,2027-11-22,PLT-06
V-100212,Pemberton Seals Corp,Pemberton Seals,Draft,Sole Prop,47-5581517,971979010,US,USD,Net 30,3-way,,MBE,pemberton.seals@pembertonsea.com,MX-AP,Tier 2,2027-02-16,"PLT-10, PLT-03"
V-100213,Culverton Gasket Inc,,ACTIVE,LLC,86-6699039,312918178,Deutschland,USD,Net 90,,yes,SDVOSB,culverton.gasket.culvertongas.com,US-AP,Low,,PLT-04
V-100214,Jarrow Tooling GmbH,,ACTIVE,S-Corp,82-2740436,436651099,United States,MXN,Net 45,None,TRUE,WBE,jarrow.tooling@jarrowtoo.com,EU-AP,,,PLT-02;PLT-05
V-100215,Thirlmere Castings LLC,Thirlmere Castings,Inactive,LLC,35-4398352,928567551,Deutschland,USD,30 days,,true,MBE,thirlmere.castings@thirlmerecas.com,US-AP,Tier 2,2028-04-01,
V-100216,Fairweather Tooling S.A. de C.V.,,Active,Corporation,00-6892984,453416548,Mexico,EUR,COD,none,False,,fairweather.tooling@fairweathertoo.com,EU-AP,1,,"PLT-03, PLT-08"
V-100217,Marchmont Springs Ltd.,Marchmont Springs,active,S-Corp,968935825,,DE,,Net 45,3-way,yes,DBE,marchmont.springs@marchmontspr.com,UK-AP,,2026-07-02,PLT-08;PLT-05
V-100218,Elmswell Foundry GmbH,Elmswell Foundry,Active,Non-Profit,92-2055049,46-344-9947,GB,USD,N30,3-way-direct,false,,elmswell.foundry@elmswellfou.com,,Medium,2026-10-02,"PLT-07, PLT-01, PLT-02"
V-100219,Hollingworth Packaging Ltd.,,active,LLC,752611901,882855886,US,USD,Net 30,3 way,No,,hollingworth.packaging@hollingworthpac.com,US-AP,3,2026-12-10,"PLT-05, PLT-11, PLT-01"
,Oakhurst Plating Ltd.,,draft,LLC,38-2862613,120321615,USA,USD,Net 90,none,N,,oakhurst.plating@oakhurstpla.com,EU-AP,1,08/20/2028,PLT-03;PLT-05;PLT-12;PLT-07
V-100221,Denholm Machining Ltd,,Active,LLC,,771453836,US,USD,Net 60,3-way-direct,false,,denholm.machining@denholmmac.com,US-AP,Medium,2028-09-17,PLT-07;PLT-10
V-100222,Rushcliffe Pneumatics PLC,,I,Sole Proprietor,66-3934917,899945845,United Kingdom,GBP,COD,3-way-direct,no,,rushcliffe.pneumatics@rushcliffepne.com,US-AP,Tier 3,02/23/2028,PLT-09;PLT-12
V-100223,Farndale Bearings LLC,Farndale Bearings,Active,Corporation,699071120,533616379,US,GBP,30 days,2-way,No,,farndale.bearings@farndalebea.com,US-AP,2,12/21/2026,PLT-02;PLT-10;PLT-06;PLT-05
V-100224,Ballantyne Machining Ltd,Ballantyne Machining,,,999672602,599662876,GB,USD,Net 60,3-way,False,,ballantyne.machining@ballantynemac.com,US-AP,Tier 3,06/22/2026,PLT-05;PLT-02;PLT-11
V-100225,Ballantyne Forgings GmbH,Ballantyne Forgings,active,Non-Profit,053240146,333645454,Deutschland,EUR,Net 30,None,FALSE,,,EU-AP,3,2028-04-05,PLT-02
V-100226,Yarborough Foundry LLC,Yarborough Foundry,active,LLC,,962183965,GB,USD,Net 90,2 way,False,,yarborough.foundry@yarboroughfou.com,US-AP,1,2027-11-09,
V-100227,Ashworth Calibration S.A. de C.V.,Ashworth Calibration,active,Corporation,01-7703319,,US,USD,Immediate,2-way,no,,ap@ashworthcal.com; ashworth.calibration@ashworthcal.com,EU-AP,,12/24/2027,PLT-08
V-100228,Rushcliffe Pneumatics Inc,,Pending,S-Corp,78-1060827,,United States,USD,Net 30,2-way,TRUE,DBE,rushcliffe.pneumatics@rushcliffepne.com,,1,2028-04-22,PLT-12
V-100229,Marchmont Weldments PLC,Marchmont Weldments,Inactive,Sole Proprietor,,,United Kingdom,EUR,2/10 Net 30,3-way-direct,N,,marchmont.weldments@marchmontwel.com,US-AP,High,2026-03-02,"PLT-04, PLT-05, PLT-02"
V-100230,Thirlmere Coatings Corp,,On Hold,Sole Proprietor,74-8961924,770024437,Canada,USD,Immediate,2 way,True,DBE,,US-AP,3,07/13/2026,PLT-04
V-100231,Ashworth Hydraulics LLC,Ashworth Hydraulics,Active,LLC,98-8211341,144216480,GB,EUR,COD,3 way,T,WBE,ashworth.hydraulics@ashworthhyd.com,CA-AP,,2026-02-17,PLT-04;PLT-05
V-100232,Netherfield Calibration S.A. de C.V.,Netherfield Calibration,A,LLC,16-7886095,154186258,United States,USD,30 days,3-way,Y,SDVOSB,netherfield.calibration@netherfieldcal.com,US-AP,Medium,2028-05-15,PLT-04 / PLT-10
V-100233,Alderman Valves PLC,Alderman Valves,active,Corporation,52-5487475,626783827,United Kingdom,USD,Net30,,TRUE,WBE,alderman.valves@aldermanval.com,,,2028-09-17,PLT-10
V-100234,Draycott Abrasives Co,Draycott Abrasives,Draft,LLC,935448907,521981327,United Kingdom,USD,Due on receipt,3-way,0,,draycott.abrasives@draycottabr.com,EU-AP,2,03/06/2027,"PLT-02, PLT-01, PLT-03"
V-100235,Netherfield Foundry Co,Netherfield Foundry,On Hold,Corporation,20-8702726,989183854,US,usd,30 days,3-way,no,,netherfield.foundry@netherfieldfou.com,EU-AP,Tier 1,2026-10-18,PLT-11;PLT-05;PLT-04
V-100236,Quarrington Abrasives S.A. de C.V.,Quarrington Abrasives,ACTIVE,Limited Liability Company,85-9228053,500580266,Canada,usd,30 days,2-way,F,,quarrington.abrasives@quarringtonabr.com,US-AP,1,2026-02-02,"PLT-09, PLT-02, PLT-08, PLT-07"
V-100237,Alderman Packaging LLC,,Pending,Partnership,51-1958111,314357444,CA,USD,Net 60,2-way,No,,,MX-AP,3,2027-01-02,"PLT-06, PLT-07"
V-100238,Fairweather Tooling LLC,Fairweather Tooling,draft,Corporation,,917685488,US,GBP,Immediate,3-way-direct,N,,ap@fairweathertoo.com; fairweather.tooling@fairweathertoo.com,CA-AP,2,2027-03-27,PLT-09;PLT-04;PLT-05
V-100239,Wolverton Bearings Co,Wolverton Bearings,,Limited Liability Company,56-9868633,193158779,CA,USD,Due on receipt,3-way,1,WBE,,UK-AP,1,2026-06-06,PLT-08;PLT-09;PLT-10
V-100240,Saltburn Bearings PLC,,active,,35-6403564,987156241,Mexico,USD,Net 15,Three way direct,F,,saltburn.bearings@saltburnbea.com,US-AP,Tier 2,2027-01-10,PLT-12;PLT-11
V-100241,Saltburn Springs GmbH,,Inactive,S-Corp,,196773075,GB,EUR,Net 15,3 Way Match,no,,saltburn.springs@saltburnspr.com,,3,,PLT-04
V-100242,Jarrow Machining Inc,Jarrow Machining,draft,Sole Prop,743145949,838379699,US,GBP,Net 90,3-way,Yes,SDVOSB,jarrow.machining@jarrowmac.com,EU-AP,Medium,2027-07-13,"PLT-10, PLT-12, PLT-01, PLT-09"
V-100243,Verwood Valves Corp,Verwood Valves,Active,Corporation,65-9647443,65035076,GB,EUR,Immediate,none,FALSE,,verwood.valves@verwoodval.com,CA-AP,1,2027-01-13,PLT-08;PLT-11
V-100244,Draycott Castings Ltd.,,ACTIVE,,828032861,681477023,US,USD,N30,Two-way,YES,WBE,draycott.castings@draycottcas.com,US-AP,1,,PLT-07
V-100245,Ashworth Tooling Ltd.,Ashworth Tooling,Inactive,LLC,,479396096,US,,30 days,2 way,0,,ashworth.tooling@ashworthtoo.com,US-AP,High,2026-09-19,PLT-08;PLT-05;PLT-09
V-100246,Elmswell Valves LLC,Elmswell Valves,inactive,Corporation,,666365760,US,USD,,Two-way,,,elmswell.valves@elmswellval.com,US-AP,,2027-01-22,PLT-10;PLT-05
V-100247,Alderman Coatings S.A. de C.V.,,Pending,Corporation,62-9750723,410204507,USA,USD,,,N,,alderman.coatings.aldermancoa.com,,2,2026-01-28,PLT-03;PLT-04;PLT-05
V-100248,Ballantyne Lubricants S.A. de C.V.,Ballantyne Lubricants,,LLC,716157940,,USA,GBP,Net 45,,0,,ballantyne.lubricants@ballantynelub.com,US-AP,,2027-04-26,PLT-03
V-100249,Wolverton Castings Ltd.,Wolverton Castings,Pending,LLC,27-2458525,127649066,DE,MXN,Net 45,3-way,false,,wolverton.castings@wolvertoncas.com,US-AP,2,,PLT-05
V-100250,Yarborough Lubricants Inc,Yarborough Lubricants,A,Corporation,62-6419460,25-862-3981,U.S.,USD,Net30,3 Way Match,false,,,MX-AP,Low,2026-08-16,"PLT-08, PLT-11, PLT-09"
V-100251,Quarrington Gasket Corp,Quarrington Gasket,Inactive,Non-Profit,962968481,233517100,USA,CAD,Net 45,3 way,N,,quarrington.gasket@quarringtongas.com,US-AP,Tier 1,2026-11-28,PLT-11
V-100252,Wolverton Coatings Inc,,Draft,Corporation,91-3521162,727037139,USA,GBP,,2 way,no,,wolverton.coatings@wolvertoncoa.com,CA-AP,1,02/26/2028,PLT-03
V-100253,Pemberton Castings Co,Pemberton Castings,draft,S-Corp,70-8628791,492861436,DE,MXN,Net 15,3-way,F,,pemberton.castings@pembertoncas.com,,Tier 1,10/26/2026,PLT-05;PLT-03
V-100254,Rushcliffe Electrical Ltd,Rushcliffe Electrical,Active,Corporation,67-9910877,564754797,DE,USD,Net 30,2-way,F,,rushcliffe.electrical@rushcliffeele.com,,3,2027-05-01,PLT-02
V-100255,Oakhurst Abrasives Inc.,Oakhurst Abrasives,active,LLC,05-1455049,517559363,US,USD,,none,F,,oakhurst.abrasives@oakhurstabr.com,,1,2028-07-14,PLT-01
V-100256,Denholm Fabrication PLC,,active,S-Corp,66-9038814,168209406,DE,USD,Net 60,2 way,False,,denholm.fabrication@denholmfab.com,US-AP,Tier 1,2028-08-01,PLT-11;PLT-10
V-100257,Quarrington Packaging S.A. de C.V.,,ACTIVE,Limited Liability Company,636338167,558408275,US,USD,Net 45,none,no,,quarrington.packaging@quarringtonpac.com,CA-AP,Low,2026-12-04,PLT-06;PLT-08
V-100258,Culverton Machining Ltd.,Culverton Machining,,S-Corp,42-4629974,460681357,DE,USD,NET30,Two-way,no,,culverton.machining@culvertonmac.com,US-AP,3,12/14/2026,PLT-05
V-100259,Grimsby Bearings PLC,,Pending,Corporation,884394589,699155442,US,MXN,Net 45,3-way,False,,grimsby.bearings@grimsbybea.com,US-AP,Tier 2,2027-08-24,PLT-04
V-100260,Ingleby Machining Ltd.,Ingleby Machining,active,S-Corp,075932906,830946699,USA,,Net 30,2-way,yes,SDVOSB,ingleby.machining@inglebymac.com,US-AP,3,11/22/2028,PLT-04
V-100261,Jarrow Hydraulics Ltd.,,Active,Limited Liability Company,084832944,310671070,MX,,Net 90,none,no,,jarrow.hydraulics@jarrowhyd.com,MX-AP,Medium,2026-04-11,
V-100262,Denholm Bearings Ltd,Denholm Bearings,Pending,LLC,64-9861272,272732938,US,USD,Due on receipt,3 Way Match,FALSE,,denholm.bearings@denholmbea.com,US-AP,Low,03/19/2026,PLT-12
V-100263,Draycott Gasket Corp,,Active,Sole Proprietor,12-4947673,,USA,USD,Net 60,2-way,false,,draycott.gasket@draycottgas.com,US-AP,1,2026-09-02,PLT-09;PLT-05;PLT-01
V-100264,Ashworth Lubricants LLC,Ashworth Lubricants,active,LLC,732598449,444525894,US,,Net 30,3-way,FALSE,,ashworth.lubricants@ashworthlub.com,US-AP,1,2027-10-18,PLT-10
V-100265,Farndale Forgings PLC,Farndale Forgings,active,Corporation,88-5004373,438996490,DE,EUR,N30,2-way,Y,MBE,ap@farndalefor.com; farndale.forgings@farndalefor.com,US-AP,Medium,2026-10-14,"PLT-10, PLT-09, PLT-05, PLT-04"
V-100266,Ballantyne Castings Ltd.,Ballantyne Castings,active,Sole Proprietor,26-0292595,,US,CAD,Due on receipt,3-way,N,,,MX-AP,Tier 3,,PLT-06
V-100267,Quarrington Lubricants Inc,Quarrington Lubricants,Inactive,Corporation,92-9476728,065523721,Mexico,GBP,Net 45,2-way,false,VOSB,quarrington.lubricants@quarringtonlub.com,US-AP,Tier 1,,PLT-05
V-100268,Pemberton Weldments PLC,Pemberton Weldments,Inactive,Corporation,,,USA,USD,2/10 Net 30,3 way,true,Woman-Owned Small Business,,,1,09/15/2028,PLT-07
V-101219,Oakhurst Abrasives Ltd,Oakhurst Abrasives,inactive,Corporation,117977881,143598385,GB,MXN,Net 45,3-way,no,,oakhurst.abrasives@oakhurstabr.com,US-AP,,2026-09-11,PLT-09
V-100270,Rushcliffe Logistics Corp,Rushcliffe Logistics,active,Corporation,248468547,66526935,US,usd,Net 15,3 way,N,,rushcliffe.logistics@rushcliffelog.com,MX-AP,1,2028-04-16,PLT-06
V-100271,Ingleby Springs GmbH,,Active,Sole Prop,39-2524366,992592326,DE,EUR,Net 30,,0,,ingleby.springs@inglebyspr.com,US-AP,,2026-11-24,PLT-08
V-100272,Grimsby Valves PLC,,active,Sole Proprietor,641334124,894575294,U.S.,CAD,Net 15,2 way,1,WBE,grimsby.valves@grimsbyval.com,US-AP,,2027-11-02,PLT-03
V-100273,Draycott Fasteners S.A. de C.V.,Draycott Fasteners,On Hold,,22-9431045,725450731,,EUR,Net 30,3-way-direct,,Minority Business Enterprise,draycott.fasteners@draycottfas.com,US-AP,3,,PLT-09;PLT-12;PLT-06
V-100274,Thirlmere Bearings PLC,,active,LLC,62-8410566,19-943-9415,DE,,Net 30,3 way,No,,ap@thirlmerebea.com; thirlmere.bearings@thirlmerebea.com,EU-AP,High,2028-02-21,PLT-01;PLT-02;PLT-04
V-100275,Elmswell Calibration S.A. de C.V.,Elmswell Calibration,,LLC,,,DE,Euro,Net 45,3-way,True,VOSB,elmswell.calibration@elmswellcal.com,EU-AP,,2026-05-23,PLT-04;PLT-01;PLT-03
V-100276,Ashworth Seals GmbH,Ashworth Seals,Inactive,Corporation,187527822,944482960,US,USD,Net 30,3-way-direct,0,,ashworth.seals@ashworthsea.com,EU-AP,3,2027-05-03,PLT-07
V-100277,Quarrington Coatings Corp,Quarrington Coatings,inactive,Corporation,,821957410,Germany,US Dollar,NET30,3-way,FALSE,,quarrington.coatings@quarringtoncoa.com,,Tier 1,2028-05-22,PLT-01;PLT-05;PLT-04
V-100278,Oakhurst Weldments S.A. de C.V.,Oakhurst Weldments,Active,,62-3282795,,MX,USD,Net 15,3 way,No,,oakhurst.weldments@oakhurstwel.com,US-AP,Medium,02/09/2028,PLT-04;PLT-11;PLT-07
V-100279,Ballantyne Packaging Inc.,,Pending,Corporation,61-8397961,97-756-6038,Canada,CAD,NET30,3-way,T,SDVOSB,ballantyne.packaging@ballantynepac.com,EU-AP,1,2027-08-11,PLT-10;PLT-01;PLT-05;PLT-07
V-100280,Ashworth Abrasives S.A. de C.V.,,active,Corporation,84-8813770,806016732,US,USD,Net 60,2-way,False,,ashworth.abrasives@ashworthabr.com,EU-AP,3,2028-02-19,PLT-06
V-100281,Fairweather Seals S.A. de C.V.,,Pending,,63-0233631,219824043,GB,USD,Net 45,2 way,FALSE,,fairweather.seals@fairweathersea.com,UK-AP,3,2027-06-25,"PLT-03, PLT-08"
V-100282,Farndale Abrasives Ltd.,,inactive,Partnership,,,CA,USD,Net30,2-way,0,,farndale.abrasives@farndaleabr.com,US-AP,High,2027-04-26,PLT-08;PLT-10
V-100283,Eastgate Fasteners Ltd,,active,S-Corp,176764478,26374154,US,USD,Net 90,None,False,,eastgate.fasteners@eastgatefas.com,,Medium,,PLT-08
V-100284,Thirlmere Castings Ltd,Thirlmere Castings,Active,S-Corp,81-4124680,561353435,Canada,USD,Net 45,2-way,no,,thirlmere.castings@thirlmerecas.com,US-AP,,,"PLT-07, PLT-06"
V-100285,Thirlmere Abrasives Inc.,,active,LLC,411811734,950686016,Canada,USD,Net 30,3 way,Y,DBE,thirlmere.abrasives@thirlmereabr.com,US-AP,Low,,PLT-06;PLT-07;PLT-01;PLT-12
V-100286,Grimsby Bearings Ltd,Grimsby Bearings,On Hold,,37-2314929,568797280,US,US Dollar,Net 30,3-way,yes,MBE,ap@grimsbybea.com; grimsby.bearings@grimsbybea.com,CA-AP,Low,02/10/2028,"PLT-10, PLT-06"
V-100287,Ullswater Pneumatics PLC,,Active,S-Corp,382694118,956841288,CA,USD,Net 45,2-way,false,,ullswater.pneumatics@ullswaterpne.com,US-AP,Low,2027-06-09,PLT-11
V-100288,Brackenridge Machining S.A. de C.V.,,active,Corporation,33-5548308,752945456,USA,USD,2/10 Net 30,3-way,False,,brackenridge.machining@brackenridgemac.com,UK-AP,Tier 1,2027-07-11,PLT-11
V-100289,Hollingworth Gasket Ltd.,Hollingworth Gasket,Active,Sole Proprietor,40-3606897,206885346,US,USD,,2-way,,MBE,hollingworth.gasket@hollingworthgas.com,EU-AP,,2026-01-03,PLT-04
V-100290,Marchmont Fabrication PLC,Marchmont Fabrication,active,Partnership,01-4910675,339663434,US,USD,Net 30,None,Yes,Minority Business Enterprise,marchmont.fabrication@marchmontfab.com,EU-AP,,10/07/2027,PLT-03 / PLT-06
V-100291,Ballantyne Fabrication Inc,,Active,Corporation,020872856,848130214,CA,MXN,Net 45,3-way,0,,,US-AP,Tier 1,2028-01-28,PLT-08
,Elmswell Machining Inc.,,,,60-8845724,745034841,Deutschland,USD,,,False,,elmswell.machining@elmswellmac.com,US-AP,,2026-03-18,PLT-08;PLT-04
V-100293,Quarrington Tooling Ltd.,Quarrington Tooling,active,LLC,990914292,937437009,USA,EUR,Net 30,3-way,,WOSB,quarrington.tooling@quarringtontoo.com,US-AP,1,2026-08-24,PLT-04
V-100294,Kettleby Tooling Inc,,draft,Corporation,300236879,241667927,CA,GBP,Net 60,2-way,,Minority Business Enterprise,kettleby.tooling@kettlebytoo.com,UK-AP,3,2027-06-21,PLT-12
V-100295,Yarborough Pneumatics Corp,,Pending,LLC,25-8326415,984610247,US,USD,Net30,2-way,FALSE,,yarborough.pneumatics@yarboroughpne.com,MX-AP,3,2026-05-05,"PLT-04, PLT-03"
V-100296,Ingleby Bearings Ltd.,Ingleby Bearings,active,Limited Liability Company,86-0142166,954338571,Germany,USD,Net 30,3 Way Match,yes,Woman-Owned Small Business,ap@inglebybea.com; ingleby.bearings@inglebybea.com,EU-AP,1,2028-04-06,PLT-04;PLT-02
V-100297,Elmswell Pneumatics Corp,Elmswell Pneumatics,ACTIVE,Corporation,26-7851101,04193214,United States,MXN,Net 15,2 way,FALSE,,elmswell.pneumatics@elmswellpne.com,US-AP,2,2026-12-06,"PLT-10, PLT-02"
V-100298,Marchmont Plating Inc,Marchmont Plating,Pending,LLC,02-8613879,914040769,United States,USD,Net 15,3-way,false,,marchmont.plating@marchmontpla.com,US-AP,Low,08/27/2028,
V-100299,Hollingworth Packaging GmbH,,active,LLC,938189504,111697424,,USD,30 days,2-way,false,,hollingworth.packaging@hollingworthpac.com,EU-AP,2,2026-04-19,PLT-09;PLT-07;PLT-08;PLT-06
V-100300,Ballantyne Machining Ltd.,Ballantyne Machining,active,Partnership,09-3767366,679259236,US,EUR,Net 60,none,FALSE,,ballantyne.machining@ballantynemac.com,EU-AP,2,,PLT-07;PLT-10;PLT-09
V-100301,Lansdowne Foundry Ltd.,,active,Corporation,152407413,778627927,US,Euro,Net 60,3-way,Yes,HUBZone,lansdowne.foundry@lansdownefou.com,US-AP,3,2027-07-04,PLT-08
V-100302,Ashworth Bearings Inc.,Ashworth Bearings,active,Sole Proprietor,476902650,977272408,Mexico,USD,Net 30,none,YES,MBE,ashworth.bearings@ashworthbea.com,EU-AP,2,2028-12-20,
V-100303,Oakhurst Electrical Co,Oakhurst Electrical,Active,LLC,31-7062136,459353238,Germany,MXN,Net 30,2-way,false,,oakhurst.electrical@oakhurstele.com,,1,,"PLT-10, PLT-08"
V-100304,Yarborough Lubricants Corp,,draft,LLC,,936947246,CA,USD,Net 30,2 way,YES,DBE,yarborough.lubricants@yarboroughlub.com,UK-AP,1,2028-02-13,PLT-08;PLT-03;PLT-01;PLT-04
V-100305,Alderman Plating PLC,,inactive,LLC,16-6627984,560911196,,,Net 30,None,0,,ap@aldermanpla.com; alderman.plating@aldermanpla.com,MX-AP,2,2028-08-25,PLT-03
V-100306,Lansdowne Forgings S.A. de C.V.,,active,Corporation,48-2626221,685459169,Germany,USD,Net 30,2-way,No,,lansdowne.forgings@lansdownefor.com,CA-AP,Low,2026-04-27,PLT-07
V-100307,Culverton Extrusions Inc.,Culverton Extrusions,Active,LLC,234567903,206949481,US,USD,N30,3 way,0,,culverton.extrusions@culvertonext.com,CA-AP,High,2026-03-02,PLT-08
V-100308,Culverton Abrasives PLC,Culverton Abrasives,active,Sole Proprietor,11-3667309,473690062,CA,USD,Net 30,Two-way,false,,culverton.abrasives@culvertonabr.com,EU-AP,2,03/10/2027,PLT-09;PLT-06
V-100309,Farndale Hydraulics GmbH,Farndale Hydraulics,Pending,LLC,029102081,465346638,United Kingdom,EUR,NET30,2-way,0,,ap@farndalehyd.com; farndale.hydraulics@farndalehyd.com,EU-AP,Low,2028-09-10,PLT-07;PLT-03;PLT-06
V-100310,Pemberton Castings PLC,Pemberton Castings,Inactive,LLC,235712876,491236488,,USD,Net 60,2-way,FALSE,,ap@pembertoncas.com; pemberton.castings@pembertoncas.com,,2,2028-12-04,"PLT-02, PLT-08, PLT-10, PLT-05"
V-100311,Elmswell Plating GmbH,,Pending,LLC,341797972,540127476,Canada,,Net30,Two-way,false,,elmswell.plating@elmswellpla.com,,2,2027-04-26,"PLT-11, PLT-04"
V-100312,Marchmont Machining Ltd.,,Active,S-Corp,,852918768,MX,MXN,Net 60,none,FALSE,,marchmont.machining@marchmontmac.com,UK-AP,High,2028-11-01,PLT-09;PLT-06
V-100313,Farndale Fabrication Corp,,Pending,LLC,,,,GBP,Net 15,3-way-direct,F,,farndale.fabrication@farndalefab.com,US-AP,Low,04/19/2026,"PLT-11, PLT-05, PLT-07"
V-100314,Verwood Machining Inc.,Verwood Machining,draft,LLC,047233748,114526628,United States,CAD,,Two-way,Yes,WBE,verwood.machining@verwoodmac.com,US-AP,Tier 2,05/12/2027,
V-100315,Hollingworth Gasket Co,Hollingworth Gasket,Active,S-Corp,71-7769567,63-923-7401,US,USD,N30,3-way-direct,False,,hollingworth.gasket@hollingworthgas.com,,Low,2028-03-20,PLT-01
V-100316,Ingleby Electrical Ltd,,draft,Sole Proprietor,956643738,656301656,US,,NET30,,N,,ingleby.electrical@inglebyele.com,UK-AP,3,2028-03-10,PLT-06;PLT-07;PLT-12;PLT-10
V-100317,Ashworth Castings Ltd.,Ashworth Castings,active,Partnership,58-2407120,880730419,Canada,USD,Net 45,2-way,0,,ashworth.castings@ashworthcas.com,MX-AP,2,2028-01-12,PLT-09;PLT-12
V-100318,Farndale Electrical S.A. de C.V.,,active,Corporation,32-9202020,940944508,U.S.,GBP,N30,,FALSE,,farndale.electrical@farndaleele.com,EU-AP,1,2028-12-08,PLT-01;PLT-12;PLT-05;PLT-11
V-100319,Ullswater Electrical PLC,Ullswater Electrical,On Hold,Sole Proprietor,40-1055062,262878476,MX,USD,Net 90,3-way,F,,ullswater.electrical@ullswaterele.com,EU-AP,1,,PLT-04
V-100320,Pemberton Weldments PLC,Pemberton Weldments,Active,,14-9888500,788834747,CA,MXN,,3-way,false,,pemberton.weldments@pembertonwel.com,EU-AP,Tier 1,2028-01-21,PLT-01 / PLT-07
V-100321,Kettleby Hydraulics GmbH,,Active,Sole Prop,33-2987076,50-689-0889,US,GBP,Net 30,2 way,1,Woman-Owned Small Business,kettleby.hydraulics@kettlebyhyd.com,UK-AP,2,2027-12-27,PLT-04;PLT-03
V-100322,Elmswell Fabrication Co,,active,Non-Profit,77-2273958,680858415,Mexico,MXN,Net 45,3 way,Yes,HUBZone,elmswell.fabrication@elmswellfab.com,UK-AP,1,03/19/2026,PLT-03
V-100323,Rushcliffe Foundry Ltd.,,active,LLC,21-2180870,107618382,USA,USD,COD,,0,,rushcliffe.foundry@rushcliffefou.com,UK-AP,Medium,2027-03-19,PLT-03;PLT-04;PLT-07
V-100324,Culverton Fabrication GmbH,,On Hold,Corporation,875782477,353435823,US,usd,Net 60,none,No,,,,High,09/27/2026,PLT-10;PLT-04
V-100325,Ashworth Bearings Inc.,,Active,Corporation,30-2034841,640296489,Germany,EUR,N30,2 Way Match,TRUE,VOSB,ashworth.bearings@ashworthbea.com,EU-AP,2,2027-01-27,
,Kettleby Packaging LLC,,draft,LLC,07-3735121,637893432,US,usd,Net 30,3-way,,,ap@kettlebypac.com; kettleby.packaging@kettlebypac.com,,3,2028-11-22,PLT-05
V-100327,Grimsby Electrical S.A. de C.V.,,Pending,Corporation,902494493,333851401,USA,MXN,NET30,none,N,,grimsby.electrical@grimsbyele.com,EU-AP,Low,2027-06-03,PLT-03
V-100328,Grimsby Fasteners Ltd.,Grimsby Fasteners,active,,831618078,88866407,US,USD,Net 90,3-way,,,grimsby.fasteners@grimsbyfas.com,UK-AP,High,12/28/2028,PLT-08 / PLT-03 / PLT-02 / PLT-12
V-100329,Marchmont Machining Inc,Marchmont Machining,Pending,Corporation,370316599,,US,USD,,3-way,yes,VOSB,,US-AP,2,09/14/2027,PLT-03
V-100330,Elmswell Electrical Corp,Elmswell Electrical,active,Corporation,080014255,352542235,MX,,Immediate,2 Way Match,F,,ap@elmswellele.com; elmswell.electrical@elmswellele.com,CA-AP,3,10/15/2028,PLT-07
V-100331,Jarrow Abrasives PLC,Jarrow Abrasives,active,Corporation,836020082,985788400,Deutschland,USD,Net 90,none,no,,jarrow.abrasives@jarrowabr.com,EU-AP,1,,PLT-08;PLT-01;PLT-06
V-100332,Elmswell Weldments Ltd,Elmswell Weldments,A,Partnership,54-5930654,575334482,USA,USD,Due on receipt,3-way,false,,ap@elmswellwel.com; elmswell.weldments@elmswellwel.com,,Tier 1,2028-06-22,PLT-06
V-100333,Denholm Seals Inc.,Denholm Seals,active,Corporation,32-0733680,837701587,US,USD,Net 30,,N,,denholm.seals@denholmsea.com,EU-AP,1,2028-09-14,"PLT-11, PLT-09"
V-100334,Denholm Plating Inc,Denholm Plating,I,LLC,,943411537,DE,USD,30 days,2-way,FALSE,,denholm.plating@denholmpla.com,UK-AP,1,04/04/2028,"PLT-03, PLT-09"
V-100335,Culverton Seals S.A. de C.V.,Culverton Seals,active,Sole Proprietor,67-9072383,523047741,CA,USD,,2 way,F,,culverton.seals@culvertonsea.com,MX-AP,2,2027-08-25,PLT-05
V-100336,Rushcliffe Bearings S.A. de C.V.,Rushcliffe Bearings,active,Sole Proprietor,,505322485,USA,USD,Net 45,None,No,,rushcliffe.bearings@rushcliffebea.com,MX-AP,High,07/04/2027,PLT-08;PLT-01
V-100337,Ballantyne Hydraulics Ltd.,,Pending,Non-Profit,81-3385465,794175734,CA,CAD,NET30,2-way,no,,,UK-AP,Tier 1,,PLT-02;PLT-03;PLT-06
V-100338,Draycott Hydraulics Inc.,,Active,Partnership,53-1798399,409984676,US,GBP,Net 60,2-way,0,,draycott.hydraulics@draycotthyd.com,US-AP,1,08/05/2026,PLT-11;PLT-04;PLT-10
V-100339,Marchmont Castings Corp,Marchmont Castings,draft,S-Corp,97-9208855,190452760,USA,USD,Net 45,2-way,False,,ap@marchmontcas.com; marchmont.castings@marchmontcas.com,US-AP,Medium,,PLT-06
,Yarborough Hydraulics Inc,Yarborough Hydraulics,inactive,Partnership,225300074,802259581,US,USD,COD,2-way,N,,,US-AP,Tier 1,05/25/2028,PLT-04
V-100341,Farndale Bearings Inc,Farndale Bearings,On Hold,Corporation,96-7293987,263777551,DE,MXN,Net 30,3-way,yes,MBE,farndale.bearings@farndalebea.com,US-AP,2,08/21/2028,PLT-04;PLT-02
V-100342,Oakhurst Tooling PLC,,Active,S-Corp,28-1620805,772414997,USA,USD,COD,3-way-direct,N,,oakhurst.tooling@oakhursttoo.com,US-AP,2,,PLT-10
V-100343,Castleford Machining GmbH,Castleford Machining,Active,LLC,40-6909872,894676641,United States,USD,Net 30,2-way,N,,castleford.machining@castlefordmac.com,US-AP,3,,PLT-07
V-100344,Jarrow Foundry Ltd,Jarrow Foundry,active,Corporation,09-6504238,680661558,Canada,USD,30 days,3-way,false,,jarrow.foundry@jarrowfou.com,MX-AP,High,02/14/2026,PLT-09
V-100345,Lansdowne Bearings PLC,Lansdowne Bearings,active,Corporation,28-3695791,239995668,U.S.,USD,,2-way,,,lansdowne.bearings@lansdownebea.com,,2,04/18/2026,PLT-09
V-100346,Hollingworth Springs Inc.,Hollingworth Springs,A,Corporation,997086557,137212227,US,USD,NET30,2-way,FALSE,,,EU-AP,1,2028-06-15,PLT-12
V-100578,Netherfield Fasteners Corp,Netherfield Fasteners,active,Corporation,356308965,,US,MXN,Net 90,3 way,YES,SDVOSB,,CA-AP,Tier 1,2027-08-08,PLT-11;PLT-12
V-100348,Brackenridge Castings Inc.,,active,Corporation,857144610,353546720,US,USD,Net 45,3-way-direct,0,,brackenridge.castings@brackenridgecas.com,US-AP,2,2027-04-26,
V-100349,Castleford Machining GmbH,,Inactive,LLC,37-4715117,,United States,USD,NET30,3 way,no,,castleford.machining@castlefordmac.com,,Medium,2026-08-19,PLT-03;PLT-02;PLT-11
,Thirlmere Castings Ltd,Thirlmere Castings,draft,Partnership,01-6393468,639856780,US,EUR,Net 30,3 Way Match,no,,thirlmere.castings@thirlmerecas.com,EU-AP,2,2026-01-22,PLT-08 / PLT-09 / PLT-05
V-100351,Lansdowne Packaging S.A. de C.V.,,Active,LLC,93-7487753,932978737,USA,usd,Due on receipt,2-way,no,,lansdowne.packaging@lansdownepac.com,US-AP,1,2028-03-23,"PLT-03, PLT-11"
V-100352,Netherfield Packaging Ltd,Netherfield Packaging,active,Limited Liability Company,06-2756784,499578669,US,CAD,30 days,,FALSE,,netherfield.packaging@netherfieldpac.com,MX-AP,,2028-11-04,"PLT-12, PLT-07"
V-100353,Quarrington Electrical LLC,,draft,S-Corp,31-3366031,99479867,Deutschland,USD,NET30,3-way,no,,quarrington.electrical@quarringtonele.com,MX-AP,Medium,01/02/2027,PLT-10;PLT-06;PLT-12
V-100354,Hollingworth Coatings Corp,,Draft,,38-3128451,811079550,CA,USD,Net 30,3 way,false,,,US-AP,1,2028-10-23,PLT-04
V-100355,Lansdowne Weldments GmbH,Lansdowne Weldments,Draft,Corporation,81-8847344,944728500,US,US Dollar,Net 30,3-way-direct,0,,lansdowne.weldments@lansdownewel.com,,Low,06/22/2028,PLT-03;PLT-10;PLT-04;PLT-11
V-100356,Ashworth Seals Corp,Ashworth Seals,active,Corporation,50-4332272,204713377,USA,USD,Net 90,3-way,Yes,DBE,ashworth.seals@ashworthsea.com,,3,2028-03-28,
V-100357,Ingleby Lubricants Corp,,Active,,,359457170,US,US Dollar,2/10 Net 30,3-way,False,,ap@inglebylub.com; ingleby.lubricants@inglebylub.com,US-AP,Medium,2028-01-10,PLT-12;PLT-09
V-100358,Wolverton Extrusions Co,Wolverton Extrusions,Active,LLC,46-7648571,457661493,U.S.,EUR,,,false,,wolverton.extrusions@wolvertonext.com,EU-AP,1,01/26/2026,PLT-06;PLT-10;PLT-01;PLT-08
V-100359,Jarrow Extrusions Co,Jarrow Extrusions,draft,LLC,078267214,592024329,United States,USD,Net 15,3-way,false,SDVOSB,jarrow.extrusions@jarrowext.com,EU-AP,1,2028-08-03,"PLT-01, PLT-11, PLT-04"
V-100360,Culverton Calibration Inc.,,active,,74-1564730,596308529,Canada,USD,Net 60,none,no,,ap@culvertoncal.com; culverton.calibration@culvertoncal.com,US-AP,3,2027-08-11,PLT-05
V-100361,Netherfield Pneumatics GmbH,Netherfield Pneumatics,Active,Corporation,25-2309460,182520785,US,USD,COD,2 Way Match,0,,netherfield.pneumatics@netherfieldpne.com,US-AP,1,2028-05-09,"PLT-10, PLT-06"
V-100362,Lansdowne Hydraulics Inc,,active,LLC,002296283,478404716,US,CAD,N30,3-way,yes,Minority Business Enterprise,ap@lansdownehyd.com; lansdowne.hydraulics@lansdownehyd.com,MX-AP,Tier 3,2027-01-05,PLT-09
V-100363,Pemberton Seals Inc,Pemberton Seals,active,,,24-437-3661,U.S.,usd,Net 30,2-way,N,,pemberton.seals@pembertonsea.com,MX-AP,Tier 3,2027-09-04,PLT-04
V-100364,Verwood Hydraulics PLC,,inactive,Corporation,82-6332521,15-067-0108,US,usd,N30,3-way,F,,verwood.hydraulics@verwoodhyd.com,,3,2027-08-11,PLT-07;PLT-01;PLT-05;PLT-12
V-100365,Farndale Foundry Inc.,Farndale Foundry,inactive,Limited Liability Company,873856352,53-621-1100,Germany,EUR,Due on receipt,2-way,N,,farndale.foundry@farndalefou.com,CA-AP,3,2026-07-02,PLT-03;PLT-02;PLT-04;PLT-09
V-100366,Yarborough Bearings Ltd,Yarborough Bearings,active,,49-4442079,632880872,USA,MXN,Net 60,,,Minority Business Enterprise,ap@yarboroughbea.com; yarborough.bearings@yarboroughbea.com,US-AP,3,06/06/2028,PLT-03
V-100367,Eastgate Fasteners Inc,Eastgate Fasteners,active,,912827542,625275869,Germany,USD,Net 15,3-way,false,,eastgate.fasteners@eastgatefas.com,EU-AP,2,06/07/2026,PLT-02;PLT-12
V-100368,Culverton Abrasives PLC,,Active,Corporation,54-6328621,710449341,US,USD,Net 30,2 way,false,,culverton.abrasives@culvertonabr.com,,2,2026-03-03,PLT-05
V-100369,Saltburn Fabrication GmbH,Saltburn Fabrication,,Sole Proprietor,413321328,595018745,US,USD,N30,2 way,yes,Minority Business Enterprise,saltburn.fabrication@saltburnfab.com,US-AP,2,07/11/2026,PLT-04
V-100370,Hollingworth Calibration Co,,active,LLC,806746373,798887856,United Kingdom,CAD,30 days,2-way,N,,hollingworth.calibration@hollingworthcal.com,US-AP,1,2027-12-20,
V-100371,Netherfield Plating Inc,,active,Sole Proprietor,32-0658633,239933349,Mexico,USD,Net 90,Two-way,F,,netherfield.plating@netherfieldpla.com,US-AP,Tier 1,11/17/2026,"PLT-03, PLT-06"
V-100372,Draycott Pneumatics Inc.,,inactive,,760455413,488675914,Canada,USD,Net 30,2-way,N,,draycott.pneumatics@draycottpne.com,EU-AP,2,10/23/2028,PLT-09 / PLT-04 / PLT-02 / PLT-01
V-100373,Wolverton Valves Inc.,Wolverton Valves,active,Partnership,83-4440746,231985858,United Kingdom,USD,,2-way,No,,wolverton.valves@wolvertonval.com,EU-AP,,2028-04-06,PLT-06 / PLT-07
V-100374,Kettleby Fasteners Ltd.,Kettleby Fasteners,On Hold,LLC,27-6009292,167158867,United States,MXN,Net 45,,FALSE,,kettleby.fasteners.kettlebyfas.com,CA-AP,,2026-08-16,PLT-05
V-100375,Culverton Lubricants Ltd.,Culverton Lubricants,A,,,81563213,Canada,USD,30 days,3 Way Match,T,HUBZone,culverton.lubricants@culvertonlub.com,,Medium,2028-12-21,PLT-10;PLT-07;PLT-06
V-100376,Farndale Abrasives LLC,Farndale Abrasives,active,Corporation,03-8814891,,MX,USD,,3-way,F,,farndale.abrasives@farndaleabr.com,US-AP,Medium,2027-07-12,
V-100377,Fairweather Foundry Co,Fairweather Foundry,Active,S-Corp,52-5450955,486996215,CA,GBP,2/10 Net 30,3-way,no,,fairweather.foundry.fairweatherfou.com,US-AP,,03/09/2026,PLT-08
V-100378,Ashworth Abrasives Ltd.,Ashworth Abrasives,,,,766734017,United Kingdom,usd,Net 30,2-way,no,,ashworth.abrasives@ashworthabr.com,US-AP,Medium,2028-06-07,"PLT-02, PLT-04"
V-100379,Hollingworth Springs Ltd,Hollingworth Springs,active,Limited Liability Company,11-9912850,878546598,USA,GBP,Net 30,2 Way Match,FALSE,,ap@hollingworthspr.com; hollingworth.springs@hollingworthspr.com,MX-AP,Tier 2,2028-11-12,PLT-08
V-100380,Alderman Forgings Corp,,inactive,LLC,18-9710139,200144913,USA,MXN,Net 15,none,,,alderman.forgings@aldermanfor.com,MX-AP,Tier 1,09/05/2027,PLT-06
,Kettleby Logistics LLC,,Active,LLC,60-5163528,341248225,USA,EUR,Net 30,3-way-direct,false,,kettleby.logistics@kettlebylog.com,,,04/26/2027,PLT-03
V-100382,Wolverton Forgings Co,Wolverton Forgings,,Corporation,33-6057735,252821317,MX,Euro,Net 30,3 Way Match,No,,,US-AP,2,2026-05-11,PLT-11;PLT-06
V-100383,Draycott Machining Corp,,active,Corporation,10-3691454,,US,USD,NET30,2-way,T,MBE,draycott.machining@draycottmac.com,UK-AP,Tier 2,,"PLT-09, PLT-01, PLT-04"
V-100384,Culverton Fasteners PLC,,inactive,,,258940758,DE,US Dollar,Net 30,3 way,F,,culverton.fasteners@culvertonfas.com,EU-AP,Tier 1,2026-11-14,
V-100385,Ballantyne Foundry Ltd,,ACTIVE,Corporation,47-0922492,829907932,DE,Euro,Net 45,Two-way,no,,ballantyne.foundry@ballantynefou.com,,2,2027-04-11,PLT-01
V-100386,Brackenridge Packaging Ltd.,,Inactive,Sole Proprietor,227512022,478071125,CA,,Net 60,2 way,,,,CA-AP,Tier 2,2026-12-10,PLT-02
V-100387,Castleford Machining Inc.,Castleford Machining,active,Corporation,10-0135029,386647496,US,EUR,Net 45,3-way-direct,no,,castleford.machining@castlefordmac.com,US-AP,Low,2026-08-20,PLT-11 / PLT-07
V-100388,Denholm Valves Ltd.,Denholm Valves,inactive,Sole Prop,,384367093,DE,USD,Net 30,2-way,Y,VOSB,denholm.valves@denholmval.com,CA-AP,High,07/23/2028,PLT-06;PLT-03;PLT-04
V-100389,Wolverton Plating Inc,Wolverton Plating,active,Sole Proprietor,35-0147660,531942502,US,,Net 30,3 way,N,,wolverton.plating@wolvertonpla.com,US-AP,1,2027-08-24,PLT-06;PLT-11
V-100390,Grimsby Springs GmbH,Grimsby Springs,Active,,62-3020443,209320559,GB,USD,Net 30,none,N,,grimsby.springs@grimsbyspr.com,UK-AP,Tier 1,04/11/2026,PLT-01;PLT-08;PLT-02;PLT-07
V-100391,Denholm Forgings PLC,Denholm Forgings,On Hold,Partnership,44-9401246,481784991,GB,CAD,Net 90,2-way,TRUE,HUBZone,ap@denholmfor.com; denholm.forgings@denholmfor.com,MX-AP,High,,PLT-02;PLT-08;PLT-05;PLT-11
V-100392,Hollingworth Pneumatics Inc,,inactive,,42-8513326,966447013,,EUR,Net 60,none,FALSE,,hollingworth.pneumatics@hollingworthpne.com,US-AP,3,,PLT-01
V-100393,Fairweather Abrasives Inc,Fairweather Abrasives,active,Sole Proprietor,22-9328885,192668140,Germany,USD,30 days,2-way,0,,fairweather.abrasives@fairweatherabr.com,US-AP,Tier 2,,"PLT-01, PLT-07"
V-100394,Brackenridge Valves Co,Brackenridge Valves,On Hold,S-Corp,04-0230213,932423129,GB,GBP,Due on receipt,3-way,N,,brackenridge.valves@brackenridgeval.com,US-AP,1,01/07/2027,
V-100395,Marchmont Machining Ltd.,,active,Corporation,31-1516972,323776445,US,USD,NET30,2 Way Match,No,,marchmont.machining@marchmontmac.com,US-AP,High,2027-12-23,PLT-06;PLT-05;PLT-10
V-100396,Grimsby Hydraulics Co,,inactive,Corporation,458633986,61169437,United States,USD,Net 45,2 Way Match,no,,grimsby.hydraulics.grimsbyhyd.com,US-AP,3,2028-03-15,PLT-01;PLT-11
V-100397,Elmswell Plating Ltd.,,active,Corporation,357166154,899733473,Canada,USD,Net 30,3-way,yes,MBE,elmswell.plating@elmswellpla.com,MX-AP,Tier 2,2028-05-24,PLT-05;PLT-11;PLT-03;PLT-04
V-100398,Alderman Lubricants Inc.,,active,Corporation,86-1543198,89137877,United States,GBP,Net30,3 Way Match,FALSE,,alderman.lubricants@aldermanlub.com,,1,02/02/2026,PLT-08;PLT-03
V-100399,Alderman Lubricants GmbH,Alderman Lubricants,active,S-Corp,688104322,576411090,GB,usd,Net 45,Two-way,YES,SDVOSB,alderman.lubricants@aldermanlub.com,,,2028-03-26,PLT-07;PLT-01
V-100400,Rushcliffe Machining S.A. de C.V.,,Draft,LLC,885790231,87-551-7418,USA,,Net 30,none,TRUE,SDVOSB,rushcliffe.machining@rushcliffemac.com,US-AP,3,2027-02-15,PLT-05;PLT-08
,Marchmont Valves LLC,Marchmont Valves,draft,Partnership,387089865,719471531,USA,Euro,Immediate,3-way,F,,marchmont.valves@marchmontval.com,US-AP,2,2027-03-28,"PLT-01, PLT-09, PLT-10"
V-100402,Grimsby Abrasives GmbH,Grimsby Abrasives,A,LLC,67-8384867,003795873,Mexico,MXN,,Three way direct,YES,VOSB,grimsby.abrasives@grimsbyabr.com,US-AP,3,2026-03-19,PLT-11
V-100403,Saltburn Foundry Inc,,Active,LLC,84-3923097,766108649,United Kingdom,MXN,Due on receipt,3-way-direct,No,,saltburn.foundry.saltburnfou.com,,1,12/05/2028,PLT-09;PLT-07;PLT-11
V-100404,Elmswell Bearings Ltd.,,active,S-Corp,73-5631420,,United States,USD,Net 45,3-way,false,,elmswell.bearings@elmswellbea.com,MX-AP,3,2028-05-01,PLT-03
V-100405,Lansdowne Lubricants Corp,Lansdowne Lubricants,active,Sole Proprietor,611394890,673744766,Canada,GBP,30 days,3-way,0,,lansdowne.lubricants@lansdownelub.com,UK-AP,2,2027-08-14,PLT-10;PLT-01;PLT-12
V-100406,Wolverton Calibration Co,Wolverton Calibration,Draft,Corporation,354962822,55059657,US,USD,Net30,3-way,True,DBE,ap@wolvertoncal.com; wolverton.calibration@wolvertoncal.com,US-AP,Tier 1,2028-08-14,PLT-03
V-100407,Farndale Calibration GmbH,Farndale Calibration,active,Corporation,81-5864674,787012683,CA,EUR,NET30,none,F,,farndale.calibration@farndalecal.com,EU-AP,Low,2026-03-06,PLT-04;PLT-03
V-101586,Yarborough Lubricants Ltd,,Pending,LLC,15-2633365,,U.S.,EUR,Net 30,,FALSE,,yarborough.lubricants@yarboroughlub.com,UK-AP,High,06/28/2028,PLT-05;PLT-11
V-100409,Ballantyne Foundry Ltd.,Ballantyne Foundry,active,LLC,47-3451257,01-175-0273,DE,EUR,NET30,,YES,WOSB,ballantyne.foundry@ballantynefou.com,,,2027-06-12,"PLT-10, PLT-05, PLT-09"
V-100410,Verwood Hydraulics GmbH,,Active,Sole Proprietor,59-2616519,904499286,MX,USD,Net30,3 Way Match,true,MBE,verwood.hydraulics@verwoodhyd.com,US-AP,Low,2028-03-01,PLT-07;PLT-05
V-100411,Pemberton Pneumatics Ltd.,Pemberton Pneumatics,active,Corporation,864992239,838972934,US,USD,Net 60,,FALSE,,,US-AP,2,2028-11-20,"PLT-04, PLT-10"
V-100412,Ballantyne Lubricants Ltd,Ballantyne Lubricants,Active,Partnership,181950234,,USA,CAD,Net 30,2 Way Match,0,,ballantyne.lubricants@ballantynelub.com,US-AP,,2027-04-16,PLT-04;PLT-07;PLT-01
V-100413,Culverton Valves Co,Culverton Valves,active,Corporation,638979658,095489484,Canada,USD,Net 30,,false,,ap@culvertonval.com; culverton.valves@culvertonval.com,,Medium,2026-09-19,PLT-02;PLT-01;PLT-08;PLT-09
V-100414,Ullswater Electrical Ltd.,Ullswater Electrical,active,,01-4400536,654285097,United States,GBP,Net 30,,N,,ullswater.electrical@ullswaterele.com,US-AP,High,01/21/2027,PLT-09;PLT-03;PLT-01
V-100415,Rushcliffe Foundry Inc.,Rushcliffe Foundry,inactive,LLC,755490741,669628954,United States,US Dollar,NET30,3-way,Y,Minority Business Enterprise,ap@rushcliffefou.com; rushcliffe.foundry@rushcliffefou.com,US-AP,1,2026-03-17,PLT-04;PLT-02
V-100416,Farndale Pneumatics S.A. de C.V.,,Active,S-Corp,15-4624938,,USA,USD,Due on receipt,2 way,,Woman-Owned Small Business,farndale.pneumatics@farndalepne.com,MX-AP,Medium,2027-07-21,PLT-07
V-100417,Wolverton Calibration Corp,,inactive,Sole Proprietor,382243105,602047908,US,MXN,Net 45,,No,,wolverton.calibration.wolvertoncal.com,UK-AP,3,2026-08-04,"PLT-08, PLT-09"
V-100418,Culverton Hydraulics Co,,active,Corporation,843225953,,US,usd,,Two-way,0,,,US-AP,,2028-11-01,PLT-12;PLT-07
V-100419,Wolverton Lubricants LLC,,inactive,Corporation,04-6331439,740093574,Mexico,USD,Net 30,3-way,true,Minority Business Enterprise,wolverton.lubricants@wolvertonlub.com,,1,10/12/2026,"PLT-02, PLT-10"
,Lansdowne Plating GmbH,Lansdowne Plating,Pending,Corporation,10-3203807,900536165,US,US Dollar,NET30,3 way,,,lansdowne.plating@lansdownepla.com,CA-AP,Medium,2027-11-18,"PLT-07, PLT-05"
V-100421,Jarrow Foundry Inc.,,inactive,Sole Proprietor,390844119,668342094,GB,CAD,Net 45,3-way,No,,jarrow.foundry@jarrowfou.com,US-AP,Medium,2028-05-06,PLT-04
V-100422,Hollingworth Valves S.A. de C.V.,,ACTIVE,Corporation,39-4351026,07275268,USA,CAD,Net 60,2 way,yes,HUBZone,hollingworth.valves@hollingworthval.com,MX-AP,Tier 3,05/28/2027,PLT-01;PLT-03
V-100423,Eastgate Springs Corp,Eastgate Springs,draft,Corporation,49-5676062,604573258,CA,EUR,Net 45,3-way-direct,FALSE,,eastgate.springs@eastgatespr.com,CA-AP,Tier 1,,PLT-11
V-100424,Quarrington Springs PLC,Quarrington Springs,Pending,Corporation,355869704,97825272,GB,usd,2/10 Net 30,3-way,TRUE,SDVOSB,ap@quarringtonspr.com; quarrington.springs@quarringtonspr.com,,2,03/26/2026,PLT-08;PLT-04;PLT-02
V-100425,Netherfield Fabrication PLC,Netherfield Fabrication,Pending,Corporation,67-2154426,309569830,United States,CAD,Net 30,Two-way,F,,netherfield.fabrication@netherfieldfab.com,MX-AP,Tier 2,01/23/2027,PLT-06
V-100426,Rushcliffe Packaging Ltd,Rushcliffe Packaging,Active,S-Corp,336053184,423526816,US,USD,30 days,3-way,N,,rushcliffe.packaging@rushcliffepac.com,,,,PLT-02
V-100279,Eastgate Springs Corp,,A,S-Corp,87-9735817,116028589,,GBP,Due on receipt,2-way,Y,VOSB,eastgate.springs@eastgatespr.com,MX-AP,Low,2028-10-22,PLT-10;PLT-08
V-100428,Culverton Foundry LLC,Culverton Foundry,active,Corporation,05-6867747,322433303,US,EUR,30 days,None,no,,ap@culvertonfou.com; culverton.foundry@culvertonfou.com,CA-AP,2,2026-04-17,PLT-02
V-100429,Castleford Tooling S.A. de C.V.,Castleford Tooling,Inactive,S-Corp,357034851,,US,CAD,Net 30,2-way,No,,castleford.tooling@castlefordtoo.com,EU-AP,2,2027-01-28,PLT-06
V-100430,Fairweather Bearings LLC,Fairweather Bearings,draft,LLC,760174547,289146522,US,USD,Net 30,none,,WBE,fairweather.bearings@fairweatherbea.com,,2,2026-03-18,PLT-07 / PLT-02
V-100431,Elmswell Pneumatics Corp,,Active,Corporation,365579191,986149393,Germany,USD,Net 60,2-way,F,,elmswell.pneumatics@elmswellpne.com,US-AP,3,01/06/2028,PLT-03;PLT-09;PLT-01;PLT-07
V-100432,Ingleby Castings Corp,,Active,Sole Prop,545188252,507625747,Mexico,Euro,Net 45,3-way,True,DBE,ingleby.castings@inglebycas.com,EU-AP,Tier 2,02/16/2028,PLT-10;PLT-08;PLT-07
V-100433,Wolverton Valves GmbH,,draft,,,226615753,Mexico,USD,Net 60,3 way,F,,wolverton.valves@wolvertonval.com,US-AP,Tier 3,2026-07-16,PLT-07
V-100434,Rushcliffe Pneumatics PLC,,active,S-Corp,233258303,44-595-7249,USA,CAD,Net 30,3-way,no,,rushcliffe.pneumatics@rushcliffepne.com,MX-AP,High,,"PLT-07, PLT-02"
V-100435,Ballantyne Fasteners Inc.,Ballantyne Fasteners,Active,Sole Proprietor,341303118,647627966,USA,,Net 90,3-way,N,,ballantyne.fasteners@ballantynefas.com,UK-AP,1,05/10/2028,PLT-02 / PLT-07 / PLT-05
V-100436,Kettleby Bearings PLC,Kettleby Bearings,Inactive,LLC,644073375,89550107,GB,USD,Net 60,3-way,0,,,UK-AP,2,2026-11-06,PLT-02
V-100437,Quarrington Coatings Inc.,Quarrington Coatings,On Hold,LLC,30-3761953,838305099,US,CAD,,none,FALSE,,quarrington.coatings@quarringtoncoa.com,MX-AP,Medium,2027-08-16,"PLT-01, PLT-06, PLT-07"
V-100438,Eastgate Hydraulics S.A. de C.V.,Eastgate Hydraulics,active,Sole Proprietor,48-5525449,980051967,Canada,EUR,Net 30,2-way,no,,eastgate.hydraulics@eastgatehyd.com,US-AP,,09/27/2027,PLT-09
V-100439,Kettleby Bearings Inc.,Kettleby Bearings,active,,69-7496719,82002251,US,,Net 60,3-way,false,,kettleby.bearings@kettlebybea.com,,Tier 2,2028-06-16,PLT-06;PLT-04
V-100440,Culverton Calibration Ltd.,Culverton Calibration,active,S-Corp,386674323,31158549,Canada,usd,NET30,3-way-direct,F,,culverton.calibration@culvertoncal.com,EU-AP,2,2026-07-24,PLT-09
V-100441,Fairweather Weldments Inc.,Fairweather Weldments,inactive,S-Corp,45-7027129,808175559,GB,USD,Net30,,False,,fairweather.weldments@fairweatherwel.com,US-AP,2,2026-06-09,PLT-10
V-100442,Quarrington Castings Ltd.,Quarrington Castings,active,,253512302,877081187,Germany,MXN,Net 45,3 Way Match,,Woman-Owned Small Business,quarrington.castings@quarringtoncas.com,,Tier 1,2028-05-11,PLT-06
V-100443,Eastgate Foundry PLC,Eastgate Foundry,A,LLC,708586888,119895188,MX,USD,,none,True,Minority Business Enterprise,eastgate.foundry.eastgatefou.com,US-AP,3,2026-09-08,"PLT-01, PLT-04"
V-100444,Saltburn Fasteners LLC,,,Non-Profit,44-8742332,60664696,Germany,GBP,Net 30,3-way,no,,saltburn.fasteners@saltburnfas.com,US-AP,High,2026-02-08,PLT-02;PLT-04;PLT-05
V-100445,Brackenridge Lubricants GmbH,Brackenridge Lubricants,inactive,Corporation,21-2288668,782256203,United States,usd,COD,3 Way Match,YES,MBE,brackenridge.lubricants@brackenridgelub.com,US-AP,High,2028-02-22,PLT-10
,Farndale Castings Inc.,Farndale Castings,inactive,Corporation,40-5351488,305286277,United States,,Net 15,none,FALSE,,,,Low,,"PLT-08, PLT-06"
V-100447,Kettleby Logistics Corp,Kettleby Logistics,A,Corporation,,157538327,USA,USD,Net 60,2-way,YES,Woman-Owned Small Business,,EU-AP,1,06/15/2026,PLT-03
V-100448,Draycott Fasteners Ltd.,Draycott Fasteners,active,,35-5794015,59-708-4689,,GBP,Net 60,3 Way Match,FALSE,,draycott.fasteners@draycottfas.com,US-AP,Medium,2027-01-09,"PLT-11, PLT-12"
V-100449,Ballantyne Castings Inc,,draft,,65-0433929,614048512,United Kingdom,USD,Net 30,3-way-direct,no,,ballantyne.castings@ballantynecas.com,,2,12/23/2027,"PLT-12, PLT-06, PLT-04, PLT-07"
V-100450,Oakhurst Hydraulics Ltd,,active,Corporation,52-8614360,529438079,US,USD,Net 30,3-way,FALSE,,oakhurst.hydraulics@oakhursthyd.com,,,2026-07-11,"PLT-04, PLT-03, PLT-06"
V-100451,Ullswater Springs Corp,Ullswater Springs,Active,LLC,511823520,290638003,CA,GBP,,3-way,False,,ullswater.springs@ullswaterspr.com,US-AP,3,09/07/2027,PLT-04
V-100452,Castleford Foundry Ltd.,,A,S-Corp,690003881,310694839,GB,USD,Net 45,3 way,False,,castleford.foundry@castlefordfou.com,US-AP,,,PLT-09
V-100453,Alderman Gasket S.A. de C.V.,,A,LLC,23-0934205,11-070-3514,US,USD,Net 30,3-way,No,,alderman.gasket@aldermangas.com,UK-AP,1,2027-02-26,PLT-01
V-100454,Oakhurst Valves S.A. de C.V.,Oakhurst Valves,Pending,Corporation,32-0811694,176659919,United Kingdom,EUR,NET30,2 Way Match,FALSE,,ap@oakhurstval.com; oakhurst.valves@oakhurstval.com,UK-AP,3,02/07/2026,PLT-03
V-100455,Yarborough Valves GmbH,Yarborough Valves,,LLC,16-4355955,880792837,US,USD,Net 30,3 way,0,,yarborough.valves@yarboroughval.com,,3,01/16/2028,PLT-05;PLT-10;PLT-07
V-100456,Marchmont Pneumatics LLC,,ACTIVE,S-Corp,33-9146773,855400664,U.S.,CAD,Net 30,3-way-direct,,,ap@marchmontpne.com; marchmont.pneumatics@marchmontpne.com,US-AP,1,06/17/2028,"PLT-10, PLT-09, PLT-07"
V-100457,Denholm Packaging Ltd,,active,LLC,55-9397214,143620579,United States,CAD,Immediate,2-way,no,,denholm.packaging@denholmpac.com,MX-AP,Tier 3,2026-08-18,PLT-01 / PLT-10
V-100458,Thirlmere Foundry Ltd.,Thirlmere Foundry,inactive,,26-9755524,719194859,USA,USD,Net30,Two-way,FALSE,,thirlmere.foundry@thirlmerefou.com,CA-AP,Medium,2026-05-19,PLT-02
V-100459,Wolverton Bearings Corp,,Active,Corporation,04-9113773,568342283,DE,USD,Net 90,2 Way Match,False,,wolverton.bearings@wolvertonbea.com,,3,2027-03-13,PLT-12;PLT-07
V-100460,Alderman Fabrication Corp,Alderman Fabrication,active,Non-Profit,46-5339123,043993671,CA,USD,Net 45,2-way,no,,alderman.fabrication@aldermanfab.com,US-AP,2,2027-08-14,PLT-01
V-100461,Eastgate Tooling Co,Eastgate Tooling,Active,Sole Proprietor,871340524,577544552,Canada,USD,Net 90,3-way,FALSE,,eastgate.tooling@eastgatetoo.com,UK-AP,Tier 1,2026-04-12,
V-100462,Ashworth Extrusions Inc,Ashworth Extrusions,Active,S-Corp,238754825,708017570,US,CAD,Net30,2 way,FALSE,,ashworth.extrusions@ashworthext.com,CA-AP,1,2027-11-25,"PLT-10, PLT-12"
V-100463,Yarborough Logistics Co,Yarborough Logistics,active,Corporation,71-5757596,,US,USD,Due on receipt,none,No,,yarborough.logistics.yarboroughlog.com,,2,2027-10-03,PLT-08;PLT-11;PLT-02;PLT-09
V-100464,Alderman Electrical Inc,Alderman Electrical,On Hold,,19-9856337,01-276-7192,Mexico,US Dollar,NET30,2 way,0,,alderman.electrical@aldermanele.com,,2,05/18/2028,PLT-02
V-100465,Elmswell Fasteners Ltd.,Elmswell Fasteners,Active,Sole Prop,711661901,913579709,US,USD,COD,Two-way,yes,HUBZone,ap@elmswellfas.com; elmswell.fasteners@elmswellfas.com,US-AP,Tier 2,2027-08-25,PLT-11;PLT-03;PLT-06
V-100466,Jarrow Coatings Ltd.,Jarrow Coatings,Inactive,S-Corp,381867798,100265752,Canada,CAD,Net 45,3-way,False,,ap@jarrowcoa.com; jarrow.coatings@jarrowcoa.com,EU-AP,Tier 3,08/18/2026,PLT-11
V-100467,Fairweather Foundry GmbH,,inactive,,751597332,86028158,USA,MXN,Due on receipt,3-way,False,,fairweather.foundry@fairweatherfou.com,UK-AP,2,2028-04-07,PLT-07
V-100468,Saltburn Fabrication Ltd.,Saltburn Fabrication,draft,Partnership,43-4997352,904788329,US,USD,Net 30,2-way,True,WOSB,saltburn.fabrication@saltburnfab.com,US-AP,3,2027-01-28,PLT-06
V-100469,Culverton Weldments Ltd,,active,LLC,42-8324417,300557740,Germany,EUR,Net 30,2-way,No,,culverton.weldments@culvertonwel.com,EU-AP,Medium,10/22/2028,"PLT-06, PLT-12, PLT-07, PLT-03"
V-100470,Fairweather Fasteners Corp,Fairweather Fasteners,inactive,Corporation,06-5060482,354373589,CA,,,3 way,F,,fairweather.fasteners@fairweatherfas.com,UK-AP,,2028-06-27,
V-100471,Culverton Pneumatics S.A. de C.V.,Culverton Pneumatics,draft,Corporation,15-1684893,,US,Euro,Net 30,3 way,no,,culverton.pneumatics@culvertonpne.com,EU-AP,2,03/27/2028,PLT-03
V-100472,Farndale Logistics Corp,,Pending,LLC,850132221,665269443,DE,CAD,Immediate,None,false,,farndale.logistics@farndalelog.com,US-AP,2,2027-11-08,PLT-10
V-100473,Alderman Fabrication PLC,Alderman Fabrication,Pending,Sole Proprietor,06-3004040,618582388,DE,USD,Net 30,None,0,,alderman.fabrication@aldermanfab.com,CA-AP,1,,PLT-04;PLT-12;PLT-03
V-100474,Quarrington Fabrication Co,,Active,LLC,73-6625428,73354206,Canada,US Dollar,Net 30,Three way direct,,VOSB,quarrington.fabrication@quarringtonfab.com,,,2027-07-07,PLT-08
V-100475,Ingleby Valves Co,Ingleby Valves,active,Partnership,480022142,466025722,DE,USD,,None,F,,ingleby.valves@inglebyval.com,CA-AP,2,,PLT-03;PLT-05;PLT-07
V-100476,Wolverton Coatings Co,,active,Corporation,253175556,899062116,Canada,USD,Net 30,3 way,False,,wolverton.coatings@wolvertoncoa.com,MX-AP,1,,PLT-04;PLT-08;PLT-09
V-100477,Verwood Abrasives Inc.,,A,Corporation,706442760,369342233,Deutschland,EUR,COD,2-way,0,,ap@verwoodabr.com; verwood.abrasives@verwoodabr.com,US-AP,3,2028-06-04,PLT-05;PLT-02
V-100478,Eastgate Packaging GmbH,Eastgate Packaging,Active,Sole Proprietor,88-9050691,,United States,GBP,Net 30,2-way,,,,US-AP,1,2028-02-21,PLT-03
V-100479,Oakhurst Hydraulics Ltd,Oakhurst Hydraulics,draft,Sole Proprietor,814265661,267063263,US,CAD,Net 30,None,false,,ap@oakhursthyd.com; oakhurst.hydraulics@oakhursthyd.com,US-AP,Medium,08/27/2027,PLT-09
V-100480,Saltburn Abrasives Ltd.,Saltburn Abrasives,,Corporation,82-5081941,254619820,US,EUR,Due on receipt,3 way,Yes,VOSB,,CA-AP,,2028-02-27,
V-100481,Culverton Lubricants Ltd.,,active,LLC,525156267,512482293,US,,Net 60,3-way-direct,False,,culverton.lubricants@culvertonlub.com,,2,2027-02-22,PLT-07
,Farndale Weldments Inc,Farndale Weldments,active,Corporation,266579795,259639723,CA,MXN,Net 60,3 Way Match,0,,farndale.weldments@farndalewel.com,EU-AP,,2026-01-28,"PLT-04, PLT-11, PLT-01"
V-100483,Castleford Fasteners S.A. de C.V.,Castleford Fasteners,A,LLC,75-0027105,089252994,US,CAD,Net30,none,,Woman-Owned Small Business,castleford.fasteners@castlefordfas.com,US-AP,2,2027-09-10,PLT-09;PLT-03;PLT-06
V-100484,Yarborough Logistics Inc.,,active,Limited Liability Company,,94-895-2095,US,EUR,Net 30,3-way-direct,no,,yarborough.logistics@yarboroughlog.com,US-AP,3,2027-05-11,PLT-02;PLT-09
V-100485,Kettleby Packaging Ltd.,,On Hold,Sole Proprietor,83-8494402,617916651,,EUR,Due on receipt,3-way-direct,TRUE,SDVOSB,kettleby.packaging@kettlebypac.com,MX-AP,1,11/16/2027,PLT-05;PLT-04;PLT-02
V-100486,Alderman Gasket Corp,Alderman Gasket,inactive,Corporation,268982295,67768100,United States,usd,,3-way,Yes,WBE,alderman.gasket@aldermangas.com,EU-AP,1,2026-09-09,PLT-12;PLT-11;PLT-08;PLT-04
V-100487,Hollingworth Machining Inc.,Hollingworth Machining,active,Partnership,65-0074485,661452619,US,US Dollar,2/10 Net 30,2-way,yes,DBE,hollingworth.machining@hollingworthmac.com,US-AP,,01/18/2028,PLT-01;PLT-06;PLT-03
V-100488,Wolverton Lubricants Inc.,,Active,S-Corp,59-1249720,867577927,GB,USD,,3-way,false,,ap@wolvertonlub.com; wolverton.lubricants@wolvertonlub.com,US-AP,1,12/03/2027,"PLT-05, PLT-12"
V-100489,Castleford Abrasives Co,,Active,,71-6455336,418178437,US,USD,Net 60,none,F,,castleford.abrasives@castlefordabr.com,CA-AP,1,2026-07-15,PLT-11;PLT-03
V-100490,Ullswater Packaging GmbH,Ullswater Packaging,Active,LLC,352658006,899090353,CA,usd,Due on receipt,3-way,0,,ullswater.packaging@ullswaterpac.com,US-AP,Tier 1,07/19/2027,PLT-01 / PLT-03 / PLT-09
V-100491,Grimsby Lubricants Inc.,Grimsby Lubricants,active,Corporation,024061999,238052743,,GBP,Immediate,2-way,True,SDVOSB,grimsby.lubricants@grimsbylub.com,US-AP,3,2026-05-26,PLT-04;PLT-02;PLT-10
V-100492,Pemberton Pneumatics Corp,,Draft,LLC,82-1381846,997879438,GB,Euro,Net 30,3-way,no,,pemberton.pneumatics@pembertonpne.com,EU-AP,Tier 2,2028-04-14,"PLT-02, PLT-12"
V-100493,Fairweather Calibration Inc,Fairweather Calibration,Active,Corporation,05-9938518,75-092-2864,CA,USD,Net30,,FALSE,,fairweather.calibration@fairweathercal.com,EU-AP,Tier 2,2028-07-05,"PLT-06, PLT-08"
V-100494,Elmswell Forgings S.A. de C.V.,,Inactive,S-Corp,35-1546763,179531803,USA,USD,COD,3-way,T,HUBZone,elmswell.forgings@elmswellfor.com,US-AP,Tier 3,07/02/2028,PLT-08
V-100495,Saltburn Machining GmbH,Saltburn Machining,Active,Non-Profit,50-1249462,428276444,US,usd,Net 45,Two-way,no,,saltburn.machining@saltburnmac.com,UK-AP,3,11/02/2028,PLT-08 / PLT-04 / PLT-05
V-100496,Grimsby Forgings Inc.,Grimsby Forgings,Active,Sole Proprietor,,446090337,Canada,USD,NET30,3-way-direct,N,,grimsby.forgings@grimsbyfor.com,US-AP,3,12/01/2028,
V-100497,Hollingworth Castings Inc,Hollingworth Castings,Active,Partnership,29-7632233,232741286,GB,EUR,Net 30,,FALSE,,ap@hollingworthcas.com; hollingworth.castings@hollingworthcas.com,US-AP,,2028-02-10,PLT-02
V-100498,Farndale Lubricants PLC,,,Partnership,09-7181619,681226147,Deutschland,EUR,2/10 Net 30,3 way,F,,farndale.lubricants@farndalelub.com,US-AP,Low,11/23/2028,"PLT-02, PLT-04, PLT-01"
V-100499,Culverton Forgings Ltd.,,On Hold,,519609151,363000820,United States,USD,Net 30,2 way,no,,,EU-AP,,03/20/2027,PLT-08;PLT-10;PLT-02;PLT-06
V-100500,Alderman Springs LLC,,I,LLC,,242973319,US,USD,Net 30,Two-way,0,,alderman.springs@aldermanspr.com,US-AP,2,,PLT-03
V-100501,Alderman Foundry S.A. de C.V.,Alderman Foundry,Active,Partnership,71-3637280,798781280,USA,EUR,Net 30,none,No,,alderman.foundry@aldermanfou.com,UK-AP,2,2026-04-07,"PLT-01, PLT-09, PLT-11"
V-100502,Ballantyne Forgings Ltd,Ballantyne Forgings,inactive,Non-Profit,60-1083441,313400328,DE,USD,Net 30,2-way,no,,ap@ballantynefor.com; ballantyne.forgings@ballantynefor.com,US-AP,1,2026-03-18,
V-100503,Pemberton Weldments LLC,Pemberton Weldments,I,Sole Proprietor,77-7972797,549510782,US,GBP,Net 30,Two-way,,,ap@pembertonwel.com; pemberton.weldments@pembertonwel.com,,,2027-07-20,PLT-12
V-100504,Castleford Electrical PLC,Castleford Electrical,,LLC,,117451143,US,CAD,Net 60,2 Way Match,no,,castleford.electrical@castlefordele.com,US-AP,2,2027-07-28,PLT-05
V-100505,Ballantyne Weldments Ltd.,Ballantyne Weldments,Pending,,617541460,141317633,CA,GBP,Net 60,3-way,False,,ballantyne.weldments@ballantynewel.com,US-AP,1,2026-05-02,PLT-08
V-100506,Kettleby Tooling Ltd.,Kettleby Tooling,active,LLC,43-3541902,288054148,U.S.,GBP,NET30,2-way,N,,kettleby.tooling@kettlebytoo.com,US-AP,,2026-10-25,PLT-07
V-100507,Ingleby Forgings Corp,Ingleby Forgings,active,S-Corp,782511758,678736535,US,EUR,NET30,3-way,YES,HUBZone,ap@inglebyfor.com; ingleby.forgings@inglebyfor.com,US-AP,3,01/13/2026,PLT-07
V-100508,Quarrington Machining GmbH,Quarrington Machining,active,Non-Profit,09-9954375,677114872,GB,MXN,NET30,3-way,FALSE,,quarrington.machining@quarringtonmac.com,US-AP,2,08/19/2028,PLT-04;PLT-10
V-100509,Alderman Fasteners S.A. de C.V.,Alderman Fasteners,active,Sole Proprietor,23-4380288,109965125,United Kingdom,,Net 60,none,N,,alderman.fasteners@aldermanfas.com,CA-AP,Tier 2,2027-07-09,"PLT-09, PLT-06"
V-100510,Saltburn Logistics Corp,Saltburn Logistics,active,Corporation,426939481,946440275,Deutschland,USD,Net 45,none,N,,saltburn.logistics.saltburnlog.com,US-AP,2,,PLT-05;PLT-03;PLT-01
V-100511,Culverton Forgings Inc.,Culverton Forgings,active,Sole Proprietor,17-2829185,,United Kingdom,GBP,Net 90,3-way-direct,false,,culverton.forgings@culvertonfor.com,,High,,PLT-08
V-100512,Elmswell Fasteners Ltd.,,Pending,Corporation,37-7701422,952868310,CA,,Net 60,3-way,False,SDVOSB,,US-AP,Tier 2,,PLT-09
V-100513,Lansdowne Seals Ltd.,,Active,LLC,45-5569682,811041758,USA,MXN,Due on receipt,None,false,,lansdowne.seals@lansdownesea.com,US-AP,Tier 3,06/09/2026,PLT-09;PLT-10
V-100514,Yarborough Castings Co,,inactive,LLC,094022475,929316351,,USD,30 days,Three way direct,,,yarborough.castings@yarboroughcas.com,US-AP,1,02/12/2028,
V-100515,Saltburn Calibration Inc.,Saltburn Calibration,active,S-Corp,42-5842312,474145886,CA,USD,,3-way,Yes,WOSB,saltburn.calibration.saltburncal.com,US-AP,3,2026-02-02,"PLT-11, PLT-03"
V-100516,Lansdowne Hydraulics Co,Lansdowne Hydraulics,I,Partnership,289641943,85-265-6392,US,USD,Net 30,3 way,False,,lansdowne.hydraulics@lansdownehyd.com,CA-AP,2,,PLT-01 / PLT-04
V-100517,Oakhurst Bearings Ltd,Oakhurst Bearings,Draft,Corporation,05-1614154,951204881,US,GBP,COD,3-way-direct,,,oakhurst.bearings@oakhurstbea.com,MX-AP,Low,2026-07-09,PLT-11
V-100518,Fairweather Plating GmbH,Fairweather Plating,Pending,,43-2939948,916362253,US,,2/10 Net 30,2 Way Match,no,,fairweather.plating@fairweatherpla.com,EU-AP,Tier 2,,PLT-10;PLT-06
V-100519,Quarrington Logistics Ltd.,Quarrington Logistics,draft,Limited Liability Company,85-3024348,89-814-9226,US,MXN,30 days,3-way-direct,No,,quarrington.logistics@quarringtonlog.com,,High,2026-02-15,PLT-07
V-100520,Saltburn Abrasives LLC,,Active,,,862159688,Mexico,USD,COD,3-way,No,,saltburn.abrasives@saltburnabr.com,EU-AP,1,2026-12-19,PLT-02;PLT-03
V-100521,Eastgate Machining LLC,Eastgate Machining,ACTIVE,Corporation,27-1810880,489509447,US,Euro,Net 30,None,False,,eastgate.machining@eastgatemac.com,US-AP,,,PLT-07
V-100522,Draycott Coatings Co,Draycott Coatings,,LLC,652411001,912024032,,GBP,Net 30,3-way-direct,No,,draycott.coatings@draycottcoa.com,US-AP,,2026-06-19,"PLT-01, PLT-10"
V-100523,Grimsby Electrical S.A. de C.V.,,On Hold,Corporation,01-4076235,,CA,USD,30 days,Two-way,No,,ap@grimsbyele.com; grimsby.electrical@grimsbyele.com,US-AP,2,12/22/2027,PLT-01
V-100524,Fairweather Springs Inc,Fairweather Springs,draft,Limited Liability Company,03-3893234,82311854,GB,MXN,Net 30,2-way,,,fairweather.springs@fairweatherspr.com,,1,12/02/2028,PLT-11
V-100525,Ullswater Machining GmbH,Ullswater Machining,A,Corporation,89-0213602,855673003,US,USD,Net 30,none,False,,ullswater.machining@ullswatermac.com,,2,,PLT-05
V-100526,Castleford Weldments Co,Castleford Weldments,Active,Corporation,30-9660770,355328844,MX,USD,Net 45,3-way,No,,,US-AP,,,PLT-05;PLT-06
V-100527,Quarrington Extrusions Inc.,Quarrington Extrusions,Active,LLC,458337132,513090401,CA,USD,2/10 Net 30,Two-way,,Woman-Owned Small Business,quarrington.extrusions@quarringtonext.com,US-AP,1,2028-09-20,"PLT-12, PLT-10"
V-100528,Ballantyne Weldments Ltd.,Ballantyne Weldments,draft,LLC,55-4848180,43-715-2388,DE,usd,2/10 Net 30,2-way,false,,ballantyne.weldments@ballantynewel.com,UK-AP,Tier 2,2026-12-10,PLT-01
V-100529,Wolverton Valves PLC,Wolverton Valves,Active,Corporation,72-0408326,756522797,USA,usd,Net 45,3-way-direct,Yes,WBE,wolverton.valves@wolvertonval.com,US-AP,3,06/18/2027,PLT-01;PLT-09
V-100530,Marchmont Coatings LLC,,active,LLC,32-1131975,612082418,USA,,Net 30,3 Way Match,false,,,UK-AP,3,04/24/2027,PLT-07;PLT-12
V-100531,Brackenridge Fabrication Corp,Brackenridge Fabrication,inactive,Limited Liability Company,79-5847372,248195308,U.S.,EUR,Net 15,2-way,no,,brackenridge.fabrication@brackenridgefab.com,,1,2026-10-05,PLT-03
V-100532,Draycott Abrasives LLC,,draft,Limited Liability Company,,891069013,US,Euro,,3 way,N,,draycott.abrasives@draycottabr.com,,Low,2028-12-14,PLT-01;PLT-05;PLT-10
V-100533,Castleford Foundry LLC,Castleford Foundry,Pending,Partnership,77-8614217,,Deutschland,US Dollar,Net 45,Two-way,FALSE,,castleford.foundry@castlefordfou.com,US-AP,2,2028-05-08,PLT-06
V-100534,Lansdowne Pneumatics S.A. de C.V.,Lansdowne Pneumatics,Pending,LLC,935218761,857090661,US,,2/10 Net 30,2-way,No,,lansdowne.pneumatics@lansdownepne.com,UK-AP,3,2026-05-16,PLT-05
V-100535,Ashworth Gasket LLC,,Pending,Corporation,87-3006449,,MX,,Net 30,none,false,,ashworth.gasket@ashworthgas.com,UK-AP,3,2026-02-20,PLT-08;PLT-12
V-100536,Oakhurst Tooling Co,Oakhurst Tooling,active,Corporation,84-8068715,165472515,U.S.,USD,Net30,3-way,N,,oakhurst.tooling@oakhursttoo.com,US-AP,,2028-02-21,"PLT-08, PLT-07, PLT-10"
V-100537,Alderman Calibration Inc.,Alderman Calibration,active,LLC,08-0455433,653979717,US,USD,Net 45,3 way,no,,alderman.calibration@aldermancal.com,US-AP,1,2027-07-06,PLT-09
V-100538,Ullswater Packaging Co,Ullswater Packaging,active,,949736484,574244339,United States,USD,Net 30,,F,,ullswater.packaging@ullswaterpac.com,US-AP,1,2028-11-23,PLT-08 / PLT-04
V-100539,Hollingworth Gasket Ltd.,,inactive,Corporation,885266503,248608559,U.S.,USD,Net 30,2-way,,,hollingworth.gasket@hollingworthgas.com,US-AP,Tier 3,2027-11-21,"PLT-06, PLT-02, PLT-03"
V-100540,Oakhurst Seals Inc.,Oakhurst Seals,active,S-Corp,873952519,701408379,MX,USD,Net 45,3 Way Match,FALSE,,ap@oakhurstsea.com; oakhurst.seals@oakhurstsea.com,US-AP,Tier 2,2026-09-16,PLT-11
V-100541,Alderman Forgings Corp,Alderman Forgings,draft,Corporation,651081467,563860408,Canada,USD,Net 30,,F,,alderman.forgings@aldermanfor.com,EU-AP,Low,2026-03-11,PLT-10;PLT-07
V-100542,Pemberton Castings Corp,Pemberton Castings,active,Sole Prop,15-8802153,80267542,Deutschland,USD,Net30,2-way,YES,WOSB,pemberton.castings@pembertoncas.com,EU-AP,1,2026-08-06,PLT-04;PLT-10
V-100543,Elmswell Castings LLC,Elmswell Castings,active,LLC,75-4730529,931535209,,GBP,Due on receipt,2-way,YES,VOSB,elmswell.castings@elmswellcas.com,US-AP,1,,PLT-10
V-100544,Ullswater Calibration PLC,,active,Sole Prop,06-8256411,59024620,US,USD,Net 30,2-way,N,,ullswater.calibration@ullswatercal.com,US-AP,3,,PLT-08;PLT-02;PLT-10;PLT-07
V-100545,Ballantyne Machining S.A. de C.V.,,inactive,LLC,317075673,624929243,CA,USD,Net 60,3 Way Match,no,,ballantyne.machining@ballantynemac.com,US-AP,Tier 2,05/05/2028,PLT-09;PLT-11
V-100546,Kettleby Seals S.A. de C.V.,Kettleby Seals,draft,Sole Proprietor,455548818,838359718,United States,GBP,Net 15,3-way,Y,Minority Business Enterprise,kettleby.seals@kettlebysea.com,CA-AP,Medium,,PLT-03
V-100547,Grimsby Forgings GmbH,Grimsby Forgings,active,LLC,350776623,,MX,USD,Net 30,2-way,no,,grimsby.forgings@grimsbyfor.com,,1,04/04/2026,
V-100548,Alderman Fabrication LLC,,Active,LLC,408614148,585962094,US,Euro,Net 45,3-way,F,,alderman.fabrication@aldermanfab.com,US-AP,Tier 3,,PLT-07;PLT-02;PLT-10;PLT-08
V-100549,Quarrington Weldments LLC,,Pending,Corporation,89-9741613,532988131,United States,USD,NET30,3 way,true,VOSB,quarrington.weldments.quarringtonwel.com,,3,2027-09-08,"PLT-07, PLT-09"
V-100550,Wolverton Tooling Ltd.,,active,Sole Proprietor,88-5349896,311290271,,CAD,Net30,2-way,False,,wolverton.tooling@wolvertontoo.com,US-AP,1,2027-10-14,PLT-04
V-100551,Farndale Pneumatics Co,,active,Corporation,349708936,67-292-2687,US,USD,Net 30,3-way,false,,farndale.pneumatics@farndalepne.com,US-AP,2,2028-08-09,PLT-01;PLT-11;PLT-10
V-100552,Ullswater Springs LLC,Ullswater Springs,active,Corporation,72-5291068,869921641,United States,,N30,3-way,false,,ullswater.springs.ullswaterspr.com,US-AP,,,
V-100553,Castleford Pneumatics Inc.,,,Sole Proprietor,97-4574846,646210341,,USD,Net30,,N,,castleford.pneumatics@castlefordpne.com,UK-AP,Low,2027-12-16,PLT-04
V-100554,Rushcliffe Abrasives Inc,Rushcliffe Abrasives,active,Corporation,92-2522034,109918928,United States,Euro,Net 30,2 Way Match,no,,ap@rushcliffeabr.com; rushcliffe.abrasives@rushcliffeabr.com,,2,2028-09-06,PLT-10;PLT-09
V-100555,Draycott Plating LLC,Draycott Plating,active,Corporation,28-8591388,909673374,MX,USD,Net 30,3-way-direct,FALSE,,draycott.plating@draycottpla.com,US-AP,Low,2028-11-15,"PLT-10, PLT-08, PLT-12"
V-100556,Yarborough Hydraulics Ltd.,,,Corporation,729645873,920375444,DE,MXN,30 days,None,No,,yarborough.hydraulics@yarboroughhyd.com,UK-AP,,2027-04-06,PLT-10
V-100557,Ashworth Springs Co,,active,LLC,566185322,278608561,US,MXN,Net 90,3-way-direct,0,,ashworth.springs@ashworthspr.com,CA-AP,2,2026-04-18,"PLT-08, PLT-09"
V-100558,Castleford Forgings Inc.,Castleford Forgings,Draft,Corporation,24-3341342,877144597,US,CAD,Net 45,3-way,False,,castleford.forgings@castlefordfor.com,US-AP,2,2028-09-24,"PLT-02, PLT-01, PLT-05"
V-100559,Draycott Fasteners Ltd,,Active,Non-Profit,16-1411913,803569268,US,USD,N30,3-way,False,,draycott.fasteners@draycottfas.com,US-AP,Medium,2028-03-21,PLT-05 / PLT-02 / PLT-08 / PLT-03
V-100560,Denholm Foundry Ltd.,Denholm Foundry,active,LLC,356218549,414484409,MX,MXN,2/10 Net 30,2 Way Match,N,,denholm.foundry@denholmfou.com,MX-AP,1,2028-05-01,PLT-09 / PLT-05
V-100561,Oakhurst Foundry Inc,Oakhurst Foundry,active,Sole Proprietor,978017896,544818417,DE,US Dollar,Net 30,none,T,HUBZone,oakhurst.foundry@oakhurstfou.com,US-AP,3,2026-01-15,
V-100562,Ballantyne Hydraulics S.A. de C.V.,,Active,S-Corp,29-8546904,475264591,US,USD,Due on receipt,3 way,False,,ballantyne.hydraulics@ballantynehyd.com,UK-AP,Tier 2,2027-05-28,PLT-08;PLT-10;PLT-11
V-100563,Ballantyne Seals Ltd,,Draft,,728198260,476300060,,MXN,Net 60,3-way,true,Woman-Owned Small Business,ballantyne.seals@ballantynesea.com,US-AP,2,2026-05-24,PLT-04 / PLT-11 / PLT-07
V-100564,Ingleby Logistics LLC,Ingleby Logistics,A,Corporation,64-4741114,313019101,United States,usd,Net 30,3-way-direct,false,,ingleby.logistics@inglebylog.com,US-AP,,07/04/2027,PLT-06
V-100565,Marchmont Springs Inc,Marchmont Springs,active,Corporation,990736360,257982945,US,MXN,Net 30,3-way,N,,marchmont.springs@marchmontspr.com,MX-AP,,2026-11-11,"PLT-02, PLT-10"
V-100566,Hollingworth Pneumatics Ltd,Hollingworth Pneumatics,On Hold,Partnership,249548595,893632289,Canada,GBP,Net 30,3-way,False,,hollingworth.pneumatics@hollingworthpne.com,MX-AP,,,
V-102752,Wolverton Hydraulics LLC,Wolverton Hydraulics,active,S-Corp,86-5324442,830678967,U.S.,USD,2/10 Net 30,3 way,T,Minority Business Enterprise,wolverton.hydraulics@wolvertonhyd.com,US-AP,1,2028-04-12,"PLT-11, PLT-05"
V-100568,Ullswater Foundry Ltd.,,active,Corporation,950504215,101676708,US,USD,,3-way,0,,ullswater.foundry.ullswaterfou.com,EU-AP,2,2026-10-24,PLT-03 / PLT-02
V-100569,Denholm Castings Co,Denholm Castings,inactive,Non-Profit,51-4510923,892523935,,USD,Net 15,2-way,no,,denholm.castings@denholmcas.com,US-AP,1,2028-01-05,PLT-12
V-100570,Ingleby Packaging GmbH,Ingleby Packaging,Active,Corporation,755221036,809108396,United States,,Net 60,,F,,ingleby.packaging@inglebypac.com,MX-AP,Medium,2028-12-02,"PLT-04, PLT-03"
V-100571,Lansdowne Lubricants LLC,Lansdowne Lubricants,inactive,Corporation,669419935,54844282,CA,CAD,Due on receipt,3-way,,VOSB,,US-AP,Medium,2028-01-13,
V-100572,Ballantyne Extrusions LLC,Ballantyne Extrusions,Inactive,Non-Profit,120562340,256510362,USA,GBP,30 days,3-way,true,VOSB,ballantyne.extrusions@ballantyneext.com,US-AP,,12/16/2026,PLT-07
V-100573,Jarrow Plating Inc,Jarrow Plating,active,,64-9288355,161919148,MX,GBP,Immediate,none,F,,jarrow.plating@jarrowpla.com,EU-AP,,03/07/2028,PLT-08;PLT-12;PLT-05
V-100574,Draycott Bearings Ltd.,Draycott Bearings,draft,S-Corp,384330264,782684791,Canada,USD,2/10 Net 30,3 way,0,,draycott.bearings@draycottbea.com,US-AP,1,2026-11-25,PLT-09;PLT-07;PLT-04
V-100575,Eastgate Calibration Corp,Eastgate Calibration,,Corporation,62-4987976,715015502,USA,Euro,Net 60,Two-way,False,,eastgate.calibration@eastgatecal.com,US-AP,Low,,
V-100576,Eastgate Valves LLC,Eastgate Valves,,Corporation,00-9620509,390927863,MX,MXN,Net 15,none,no,,eastgate.valves@eastgateval.com,,Low,05/11/2028,PLT-03
V-100577,Lansdowne Electrical Inc.,,inactive,Corporation,70-4733695,594839546,US,USD,Net 60,2 way,T,HUBZone,lansdowne.electrical@lansdowneele.com,UK-AP,Medium,05/02/2026,PLT-11
V-100578,Rushcliffe Extrusions LLC,Rushcliffe Extrusions,Active,LLC,17-2769908,286304724,US,USD,Net 15,2 way,,,rushcliffe.extrusions@rushcliffeext.com,CA-AP,High,2027-04-10,PLT-09;PLT-03
V-100579,Wolverton Gasket Co,,I,LLC,40-5848135,269778944,US,USD,NET30,3-way-direct,,,ap@wolvertongas.com; wolverton.gasket@wolvertongas.com,US-AP,2,,PLT-03;PLT-11
V-100580,Saltburn Plating Ltd,Saltburn Plating,active,Corporation,925435178,135449404,CA,USD,NET30,Three way direct,N,,ap@saltburnpla.com; saltburn.plating@saltburnpla.com,EU-AP,Low,01/13/2026,
V-100581,Eastgate Foundry Inc,Eastgate Foundry,ACTIVE,Corporation,55-5061986,680791678,MX,usd,Net30,none,false,,eastgate.foundry@eastgatefou.com,US-AP,2,2028-04-26,PLT-11 / PLT-05 / PLT-04
V-100582,Pemberton Logistics Ltd,,Inactive,Corporation,97-0053817,204207007,USA,USD,,3-way,True,WOSB,pemberton.logistics@pembertonlog.com,EU-AP,Tier 1,2026-10-24,PLT-06;PLT-01
V-100583,Ballantyne Plating Corp,Ballantyne Plating,active,,036793455,250388025,USA,USD,COD,Two-way,TRUE,VOSB,,EU-AP,2,06/10/2026,PLT-02
V-100584,Verwood Fabrication Inc,,inactive,,78-6502506,80-773-3704,CA,usd,2/10 Net 30,None,F,,verwood.fabrication@verwoodfab.com,,Tier 2,10/08/2026,
V-100585,Ballantyne Plating Inc,,active,S-Corp,28-7401140,193447744,USA,,Net 45,2 way,false,,ballantyne.plating@ballantynepla.com,US-AP,Low,2026-03-15,PLT-05;PLT-03;PLT-07;PLT-09
V-100586,Marchmont Abrasives Inc.,Marchmont Abrasives,Pending,Corporation,970911135,351573909,Mexico,USD,N30,3-way,FALSE,,marchmont.abrasives@marchmontabr.com,,1,2026-09-07,
V-100587,Wolverton Extrusions GmbH,Wolverton Extrusions,Pending,,,870991282,US,,NET30,3-way,no,,wolverton.extrusions@wolvertonext.com,US-AP,Medium,2026-05-27,PLT-02;PLT-07;PLT-05
V-100588,Elmswell Calibration LLC,Elmswell Calibration,,LLC,41-9730525,335117071,US,EUR,N30,,no,,elmswell.calibration@elmswellcal.com,US-AP,Medium,2028-12-11,
V-100589,Ingleby Coatings S.A. de C.V.,Ingleby Coatings,Active,Limited Liability Company,842962011,928036270,United States,usd,Immediate,3-way-direct,False,,ingleby.coatings@inglebycoa.com,US-AP,1,2026-12-14,PLT-04
V-100590,Jarrow Seals Corp,Jarrow Seals,inactive,Corporation,53-1430923,26041603,GB,GBP,Net 60,,N,,ap@jarrowsea.com; jarrow.seals@jarrowsea.com,US-AP,High,2026-03-21,PLT-05
V-100591,Rushcliffe Extrusions Inc.,Rushcliffe Extrusions,Draft,Corporation,,952420379,United Kingdom,EUR,Net 45,3-way,FALSE,,rushcliffe.extrusions@rushcliffeext.com,US-AP,1,,PLT-06;PLT-12;PLT-07
V-100592,Oakhurst Abrasives LLC,,Active,Corporation,90-4989306,523003183,US,usd,COD,2 Way Match,false,,oakhurst.abrasives@oakhurstabr.com,MX-AP,1,2028-05-02,PLT-11;PLT-03;PLT-10
V-100593,Ullswater Logistics LLC,,ACTIVE,Limited Liability Company,,854435183,US,,Net 60,2-way,false,,ullswater.logistics@ullswaterlog.com,MX-AP,1,2026-07-08,PLT-11;PLT-01;PLT-06
V-100594,Brackenridge Machining PLC,,Inactive,Sole Proprietor,162744047,697114168,US,USD,Net 30,3-way,No,,brackenridge.machining@brackenridgemac.com,EU-AP,1,02/19/2028,PLT-03
V-100595,Fairweather Valves Inc,Fairweather Valves,,Corporation,046611847,593674445,US,USD,Net 30,2-way,Yes,Woman-Owned Small Business,fairweather.valves@fairweatherval.com,US-AP,3,,PLT-03
V-100596,Yarborough Plating GmbH,Yarborough Plating,Pending,LLC,140218594,708948087,Mexico,GBP,Net 30,3-way,False,DBE,yarborough.plating@yarboroughpla.com,US-AP,2,2028-06-24,PLT-07
V-100597,Draycott Logistics PLC,Draycott Logistics,Active,,49-4848516,895808052,Canada,USD,Net 45,,,,draycott.logistics@draycottlog.com,EU-AP,Low,,PLT-10 / PLT-12 / PLT-07
V-100598,Marchmont Bearings Inc,,active,Corporation,726963725,07-980-4794,United States,EUR,Net 60,None,FALSE,,marchmont.bearings@marchmontbea.com,MX-AP,1,,PLT-10
V-100599,Fairweather Calibration PLC,Fairweather Calibration,Pending,LLC,144014077,367441685,Germany,CAD,Net 15,none,yes,MBE,fairweather.calibration@fairweathercal.com,MX-AP,,2028-12-14,PLT-08;PLT-07;PLT-06;PLT-04
V-100600,Quarrington Coatings Corp,Quarrington Coatings,active,Partnership,506205096,306984383,United Kingdom,MXN,NET30,2 way,False,,quarrington.coatings@quarringtoncoa.com,MX-AP,High,2027-03-05,
V-100601,Castleford Fabrication Ltd,,On Hold,LLC,36-0512389,693468876,CA,USD,Net 30,3-way,No,,castleford.fabrication@castlefordfab.com,EU-AP,3,11/11/2026,"PLT-11, PLT-04, PLT-03, PLT-09"
V-100602,Ingleby Bearings GmbH,,draft,,12-2124840,63278020,United States,MXN,Due on receipt,3-way,,,ingleby.bearings@inglebybea.com,,Tier 2,,PLT-05;PLT-11;PLT-12
V-100603,Brackenridge Fabrication PLC,,On Hold,LLC,28-2159640,343885679,USA,MXN,Net 45,3-way,,,brackenridge.fabrication.brackenridgefab.com,US-AP,,2028-09-14,PLT-07
V-100604,Denholm Plating Co,,active,LLC,150064152,331957383,USA,GBP,Net 15,3-way,No,,denholm.plating@denholmpla.com,US-AP,2,2028-02-03,PLT-01;PLT-05
V-100605,Lansdowne Lubricants PLC,,Active,,74-0434444,403859411,United States,EUR,Net 90,3-way-direct,,,lansdowne.lubricants@lansdownelub.com,CA-AP,2,2028-05-03,"PLT-03, PLT-02, PLT-11"
V-100606,Netherfield Valves LLC,,ACTIVE,Partnership,352588962,18030222,USA,USD,Net 30,3-way,no,,netherfield.valves@netherfieldval.com,US-AP,3,2026-09-05,
V-100607,Rushcliffe Fabrication GmbH,Rushcliffe Fabrication,active,LLC,40-1491296,280170984,USA,USD,Net 90,2-way,No,,,,1,,PLT-09;PLT-08;PLT-02
V-100608,Grimsby Weldments Corp,Grimsby Weldments,draft,Corporation,921016397,900566905,United States,usd,Immediate,2 Way Match,No,,grimsby.weldments@grimsbywel.com,,Medium,2028-05-24,"PLT-10, PLT-11, PLT-12"
V-100609,Eastgate Fasteners GmbH,Eastgate Fasteners,draft,LLC,17-1380092,692965384,US,EUR,30 days,2 Way Match,no,,ap@eastgatefas.com; eastgate.fasteners@eastgatefas.com,UK-AP,Tier 1,,PLT-09;PLT-02;PLT-06
V-100610,Kettleby Castings PLC,Kettleby Castings,inactive,LLC,069079453,42-681-7433,USA,USD,Net30,2-way,no,,kettleby.castings@kettlebycas.com,US-AP,Tier 1,11/24/2027,PLT-03
V-100611,Rushcliffe Forgings Inc.,,active,Corporation,381323323,687706480,US,usd,Net 45,3 way,,,rushcliffe.forgings@rushcliffefor.com,CA-AP,3,2026-03-14,PLT-09;PLT-12;PLT-07;PLT-10
V-100612,Jarrow Packaging LLC,Jarrow Packaging,inactive,Corporation,13-4300255,478911975,US,USD,Net 30,,False,,jarrow.packaging@jarrowpac.com,EU-AP,,11/12/2027,"PLT-11, PLT-02"
V-100613,Culverton Plating Inc,,Inactive,LLC,88-5923611,671416704,USA,usd,Immediate,3 Way Match,true,WOSB,culverton.plating@culvertonpla.com,,Medium,2026-06-06,PLT-04;PLT-02;PLT-12;PLT-08
V-100614,Lansdowne Gasket S.A. de C.V.,Lansdowne Gasket,active,Sole Proprietor,36-6773050,500904175,US,usd,Net 45,Two-way,no,,lansdowne.gasket@lansdownegas.com,MX-AP,3,,PLT-01
V-100615,Grimsby Fasteners S.A. de C.V.,Grimsby Fasteners,,LLC,491949847,989865569,MX,,Net 60,None,FALSE,,grimsby.fasteners@grimsbyfas.com,CA-AP,1,08/25/2026,PLT-01;PLT-11;PLT-03
V-100616,Thirlmere Hydraulics Ltd,,inactive,Corporation,771759190,762208492,CA,USD,Net30,3-way-direct,false,,thirlmere.hydraulics@thirlmerehyd.com,,3,05/01/2027,
V-100617,Quarrington Logistics Ltd.,,inactive,Partnership,658811457,752470350,US,US Dollar,Net 30,none,Yes,WOSB,quarrington.logistics@quarringtonlog.com,,2,2027-10-05,PLT-01;PLT-02
V-100618,Wolverton Valves Inc,Wolverton Valves,Active,Corporation,711382304,555319562,US,EUR,,None,false,,wolverton.valves@wolvertonval.com,EU-AP,1,2028-08-01,"PLT-12, PLT-04"
V-100619,Elmswell Machining Co,Elmswell Machining,draft,Corporation,93-1993727,621806340,DE,USD,Net 45,3 Way Match,false,,elmswell.machining@elmswellmac.com,US-AP,3,09/09/2026,PLT-03;PLT-06
V-100620,Wolverton Abrasives Ltd,Wolverton Abrasives,ACTIVE,Corporation,18-4739979,335153840,DE,MXN,,None,1,WBE,wolverton.abrasives@wolvertonabr.com,EU-AP,Low,11/24/2026,PLT-07;PLT-04;PLT-12;PLT-01
V-100621,Alderman Packaging Co,,active,Corporation,25-1081405,604799945,Canada,USD,Net 45,,False,,alderman.packaging@aldermanpac.com,US-AP,High,01/28/2028,"PLT-01, PLT-12"
V-100622,Eastgate Plating PLC,,A,Sole Prop,626383899,130004147,Deutschland,USD,NET30,2-way,No,,,US-AP,Tier 1,03/15/2026,"PLT-08, PLT-04"
V-100623,Draycott Hydraulics PLC,Draycott Hydraulics,On Hold,Partnership,02-4594113,658335440,United States,USD,Immediate,3-way,N,,draycott.hydraulics@draycotthyd.com,US-AP,3,,PLT-03
V-100624,Jarrow Weldments Ltd.,Jarrow Weldments,active,Partnership,42-8688269,53-239-5025,USA,USD,Due on receipt,2-way,no,,jarrow.weldments@jarrowwel.com,US-AP,Low,2026-08-16,PLT-01
V-100625,Yarborough Foundry LLC,,Draft,Sole Proprietor,22-8757178,734084030,,USD,Net 30,2 way,yes,Woman-Owned Small Business,yarborough.foundry@yarboroughfou.com,CA-AP,Tier 2,2026-08-22,PLT-06
V-100626,Alderman Springs Co,,inactive,Sole Proprietor,,,United Kingdom,US Dollar,2/10 Net 30,3-way,FALSE,,,US-AP,Tier 2,2028-11-23,PLT-12;PLT-04
V-100627,Eastgate Tooling Inc.,,draft,Corporation,47-5046016,,US,USD,Immediate,3-way,FALSE,,eastgate.tooling@eastgatetoo.com,,2,2027-12-06,PLT-09
V-102143,Quarrington Valves Co,,active,S-Corp,52-9325548,716925332,U.S.,MXN,Net30,3-way,N,,quarrington.valves@quarringtonval.com,US-AP,3,2027-03-23,PLT-08
V-100629,Hollingworth Valves LLC,,Pending,LLC,382527746,276392902,,,Net 45,3-way,False,,hollingworth.valves@hollingworthval.com,US-AP,Low,07/21/2028,PLT-08;PLT-12
V-100630,Thirlmere Fasteners PLC,Thirlmere Fasteners,Active,LLC,019065057,830876055,MX,EUR,Net 30,,YES,HUBZone,ap@thirlmerefas.com; thirlmere.fasteners@thirlmerefas.com,US-AP,2,10/12/2026,PLT-02
V-100631,Ingleby Forgings PLC,Ingleby Forgings,,Sole Proprietor,50-5149647,967868308,US,USD,Due on receipt,3 Way Match,,,ingleby.forgings@inglebyfor.com,EU-AP,Low,2027-04-02,PLT-03
V-100632,Eastgate Bearings Ltd.,Eastgate Bearings,Pending,LLC,68-9532994,905012853,USA,,Net 90,,T,VOSB,eastgate.bearings@eastgatebea.com,EU-AP,1,,PLT-02
V-100633,Yarborough Pneumatics S.A. de C.V.,,active,LLC,484435852,310322104,US,USD,Net 30,3-way,N,,yarborough.pneumatics@yarboroughpne.com,UK-AP,3,2027-02-24,PLT-06
V-100634,Pemberton Electrical Ltd.,Pemberton Electrical,active,Limited Liability Company,26-4683832,,,GBP,2/10 Net 30,3-way,No,,pemberton.electrical@pembertonele.com,EU-AP,2,2027-04-20,PLT-09;PLT-04;PLT-10
V-100635,Farndale Packaging Co,,Inactive,Corporation,06-5488679,770088727,Canada,EUR,Net 15,None,Y,Woman-Owned Small Business,farndale.packaging@farndalepac.com,US-AP,2,2026-11-23,PLT-01;PLT-09;PLT-12
V-100636,Elmswell Plating Corp,Elmswell Plating,Draft,LLC,667879682,164844995,CA,US Dollar,Net 60,2-way,F,,elmswell.plating@elmswellpla.com,CA-AP,Tier 1,2027-07-03,PLT-04
V-100637,Quarrington Logistics Co,Quarrington Logistics,Draft,Sole Proprietor,86-1101929,,Germany,USD,Net 15,2 Way Match,No,,quarrington.logistics@quarringtonlog.com,UK-AP,1,2027-12-14,PLT-02;PLT-08
V-100638,Wolverton Weldments GmbH,Wolverton Weldments,A,Corporation,394393035,286463110,US,USD,Net 45,2-way,,,wolverton.weldments@wolvertonwel.com,US-AP,2,2027-04-16,PLT-06
V-100639,Thirlmere Tooling S.A. de C.V.,Thirlmere Tooling,active,LLC,92-6167657,807730430,,EUR,Net30,none,0,,thirlmere.tooling@thirlmeretoo.com,,1,2028-09-07,"PLT-03, PLT-10"
V-100640,Quarrington Electrical LLC,Quarrington Electrical,,Corporation,40-0300235,704763466,United States,MXN,Net 90,3 way,N,,quarrington.electrical@quarringtonele.com,,Tier 1,2026-12-13,PLT-10;PLT-11
V-100641,Rushcliffe Calibration Ltd.,Rushcliffe Calibration,Active,S-Corp,695220532,88100866,Germany,US Dollar,Net30,3-way,False,,rushcliffe.calibration@rushcliffecal.com,,,02/03/2027,PLT-05
V-100642,Farndale Forgings Co,,On Hold,LLC,821681038,56-206-2301,DE,EUR,Net 60,3-way-direct,F,,farndale.forgings@farndalefor.com,US-AP,Tier 2,02/08/2027,"PLT-10, PLT-12"
V-100643,Ullswater Coatings Ltd,Ullswater Coatings,,S-Corp,928477561,412733277,United Kingdom,GBP,Net 30,3 Way Match,False,,ullswater.coatings@ullswatercoa.com,US-AP,1,2027-06-20,"PLT-12, PLT-06"
V-100644,Saltburn Lubricants PLC,,,LLC,85-3873713,414220830,U.S.,USD,Net 30,Two-way,F,,saltburn.lubricants@saltburnlub.com,EU-AP,Tier 1,2027-07-23,PLT-11
V-100645,Thirlmere Weldments S.A. de C.V.,Thirlmere Weldments,Pending,Corporation,69-8017976,956930072,Germany,EUR,Net 60,3-way-direct,,Woman-Owned Small Business,thirlmere.weldments@thirlmerewel.com,UK-AP,2,2028-06-02,PLT-09 / PLT-12 / PLT-07
V-100646,Wolverton Logistics S.A. de C.V.,,Inactive,Corporation,43-4174960,956666570,United States,,Net 30,2-way,0,,wolverton.logistics@wolvertonlog.com,MX-AP,1,05/17/2026,"PLT-09, PLT-01"
V-100647,Hollingworth Machining GmbH,Hollingworth Machining,active,Corporation,25-4501181,887432934,US,USD,Net 15,3-way-direct,Y,VOSB,ap@hollingworthmac.com; hollingworth.machining@hollingworthmac.com,US-AP,1,2028-09-23,"PLT-06, PLT-05, PLT-07"
V-100648,Farndale Weldments Co,Farndale Weldments,active,Corporation,003977782,05-359-0411,DE,,Due on receipt,Three way direct,,,farndale.weldments@farndalewel.com,US-AP,,06/02/2026,PLT-02;PLT-01
V-100649,Farndale Valves LLC,,Pending,Corporation,929654983,850094416,MX,USD,Net 30,3 way,F,,farndale.valves@farndaleval.com,,Medium,,PLT-06;PLT-07;PLT-09
V-100650,Ballantyne Extrusions S.A. de C.V.,Ballantyne Extrusions,active,Corporation,054099586,606364512,GB,GBP,Net 45,2-way,T,SDVOSB,ballantyne.extrusions@ballantyneext.com,,,,PLT-11;PLT-12
V-100651,Hollingworth Hydraulics Ltd.,,inactive,,95-6208535,53428506,CA,EUR,2/10 Net 30,3-way,N,,hollingworth.hydraulics@hollingworthhyd.com,EU-AP,1,12/01/2027,"PLT-08, PLT-10"
V-100652,Verwood Weldments LLC,Verwood Weldments,active,LLC,,583968100,DE,USD,Net 45,3 way,Yes,Woman-Owned Small Business,verwood.weldments@verwoodwel.com,US-AP,2,2027-11-03,PLT-04
V-100653,Denholm Springs Ltd.,Denholm Springs,Active,S-Corp,664590127,409881772,USA,USD,Immediate,,False,,denholm.springs.denholmspr.com,US-AP,2,2028-04-07,PLT-02;PLT-10
V-100654,Thirlmere Logistics Co,Thirlmere Logistics,draft,Corporation,42-7594815,610242138,United Kingdom,GBP,Net 30,3-way,0,,thirlmere.logistics@thirlmerelog.com,CA-AP,High,2027-09-08,PLT-12;PLT-08
V-100655,Yarborough Weldments Corp,Yarborough Weldments,A,Non-Profit,,432164140,Canada,GBP,Due on receipt,3-way,,,yarborough.weldments@yarboroughwel.com,UK-AP,,09/10/2027,"PLT-11, PLT-07"
V-100656,Ullswater Castings Ltd,Ullswater Castings,ACTIVE,Corporation,971496805,904879041,USA,USD,Net 15,2-way,FALSE,,ullswater.castings@ullswatercas.com,EU-AP,2,03/10/2026,PLT-12;PLT-05
V-100657,Fairweather Lubricants Co,Fairweather Lubricants,Active,,,909691962,USA,CAD,Net 30,3-way,false,,fairweather.lubricants@fairweatherlub.com,MX-AP,3,2028-03-28,PLT-10;PLT-07
V-100658,Jarrow Springs Inc.,Jarrow Springs,active,LLC,,483643344,United Kingdom,EUR,Net 45,2-way,0,,jarrow.springs@jarrowspr.com,US-AP,2,04/22/2026,"PLT-05, PLT-10"
V-100659,Lansdowne Lubricants Co,,Pending,Corporation,06-8050711,644361115,DE,USD,N30,3-way,no,,lansdowne.lubricants@lansdownelub.com,,2,2026-10-04,
V-100660,Rushcliffe Valves GmbH,Rushcliffe Valves,inactive,LLC,652272430,128565194,USA,US Dollar,Net 30,3 way,1,WBE,rushcliffe.valves@rushcliffeval.com,US-AP,Low,,PLT-09;PLT-01;PLT-11
V-100661,Ballantyne Hydraulics LLC,Ballantyne Hydraulics,active,Partnership,63-9577135,92330457,DE,EUR,Net 30,3-way-direct,YES,VOSB,ballantyne.hydraulics@ballantynehyd.com,US-AP,,08/17/2027,"PLT-01, PLT-11, PLT-09, PLT-07"
V-100662,Kettleby Coatings Inc,Kettleby Coatings,Draft,LLC,11-8984241,812078738,Canada,EUR,Net30,3 Way Match,No,HUBZone,,US-AP,High,2028-06-19,PLT-06
V-100663,Pemberton Hydraulics PLC,Pemberton Hydraulics,Active,LLC,54-3833064,492620183,Deutschland,EUR,Net 45,2-way,False,,pemberton.hydraulics@pembertonhyd.com,,2,,PLT-05
V-100664,Saltburn Springs Ltd,,Draft,S-Corp,,587995206,MX,USD,Net 90,2 way,N,,saltburn.springs@saltburnspr.com,UK-AP,Medium,2027-05-25,PLT-08
V-100665,Hollingworth Gasket GmbH,Hollingworth Gasket,draft,LLC,84-5924897,09716801,USA,USD,Net 30,None,N,,hollingworth.gasket@hollingworthgas.com,MX-AP,2,,PLT-06;PLT-12
V-100666,Ashworth Packaging S.A. de C.V.,Ashworth Packaging,Active,LLC,261615107,54-714-4244,US,Euro,Net 30,Two-way,N,,ashworth.packaging@ashworthpac.com,US-AP,2,03/17/2026,PLT-04
V-100667,Kettleby Abrasives S.A. de C.V.,Kettleby Abrasives,Pending,LLC,01-0932851,06595705,Germany,MXN,Net 30,3-way,Y,Minority Business Enterprise,kettleby.abrasives@kettlebyabr.com,EU-AP,3,2026-04-28,"PLT-07, PLT-09, PLT-05, PLT-10"
V-100668,Culverton Foundry S.A. de C.V.,Culverton Foundry,active,LLC,,349775984,Deutschland,USD,Net 30,Two-way,0,,culverton.foundry@culvertonfou.com,EU-AP,2,2028-02-15,PLT-01
V-100669,Ullswater Springs Inc.,,active,LLC,,146812266,USA,MXN,Net 90,Two-way,false,,ullswater.springs@ullswaterspr.com,US-AP,1,,PLT-07;PLT-02
V-100670,Alderman Electrical Corp,,active,S-Corp,345988210,293592100,,,Net 15,2-way,N,,ap@aldermanele.com; alderman.electrical@aldermanele.com,US-AP,Low,,PLT-03
V-100671,Hollingworth Hydraulics Ltd.,Hollingworth Hydraulics,Active,Non-Profit,78-5556962,30999611,USA,,Net 30,None,T,DBE,hollingworth.hydraulics@hollingworthhyd.com,US-AP,1,2028-06-10,"PLT-10, PLT-09, PLT-04, PLT-01"
V-100672,Ballantyne Bearings LLC,Ballantyne Bearings,Active,LLC,466328060,883200419,US,USD,Net 15,2 way,0,,ballantyne.bearings@ballantynebea.com,US-AP,Tier 3,2026-03-18,
V-100673,Verwood Foundry Inc,Verwood Foundry,Active,Corporation,23-2522087,998044068,Canada,USD,Net 30,3-way,T,WBE,,US-AP,3,12/03/2026,PLT-04;PLT-02;PLT-12;PLT-01
V-100674,Pemberton Calibration GmbH,Pemberton Calibration,draft,,38-3492290,120312561,United States,USD,Net 30,None,,,,UK-AP,Low,2027-02-14,PLT-09
V-100675,Grimsby Forgings S.A. de C.V.,,Active,Corporation,885980307,,CA,USD,NET30,3 Way Match,no,,grimsby.forgings@grimsbyfor.com,EU-AP,,2028-11-01,PLT-03
V-100676,Kettleby Weldments S.A. de C.V.,Kettleby Weldments,active,S-Corp,26-3420120,965666532,MX,MXN,Net30,None,YES,HUBZone,kettleby.weldments.kettlebywel.com,US-AP,Medium,08/13/2027,PLT-08
V-100677,Jarrow Fabrication Ltd,Jarrow Fabrication,inactive,Corporation,37-5966743,321743583,US,MXN,Due on receipt,3 way,yes,DBE,jarrow.fabrication@jarrowfab.com,US-AP,1,2028-02-28,PLT-02
V-100678,Netherfield Coatings Ltd,Netherfield Coatings,active,Corporation,94-9333139,163319523,Canada,MXN,Net 30,2-way,False,,netherfield.coatings@netherfieldcoa.com,EU-AP,1,2027-01-02,PLT-05
V-100679,Kettleby Gasket Ltd,Kettleby Gasket,A,Corporation,425891086,167163160,Canada,USD,,None,False,,ap@kettlebygas.com; kettleby.gasket@kettlebygas.com,EU-AP,Tier 3,2028-08-07,PLT-12;PLT-05;PLT-02
V-100680,Jarrow Weldments PLC,Jarrow Weldments,A,Corporation,75-2329221,51-262-3482,Canada,USD,Net 30,2-way,No,,jarrow.weldments@jarrowwel.com,,1,05/25/2026,PLT-02;PLT-06
V-100681,Thirlmere Packaging Inc,Thirlmere Packaging,active,Corporation,43-8614107,945510471,US,,N30,3-way,FALSE,,thirlmere.packaging@thirlmerepac.com,,High,10/23/2028,PLT-11 / PLT-04 / PLT-03 / PLT-09
V-100682,Hollingworth Foundry Ltd,Hollingworth Foundry,Pending,,964696484,635261915,United States,GBP,Immediate,3-way,No,,,,Tier 1,2028-10-11,PLT-09
V-100683,Fairweather Lubricants Inc,Fairweather Lubricants,Active,LLC,87-4696054,564468339,MX,EUR,Net 90,3 Way Match,N,,fairweather.lubricants.fairweatherlub.com,US-AP,,2028-11-10,PLT-09;PLT-12
V-100684,Grimsby Coatings Corp,Grimsby Coatings,Active,Corporation,18-5257480,321632868,MX,USD,,3-way,F,,ap@grimsbycoa.com; grimsby.coatings@grimsbycoa.com,US-AP,Tier 3,2026-02-02,"PLT-01, PLT-08"
V-100685,Eastgate Lubricants PLC,Eastgate Lubricants,active,LLC,103878688,959120615,United States,GBP,NET30,3-way-direct,F,,eastgate.lubricants@eastgatelub.com,US-AP,Medium,08/28/2027,"PLT-08, PLT-07"
V-100686,Jarrow Packaging LLC,Jarrow Packaging,active,Sole Proprietor,807748585,626982372,DE,USD,Net 45,2-way,False,,jarrow.packaging@jarrowpac.com,CA-AP,,,"PLT-09, PLT-05, PLT-12"
V-100687,Ullswater Packaging PLC,Ullswater Packaging,Draft,Corporation,58-5072826,857348004,GB,EUR,Net 60,2 Way Match,F,,ullswater.packaging@ullswaterpac.com,,High,,PLT-04
V-100688,Thirlmere Logistics Co,Thirlmere Logistics,active,Corporation,246844491,808810505,Mexico,USD,Net 30,2-way,False,,thirlmere.logistics@thirlmerelog.com,EU-AP,1,01/25/2027,PLT-09
V-100689,Alderman Machining Co,Alderman Machining,Active,S-Corp,13-3367303,934353086,US,MXN,Net 30,3-way,YES,VOSB,alderman.machining@aldermanmac.com,US-AP,2,2028-12-18,PLT-10 / PLT-04
V-100690,Verwood Plating LLC,Verwood Plating,draft,Corporation,76-6067534,472108797,USA,,Net 60,2 way,no,,ap@verwoodpla.com; verwood.plating@verwoodpla.com,US-AP,Tier 3,2026-10-09,"PLT-05, PLT-06"
V-100691,Oakhurst Abrasives Ltd,Oakhurst Abrasives,inactive,LLC,420612286,694835684,United States,usd,,2 Way Match,No,,oakhurst.abrasives@oakhurstabr.com,EU-AP,1,2027-01-22,PLT-08;PLT-02;PLT-05;PLT-04
V-100692,Verwood Machining Inc,Verwood Machining,Active,Sole Prop,162761360,669919116,US,EUR,2/10 Net 30,,false,,verwood.machining@verwoodmac.com,EU-AP,1,02/22/2027,PLT-10;PLT-05;PLT-03;PLT-12
V-100693,Yarborough Castings GmbH,,On Hold,Partnership,,,US,USD,NET30,2-way,0,,yarborough.castings@yarboroughcas.com,CA-AP,Medium,02/26/2026,PLT-04;PLT-01;PLT-10;PLT-09
V-100694,Saltburn Fabrication Co,Saltburn Fabrication,active,,25-9580462,,US,USD,Net 30,2-way,No,,ap@saltburnfab.com; saltburn.fabrication@saltburnfab.com,US-AP,1,,PLT-08
V-100695,Kettleby Fabrication GmbH,Kettleby Fabrication,Draft,Sole Prop,,97767774,US,USD,Net 30,2-way,No,,kettleby.fabrication@kettlebyfab.com,US-AP,Medium,11/08/2027,"PLT-07, PLT-11, PLT-12, PLT-05"
V-100696,Ingleby Springs Ltd.,Ingleby Springs,On Hold,Corporation,363269201,984235837,US,EUR,30 days,2-way,0,,ingleby.springs@inglebyspr.com,US-AP,Medium,11/17/2026,
V-100697,Draycott Hydraulics Ltd.,Draycott Hydraulics,active,LLC,75-3175140,,Mexico,,Net 30,3-way,FALSE,,draycott.hydraulics@draycotthyd.com,US-AP,2,2027-08-19,PLT-09
V-100466,Culverton Fasteners S.A. de C.V.,Culverton Fasteners,On Hold,LLC,,208711768,US,USD,,2 way,F,,culverton.fasteners@culvertonfas.com,US-AP,3,2027-01-10,PLT-12;PLT-02;PLT-03
V-100699,Netherfield Electrical Ltd,Netherfield Electrical,inactive,LLC,170250445,484778150,US,USD,Net 90,,No,,ap@netherfieldele.com; netherfield.electrical@netherfieldele.com,EU-AP,High,2027-07-21,
V-100700,Quarrington Packaging LLC,Quarrington Packaging,active,Non-Profit,48-3979670,880442795,CA,USD,Net30,2-way,0,,ap@quarringtonpac.com; quarrington.packaging@quarringtonpac.com,US-AP,1,10/17/2028,PLT-09;PLT-04;PLT-12;PLT-11
V-100701,Jarrow Coatings GmbH,Jarrow Coatings,Active,S-Corp,,800483987,Canada,USD,2/10 Net 30,3 Way Match,T,DBE,jarrow.coatings@jarrowcoa.com,CA-AP,,03/21/2026,PLT-11;PLT-05
V-100702,Oakhurst Weldments Ltd,Oakhurst Weldments,draft,LLC,63-2571065,363959662,United States,USD,Net 60,2-way,T,VOSB,oakhurst.weldments@oakhurstwel.com,,1,2028-07-23,"PLT-12, PLT-02"
V-100703,Hollingworth Seals Ltd,Hollingworth Seals,On Hold,LLC,204147956,433571993,US,,Net30,2-way,false,,hollingworth.seals@hollingworthsea.com,US-AP,2,2026-10-21,"PLT-03, PLT-01"
V-100704,Castleford Weldments Inc,Castleford Weldments,active,Non-Profit,28-0700179,937728580,,USD,Net 15,2-way,False,,castleford.weldments@castlefordwel.com,US-AP,Low,03/25/2028,PLT-04
V-100705,Draycott Foundry Corp,Draycott Foundry,Active,LLC,195793726,589825183,CA,USD,Due on receipt,,0,,draycott.foundry@draycottfou.com,EU-AP,Medium,,"PLT-02, PLT-09"
V-100706,Wolverton Logistics Inc.,,active,S-Corp,990453179,825310818,United Kingdom,MXN,Net 30,,false,,ap@wolvertonlog.com; wolverton.logistics@wolvertonlog.com,EU-AP,Low,,PLT-01;PLT-08;PLT-09
V-100707,Denholm Packaging Corp,Denholm Packaging,Draft,LLC,18-6679206,493992432,Canada,MXN,,None,,,denholm.packaging@denholmpac.com,UK-AP,Low,,PLT-01;PLT-11
V-100708,Farndale Abrasives Co,Farndale Abrasives,active,LLC,89-5207173,23-707-9786,US,USD,Net 45,2 Way Match,True,Minority Business Enterprise,farndale.abrasives@farndaleabr.com,US-AP,2,2026-10-13,"PLT-07, PLT-10"
V-100709,Verwood Hydraulics Inc,,Inactive,LLC,595925658,298665362,United States,USD,Net 45,3-way,no,,verwood.hydraulics@verwoodhyd.com,US-AP,2,2028-10-26,PLT-12
V-100710,Castleford Tooling Inc.,Castleford Tooling,active,Sole Proprietor,64-0155669,657698558,US,EUR,Net 45,,No,,castleford.tooling@castlefordtoo.com,US-AP,Tier 2,2027-01-26,PLT-05
V-100711,Eastgate Pneumatics Corp,Eastgate Pneumatics,I,S-Corp,28-2009562,874645935,MX,USD,Net30,2 way,,,eastgate.pneumatics@eastgatepne.com,US-AP,,2026-09-20,
V-100712,Marchmont Fasteners Corp,,Active,LLC,84-2265711,861068250,US,USD,Net 30,2-way,N,,marchmont.fasteners@marchmontfas.com,US-AP,Tier 1,09/28/2028,PLT-08;PLT-04;PLT-09
V-100713,Farndale Tooling PLC,Farndale Tooling,Inactive,Corporation,83-1552362,,CA,usd,Net 30,3-way,False,,farndale.tooling@farndaletoo.com,UK-AP,Tier 1,08/04/2026,PLT-04;PLT-07;PLT-08;PLT-06
V-100714,Elmswell Hydraulics Inc,,ACTIVE,Non-Profit,58-7293365,367995754,United Kingdom,US Dollar,,3 Way Match,,,elmswell.hydraulics@elmswellhyd.com,,3,2028-05-23,"PLT-09, PLT-12, PLT-07"
V-100715,Castleford Fasteners Inc,Castleford Fasteners,Active,Sole Prop,53-9459492,103463603,US,USD,,,N,,castleford.fasteners@castlefordfas.com,US-AP,2,11/17/2028,"PLT-01, PLT-09"
V-100716,Lansdowne Forgings PLC,Lansdowne Forgings,active,Sole Proprietor,360902838,770563929,US,EUR,2/10 Net 30,3-way,False,,,US-AP,Low,,PLT-03;PLT-06
V-100717,Elmswell Valves PLC,,active,Sole Prop,35-2563191,947901791,US,CAD,Net 45,2 way,FALSE,,ap@elmswellval.com; elmswell.valves@elmswellval.com,US-AP,2,2026-03-06,PLT-07;PLT-02;PLT-09
V-100718,Rushcliffe Castings Co,Rushcliffe Castings,active,Corporation,015487036,,CA,USD,Net 15,2-way,FALSE,,rushcliffe.castings@rushcliffecas.com,US-AP,3,,PLT-04;PLT-01
V-100719,Saltburn Springs GmbH,,Active,LLC,90-2805114,678818248,,Euro,2/10 Net 30,3-way-direct,1,HUBZone,saltburn.springs@saltburnspr.com,US-AP,Tier 2,2027-08-11,PLT-01
V-100720,Yarborough Tooling LLC,Yarborough Tooling,draft,,,859574412,Germany,USD,N30,3-way,yes,Minority Business Enterprise,yarborough.tooling@yarboroughtoo.com,CA-AP,2,,PLT-01
V-100721,Ingleby Foundry Inc.,Ingleby Foundry,Active,Sole Proprietor,61-6134088,191056657,US,MXN,Net 15,Three way direct,T,SDVOSB,,,Tier 1,12/12/2028,PLT-08;PLT-03;PLT-06
V-100722,Draycott Castings GmbH,Draycott Castings,active,Corporation,73-5566975,177449582,US,GBP,Immediate,Two-way,F,,draycott.castings@draycottcas.com,,2,07/14/2028,PLT-11
V-100723,Kettleby Abrasives Ltd.,,,S-Corp,07-1255248,341460387,CA,EUR,Net30,,no,,kettleby.abrasives@kettlebyabr.com,UK-AP,1,2027-08-26,"PLT-10, PLT-02"
V-100724,Lansdowne Weldments GmbH,Lansdowne Weldments,draft,LLC,759237355,824619835,US,EUR,Net 60,2 Way Match,0,,lansdowne.weldments@lansdownewel.com,CA-AP,1,,PLT-09;PLT-07
V-100725,Eastgate Electrical S.A. de C.V.,Eastgate Electrical,inactive,Corporation,648849681,313282538,US,USD,COD,Two-way,YES,SDVOSB,,US-AP,Low,2026-02-02,PLT-10;PLT-06;PLT-12
V-100726,Wolverton Logistics Ltd,Wolverton Logistics,active,,53-4885578,410082896,Mexico,US Dollar,30 days,none,FALSE,,wolverton.logistics@wolvertonlog.com,EU-AP,Tier 2,2028-07-16,PLT-06
V-100727,Quarrington Coatings Inc,,active,LLC,,497441561,USA,USD,Net 60,none,1,WBE,quarrington.coatings@quarringtoncoa.com,US-AP,1,10/21/2026,PLT-11;PLT-04;PLT-09
V-100728,Oakhurst Weldments LLC,,Active,Corporation,121022268,27526787,Canada,MXN,,3 Way Match,no,,oakhurst.weldments@oakhurstwel.com,EU-AP,2,2027-03-13,"PLT-08, PLT-01"
V-100729,Marchmont Coatings Inc.,Marchmont Coatings,draft,Partnership,97-1266025,142440023,USA,USD,Net 30,3-way,,,,US-AP,,2026-02-03,PLT-09
V-100730,Rushcliffe Pneumatics PLC,Rushcliffe Pneumatics,,Partnership,23-7348479,843731858,GB,EUR,Net 60,3-way,FALSE,,rushcliffe.pneumatics.rushcliffepne.com,CA-AP,1,2027-05-02,"PLT-05, PLT-04"
V-100731,Grimsby Lubricants PLC,,A,Corporation,417448283,249010828,USA,MXN,Net 15,Three way direct,false,,ap@grimsbylub.com; grimsby.lubricants@grimsbylub.com,EU-AP,1,07/27/2026,PLT-07;PLT-10
V-100732,Hollingworth Machining GmbH,Hollingworth Machining,Pending,Corporation,77-8011690,238526877,USA,,COD,Three way direct,no,,hollingworth.machining@hollingworthmac.com,MX-AP,Low,10/16/2027,PLT-06 / PLT-12
V-100733,Rushcliffe Plating LLC,Rushcliffe Plating,inactive,Non-Profit,142145051,997479375,CA,USD,,3-way-direct,false,,rushcliffe.plating@rushcliffepla.com,US-AP,,02/26/2027,"PLT-04, PLT-05"
V-100734,Wolverton Forgings GmbH,Wolverton Forgings,Draft,,901595572,,US,USD,Net 30,,YES,SDVOSB,wolverton.forgings@wolvertonfor.com,,Tier 2,,PLT-11;PLT-06;PLT-07;PLT-09
V-100735,Oakhurst Castings GmbH,,Active,S-Corp,069076326,149189740,Germany,GBP,Net 30,2 way,N,,oakhurst.castings@oakhurstcas.com,,High,06/10/2028,PLT-02;PLT-06;PLT-09
V-100736,Eastgate Pneumatics Corp,Eastgate Pneumatics,Active,Sole Proprietor,438170424,507871085,USA,USD,Due on receipt,none,True,VOSB,eastgate.pneumatics@eastgatepne.com,,Tier 1,,PLT-10;PLT-08
V-100737,Verwood Bearings Ltd.,,inactive,S-Corp,942813605,503290792,U.S.,USD,Net 45,Two-way,0,,verwood.bearings@verwoodbea.com,CA-AP,Medium,2026-12-07,PLT-07
V-100738,Netherfield Plating GmbH,Netherfield Plating,Inactive,Corporation,36-3809320,317756275,Germany,USD,Due on receipt,2 way,N,,netherfield.plating@netherfieldpla.com,UK-AP,,2028-05-16,
V-100739,Kettleby Hydraulics GmbH,,draft,Partnership,410774099,361469342,United States,EUR,Due on receipt,2-way,false,,kettleby.hydraulics@kettlebyhyd.com,CA-AP,Tier 1,2026-02-26,PLT-01
V-100740,Alderman Fabrication S.A. de C.V.,Alderman Fabrication,inactive,S-Corp,997521088,747467719,Mexico,GBP,Net 30,3-way-direct,0,,alderman.fabrication@aldermanfab.com,US-AP,2,02/28/2028,PLT-07;PLT-08
V-100741,Brackenridge Logistics Corp,Brackenridge Logistics,active,Corporation,77-2609217,,,CAD,Net 30,,no,,brackenridge.logistics@brackenridgelog.com,US-AP,Low,2028-11-11,"PLT-09, PLT-03, PLT-02"
V-100742,Wolverton Logistics Ltd,,active,Corporation,33-6445001,55-994-4750,CA,CAD,Net 15,Three way direct,yes,SDVOSB,wolverton.logistics@wolvertonlog.com,US-AP,3,2028-12-15,"PLT-05, PLT-07"
V-100743,Elmswell Packaging Inc,Elmswell Packaging,Active,Corporation,82-8733447,,United Kingdom,EUR,Net 30,3 way,F,,elmswell.packaging@elmswellpac.com,UK-AP,Medium,,PLT-12
V-100744,Ingleby Coatings Inc,Ingleby Coatings,active,Partnership,55-6128986,683912257,US,,30 days,3 way,N,,ingleby.coatings@inglebycoa.com,US-AP,2,04/07/2027,PLT-11
V-100745,Brackenridge Bearings Ltd.,,Active,LLC,55-8725528,776296850,U.S.,EUR,Net 15,2-way,No,,brackenridge.bearings@brackenridgebea.com,CA-AP,High,,PLT-10;PLT-07
V-100746,Yarborough Fasteners Ltd.,Yarborough Fasteners,Active,Limited Liability Company,069844367,594887035,USA,GBP,30 days,,FALSE,,yarborough.fasteners@yarboroughfas.com,US-AP,1,2026-06-25,PLT-01;PLT-04;PLT-05
V-100747,Draycott Hydraulics Co,Draycott Hydraulics,A,Sole Prop,421516616,837950802,US,,Net 60,None,YES,SDVOSB,draycott.hydraulics@draycotthyd.com,US-AP,2,09/15/2026,PLT-04;PLT-08;PLT-01
V-100612,Culverton Seals S.A. de C.V.,Culverton Seals,Pending,,29-9841088,819818741,DE,USD,Net 45,3-way,False,,,US-AP,2,,"PLT-12, PLT-06"
V-100749,Yarborough Valves Ltd,,Active,Corporation,97-5877436,84-606-8301,MX,USD,Net 30,2-way,F,,,,3,2026-09-08,PLT-05
V-100750,Denholm Plating Inc,,Active,Sole Proprietor,747417230,,USA,USD,Net 15,Three way direct,YES,VOSB,,MX-AP,Low,,PLT-04
V-100751,Thirlmere Seals Inc.,Thirlmere Seals,,Sole Proprietor,411598779,233495898,US,usd,Net 30,None,0,,thirlmere.seals@thirlmeresea.com,CA-AP,1,2027-09-15,PLT-03 / PLT-02 / PLT-12
V-100752,Farndale Lubricants Ltd,Farndale Lubricants,Active,Corporation,55-7900991,,DE,USD,Net 45,none,N,,farndale.lubricants@farndalelub.com,,1,2027-11-11,PLT-05;PLT-06;PLT-12
V-100753,Lansdowne Plating GmbH,,Inactive,S-Corp,,582866743,Mexico,USD,Net 60,3-way,false,,lansdowne.plating.lansdownepla.com,CA-AP,Tier 3,,PLT-04 / PLT-06 / PLT-12
V-100754,Netherfield Electrical S.A. de C.V.,,,LLC,39-0145747,,USA,EUR,Immediate,3 way,no,,ap@netherfieldele.com; netherfield.electrical@netherfieldele.com,MX-AP,Low,,PLT-08
V-100755,Ullswater Foundry S.A. de C.V.,,A,Limited Liability Company,32-2157893,20-385-3560,US,EUR,Net30,Two-way,0,,ullswater.foundry@ullswaterfou.com,UK-AP,2,,PLT-05
V-100756,Elmswell Machining Ltd.,Elmswell Machining,Active,,20-4110805,623680336,US,USD,Net 30,2 way,N,,elmswell.machining@elmswellmac.com,,3,01/04/2027,PLT-04;PLT-07;PLT-01;PLT-06
V-100757,Castleford Machining Inc.,,,Partnership,56-1386964,,DE,GBP,Net 45,2 way,0,,castleford.machining@castlefordmac.com,,Tier 1,2028-12-07,PLT-08;PLT-12;PLT-01
V-100758,Yarborough Calibration Co,Yarborough Calibration,draft,LLC,12-1754209,,United States,USD,Net 30,none,yes,VOSB,yarborough.calibration@yarboroughcal.com,US-AP,,10/07/2027,"PLT-04, PLT-05, PLT-12"
V-100759,Castleford Lubricants Co,Castleford Lubricants,active,Partnership,228052210,558804914,MX,usd,Net30,3-way,false,,castleford.lubricants.castlefordlub.com,EU-AP,1,2027-12-05,PLT-03;PLT-07;PLT-09
V-100760,Eastgate Plating Ltd.,Eastgate Plating,active,,240495644,492830178,US,CAD,Net 30,,N,,eastgate.plating@eastgatepla.com,CA-AP,,2028-04-06,PLT-01 / PLT-08
V-100761,Grimsby Calibration LLC,Grimsby Calibration,On Hold,LLC,46-6756734,,Germany,MXN,30 days,,True,WBE,grimsby.calibration@grimsbycal.com,,2,,
V-100762,Eastgate Springs Inc,Eastgate Springs,active,Partnership,,464729961,United Kingdom,USD,Net 30,,no,,,,2,2028-07-07,PLT-10
V-100763,Marchmont Bearings Ltd,,active,Corporation,77-0579780,422059745,MX,USD,Net 30,None,False,,marchmont.bearings@marchmontbea.com,,,,
V-100764,Yarborough Castings Inc,Yarborough Castings,Active,Sole Proprietor,699956507,482364605,CA,US Dollar,Net 90,none,0,,yarborough.castings@yarboroughcas.com,MX-AP,Medium,2026-03-04,PLT-04;PLT-02;PLT-11;PLT-12
V-100765,Alderman Fasteners S.A. de C.V.,,inactive,S-Corp,92-1671573,919538956,US,USD,Net30,none,False,,ap@aldermanfas.com; alderman.fasteners@aldermanfas.com,US-AP,1,2026-11-15,
V-100766,Ashworth Foundry Ltd,Ashworth Foundry,active,LLC,25-0408251,579481837,United States,usd,Net 30,2-way,T,Minority Business Enterprise,ashworth.foundry@ashworthfou.com,,Tier 1,2027-04-20,"PLT-07, PLT-04, PLT-01"
V-100767,Draycott Plating GmbH,Draycott Plating,active,Limited Liability Company,02-0570639,673239153,GB,usd,COD,None,TRUE,HUBZone,draycott.plating@draycottpla.com,,Low,2028-05-14,PLT-03;PLT-09;PLT-06
V-100768,Castleford Springs Co,Castleford Springs,On Hold,Sole Proprietor,35-4712422,828376757,US,USD,30 days,3 way,No,,castleford.springs@castlefordspr.com,US-AP,,2028-08-03,PLT-12;PLT-01
V-100769,Yarborough Seals S.A. de C.V.,Yarborough Seals,Active,S-Corp,139898384,952521937,USA,USD,Net 15,Two-way,YES,SDVOSB,yarborough.seals@yarboroughsea.com,,2,2028-03-13,PLT-07
V-100770,Alderman Bearings Corp,Alderman Bearings,active,Corporation,927136791,950005553,DE,USD,Net 60,,no,,alderman.bearings@aldermanbea.com,US-AP,1,2026-07-03,
V-100771,Eastgate Pneumatics Inc,Eastgate Pneumatics,ACTIVE,Sole Proprietor,727683249,921181935,USA,CAD,COD,3-way,FALSE,,eastgate.pneumatics@eastgatepne.com,UK-AP,3,2027-10-06,
V-100772,Hollingworth Forgings S.A. de C.V.,Hollingworth Forgings,active,LLC,74-6466455,630593482,US,CAD,Net 30,3 Way Match,FALSE,,hollingworth.forgings@hollingworthfor.com,EU-AP,,10/11/2027,PLT-02;PLT-03;PLT-11
,Jarrow Lubricants Co,Jarrow Lubricants,inactive,Corporation,03-2381368,54213103,Germany,GBP,Net 90,Two-way,T,SDVOSB,jarrow.lubricants@jarrowlub.com,,Medium,03/05/2026,PLT-04;PLT-12;PLT-05;PLT-06
V-100774,Castleford Fasteners LLC,,Draft,Corporation,62-5142641,89-841-6612,CA,GBP,Due on receipt,2-way,no,,castleford.fasteners@castlefordfas.com,EU-AP,Medium,,PLT-11;PLT-08;PLT-06;PLT-03
V-100775,Yarborough Extrusions LLC,Yarborough Extrusions,active,Partnership,27-1879789,37833646,MX,USD,Net 45,2 way,FALSE,,yarborough.extrusions@yarboroughext.com,,3,12/03/2028,PLT-02
V-100776,Wolverton Abrasives Corp,Wolverton Abrasives,Draft,Partnership,07-8450248,,DE,CAD,Net 45,2-way,T,WBE,wolverton.abrasives.wolvertonabr.com,,,2028-01-18,PLT-01;PLT-03
V-100777,Verwood Extrusions Corp,,inactive,Partnership,00-1192995,109756000,CA,USD,Net 90,3 Way Match,N,,ap@verwoodext.com; verwood.extrusions@verwoodext.com,EU-AP,Low,05/21/2026,"PLT-08, PLT-05"
V-100778,Denholm Pneumatics Inc.,Denholm Pneumatics,active,Sole Proprietor,735418129,804831197,USA,US Dollar,Net 90,3-way-direct,TRUE,Woman-Owned Small Business,denholm.pneumatics@denholmpne.com,EU-AP,3,2028-03-24,PLT-07;PLT-10
V-100779,Grimsby Lubricants Co,,active,S-Corp,080310085,786224750,US,USD,Net 60,3-way,false,,grimsby.lubricants@grimsbylub.com,CA-AP,3,2026-11-03,PLT-06
V-100780,Farndale Tooling GmbH,Farndale Tooling,active,LLC,05-1177415,278248017,Canada,EUR,COD,3-way,No,,ap@farndaletoo.com; farndale.tooling@farndaletoo.com,US-AP,Low,06/04/2028,"PLT-06, PLT-10"
V-100781,Saltburn Machining Ltd,,Pending,S-Corp,574057893,453389917,CA,,Net 15,3-way,No,,saltburn.machining@saltburnmac.com,US-AP,1,2028-09-05,PLT-08;PLT-09;PLT-10;PLT-02
V-100782,Wolverton Pneumatics Co,,active,,96-3005184,61-719-4735,US,Euro,Net 30,2-way,0,,wolverton.pneumatics@wolvertonpne.com,US-AP,1,,PLT-11;PLT-02
V-100783,Ingleby Extrusions PLC,Ingleby Extrusions,,S-Corp,35-9187379,,US,GBP,Immediate,,0,,ingleby.extrusions@inglebyext.com,CA-AP,Medium,2028-06-07,"PLT-10, PLT-01, PLT-05"
V-100784,Thirlmere Foundry Ltd,,Active,LLC,242467276,883057925,,,Net 30,2 way,N,,thirlmere.foundry.thirlmerefou.com,EU-AP,Tier 2,2026-03-10,PLT-11
V-100785,Denholm Pneumatics Ltd.,,Active,Corporation,,798885235,US,USD,COD,3-way,No,,denholm.pneumatics@denholmpne.com,CA-AP,,2028-04-16,PLT-09
V-100786,Hollingworth Calibration S.A. de C.V.,Hollingworth Calibration,Draft,LLC,35-2522302,,,USD,Net 60,Two-way,N,,,US-AP,1,2027-09-19,PLT-01
V-100787,Thirlmere Fasteners S.A. de C.V.,,active,Sole Prop,65-6966637,64037151,US,USD,Net 30,,no,,,MX-AP,Low,2026-10-13,PLT-05;PLT-06
V-100788,Draycott Castings Ltd,Draycott Castings,active,LLC,175707832,368072076,MX,EUR,Net 60,3-way,0,,draycott.castings@draycottcas.com,UK-AP,Tier 1,2027-06-04,PLT-08;PLT-07;PLT-05;PLT-03
V-100789,Saltburn Foundry GmbH,Saltburn Foundry,active,LLC,96-1088028,947783266,Deutschland,,Net 45,3-way,,,saltburn.foundry@saltburnfou.com,US-AP,1,2026-10-27,
V-100790,Thirlmere Valves Inc.,,Pending,LLC,,780826974,Germany,US Dollar,Net 30,3-way,FALSE,,thirlmere.valves@thirlmereval.com,,Medium,2027-12-17,"PLT-01, PLT-12"
V-100791,Verwood Hydraulics GmbH,,active,,80-8101393,09-556-0944,MX,EUR,Net 60,3-way,No,,verwood.hydraulics@verwoodhyd.com,US-AP,Low,2027-11-28,"PLT-07, PLT-12"
V-100792,Culverton Gasket GmbH,Culverton Gasket,inactive,LLC,179298531,146350356,United States,CAD,Net 60,,No,,culverton.gasket@culvertongas.com,US-AP,2,2026-03-22,PLT-08
V-100793,Saltburn Electrical GmbH,,active,Sole Proprietor,15-1826127,824394041,DE,,2/10 Net 30,3-way,No,,saltburn.electrical@saltburnele.com,CA-AP,2,12/21/2026,PLT-12;PLT-06
V-100794,Ullswater Extrusions PLC,,,Corporation,,315072951,US,USD,Net30,none,false,,ullswater.extrusions@ullswaterext.com,UK-AP,2,03/02/2026,PLT-11
V-100795,Thirlmere Machining Ltd.,Thirlmere Machining,Pending,Corporation,462216580,106077100,DE,GBP,Net30,3-way,1,SDVOSB,,UK-AP,Tier 2,2027-11-01,PLT-12
V-100796,Rushcliffe Lubricants GmbH,Rushcliffe Lubricants,inactive,,366805630,493518085,US,,COD,3-way,No,,rushcliffe.lubricants.rushcliffelub.com,EU-AP,Low,2026-12-28,PLT-07;PLT-01;PLT-05
V-100797,Draycott Machining Ltd,Draycott Machining,I,LLC,10-1039076,289318652,US,EUR,NET30,None,no,,draycott.machining.draycottmac.com,UK-AP,,,"PLT-12, PLT-02"
V-100798,Castleford Packaging Ltd.,,A,Sole Prop,31-1131334,655669750,Canada,GBP,2/10 Net 30,Three way direct,True,VOSB,castleford.packaging@castlefordpac.com,US-AP,1,01/09/2027,"PLT-10, PLT-03, PLT-05, PLT-11"
V-100799,Thirlmere Calibration Co,,draft,LLC,240013054,179721492,Germany,CAD,N30,2 Way Match,No,,thirlmere.calibration@thirlmerecal.com,US-AP,3,04/02/2026,PLT-08;PLT-02;PLT-11;PLT-03
V-100800,Farndale Electrical Inc,,draft,Corporation,01-4274398,,Mexico,CAD,Net 30,3-way,,Woman-Owned Small Business,farndale.electrical@farndaleele.com,UK-AP,1,12/28/2027,PLT-09
V-100801,Lansdowne Foundry Corp,Lansdowne Foundry,inactive,Partnership,47-1017342,499760017,US,EUR,COD,,0,,lansdowne.foundry@lansdownefou.com,EU-AP,Low,2027-05-17,PLT-09
V-100802,Grimsby Packaging Co,Grimsby Packaging,active,Sole Proprietor,45-9494102,161373573,GB,USD,Net 45,,T,WBE,,US-AP,Tier 3,2026-12-13,PLT-10
V-100803,Pemberton Pneumatics S.A. de C.V.,Pemberton Pneumatics,inactive,Corporation,55-1248417,975103248,US,usd,Net 60,3-way-direct,0,,pemberton.pneumatics@pembertonpne.com,UK-AP,2,07/09/2027,PLT-05;PLT-04
V-100804,Yarborough Weldments Inc,,Pending,Sole Prop,044066413,351380877,U.S.,GBP,Net 30,None,false,,yarborough.weldments@yarboroughwel.com,UK-AP,Tier 3,2027-03-23,"PLT-12, PLT-07, PLT-09"
V-100805,Farndale Fabrication GmbH,,active,,59-3216461,940518692,GB,GBP,Net 30,2-way,False,,farndale.fabrication@farndalefab.com,EU-AP,1,11/21/2027,PLT-04
V-100806,Saltburn Weldments Ltd,,active,Corporation,,113330779,United States,USD,Due on receipt,3-way,FALSE,,saltburn.weldments@saltburnwel.com,CA-AP,2,07/08/2026,"PLT-03, PLT-10"
V-100807,Ashworth Weldments Ltd.,Ashworth Weldments,Draft,LLC,58-8563328,763354072,US,EUR,Net 30,none,FALSE,,ashworth.weldments@ashworthwel.com,US-AP,,2026-06-01,"PLT-06, PLT-02, PLT-11, PLT-04"
V-100808,Quarrington Tooling Ltd.,Quarrington Tooling,Inactive,Sole Proprietor,96-2640968,796454602,US,USD,Net 90,3-way,N,,quarrington.tooling@quarringtontoo.com,US-AP,Tier 1,2026-09-17,PLT-05
V-100809,Pemberton Plating Inc.,,inactive,Sole Prop,24-9368352,703283282,US,,Net 60,none,,,,CA-AP,High,2028-07-16,PLT-09;PLT-06;PLT-11;PLT-08
V-100810,Saltburn Gasket Inc,Saltburn Gasket,active,,15-4904658,430370833,CA,USD,2/10 Net 30,none,false,,saltburn.gasket@saltburngas.com,US-AP,2,04/09/2026,PLT-05
V-100811,Lansdowne Electrical Inc.,,Active,Limited Liability Company,14-1043944,755071773,US,Euro,NET30,2-way,False,,ap@lansdowneele.com; lansdowne.electrical@lansdowneele.com,CA-AP,1,01/28/2026,PLT-07;PLT-12;PLT-11
V-100812,Quarrington Castings GmbH,Quarrington Castings,active,LLC,391774302,356683384,US,USD,30 days,none,F,,quarrington.castings@quarringtoncas.com,UK-AP,1,2027-03-09,PLT-12
V-100813,Alderman Lubricants S.A. de C.V.,Alderman Lubricants,Active,LLC,54-3051401,55587748,Deutschland,USD,Net30,2-way,FALSE,,alderman.lubricants@aldermanlub.com,US-AP,1,,"PLT-10, PLT-09, PLT-11"
V-100814,Saltburn Logistics LLC,,active,Corporation,10-1448601,76728012,USA,MXN,Net 60,2 way,FALSE,,saltburn.logistics@saltburnlog.com,US-AP,2,,PLT-08
V-100815,Lansdowne Coatings LLC,Lansdowne Coatings,active,Corporation,,89-973-9388,CA,USD,Net 30,Three way direct,YES,WOSB,,MX-AP,2,2028-10-28,"PLT-09, PLT-04"
V-100816,Ullswater Plating Inc.,Ullswater Plating,Active,Corporation,54-9056250,868394049,United Kingdom,EUR,Net 30,None,0,,ullswater.plating@ullswaterpla.com,US-AP,,2027-03-10,"PLT-12, PLT-05, PLT-02"
V-100817,Draycott Plating Inc,,active,Corporation,39-4160558,50311724,Mexico,,Net 30,,FALSE,,draycott.plating@draycottpla.com,EU-AP,High,12/10/2028,"PLT-03, PLT-04"
V-100818,Fairweather Hydraulics Ltd.,Fairweather Hydraulics,Active,Limited Liability Company,,315417250,,EUR,Net 45,None,0,,fairweather.hydraulics@fairweatherhyd.com,US-AP,Tier 3,2026-07-09,PLT-07
V-100819,Marchmont Bearings PLC,,Active,Partnership,56-8214552,267939903,US,USD,Net 30,3 Way Match,true,MBE,marchmont.bearings@marchmontbea.com,CA-AP,3,,PLT-12;PLT-03
V-100820,Grimsby Forgings LLC,,A,Sole Proprietor,19-2120658,286214608,Germany,GBP,Immediate,2-way,Y,DBE,,US-AP,Low,,PLT-09;PLT-01;PLT-05;PLT-06
V-100821,Ullswater Abrasives Inc.,Ullswater Abrasives,active,Limited Liability Company,123373168,932403853,Germany,usd,Net 30,2-way,FALSE,,ullswater.abrasives.ullswaterabr.com,US-AP,,11/13/2026,PLT-07;PLT-08
V-100822,Verwood Weldments Ltd,Verwood Weldments,inactive,S-Corp,72-1948031,418630887,US,USD,Net 60,2-way,FALSE,,verwood.weldments@verwoodwel.com,US-AP,,2027-09-05,PLT-12;PLT-01
V-100823,Wolverton Extrusions GmbH,Wolverton Extrusions,active,Corporation,111822457,665106730,Mexico,GBP,Due on receipt,3-way,No,,wolverton.extrusions@wolvertonext.com,US-AP,,2026-12-08,"PLT-02, PLT-01"
V-100824,Eastgate Valves Ltd.,Eastgate Valves,Active,,307549856,,USA,GBP,Net 60,3-way-direct,FALSE,,eastgate.valves@eastgateval.com,UK-AP,3,2027-02-20,PLT-04;PLT-11;PLT-02
V-100825,Verwood Springs LLC,,Active,Limited Liability Company,70-5441637,945929774,Mexico,EUR,Net 60,3-way,false,,verwood.springs@verwoodspr.com,US-AP,2,,
V-100826,Brackenridge Springs S.A. de C.V.,Brackenridge Springs,draft,Corporation,39-5893068,697086784,Mexico,CAD,Net 45,none,no,,,US-AP,2,10/22/2027,PLT-07;PLT-11
V-100827,Eastgate Machining LLC,,Active,Corporation,845533256,56266563,Canada,USD,Net 30,2 Way Match,false,,eastgate.machining@eastgatemac.com,US-AP,Tier 2,2026-08-03,PLT-10;PLT-06
V-100828,Marchmont Extrusions S.A. de C.V.,,active,LLC,11-9233254,333373101,US,usd,30 days,2 way,T,WOSB,marchmont.extrusions@marchmontext.com,CA-AP,1,03/28/2027,PLT-11
V-100829,Quarrington Valves Inc,Quarrington Valves,active,S-Corp,424503500,148555435,DE,GBP,30 days,3 Way Match,no,,quarrington.valves@quarringtonval.com,CA-AP,3,2027-12-14,"PLT-04, PLT-01"
V-100830,Kettleby Coatings LLC,Kettleby Coatings,Draft,,14-1768036,803795923,USA,USD,Net 60,2 Way Match,TRUE,WOSB,,,Medium,2028-01-26,PLT-09
V-100831,Ashworth Abrasives Corp,,Active,Sole Prop,117544115,470034839,US,USD,Due on receipt,3 Way Match,FALSE,,ashworth.abrasives@ashworthabr.com,US-AP,,04/07/2027,PLT-02
V-100832,Quarrington Lubricants Ltd.,Quarrington Lubricants,Pending,Non-Profit,95-9071114,689183539,US,GBP,Net 15,3 way,FALSE,,quarrington.lubricants@quarringtonlub.com,US-AP,3,2028-07-17,PLT-09
V-100833,Eastgate Bearings S.A. de C.V.,Eastgate Bearings,On Hold,,317148311,850953300,United Kingdom,EUR,Immediate,3-way,false,,eastgate.bearings@eastgatebea.com,US-AP,3,10/10/2027,"PLT-02, PLT-03"
V-100834,Alderman Pneumatics Ltd.,,Active,Partnership,89-0236719,436321403,US,CAD,N30,3-way,True,WBE,alderman.pneumatics@aldermanpne.com,MX-AP,,2028-08-01,PLT-04;PLT-09
V-100835,Jarrow Logistics Inc,Jarrow Logistics,active,LLC,356740339,510832617,US,USD,,,no,,jarrow.logistics@jarrowlog.com,US-AP,3,,PLT-12;PLT-04;PLT-09
V-100836,Netherfield Packaging Inc,Netherfield Packaging,inactive,LLC,21-4804897,216322326,CA,USD,Net 30,None,No,,netherfield.packaging@netherfieldpac.com,US-AP,,,PLT-01 / PLT-12 / PLT-05
V-100837,Ashworth Logistics LLC,Ashworth Logistics,active,Corporation,73-1991234,301457600,GB,USD,Net 15,3 way,F,,ashworth.logistics@ashworthlog.com,US-AP,1,2028-02-21,PLT-07 / PLT-11 / PLT-05 / PLT-06
V-100838,Kettleby Springs Inc,Kettleby Springs,A,Partnership,55-6428203,512619333,CA,MXN,Net 30,2-way,FALSE,,kettleby.springs@kettlebyspr.com,CA-AP,Tier 1,2026-11-01,PLT-02
V-100839,Brackenridge Abrasives Corp,Brackenridge Abrasives,On Hold,Corporation,307071776,540169828,,USD,Net 45,3-way,F,,brackenridge.abrasives@brackenridgeabr.com,UK-AP,2,2027-10-16,
V-100840,Saltburn Hydraulics LLC,,Active,Corporation,45-3561105,25068814,United Kingdom,GBP,Net 60,2-way,No,,saltburn.hydraulics@saltburnhyd.com,US-AP,High,2026-10-22,PLT-10;PLT-01
V-100841,Denholm Pneumatics LLC,Denholm Pneumatics,inactive,LLC,85-7014228,89546714,US,GBP,Net 30,2-way,false,,denholm.pneumatics@denholmpne.com,,3,2026-03-28,PLT-07
V-100842,Ashworth Fasteners Ltd,Ashworth Fasteners,active,Corporation,88-9591720,625958482,United States,Euro,2/10 Net 30,none,0,,ashworth.fasteners.ashworthfas.com,US-AP,Tier 1,2026-03-27,PLT-12
V-100843,Fairweather Electrical LLC,,active,LLC,96-2468665,767809540,USA,USD,COD,3-way-direct,False,,fairweather.electrical@fairweatherele.com,EU-AP,,07/10/2026,"PLT-05, PLT-01, PLT-09"
V-100844,Ashworth Weldments Ltd,Ashworth Weldments,Active,LLC,914900094,767600223,US,Euro,NET30,3-way,False,,ashworth.weldments@ashworthwel.com,,Medium,2028-01-05,PLT-07;PLT-03
V-100845,Wolverton Valves S.A. de C.V.,Wolverton Valves,Active,LLC,37-2723863,727784098,MX,USD,Net 45,none,1,SDVOSB,,MX-AP,Low,01/17/2026,PLT-08;PLT-06
V-100846,Quarrington Gasket Co,Quarrington Gasket,inactive,LLC,028883166,748714174,DE,usd,Net 45,3 Way Match,True,Woman-Owned Small Business,quarrington.gasket@quarringtongas.com,US-AP,High,2026-02-23,PLT-10;PLT-09;PLT-02;PLT-11
V-100847,Elmswell Forgings GmbH,,Pending,S-Corp,47-0745314,861273393,US,USD,Net 45,3 way,N,,elmswell.forgings@elmswellfor.com,US-AP,Tier 3,2028-08-23,PLT-05;PLT-04
V-100848,Elmswell Lubricants Ltd.,Elmswell Lubricants,active,Limited Liability Company,754642503,,US,USD,,,no,,elmswell.lubricants@elmswelllub.com,EU-AP,1,,PLT-04;PLT-02
V-100849,Castleford Tooling LLC,,active,Non-Profit,45-8852445,618575246,Deutschland,USD,Net 30,Three way direct,N,,,US-AP,2,2027-08-08,
V-100850,Netherfield Abrasives Corp,,Inactive,LLC,29-9934336,842570292,Canada,CAD,2/10 Net 30,3-way-direct,false,,ap@netherfieldabr.com; netherfield.abrasives@netherfieldabr.com,US-AP,2,08/16/2028,PLT-01;PLT-11;PLT-08;PLT-10
V-100851,Farndale Coatings PLC,,On Hold,Partnership,,528022592,DE,USD,Net30,,1,MBE,farndale.coatings@farndalecoa.com,EU-AP,2,,PLT-02;PLT-06;PLT-04;PLT-08
V-100852,Farndale Machining Inc.,Farndale Machining,active,S-Corp,431451455,281375697,United States,,Net 30,3-way,,WOSB,farndale.machining@farndalemac.com,US-AP,3,2028-08-14,PLT-08
V-100853,Jarrow Lubricants Co,Jarrow Lubricants,active,Corporation,,249288888,United Kingdom,usd,Net 90,Three way direct,false,,jarrow.lubricants@jarrowlub.com,EU-AP,1,05/06/2027,PLT-06;PLT-09
V-100854,Alderman Calibration Co,Alderman Calibration,Draft,Sole Proprietor,104076621,808148295,USA,USD,2/10 Net 30,3 way,No,,alderman.calibration@aldermancal.com,EU-AP,1,2028-02-07,PLT-09
V-100855,Yarborough Packaging Corp,,Active,Corporation,576673280,607375132,CA,GBP,Net 30,2-way,No,,yarborough.packaging@yarboroughpac.com,CA-AP,,04/22/2028,PLT-02
V-100856,Rushcliffe Forgings S.A. de C.V.,Rushcliffe Forgings,active,Sole Proprietor,51-6906723,891612907,DE,USD,,2 Way Match,F,,ap@rushcliffefor.com; rushcliffe.forgings@rushcliffefor.com,MX-AP,,12/11/2026,PLT-12;PLT-11
V-100857,Ingleby Seals GmbH,,draft,,11-8330781,900611797,US,MXN,Net 30,Three way direct,,,ingleby.seals@inglebysea.com,US-AP,Medium,,PLT-02;PLT-05;PLT-01;PLT-08
V-100858,Wolverton Weldments Inc,Wolverton Weldments,Draft,Corporation,69-0612829,067318606,USA,EUR,Immediate,2 way,No,,wolverton.weldments@wolvertonwel.com,,3,2026-04-19,PLT-07
V-100859,Wolverton Machining Co,,Inactive,LLC,13-4789959,,USA,USD,Net30,3 Way Match,N,,wolverton.machining@wolvertonmac.com,US-AP,Tier 3,2028-06-25,"PLT-02, PLT-06, PLT-12"
V-100860,Oakhurst Castings S.A. de C.V.,Oakhurst Castings,A,S-Corp,,108778128,US,USD,,,,,oakhurst.castings@oakhurstcas.com,EU-AP,Low,2026-07-01,"PLT-05, PLT-07"
V-100861,Ballantyne Electrical LLC,,I,S-Corp,30-2123571,652963967,Deutschland,EUR,Net 45,2-way,T,DBE,ballantyne.electrical@ballantyneele.com,EU-AP,Tier 2,03/08/2028,PLT-10
V-100862,Lansdowne Forgings Ltd,,Draft,LLC,66-4988758,902636648,USA,USD,Net 30,3-way,False,,ap@lansdownefor.com; lansdowne.forgings@lansdownefor.com,,High,2026-11-25,PLT-05 / PLT-12
V-100863,Elmswell Hydraulics Co,Elmswell Hydraulics,Draft,LLC,279139550,18-028-5012,MX,EUR,NET30,2-way,0,,elmswell.hydraulics@elmswellhyd.com,US-AP,1,10/02/2028,PLT-05
V-100864,Verwood Valves Inc,,Draft,Sole Proprietor,783174555,244461226,DE,,Net 90,3-way-direct,Y,HUBZone,verwood.valves@verwoodval.com,EU-AP,2,05/01/2028,PLT-04
V-100865,Ashworth Coatings Ltd,Ashworth Coatings,active,Corporation,190887015,355460990,US,USD,Net 45,2-way,FALSE,,ashworth.coatings@ashworthcoa.com,US-AP,1,2028-03-04,PLT-12
V-100866,Ashworth Castings Corp,,On Hold,Corporation,27-7528724,390283058,CA,USD,Net 30,3-way,,,ashworth.castings@ashworthcas.com,US-AP,Low,,PLT-02 / PLT-03
V-100867,Castleford Logistics Corp,Castleford Logistics,inactive,Corporation,862355797,719283787,US,EUR,Net 45,3-way,no,,castleford.logistics@castlefordlog.com,CA-AP,Tier 1,2027-12-14,PLT-07
V-100868,Grimsby Pneumatics S.A. de C.V.,Grimsby Pneumatics,A,,42-9263970,949240098,United States,CAD,NET30,2-way,N,,,US-AP,,11/22/2026,"PLT-04, PLT-01, PLT-08"
V-100869,Kettleby Bearings Inc.,,Active,Corporation,89-7430120,710371580,USA,USD,Due on receipt,3 way,0,,,US-AP,2,2027-03-21,PLT-08;PLT-10;PLT-04
V-100870,Denholm Lubricants LLC,Denholm Lubricants,On Hold,Limited Liability Company,328080472,417097493,MX,USD,Net 60,None,FALSE,,denholm.lubricants@denholmlub.com,US-AP,,03/07/2026,PLT-09
V-100871,Grimsby Valves Corp,,Pending,,451228158,549550384,CA,US Dollar,Immediate,3 way,T,VOSB,ap@grimsbyval.com; grimsby.valves@grimsbyval.com,US-AP,2,2026-02-06,PLT-10
V-100872,Brackenridge Gasket Inc.,Brackenridge Gasket,active,LLC,360857843,010886575,CA,USD,Net 30,none,YES,VOSB,brackenridge.gasket@brackenridgegas.com,,Tier 2,,PLT-12;PLT-01
V-100873,Pemberton Extrusions Ltd,Pemberton Extrusions,Active,LLC,506845523,47206291,US,USD,Net 60,2-way,Y,WBE,pemberton.extrusions@pembertonext.com,US-AP,3,2026-10-05,PLT-10
V-100874,Hollingworth Coatings Corp,Hollingworth Coatings,Active,Partnership,21-6103420,753658321,United States,USD,Net 45,3-way,False,,hollingworth.coatings@hollingworthcoa.com,UK-AP,Low,11/25/2028,"PLT-04, PLT-09, PLT-11, PLT-03"
V-100875,Wolverton Forgings Corp,Wolverton Forgings,On Hold,S-Corp,31-4813221,671112130,DE,US Dollar,,none,0,,wolverton.forgings@wolvertonfor.com,EU-AP,3,,"PLT-04, PLT-01"
V-100876,Saltburn Electrical Corp,,Active,S-Corp,18-0021829,209451646,Canada,USD,Net 30,None,N,,,EU-AP,,2026-02-10,"PLT-11, PLT-09"
V-100877,Yarborough Coatings Co,,A,Corporation,90-7719154,392109021,DE,GBP,,2 Way Match,1,MBE,yarborough.coatings@yarboroughcoa.com,UK-AP,1,12/06/2027,
V-100878,Jarrow Bearings Ltd.,Jarrow Bearings,active,Corporation,11-5459487,652162474,Canada,EUR,Net 60,2 Way Match,FALSE,,jarrow.bearings@jarrowbea.com,US-AP,Tier 2,2027-01-16,PLT-01;PLT-12;PLT-04
V-100879,Jarrow Tooling PLC,Jarrow Tooling,active,Sole Proprietor,66-1172737,388094385,Mexico,CAD,Due on receipt,2 Way Match,false,,jarrow.tooling@jarrowtoo.com,UK-AP,2,2028-02-25,"PLT-08, PLT-09"
V-100880,Elmswell Forgings Ltd,Elmswell Forgings,Active,LLC,48-4764871,09359460,US,USD,,None,Yes,VOSB,elmswell.forgings@elmswellfor.com,UK-AP,3,,"PLT-02, PLT-12"
V-100881,Grimsby Plating Inc,,Pending,LLC,812001376,,US,USD,Net 60,2-way,F,,grimsby.plating@grimsbypla.com,MX-AP,3,08/08/2028,PLT-09;PLT-05
V-100882,Culverton Extrusions PLC,,Active,,672688209,172584275,United States,USD,Net 30,None,YES,Minority Business Enterprise,culverton.extrusions@culvertonext.com,,1,2028-06-25,"PLT-12, PLT-01, PLT-02"
V-100883,Quarrington Tooling Co,,On Hold,,67-3190024,842718746,USA,USD,Net 90,3-way,FALSE,,quarrington.tooling@quarringtontoo.com,,3,03/20/2026,"PLT-11, PLT-05, PLT-08"
V-100884,Ullswater Foundry GmbH,Ullswater Foundry,draft,Corporation,45-2113811,,MX,MXN,N30,3-way,N,,ullswater.foundry@ullswaterfou.com,MX-AP,1,2027-09-04,PLT-12;PLT-03;PLT-11;PLT-08
V-100885,Ullswater Hydraulics Inc,Ullswater Hydraulics,active,Corporation,418728754,36680331,Canada,EUR,Net 15,3 Way Match,False,,ullswater.hydraulics@ullswaterhyd.com,US-AP,Medium,03/26/2027,PLT-06;PLT-01
V-100886,Farndale Seals LLC,Farndale Seals,A,Corporation,56-7852899,,U.S.,USD,Net30,Two-way,FALSE,,,US-AP,Tier 1,2026-07-04,PLT-04 / PLT-01
V-100887,Marchmont Forgings Inc.,,active,Corporation,228543554,140968730,USA,USD,Net30,,F,,marchmont.forgings@marchmontfor.com,,Tier 2,2027-02-14,
V-100888,Wolverton Hydraulics Corp,,active,LLC,43-7621197,962907047,Canada,,Net 60,none,No,,wolverton.hydraulics@wolvertonhyd.com,,,,PLT-01
V-100889,Oakhurst Plating Ltd.,,active,Corporation,329103219,120429229,,USD,Due on receipt,none,F,,oakhurst.plating@oakhurstpla.com,US-AP,Tier 1,2028-08-07,"PLT-01, PLT-08, PLT-07"
V-100890,Rushcliffe Fasteners S.A. de C.V.,Rushcliffe Fasteners,Pending,S-Corp,,996948353,US,CAD,Net 60,,F,,ap@rushcliffefas.com; rushcliffe.fasteners@rushcliffefas.com,US-AP,1,,"PLT-06, PLT-05"
V-100891,Castleford Springs Inc,Castleford Springs,A,S-Corp,876616385,163798082,USA,usd,Net 30,3 way,Y,WBE,,US-AP,1,2027-09-24,PLT-08
V-100892,Grimsby Valves Co,Grimsby Valves,active,Sole Proprietor,,,US,USD,Net 30,,No,,grimsby.valves@grimsbyval.com,US-AP,Tier 1,2028-06-06,PLT-05
V-100893,Lansdowne Weldments Ltd,Lansdowne Weldments,inactive,LLC,498762152,104915458,USA,MXN,Net 30,None,no,,lansdowne.weldments@lansdownewel.com,US-AP,High,2027-07-13,PLT-02;PLT-03
V-100894,Ingleby Abrasives S.A. de C.V.,Ingleby Abrasives,Active,LLC,619303448,764027952,Canada,USD,2/10 Net 30,3-way,0,,ingleby.abrasives@inglebyabr.com,US-AP,,12/04/2028,PLT-07;PLT-03;PLT-09
V-100895,Yarborough Springs Co,Yarborough Springs,active,S-Corp,67-3529278,162606571,Germany,USD,2/10 Net 30,none,FALSE,,yarborough.springs@yarboroughspr.com,US-AP,2,07/22/2027,PLT-04;PLT-12
V-100896,Fairweather Hydraulics Ltd.,,active,Sole Proprietor,05-2186761,477992801,US,USD,2/10 Net 30,3-way,no,,fairweather.hydraulics@fairweatherhyd.com,,Tier 3,03/13/2026,PLT-04;PLT-08;PLT-01;PLT-09
V-100897,Saltburn Coatings GmbH,Saltburn Coatings,active,LLC,84-3172792,362024404,US,Euro,Net 90,3-way,No,,saltburn.coatings@saltburncoa.com,US-AP,Low,2027-09-25,PLT-12
V-100898,Grimsby Castings Ltd.,Grimsby Castings,Active,Partnership,98-6639590,21612061,Germany,USD,Net 60,Two-way,False,,grimsby.castings@grimsbycas.com,US-AP,High,2027-02-08,PLT-07 / PLT-03 / PLT-04
V-100899,Verwood Logistics Corp,,A,,53-4203184,477096097,United Kingdom,usd,Net 45,3 way,No,,ap@verwoodlog.com; verwood.logistics@verwoodlog.com,EU-AP,3,07/19/2028,PLT-11 / PLT-04
V-100900,Alderman Seals Ltd.,Alderman Seals,active,LLC,793338568,276752923,DE,USD,Net 30,none,Y,WOSB,ap@aldermansea.com; alderman.seals@aldermansea.com,EU-AP,3,05/08/2028,
V-100901,Thirlmere Packaging GmbH,,active,,04-2577700,821286927,United Kingdom,USD,Net 60,none,F,,thirlmere.packaging@thirlmerepac.com,CA-AP,Low,2026-12-24,PLT-05
V-100902,Saltburn Logistics Co,Saltburn Logistics,inactive,,001230645,966058564,United States,MXN,NET30,none,FALSE,,saltburn.logistics@saltburnlog.com,CA-AP,1,2026-09-22,
V-100903,Oakhurst Lubricants Ltd,,active,Sole Prop,36-5589107,112200549,Mexico,USD,Net 30,3-way,No,,oakhurst.lubricants.oakhurstlub.com,CA-AP,3,2028-04-16,PLT-03 / PLT-01
V-100904,Hollingworth Seals S.A. de C.V.,Hollingworth Seals,Active,Partnership,715098911,076137220,DE,CAD,Net 30,3-way,N,,hollingworth.seals@hollingworthsea.com,EU-AP,Tier 2,2028-05-01,PLT-08;PLT-09;PLT-05
V-100905,Quarrington Bearings GmbH,,Inactive,Corporation,962410023,34-906-4634,,Euro,NET30,,no,,quarrington.bearings@quarringtonbea.com,MX-AP,Tier 2,2026-02-07,PLT-01
,Eastgate Abrasives Corp,Eastgate Abrasives,active,Non-Profit,191485866,252716921,United States,usd,Net 45,none,N,,eastgate.abrasives@eastgateabr.com,US-AP,Tier 3,06/09/2028,PLT-08;PLT-04
V-100907,Alderman Extrusions Inc.,,draft,S-Corp,04-7132701,438706234,US,USD,Net 45,2 Way Match,yes,MBE,alderman.extrusions@aldermanext.com,US-AP,3,2028-04-20,PLT-12;PLT-08
V-100908,Yarborough Machining Co,,draft,S-Corp,09-7191700,626819182,US,USD,Net 45,Two-way,,,ap@yarboroughmac.com; yarborough.machining@yarboroughmac.com,MX-AP,Tier 1,2028-12-13,PLT-01
V-100909,Brackenridge Castings Ltd,,active,LLC,83-5630542,471910524,MX,EUR,Due on receipt,2-way,N,,brackenridge.castings@brackenridgecas.com,US-AP,2,11/28/2028,PLT-10
V-100910,Quarrington Tooling Inc,Quarrington Tooling,Inactive,,67-7696634,587366237,GB,USD,Due on receipt,3-way,false,,quarrington.tooling@quarringtontoo.com,US-AP,1,2026-11-08,PLT-12;PLT-01;PLT-06;PLT-02
V-100911,Thirlmere Tooling S.A. de C.V.,,Pending,Corporation,705495787,,United Kingdom,USD,Net 30,none,false,,thirlmere.tooling.thirlmeretoo.com,US-AP,,02/14/2027,
V-100912,Farndale Extrusions Ltd,Farndale Extrusions,inactive,Sole Proprietor,30-4537783,,CA,EUR,30 days,2 way,TRUE,Woman-Owned Small Business,farndale.extrusions@farndaleext.com,,1,2027-06-16,PLT-09
V-100913,Ullswater Electrical Co,,active,Sole Proprietor,595711628,540512427,US,GBP,2/10 Net 30,,false,,ullswater.electrical@ullswaterele.com,US-AP,Medium,02/05/2027,PLT-07
V-100914,Jarrow Machining Co,Jarrow Machining,Active,LLC,94-5868257,,US,,Due on receipt,None,False,,jarrow.machining@jarrowmac.com,EU-AP,Tier 1,12/15/2028,PLT-01;PLT-10;PLT-02
V-100915,Draycott Calibration Ltd,Draycott Calibration,On Hold,Non-Profit,523217912,822501222,,Euro,Net 45,3-way,False,,draycott.calibration.draycottcal.com,,Tier 1,2027-10-19,"PLT-12, PLT-01"
V-100916,Verwood Forgings Inc.,,Active,,40-2331326,706963764,US,USD,Net 60,3-way,False,,verwood.forgings@verwoodfor.com,US-AP,3,2027-04-24,PLT-06;PLT-12;PLT-09;PLT-08
V-100917,Quarrington Bearings Ltd.,,Active,Corporation,58-7838807,310687667,CA,USD,Due on receipt,2-way,N,,quarrington.bearings@quarringtonbea.com,US-AP,Medium,2028-07-02,PLT-05;PLT-11
V-100918,Pemberton Forgings Ltd.,Pemberton Forgings,On Hold,Sole Proprietor,46-2932599,11-293-2474,USA,USD,Net 30,2-way,No,,pemberton.forgings@pembertonfor.com,US-AP,High,2026-12-24,"PLT-12, PLT-01"
V-100919,Wolverton Bearings Inc,Wolverton Bearings,active,,26-7085452,358243682,US,,Net 60,2-way,No,,wolverton.bearings@wolvertonbea.com,CA-AP,Tier 3,01/16/2028,PLT-04;PLT-01
V-100920,Saltburn Calibration PLC,,active,Non-Profit,28-7101847,,Mexico,EUR,Net30,2-way,No,,saltburn.calibration@saltburncal.com,MX-AP,2,2026-10-16,PLT-08;PLT-09
V-100921,Yarborough Seals PLC,Yarborough Seals,active,Corporation,15-0361828,02-582-5305,CA,CAD,Net 90,None,false,,yarborough.seals@yarboroughsea.com,US-AP,3,2027-01-17,
V-100922,Castleford Plating Corp,,,,,783534850,United States,Euro,Net30,None,,,castleford.plating@castlefordpla.com,US-AP,Tier 1,03/04/2026,PLT-02;PLT-05;PLT-01
V-100923,Brackenridge Plating LLC,,active,Partnership,83-5297551,325550541,CA,USD,Net 30,2-way,False,,brackenridge.plating@brackenridgepla.com,EU-AP,2,2027-10-11,PLT-07;PLT-11
V-100924,Castleford Logistics Inc.,Castleford Logistics,Active,LLC,43-0021048,208235506,USA,USD,Net 15,3-way,,,castleford.logistics@castlefordlog.com,US-AP,3,2027-08-10,
V-100925,Verwood Machining Inc.,Verwood Machining,Active,Partnership,56-8142621,937440020,Mexico,EUR,Net 15,none,true,HUBZone,ap@verwoodmac.com; verwood.machining@verwoodmac.com,US-AP,High,2028-07-12,PLT-07
V-100926,Eastgate Machining GmbH,,active,Sole Proprietor,20-9356531,,US,CAD,Net 60,,no,,eastgate.machining.eastgatemac.com,US-AP,3,2028-11-12,PLT-01
V-100927,Lansdowne Tooling S.A. de C.V.,Lansdowne Tooling,Active,Corporation,80-4112706,155952127,US,USD,N30,2-way,false,,lansdowne.tooling@lansdownetoo.com,CA-AP,Tier 2,,PLT-05;PLT-06
V-100928,Pemberton Foundry Inc.,Pemberton Foundry,On Hold,Sole Proprietor,299304731,948124532,Mexico,EUR,30 days,none,FALSE,,pemberton.foundry@pembertonfou.com,US-AP,Tier 2,2028-03-27,PLT-11;PLT-04;PLT-08;PLT-03
V-100929,Ashworth Logistics Corp,,Pending,LLC,365035472,515080879,GB,EUR,NET30,3-way,No,,ashworth.logistics@ashworthlog.com,US-AP,,2026-01-05,PLT-11
V-100930,Wolverton Abrasives GmbH,,,Corporation,17-2037478,540995398,Canada,USD,Net 30,,No,,,EU-AP,3,09/16/2028,PLT-01;PLT-08;PLT-03
V-100931,Farndale Gasket LLC,Farndale Gasket,ACTIVE,Partnership,06-1630314,685147361,US,MXN,Net 30,3-way-direct,F,,farndale.gasket@farndalegas.com,CA-AP,Medium,07/08/2028,PLT-11
V-100932,Saltburn Packaging Co,Saltburn Packaging,,Corporation,602856133,427310825,,MXN,Net 60,3-way,yes,WOSB,saltburn.packaging@saltburnpac.com,CA-AP,1,2026-03-13,"PLT-02, PLT-03"
,Kettleby Castings LLC,Kettleby Castings,Active,LLC,611445586,754952154,United Kingdom,USD,Net 60,3-way,FALSE,,kettleby.castings@kettlebycas.com,,,2026-06-24,"PLT-07, PLT-03"
V-100934,Jarrow Pneumatics PLC,Jarrow Pneumatics,active,Corporation,87-7831174,50902018,Germany,,Net 60,2-way,no,,jarrow.pneumatics.jarrowpne.com,US-AP,,2026-12-19,PLT-09
V-100935,Eastgate Bearings PLC,Eastgate Bearings,On Hold,LLC,,810719397,US,EUR,Net 15,3-way,1,SDVOSB,eastgate.bearings.eastgatebea.com,US-AP,1,08/12/2027,"PLT-06, PLT-10, PLT-03"
V-100936,Ballantyne Gasket Ltd,Ballantyne Gasket,active,Partnership,32-1545599,727367948,U.S.,MXN,NET30,3-way-direct,True,Woman-Owned Small Business,ap@ballantynegas.com; ballantyne.gasket@ballantynegas.com,US-AP,Medium,01/07/2027,PLT-09
V-100937,Brackenridge Forgings Inc,Brackenridge Forgings,A,Corporation,232616259,,MX,USD,NET30,3 way,no,,brackenridge.forgings@brackenridgefor.com,US-AP,,2027-05-24,PLT-10;PLT-12;PLT-02
V-100938,Pemberton Seals Co,Pemberton Seals,active,LLC,878235537,086351089,MX,,Net 30,3 Way Match,,,ap@pembertonsea.com; pemberton.seals@pembertonsea.com,,Tier 3,2028-07-08,"PLT-06, PLT-10"
V-100939,Quarrington Foundry Ltd.,Quarrington Foundry,,Sole Proprietor,28-9314883,316451947,United States,CAD,Net 30,3 way,True,VOSB,ap@quarringtonfou.com; quarrington.foundry@quarringtonfou.com,,2,11/16/2027,PLT-08;PLT-06;PLT-01
V-100940,Wolverton Logistics Inc.,,A,Corporation,595193114,,DE,USD,Net 30,none,0,,wolverton.logistics@wolvertonlog.com,CA-AP,2,04/08/2027,PLT-05
V-100941,Pemberton Extrusions S.A. de C.V.,Pemberton Extrusions,Active,Corporation,15-7905554,467706608,United States,USD,Due on receipt,,,,pemberton.extrusions@pembertonext.com,CA-AP,Tier 1,2027-10-17,PLT-07;PLT-11;PLT-02
V-100942,Oakhurst Machining Corp,Oakhurst Machining,active,S-Corp,00-0538650,618323694,United Kingdom,USD,Net 30,3-way,YES,DBE,ap@oakhurstmac.com; oakhurst.machining@oakhurstmac.com,UK-AP,High,01/15/2028,PLT-02
V-100943,Alderman Hydraulics LLC,Alderman Hydraulics,Pending,Limited Liability Company,23-2960631,772219193,Germany,US Dollar,NET30,,FALSE,,alderman.hydraulics@aldermanhyd.com,UK-AP,2,04/09/2027,PLT-02;PLT-07
V-100944,Grimsby Seals Corp,Grimsby Seals,Active,LLC,928534552,42-537-4206,US,USD,Net 30,,TRUE,VOSB,grimsby.seals@grimsbysea.com,,,09/25/2026,PLT-03
V-100945,Ballantyne Weldments LLC,,Active,Sole Proprietor,51-9821176,782726404,United Kingdom,USD,Net 30,3-way-direct,FALSE,,ballantyne.weldments@ballantynewel.com,EU-AP,2,2027-04-06,"PLT-07, PLT-11, PLT-04"
V-100946,Ballantyne Plating Ltd,Ballantyne Plating,draft,Partnership,842642417,829854825,GB,USD,NET30,3-way,false,,ballantyne.plating@ballantynepla.com,US-AP,,10/25/2026,PLT-05
V-100947,Oakhurst Tooling Co,,Draft,Non-Profit,543806706,284382880,DE,CAD,Net 30,3-way,No,,oakhurst.tooling@oakhursttoo.com,UK-AP,2,2028-10-22,PLT-01
V-100948,Jarrow Weldments Ltd.,Jarrow Weldments,Active,Partnership,819078311,684049332,,USD,Net 45,3-way,,HUBZone,jarrow.weldments@jarrowwel.com,CA-AP,1,2027-01-04,PLT-03
V-100949,Verwood Foundry LLC,Verwood Foundry,inactive,Partnership,57-5608151,388159686,GB,USD,Net 30,2-way,False,,verwood.foundry@verwoodfou.com,,,2026-05-14,PLT-12;PLT-10
V-100950,Jarrow Packaging GmbH,,active,Sole Proprietor,71-7241212,415614386,US,USD,Net 15,2-way,True,Woman-Owned Small Business,jarrow.packaging@jarrowpac.com,,1,2027-08-22,PLT-04;PLT-02
V-100951,Quarrington Fasteners GmbH,Quarrington Fasteners,active,S-Corp,00-0584128,328105613,US,USD,Net 30,3-way,no,,quarrington.fasteners@quarringtonfas.com,MX-AP,,2028-01-22,
V-100952,Culverton Electrical PLC,Culverton Electrical,active,Sole Proprietor,844992429,905898915,USA,EUR,NET30,3-way,false,,culverton.electrical@culvertonele.com,US-AP,3,2027-05-09,"PLT-05, PLT-08, PLT-09, PLT-11"
V-100953,Culverton Pneumatics Ltd,Culverton Pneumatics,active,Corporation,,957358587,DE,USD,NET30,3-way,No,,culverton.pneumatics@culvertonpne.com,UK-AP,Medium,,PLT-09
V-100954,Rushcliffe Packaging Ltd,Rushcliffe Packaging,Inactive,Corporation,89-9534760,362911784,United Kingdom,Euro,Net 60,2-way,False,,,,Low,2028-10-14,PLT-10
V-100955,Grimsby Extrusions Ltd.,Grimsby Extrusions,Pending,Corporation,37-4078821,892705997,United States,USD,Net 30,2-way,,,grimsby.extrusions@grimsbyext.com,,Medium,2028-12-08,PLT-05;PLT-01
V-100956,Verwood Fasteners Ltd,,inactive,Corporation,687508304,785389022,US,USD,Due on receipt,3-way,F,,verwood.fasteners@verwoodfas.com,MX-AP,Medium,2028-09-12,PLT-07;PLT-02;PLT-05;PLT-06
V-100957,Quarrington Springs S.A. de C.V.,Quarrington Springs,active,,685210705,812334901,DE,EUR,Net 60,3-way,Y,Woman-Owned Small Business,quarrington.springs@quarringtonspr.com,US-AP,2,2026-10-01,
V-100958,Verwood Electrical Inc.,Verwood Electrical,Inactive,Corporation,49-1165647,621682672,US,CAD,COD,3 Way Match,no,,,,1,2027-02-03,"PLT-02, PLT-09"
V-100959,Castleford Springs PLC,,Pending,,58-5784313,11-309-7542,US,EUR,Net 45,3-way,False,,castleford.springs@castlefordspr.com,US-AP,3,2027-07-26,"PLT-07, PLT-06, PLT-09, PLT-05"
V-100960,Netherfield Foundry Co,Netherfield Foundry,draft,LLC,,59461520,,EUR,Net 30,,1,Woman-Owned Small Business,netherfield.foundry@netherfieldfou.com,EU-AP,Low,2027-06-01,PLT-12;PLT-03
V-100961,Ashworth Bearings Corp,Ashworth Bearings,Active,LLC,274240243,374490516,,Euro,Net 30,None,false,,ashworth.bearings@ashworthbea.com,US-AP,2,2026-09-07,PLT-05
V-100962,Culverton Logistics GmbH,Culverton Logistics,Active,LLC,593479431,956416905,US,USD,Immediate,2-way,0,,culverton.logistics@culvertonlog.com,UK-AP,Tier 3,2027-03-25,PLT-12
V-100963,Culverton Abrasives PLC,Culverton Abrasives,ACTIVE,LLC,788138508,260148832,USA,MXN,Net 45,2-way,no,,culverton.abrasives@culvertonabr.com,EU-AP,Low,2027-11-26,PLT-12
V-100964,Thirlmere Calibration PLC,Thirlmere Calibration,ACTIVE,,52-2406916,34828436,DE,,Net 30,,No,,thirlmere.calibration@thirlmerecal.com,CA-AP,Medium,08/25/2026,"PLT-06, PLT-04"
V-100965,Kettleby Pneumatics GmbH,Kettleby Pneumatics,active,Corporation,986854062,87248541,US,USD,,2-way,false,,ap@kettlebypne.com; kettleby.pneumatics@kettlebypne.com,MX-AP,,07/14/2027,PLT-03;PLT-04
V-100966,Verwood Hydraulics Corp,,active,Sole Prop,477456505,366829998,DE,CAD,Due on receipt,3-way,False,,verwood.hydraulics@verwoodhyd.com,,3,01/17/2027,"PLT-07, PLT-06"
V-100967,Fairweather Plating Inc.,Fairweather Plating,ACTIVE,Corporation,,19286158,US,EUR,Net 30,2-way,FALSE,,fairweather.plating@fairweatherpla.com,UK-AP,Low,2026-09-17,PLT-07;PLT-11
V-100968,Grimsby Machining Ltd,Grimsby Machining,,,223548595,564942518,USA,usd,Due on receipt,none,No,HUBZone,grimsby.machining.grimsbymac.com,US-AP,High,,PLT-06;PLT-12
V-100969,Culverton Foundry LLC,,active,LLC,169495534,380364720,US,USD,2/10 Net 30,3-way,0,,culverton.foundry@culvertonfou.com,UK-AP,Tier 2,2027-10-12,PLT-03;PLT-02;PLT-12
V-100970,Grimsby Weldments Ltd.,,active,LLC,845870337,,US,GBP,Due on receipt,2 way,False,,ap@grimsbywel.com; grimsby.weldments@grimsbywel.com,,,2027-02-24,PLT-06;PLT-01
V-100971,Farndale Fasteners Inc,Farndale Fasteners,active,LLC,58-6738514,891313744,Mexico,,Net 15,3-way,Y,Minority Business Enterprise,farndale.fasteners@farndalefas.com,,2,2026-07-24,PLT-02;PLT-07;PLT-10
V-100972,Ullswater Valves Co,Ullswater Valves,Active,Corporation,97-0528900,837888641,United Kingdom,USD,2/10 Net 30,Three way direct,False,,ullswater.valves@ullswaterval.com,US-AP,Tier 1,2028-04-24,PLT-02;PLT-06
V-100973,Farndale Forgings PLC,Farndale Forgings,active,Sole Proprietor,15-7723184,452330800,GB,GBP,Net 15,2-way,0,,farndale.forgings@farndalefor.com,EU-AP,Low,10/14/2027,PLT-02 / PLT-07
V-100974,Eastgate Electrical PLC,Eastgate Electrical,active,Partnership,00-8381196,,United Kingdom,GBP,Net 30,2 way,No,,eastgate.electrical@eastgateele.com,,3,2028-05-08,"PLT-09, PLT-11, PLT-01, PLT-02"
V-100975,Alderman Calibration Ltd,,inactive,S-Corp,506435370,881293623,Deutschland,USD,Net 45,3 way,False,,alderman.calibration@aldermancal.com,UK-AP,1,07/26/2027,PLT-02
V-100976,Lansdowne Fabrication S.A. de C.V.,Lansdowne Fabrication,Active,LLC,621356181,47-213-9006,GB,US Dollar,,3-way-direct,F,,lansdowne.fabrication@lansdownefab.com,EU-AP,2,10/09/2028,PLT-06;PLT-03
V-100977,Draycott Machining Inc.,,active,Limited Liability Company,08-4837130,974663095,US,EUR,Net 90,,F,,draycott.machining@draycottmac.com,US-AP,,02/04/2026,
V-100978,Jarrow Seals Ltd,Jarrow Seals,Active,Corporation,25-7993760,,US,,,,no,,jarrow.seals@jarrowsea.com,CA-AP,3,2028-03-15,"PLT-01, PLT-09"
V-100979,Pemberton Springs GmbH,Pemberton Springs,Draft,Corporation,30-6943159,784673542,Deutschland,USD,Net 30,none,Yes,WOSB,pemberton.springs@pembertonspr.com,US-AP,2,,PLT-06;PLT-05;PLT-11;PLT-02
V-100980,Eastgate Valves Inc,,On Hold,LLC,,875170098,USA,USD,2/10 Net 30,none,true,VOSB,eastgate.valves@eastgateval.com,CA-AP,Low,12/25/2026,PLT-11
V-100981,Quarrington Lubricants Ltd.,Quarrington Lubricants,active,LLC,77-5925722,598067606,GB,USD,Net 30,3-way,0,,quarrington.lubricants@quarringtonlub.com,EU-AP,3,2026-07-11,PLT-06
V-100982,Draycott Calibration S.A. de C.V.,,active,LLC,69-9418760,384416991,MX,USD,Net 30,3-way,0,,draycott.calibration@draycottcal.com,,1,05/28/2028,PLT-11;PLT-04
V-100983,Verwood Forgings Ltd.,,A,Corporation,304733984,331862771,USA,USD,,3 way,Y,MBE,verwood.forgings@verwoodfor.com,US-AP,2,2027-01-07,
V-100984,Marchmont Pneumatics GmbH,Marchmont Pneumatics,active,,691087110,348221140,Mexico,GBP,Net 45,3-way,Y,VOSB,marchmont.pneumatics@marchmontpne.com,,Low,2028-02-08,PLT-05;PLT-04
V-100985,Lansdowne Gasket Corp,,active,LLC,272397190,19359576,USA,USD,N30,3-way,FALSE,,ap@lansdownegas.com; lansdowne.gasket@lansdownegas.com,CA-AP,,2027-08-01,PLT-09 / PLT-07
V-100986,Culverton Forgings PLC,Culverton Forgings,draft,S-Corp,431799692,846441776,US,USD,Net30,,false,,culverton.forgings@culvertonfor.com,US-AP,2,2028-08-24,PLT-10;PLT-07
V-100987,Marchmont Gasket S.A. de C.V.,,active,LLC,85-0855545,808741876,CA,usd,Net 45,2-way,0,,marchmont.gasket@marchmontgas.com,,2,2028-06-03,"PLT-04, PLT-05"
V-100988,Castleford Extrusions Ltd.,Castleford Extrusions,active,S-Corp,43-3170885,146590627,GB,EUR,2/10 Net 30,Two-way,No,,castleford.extrusions@castlefordext.com,US-AP,Tier 3,11/24/2027,PLT-10;PLT-09;PLT-07;PLT-08
V-100989,Denholm Coatings PLC,Denholm Coatings,A,Sole Proprietor,113389267,,USA,GBP,NET30,,No,,denholm.coatings@denholmcoa.com,US-AP,Tier 1,2027-06-19,PLT-03
V-100990,Quarrington Tooling GmbH,Quarrington Tooling,active,Partnership,19-4588727,962141773,USA,USD,30 days,2 way,no,,quarrington.tooling@quarringtontoo.com,US-AP,2,2027-12-24,PLT-01;PLT-07
V-100991,Pemberton Seals Inc.,,Active,S-Corp,00-6846937,938475802,USA,CAD,2/10 Net 30,3 way,YES,VOSB,pemberton.seals@pembertonsea.com,EU-AP,,2028-05-26,"PLT-04, PLT-05"
V-100992,Wolverton Fabrication Ltd.,Wolverton Fabrication,inactive,Corporation,07-0525197,457179778,US,,Net 30,2-way,no,,wolverton.fabrication@wolvertonfab.com,US-AP,2,05/03/2027,PLT-09
V-100993,Ashworth Gasket Co,Ashworth Gasket,active,S-Corp,64-9777252,712011963,DE,USD,Net 30,3-way,0,,ashworth.gasket.ashworthgas.com,MX-AP,Tier 1,,PLT-02
V-100994,Verwood Bearings Co,Verwood Bearings,,Partnership,591626939,839675721,GB,USD,COD,3-way,FALSE,,verwood.bearings@verwoodbea.com,,,2027-11-08,PLT-04
V-100995,Farndale Electrical GmbH,,Inactive,LLC,41-9199867,30-095-8001,US,,Net 45,3-way,false,,,,,2028-11-25,PLT-06;PLT-01;PLT-02
V-100996,Elmswell Bearings Inc,Elmswell Bearings,active,S-Corp,29-4477007,,GB,USD,Net 30,3 Way Match,,,elmswell.bearings@elmswellbea.com,EU-AP,,,PLT-12
V-100997,Netherfield Pneumatics Co,Netherfield Pneumatics,Pending,Corporation,60-8150857,333090217,United States,usd,Net 30,3-way,False,,netherfield.pneumatics@netherfieldpne.com,US-AP,1,,PLT-01;PLT-08;PLT-12
V-100998,Pemberton Packaging Co,Pemberton Packaging,ACTIVE,LLC,47-3513685,323295332,United Kingdom,,Net 60,none,0,,pemberton.packaging@pembertonpac.com,,,2028-09-18,PLT-01;PLT-09;PLT-05
V-100999,Brackenridge Electrical Ltd,,active,,12-8000479,737651090,US,USD,Net 30,2 Way Match,False,,brackenridge.electrical@brackenridgeele.com,US-AP,2,03/07/2028,"PLT-08, PLT-03"
,Castleford Abrasives Inc.,Castleford Abrasives,,Corporation,91-8952039,245485050,US,EUR,,2-way,no,SDVOSB,castleford.abrasives@castlefordabr.com,EU-AP,High,2027-02-13,PLT-12 / PLT-08 / PLT-03 / PLT-09
V-101001,Saltburn Springs Inc,Saltburn Springs,draft,,75-6492761,699254617,US,CAD,Net 30,Two-way,F,,saltburn.springs@saltburnspr.com,EU-AP,1,2027-12-02,PLT-01;PLT-06;PLT-05
V-101002,Pemberton Foundry GmbH,,A,LLC,79-7626409,200967711,US,USD,NET30,3 way,False,,pemberton.foundry@pembertonfou.com,US-AP,,2028-02-22,PLT-10;PLT-08;PLT-04
V-101003,Ashworth Machining GmbH,,Draft,Non-Profit,,00-846-9979,Mexico,GBP,Net30,2-way,true,SDVOSB,ashworth.machining@ashworthmac.com,US-AP,Tier 3,2028-02-24,PLT-03;PLT-06
V-101004,Verwood Pneumatics LLC,,Inactive,Corporation,11-9206134,609233793,US,USD,Net 30,none,YES,WOSB,verwood.pneumatics@verwoodpne.com,MX-AP,Medium,04/25/2027,PLT-04;PLT-06;PLT-01
V-101005,Thirlmere Foundry GmbH,,inactive,LLC,304556055,837607858,Canada,GBP,Net 90,,F,,thirlmere.foundry@thirlmerefou.com,CA-AP,2,02/11/2026,PLT-03
V-101006,Rushcliffe Tooling LLC,,active,LLC,54-9127998,553219405,United Kingdom,USD,Net 30,2 Way Match,FALSE,,rushcliffe.tooling@rushcliffetoo.com,US-AP,,2027-01-24,PLT-04
V-101007,Marchmont Pneumatics Inc,Marchmont Pneumatics,Active,Corporation,100356945,823000352,USA,GBP,NET30,None,No,,marchmont.pneumatics@marchmontpne.com,MX-AP,,,PLT-06;PLT-09
V-101008,Thirlmere Hydraulics Ltd,,active,LLC,972646644,491614193,Mexico,,Net 30,3-way-direct,FALSE,,thirlmere.hydraulics@thirlmerehyd.com,EU-AP,2,,
V-101009,Lansdowne Fasteners Ltd,Lansdowne Fasteners,Pending,Non-Profit,136878032,376076468,USA,Euro,Net 90,none,true,HUBZone,lansdowne.fasteners@lansdownefas.com,US-AP,Medium,05/17/2027,PLT-12
V-101010,Netherfield Fasteners S.A. de C.V.,Netherfield Fasteners,inactive,Corporation,994303571,57-608-4308,USA,MXN,Net 60,3-way,YES,WBE,netherfield.fasteners@netherfieldfas.com,,Tier 1,2028-01-27,"PLT-09, PLT-04, PLT-07"
V-101011,Thirlmere Tooling GmbH,Thirlmere Tooling,active,LLC,95-1677230,68989539,,,Net30,2-way,FALSE,,thirlmere.tooling.thirlmeretoo.com,US-AP,1,2028-12-11,PLT-02;PLT-07;PLT-05
V-101012,Eastgate Tooling Co,Eastgate Tooling,On Hold,Corporation,389072846,230587035,Germany,USD,Net 30,3-way,False,,eastgate.tooling@eastgatetoo.com,EU-AP,,2026-08-19,PLT-07 / PLT-11 / PLT-09
V-101013,Fairweather Forgings Ltd,,active,Corporation,,342580823,Mexico,USD,Net 30,2 way,F,,fairweather.forgings@fairweatherfor.com,US-AP,1,2028-09-12,PLT-04;PLT-03;PLT-01;PLT-08
V-101014,Farndale Bearings PLC,Farndale Bearings,active,Sole Prop,,599701628,,US Dollar,Immediate,2-way,Y,Woman-Owned Small Business,ap@farndalebea.com; farndale.bearings@farndalebea.com,US-AP,1,2027-05-09,"PLT-05, PLT-02"
V-101015,Ballantyne Lubricants LLC,,active,Corporation,529843064,603854157,Mexico,GBP,Net30,Three way direct,False,,ballantyne.lubricants@ballantynelub.com,US-AP,,2027-10-25,PLT-02
V-101016,Ballantyne Calibration GmbH,,Pending,Non-Profit,422506715,248986207,US,GBP,N30,2-way,N,,ballantyne.calibration@ballantynecal.com,US-AP,3,2026-06-12,PLT-09;PLT-05
V-101017,Pemberton Castings Inc,Pemberton Castings,draft,Corporation,407009683,897752528,DE,MXN,Net30,,False,,pemberton.castings@pembertoncas.com,US-AP,3,2027-06-14,PLT-04
V-101018,Eastgate Plating Ltd.,Eastgate Plating,Inactive,Corporation,,183577391,Mexico,GBP,Net 30,2 Way Match,no,,eastgate.plating@eastgatepla.com,CA-AP,3,2026-03-24,"PLT-04, PLT-08"
V-101019,Quarrington Springs GmbH,Quarrington Springs,A,LLC,60-3807608,22-688-3366,USA,USD,Net30,2 way,,,quarrington.springs@quarringtonspr.com,US-AP,2,01/13/2026,PLT-05
V-101020,Brackenridge Lubricants Inc.,,active,S-Corp,797267400,533566838,Germany,USD,Net 30,2 Way Match,no,,brackenridge.lubricants@brackenridgelub.com,MX-AP,1,02/06/2028,PLT-11
V-101021,Marchmont Fabrication Corp,Marchmont Fabrication,active,,690398301,991805132,MX,USD,Net 45,2-way,No,,marchmont.fabrication@marchmontfab.com,US-AP,2,2028-02-10,PLT-11
V-101022,Verwood Extrusions PLC,Verwood Extrusions,active,Partnership,68-7997234,464088165,Canada,,,3-way,F,,verwood.extrusions@verwoodext.com,US-AP,,2028-09-16,PLT-09
V-101023,Rushcliffe Coatings Co,Rushcliffe Coatings,active,Corporation,203329498,206471428,US,USD,Net 30,2 way,false,,rushcliffe.coatings@rushcliffecoa.com,UK-AP,2,2026-07-10,PLT-02
V-101024,Netherfield Machining Co,Netherfield Machining,Inactive,Corporation,126049422,597275205,USA,USD,Immediate,3 way,false,,netherfield.machining@netherfieldmac.com,MX-AP,Low,2027-02-23,"PLT-10, PLT-03, PLT-01"
V-101025,Brackenridge Tooling GmbH,,Inactive,Non-Profit,290976034,385994931,Germany,CAD,30 days,Two-way,FALSE,,brackenridge.tooling@brackenridgetoo.com,UK-AP,Medium,11/01/2027,PLT-05;PLT-06;PLT-08
V-101026,Kettleby Abrasives Ltd,Kettleby Abrasives,Draft,Limited Liability Company,89-5082037,353690508,US,Euro,Net 30,3-way,0,,kettleby.abrasives@kettlebyabr.com,EU-AP,Tier 1,08/24/2028,"PLT-09, PLT-07, PLT-02"
V-101027,Pemberton Springs PLC,Pemberton Springs,Active,Limited Liability Company,95-7088073,672332068,Germany,USD,Net 30,3-way,FALSE,,pemberton.springs@pembertonspr.com,,High,2027-06-26,"PLT-12, PLT-02, PLT-05"
V-101028,Fairweather Plating Inc,Fairweather Plating,active,Sole Proprietor,81-4470493,97-156-8685,US,CAD,Net 30,3 Way Match,0,,fairweather.plating@fairweatherpla.com,US-AP,3,04/11/2028,PLT-12 / PLT-05
V-101029,Thirlmere Bearings Inc,,draft,Corporation,501513888,637002122,MX,MXN,Net 30,3-way,,,thirlmere.bearings@thirlmerebea.com,EU-AP,Tier 1,2027-03-13,PLT-05;PLT-09
V-101030,Oakhurst Weldments Co,,active,S-Corp,935556346,799127724,US,EUR,Net 30,none,N,,,EU-AP,,2026-02-19,PLT-09;PLT-10
V-101031,Netherfield Springs Ltd,Netherfield Springs,draft,Corporation,920815256,732231679,US,CAD,Net 30,3-way-direct,Yes,MBE,netherfield.springs@netherfieldspr.com,,,2026-02-12,"PLT-04, PLT-09, PLT-03, PLT-07"
V-101032,Oakhurst Plating GmbH,,Active,Corporation,028030147,257504609,US,CAD,Net 30,2-way,no,,oakhurst.plating@oakhurstpla.com,US-AP,3,2028-01-26,"PLT-02, PLT-01, PLT-10, PLT-09"
V-101033,Eastgate Seals Inc,Eastgate Seals,inactive,Corporation,05-4910408,707813333,Canada,EUR,Net30,,False,,eastgate.seals@eastgatesea.com,UK-AP,,,PLT-01
V-101034,Elmswell Machining Inc.,Elmswell Machining,On Hold,,31-8904235,181908143,US,USD,Net 15,2-way,F,,ap@elmswellmac.com; elmswell.machining@elmswellmac.com,,,02/22/2026,PLT-06;PLT-05
V-101035,Brackenridge Calibration Inc.,,active,Sole Prop,35-2271184,488336783,United Kingdom,USD,Due on receipt,None,F,,brackenridge.calibration@brackenridgecal.com,UK-AP,,2026-03-04,PLT-08;PLT-03
V-101036,Fairweather Hydraulics Ltd.,Fairweather Hydraulics,active,Limited Liability Company,570681951,374984262,US,MXN,Net 30,none,TRUE,WBE,fairweather.hydraulics@fairweatherhyd.com,CA-AP,2,2026-12-12,PLT-12;PLT-10
V-101037,Marchmont Fabrication LLC,Marchmont Fabrication,I,S-Corp,10-1984130,04-709-5668,US,USD,Net 30,3 Way Match,YES,SDVOSB,,,2,,
V-101038,Alderman Castings LLC,,On Hold,Corporation,298133725,805379135,Canada,GBP,Net 45,3-way,no,,alderman.castings@aldermancas.com,US-AP,Tier 1,03/14/2027,
V-101039,Wolverton Logistics Inc.,Wolverton Logistics,Active,S-Corp,709760848,66-228-8046,United Kingdom,USD,Immediate,3-way,0,,wolverton.logistics@wolvertonlog.com,US-AP,2,,PLT-03
V-101040,Yarborough Castings LLC,Yarborough Castings,active,LLC,,785895910,CA,USD,2/10 Net 30,2 Way Match,N,,ap@yarboroughcas.com; yarborough.castings@yarboroughcas.com,US-AP,2,2026-05-13,PLT-06;PLT-09;PLT-10
V-101041,Castleford Logistics LLC,,active,Limited Liability Company,,288737608,Canada,,Net 45,3-way,0,,castleford.logistics@castlefordlog.com,US-AP,Tier 2,05/24/2028,PLT-09;PLT-01
V-101042,Marchmont Extrusions S.A. de C.V.,,inactive,Limited Liability Company,295185404,,Deutschland,USD,Net 60,3-way,False,,ap@marchmontext.com; marchmont.extrusions@marchmontext.com,US-AP,Medium,2026-02-02,PLT-05;PLT-02;PLT-10
V-101043,Oakhurst Bearings Corp,,active,Corporation,66-1896203,585482042,Mexico,Euro,Net 15,3-way,Y,Woman-Owned Small Business,oakhurst.bearings@oakhurstbea.com,US-AP,,2028-09-27,PLT-10 / PLT-12 / PLT-05 / PLT-04
V-101044,Rushcliffe Weldments Ltd,Rushcliffe Weldments,active,LLC,430461670,,MX,CAD,NET30,3-way,no,,rushcliffe.weldments@rushcliffewel.com,EU-AP,Tier 1,01/25/2028,PLT-09
V-101045,Hollingworth Plating PLC,Hollingworth Plating,ACTIVE,Partnership,73-3348490,965032346,US,USD,Net 30,3-way,FALSE,,hollingworth.plating@hollingworthpla.com,UK-AP,1,01/17/2026,PLT-03
V-101046,Wolverton Packaging GmbH,Wolverton Packaging,Active,,78-2652984,604354810,,CAD,Net 60,3 way,No,,wolverton.packaging@wolvertonpac.com,CA-AP,,2028-08-13,PLT-02;PLT-08
V-101047,Kettleby Electrical LLC,,active,Partnership,683398106,402698337,USA,EUR,Net 45,Three way direct,yes,HUBZone,kettleby.electrical@kettlebyele.com,,2,06/07/2028,PLT-06;PLT-02;PLT-10
V-101048,Grimsby Foundry GmbH,Grimsby Foundry,Active,Partnership,23-2836912,280519632,US,USD,Net 60,,true,MBE,grimsby.foundry@grimsbyfou.com,,High,2028-06-03,"PLT-08, PLT-03, PLT-10"
V-101049,Culverton Weldments Corp,Culverton Weldments,active,LLC,441874903,,United States,,Net 60,3-way,no,,culverton.weldments@culvertonwel.com,CA-AP,1,,PLT-08;PLT-09;PLT-04
V-101050,Quarrington Machining Inc.,,active,,57-3367837,182283273,Mexico,USD,Net 45,3-way,False,,quarrington.machining@quarringtonmac.com,MX-AP,1,2028-09-18,PLT-07;PLT-04;PLT-10
V-101051,Jarrow Springs Inc.,Jarrow Springs,active,Partnership,14-0395937,,Mexico,EUR,Net 30,2-way,FALSE,,,UK-AP,1,2027-05-15,PLT-01
V-101052,Rushcliffe Packaging Ltd,Rushcliffe Packaging,,,74-6676059,802673101,United States,USD,Net 30,2-way,no,,rushcliffe.packaging@rushcliffepac.com,EU-AP,Tier 2,2026-06-09,PLT-06
V-101053,Brackenridge Packaging S.A. de C.V.,Brackenridge Packaging,Pending,Corporation,29-3494308,853179761,Mexico,GBP,Net 30,2 way,F,,brackenridge.packaging@brackenridgepac.com,MX-AP,2,2028-05-05,"PLT-06, PLT-09, PLT-12"
V-101054,Farndale Bearings LLC,Farndale Bearings,Active,Partnership,193509368,703449698,CA,EUR,Net 15,3-way,0,,farndale.bearings@farndalebea.com,,3,2026-04-14,PLT-05
V-101055,Marchmont Extrusions Ltd,Marchmont Extrusions,active,,86-2023524,32012017,US,USD,Net 30,2-way,0,,marchmont.extrusions@marchmontext.com,UK-AP,2,11/22/2027,
V-101056,Grimsby Logistics Inc.,,active,Limited Liability Company,226808222,,US,GBP,Net 90,None,No,,grimsby.logistics.grimsbylog.com,MX-AP,2,2028-07-16,PLT-03
V-101057,Eastgate Fasteners GmbH,,Active,,75-8800485,656698277,United States,USD,2/10 Net 30,3-way-direct,F,,eastgate.fasteners@eastgatefas.com,,2,2026-05-28,PLT-09;PLT-06
V-101058,Eastgate Extrusions Corp,,Pending,LLC,44-1460755,622709546,GB,EUR,30 days,3-way-direct,0,,ap@eastgateext.com; eastgate.extrusions@eastgateext.com,,Low,07/20/2028,PLT-08;PLT-11
V-101059,Farndale Hydraulics Ltd,Farndale Hydraulics,active,Non-Profit,02-9083650,769369664,GB,GBP,Net 30,,False,,farndale.hydraulics@farndalehyd.com,US-AP,3,2026-08-01,PLT-08;PLT-01;PLT-09
V-101060,Elmswell Calibration PLC,Elmswell Calibration,inactive,Partnership,707395440,864224658,US,USD,Net 60,2 way,,Minority Business Enterprise,elmswell.calibration@elmswellcal.com,US-AP,2,2026-12-07,PLT-03
V-101061,Pemberton Gasket Corp,,inactive,LLC,17-4793118,781813219,,USD,Net 30,3-way,1,WOSB,ap@pembertongas.com; pemberton.gasket@pembertongas.com,UK-AP,High,,
V-101062,Castleford Logistics Ltd.,,active,LLC,89-3091305,816989908,Canada,USD,NET30,3 way,0,,castleford.logistics@castlefordlog.com,,2,,"PLT-03, PLT-12"
V-101063,Jarrow Machining Ltd.,Jarrow Machining,Draft,Sole Proprietor,085301682,555849191,Germany,USD,Net 45,3-way,,,jarrow.machining@jarrowmac.com,MX-AP,Tier 2,2027-09-11,PLT-04
V-101064,Ashworth Castings Co,Ashworth Castings,Active,Sole Proprietor,23-3335515,287626617,US,USD,Net 30,,no,,,US-AP,,,PLT-01;PLT-04;PLT-11
V-101065,Denholm Extrusions GmbH,Denholm Extrusions,ACTIVE,LLC,063825202,,US,USD,Net 30,3-way-direct,TRUE,MBE,denholm.extrusions@denholmext.com,MX-AP,Low,2027-08-05,PLT-10
V-101066,Wolverton Weldments Inc,,,,,502072514,Mexico,MXN,Net 15,,Y,Woman-Owned Small Business,wolverton.weldments@wolvertonwel.com,US-AP,Tier 1,2026-02-09,PLT-06;PLT-11
V-101067,Pemberton Logistics Co,,Active,Non-Profit,02-3872474,762078972,Deutschland,USD,,2 way,false,,pemberton.logistics@pembertonlog.com,UK-AP,Medium,2027-02-18,"PLT-06, PLT-08, PLT-12, PLT-05"
V-101068,Grimsby Abrasives PLC,Grimsby Abrasives,On Hold,LLC,517959265,18-964-5969,Germany,usd,Net 30,2 way,0,,grimsby.abrasives@grimsbyabr.com,US-AP,2,12/02/2027,PLT-07;PLT-02
V-101069,Grimsby Abrasives PLC,Grimsby Abrasives,Draft,Sole Proprietor,216082650,200469693,GB,EUR,Due on receipt,3 Way Match,no,,grimsby.abrasives@grimsbyabr.com,,,12/14/2028,PLT-07;PLT-04
V-101070,Thirlmere Foundry Corp,Thirlmere Foundry,draft,Sole Proprietor,427827021,667216392,Deutschland,USD,2/10 Net 30,2-way,F,,thirlmere.foundry@thirlmerefou.com,US-AP,Low,2028-07-28,PLT-06
V-101071,Thirlmere Weldments Ltd,Thirlmere Weldments,active,Corporation,53-3254407,922024200,US,,30 days,Two-way,1,Woman-Owned Small Business,thirlmere.weldments@thirlmerewel.com,CA-AP,,,PLT-03;PLT-10;PLT-06
V-101072,Castleford Fabrication PLC,Castleford Fabrication,ACTIVE,LLC,99-8289609,927632172,GB,USD,N30,,,,castleford.fabrication@castlefordfab.com,EU-AP,3,11/19/2027,PLT-06;PLT-03
V-101073,Grimsby Abrasives Corp,,A,S-Corp,30-0082248,489944788,GB,MXN,2/10 Net 30,,False,,ap@grimsbyabr.com; grimsby.abrasives@grimsbyabr.com,US-AP,Medium,2028-06-11,PLT-04;PLT-12
V-101074,Pemberton Fasteners Corp,Pemberton Fasteners,active,Corporation,53-5559121,,US,USD,Net 90,3 Way Match,false,,pemberton.fasteners@pembertonfas.com,MX-AP,2,12/15/2028,"PLT-03, PLT-09, PLT-06"
V-101075,Marchmont Fabrication PLC,Marchmont Fabrication,On Hold,Partnership,934583052,645895267,Mexico,,Net 15,3-way,0,,marchmont.fabrication@marchmontfab.com,EU-AP,1,2027-11-22,PLT-11;PLT-01
V-101076,Netherfield Extrusions Inc.,Netherfield Extrusions,active,Partnership,58-8251845,80053623,USA,,COD,none,0,,netherfield.extrusions@netherfieldext.com,CA-AP,Medium,2028-06-05,PLT-10;PLT-03;PLT-11;PLT-02
V-101077,Eastgate Forgings Co,Eastgate Forgings,ACTIVE,LLC,91-2310963,,United Kingdom,CAD,,2 Way Match,false,,eastgate.forgings@eastgatefor.com,US-AP,Low,2028-11-19,PLT-09;PLT-04
V-101078,Ballantyne Forgings PLC,,active,Sole Prop,49-1569805,394785511,CA,EUR,Net 15,Two-way,no,,ap@ballantynefor.com; ballantyne.forgings@ballantynefor.com,US-AP,1,2028-07-24,PLT-12;PLT-10;PLT-11
V-101079,Rushcliffe Fabrication Ltd.,,active,Limited Liability Company,399837604,98940215,,GBP,Net30,3-way,yes,Woman-Owned Small Business,,,2,2027-07-24,
V-101080,Yarborough Coatings GmbH,Yarborough Coatings,ACTIVE,,53-0504260,64566324,Germany,CAD,Net 45,2-way,No,,,EU-AP,,,"PLT-01, PLT-10, PLT-11"
V-101081,Quarrington Foundry LLC,,active,S-Corp,93-2418808,535452080,United Kingdom,USD,,3 Way Match,0,,quarrington.foundry@quarringtonfou.com,MX-AP,1,10/13/2026,PLT-11;PLT-07
V-101082,Castleford Fasteners Corp,Castleford Fasteners,Draft,,23-3520229,995536593,US,USD,Net 60,2-way,N,,castleford.fasteners@castlefordfas.com,US-AP,,2028-05-21,PLT-09
V-101083,Alderman Packaging Ltd,,A,S-Corp,32-7340049,115969136,USA,CAD,,none,Yes,Minority Business Enterprise,ap@aldermanpac.com; alderman.packaging@aldermanpac.com,US-AP,,,PLT-11
V-101084,Kettleby Foundry Corp,Kettleby Foundry,active,LLC,96-1815461,54-046-7654,US,USD,Immediate,2-way,0,,ap@kettlebyfou.com; kettleby.foundry@kettlebyfou.com,CA-AP,1,2026-01-08,
,Rushcliffe Plating PLC,Rushcliffe Plating,draft,LLC,77-8094023,533832458,MX,USD,COD,3-way,F,,,MX-AP,1,2028-10-23,PLT-04 / PLT-12
V-101086,Pemberton Electrical PLC,,inactive,LLC,,974610600,USA,GBP,COD,2 way,0,,pemberton.electrical@pembertonele.com,MX-AP,1,,PLT-09
V-101087,Denholm Electrical Ltd,Denholm Electrical,active,LLC,30-6480279,608751526,DE,USD,Net 30,2-way,True,Woman-Owned Small Business,denholm.electrical@denholmele.com,EU-AP,3,2028-12-25,"PLT-05, PLT-12"
V-101088,Alderman Pneumatics Co,Alderman Pneumatics,,Corporation,20-1760018,354847333,US,USD,Net 30,3 Way Match,F,,alderman.pneumatics@aldermanpne.com,,Low,2027-07-17,PLT-04
V-101089,Yarborough Machining LLC,Yarborough Machining,I,Non-Profit,778625304,50739937,CA,USD,COD,2 Way Match,Y,Minority Business Enterprise,yarborough.machining@yarboroughmac.com,US-AP,2,,PLT-05;PLT-04
V-101090,Oakhurst Fabrication Ltd.,Oakhurst Fabrication,I,Partnership,88-1957546,255892303,CA,USD,N30,3 Way Match,FALSE,,oakhurst.fabrication@oakhurstfab.com,EU-AP,2,2026-12-03,PLT-03;PLT-02
V-101091,Quarrington Valves Co,Quarrington Valves,I,Corporation,870634603,406241492,DE,EUR,Net 60,2-way,true,VOSB,quarrington.valves.quarringtonval.com,US-AP,High,,
V-101092,Castleford Electrical Ltd.,Castleford Electrical,On Hold,Partnership,16-8239879,,USA,USD,Net 60,3-way,N,,castleford.electrical@castlefordele.com,UK-AP,2,,PLT-09;PLT-02;PLT-10
V-101093,Alderman Valves LLC,Alderman Valves,Inactive,Sole Proprietor,,57750998,Germany,GBP,Due on receipt,3-way-direct,0,,alderman.valves@aldermanval.com,EU-AP,3,2027-09-16,PLT-01;PLT-06;PLT-05
V-101094,Fairweather Tooling PLC,,active,LLC,10-4097478,101625677,MX,CAD,Net 30,3-way,False,,fairweather.tooling@fairweathertoo.com,US-AP,Medium,2026-06-05,PLT-08;PLT-02
V-101095,Quarrington Fasteners LLC,Quarrington Fasteners,Active,Partnership,03-8003348,,DE,MXN,Net 30,2-way,N,,,US-AP,2,2028-10-06,PLT-06;PLT-10;PLT-04
V-101096,Ullswater Machining S.A. de C.V.,Ullswater Machining,active,S-Corp,850475515,670927906,Germany,EUR,Net 30,,No,,ullswater.machining@ullswatermac.com,MX-AP,1,2028-02-28,PLT-03;PLT-04
V-101097,Brackenridge Extrusions LLC,Brackenridge Extrusions,Active,Corporation,19-8306545,20044515,US,Euro,Net 30,2-way,N,,brackenridge.extrusions@brackenridgeext.com,US-AP,2,,"PLT-11, PLT-01"
V-101098,Yarborough Machining Ltd,Yarborough Machining,inactive,Corporation,,886558148,USA,USD,Net 30,3-way,0,,yarborough.machining@yarboroughmac.com,US-AP,,07/28/2026,PLT-08;PLT-04;PLT-11
V-101099,Grimsby Abrasives GmbH,,inactive,LLC,46-1506337,21866513,US,GBP,Net 15,3-way,,WBE,grimsby.abrasives@grimsbyabr.com,UK-AP,Low,09/22/2026,PLT-07 / PLT-08 / PLT-03 / PLT-09
V-101100,Draycott Castings GmbH,,active,LLC,602358945,669547396,Germany,USD,Net 45,2-way,0,,draycott.castings@draycottcas.com,EU-AP,,04/28/2026,PLT-01
V-101101,Ballantyne Springs Ltd.,Ballantyne Springs,ACTIVE,LLC,79-6467111,240988713,MX,USD,Net 30,3 Way Match,F,,ballantyne.springs@ballantynespr.com,US-AP,,06/17/2026,PLT-10
V-101102,Farndale Weldments Corp,Farndale Weldments,Pending,Corporation,88-0014020,,Deutschland,USD,Net30,3-way,false,,ap@farndalewel.com; farndale.weldments@farndalewel.com,CA-AP,,2027-10-28,PLT-05
V-101103,Netherfield Tooling Co,,Active,LLC,110019390,798268376,CA,GBP,Net 45,3-way-direct,N,,netherfield.tooling@netherfieldtoo.com,CA-AP,3,11/11/2026,PLT-02
V-101104,Marchmont Plating Ltd.,,,Sole Prop,,,United States,Euro,Due on receipt,2-way,0,,marchmont.plating@marchmontpla.com,MX-AP,3,01/12/2028,PLT-12
V-101105,Netherfield Tooling Ltd.,,A,Sole Proprietor,49-0698311,887885461,United Kingdom,USD,Net 30,none,yes,WBE,netherfield.tooling@netherfieldtoo.com,EU-AP,Tier 1,04/21/2028,PLT-05
V-101106,Rushcliffe Valves Ltd.,Rushcliffe Valves,Active,Sole Proprietor,97-2806087,356619824,Deutschland,USD,Net 30,3-way,N,,rushcliffe.valves@rushcliffeval.com,US-AP,Medium,03/20/2026,"PLT-03, PLT-02, PLT-09"
V-101107,Lansdowne Tooling Ltd.,Lansdowne Tooling,Pending,S-Corp,18-0620433,,Germany,usd,Net 45,3 way,No,,ap@lansdownetoo.com; lansdowne.tooling@lansdownetoo.com,EU-AP,3,2028-09-20,PLT-06;PLT-09;PLT-10
V-101108,Verwood Castings Corp,Verwood Castings,active,Non-Profit,,515415863,DE,US Dollar,Net 60,3-way-direct,F,,,UK-AP,Tier 2,08/07/2028,"PLT-03, PLT-11"
V-101109,Elmswell Valves Corp,,Inactive,Partnership,,025412502,U.S.,USD,Net 45,none,False,,elmswell.valves@elmswellval.com,US-AP,Tier 1,2026-09-02,PLT-09
V-101110,Netherfield Lubricants PLC,,active,Corporation,94-3279151,152629841,Germany,USD,Net 90,2-way,No,,netherfield.lubricants@netherfieldlub.com,,1,2026-03-05,PLT-06;PLT-01
V-101111,Farndale Tooling S.A. de C.V.,Farndale Tooling,Pending,Corporation,28-4028490,441743736,US,GBP,2/10 Net 30,3-way,N,,farndale.tooling@farndaletoo.com,MX-AP,3,2028-12-08,PLT-08;PLT-04;PLT-10;PLT-01
V-101112,Yarborough Gasket GmbH,,I,S-Corp,35-5523358,67236252,MX,USD,Net 30,2 way,N,,yarborough.gasket@yarboroughgas.com,EU-AP,Tier 2,05/14/2027,PLT-08;PLT-10;PLT-07
V-101113,Verwood Castings Inc,Verwood Castings,active,Non-Profit,800588031,515351756,Canada,USD,COD,3 way,F,,verwood.castings@verwoodcas.com,EU-AP,High,2028-03-25,PLT-09 / PLT-06 / PLT-07
V-101114,Draycott Castings Ltd,Draycott Castings,Active,Sole Proprietor,92-0250996,373793736,US,GBP,Net 30,Three way direct,False,,draycott.castings@draycottcas.com,MX-AP,3,05/11/2026,PLT-12
V-101115,Ashworth Fabrication Ltd.,Ashworth Fabrication,draft,Non-Profit,589918253,604456053,US,usd,NET30,2 way,FALSE,,ashworth.fabrication@ashworthfab.com,US-AP,3,2027-01-25,
V-101116,Thirlmere Gasket S.A. de C.V.,Thirlmere Gasket,active,Sole Prop,311508844,585117129,Germany,US Dollar,,Three way direct,false,,thirlmere.gasket@thirlmeregas.com,,1,2028-11-06,"PLT-07, PLT-04"
V-101117,Culverton Packaging PLC,Culverton Packaging,inactive,S-Corp,53-9015244,709206244,Mexico,GBP,Net 30,,F,,culverton.packaging@culvertonpac.com,US-AP,3,,"PLT-01, PLT-12, PLT-05"
V-101118,Verwood Electrical Ltd,,active,LLC,291541666,156128678,U.S.,CAD,Net 60,3-way,no,,,UK-AP,3,,
V-101119,Culverton Castings Ltd,,On Hold,Corporation,210730892,361547730,Canada,EUR,,2-way,No,,ap@culvertoncas.com; culverton.castings@culvertoncas.com,US-AP,2,2026-05-16,PLT-03
V-101120,Alderman Abrasives S.A. de C.V.,Alderman Abrasives,A,LLC,07-4522189,59013219,Mexico,usd,,2-way,False,,alderman.abrasives@aldermanabr.com,CA-AP,Medium,2026-02-09,PLT-03;PLT-12
V-101121,Lansdowne Lubricants Ltd.,Lansdowne Lubricants,Active,Sole Prop,,84-741-8117,Germany,EUR,Net 30,none,T,DBE,lansdowne.lubricants@lansdownelub.com,,Low,2027-12-09,PLT-10
V-101122,Verwood Tooling Corp,Verwood Tooling,Pending,Corporation,500184670,201284543,US,GBP,,3-way,1,MBE,ap@verwoodtoo.com; verwood.tooling@verwoodtoo.com,US-AP,2,04/02/2026,
V-101123,Pemberton Fasteners GmbH,Pemberton Fasteners,Active,Sole Proprietor,879707331,74-845-9898,USA,MXN,Net 30,2-way,N,,pemberton.fasteners@pembertonfas.com,US-AP,3,2026-06-13,PLT-04;PLT-10
V-101124,Hollingworth Foundry GmbH,,A,Corporation,63-7822931,174637046,GB,USD,Net30,none,False,,hollingworth.foundry@hollingworthfou.com,US-AP,,2027-07-28,PLT-11
V-101125,Lansdowne Springs LLC,Lansdowne Springs,Draft,Partnership,07-4564027,713928656,US,EUR,Net 45,3-way,False,,,CA-AP,3,2027-02-05,"PLT-04, PLT-01, PLT-11"
V-101126,Castleford Packaging S.A. de C.V.,,Draft,Corporation,338397026,,US,EUR,Net 30,2-way,N,,castleford.packaging@castlefordpac.com,US-AP,1,2026-10-10,PLT-06
V-101127,Thirlmere Lubricants GmbH,Thirlmere Lubricants,A,Partnership,77-6922769,41262547,Canada,GBP,Net 30,Two-way,No,,thirlmere.lubricants@thirlmerelub.com,CA-AP,Tier 1,2027-10-19,PLT-11;PLT-04
V-101128,Castleford Forgings Inc,Castleford Forgings,inactive,Partnership,003403704,473568233,United Kingdom,USD,Net 30,3-way,0,,ap@castlefordfor.com; castleford.forgings@castlefordfor.com,US-AP,Tier 1,2028-06-04,PLT-09;PLT-06
V-101129,Grimsby Logistics Co,,active,Non-Profit,578711435,,GB,CAD,Net30,Two-way,F,,ap@grimsbylog.com; grimsby.logistics@grimsbylog.com,US-AP,Medium,2028-07-21,"PLT-01, PLT-07"
V-101130,Lansdowne Weldments Inc.,Lansdowne Weldments,inactive,Corporation,684262122,640904737,US,USD,Net 30,2-way,N,,lansdowne.weldments@lansdownewel.com,US-AP,2,,PLT-11;PLT-01;PLT-09
V-101131,Oakhurst Extrusions Ltd,,active,LLC,18-6550722,946448180,US,USD,2/10 Net 30,,No,,oakhurst.extrusions@oakhurstext.com,US-AP,,12/23/2026,PLT-03;PLT-05
V-101132,Lansdowne Weldments Ltd.,Lansdowne Weldments,Active,Sole Proprietor,03-0425428,178206824,United States,USD,Net 90,3-way,false,,ap@lansdownewel.com; lansdowne.weldments@lansdownewel.com,UK-AP,Tier 2,2027-08-05,PLT-12;PLT-06
V-101133,Marchmont Machining Ltd,Marchmont Machining,active,S-Corp,069053433,985935462,United States,USD,Net 30,2-way,No,,marchmont.machining@marchmontmac.com,US-AP,2,,PLT-10;PLT-09
V-101134,Alderman Seals Ltd,Alderman Seals,draft,Corporation,727696829,118356189,,USD,NET30,none,Y,VOSB,alderman.seals@aldermansea.com,MX-AP,Tier 1,,PLT-01;PLT-02
V-101135,Lansdowne Logistics Inc,Lansdowne Logistics,Pending,LLC,95-0441577,708736014,US,USD,Net 45,2-way,False,,lansdowne.logistics@lansdownelog.com,US-AP,1,12/16/2027,PLT-12
V-101136,Wolverton Lubricants S.A. de C.V.,Wolverton Lubricants,Inactive,S-Corp,423539414,,MX,USD,N30,2-way,no,,,US-AP,2,2026-06-28,PLT-04
V-101137,Wolverton Extrusions PLC,Wolverton Extrusions,active,Corporation,61-0158144,728329272,DE,USD,Net 60,2-way,FALSE,,wolverton.extrusions@wolvertonext.com,CA-AP,Medium,07/08/2026,PLT-03;PLT-05
V-101138,Ballantyne Valves Inc.,Ballantyne Valves,Active,Corporation,,108058704,USA,USD,Net 60,none,FALSE,,ballantyne.valves@ballantyneval.com,UK-AP,Tier 2,2026-01-08,PLT-11
V-101139,Eastgate Calibration Inc.,,draft,LLC,005195483,519270758,,CAD,NET30,2-way,,,eastgate.calibration@eastgatecal.com,,Low,12/27/2026,PLT-10;PLT-04;PLT-07;PLT-08
V-101140,Rushcliffe Fasteners GmbH,,active,Corporation,306830668,70599829,US,GBP,Net 60,3-way-direct,false,,rushcliffe.fasteners@rushcliffefas.com,CA-AP,3,2028-02-11,PLT-10;PLT-02;PLT-11
V-101141,Ashworth Lubricants Co,Ashworth Lubricants,ACTIVE,Corporation,52-1357429,368023769,USA,USD,Net 60,2 way,,,ashworth.lubricants@ashworthlub.com,UK-AP,Tier 3,2027-08-08,"PLT-09, PLT-07, PLT-08"
V-101142,Quarrington Forgings GmbH,,,Corporation,49-3712551,505259674,US,GBP,Net 45,none,False,,quarrington.forgings@quarringtonfor.com,US-AP,Tier 2,,PLT-07;PLT-01
V-101143,Ashworth Fasteners Corp,,Inactive,Partnership,201695601,543632475,Canada,USD,Net 45,,0,,ashworth.fasteners@ashworthfas.com,MX-AP,,,PLT-07;PLT-09;PLT-05
V-101144,Ingleby Logistics Co,Ingleby Logistics,A,LLC,20-3687941,694261305,US,USD,N30,,FALSE,,ingleby.logistics@inglebylog.com,US-AP,2,2028-06-01,"PLT-05, PLT-10, PLT-02"
V-101145,Draycott Fabrication Inc.,,Active,LLC,37-0499344,,United States,usd,NET30,2-way,no,,draycott.fabrication@draycottfab.com,MX-AP,Tier 2,2026-04-26,PLT-10
V-101146,Grimsby Plating Inc.,Grimsby Plating,,,860979468,881177690,CA,USD,Net 30,2-way,No,,grimsby.plating@grimsbypla.com,US-AP,Tier 2,10/04/2027,PLT-04
V-101147,Lansdowne Machining Co,Lansdowne Machining,active,Partnership,228065988,816336892,US,CAD,Net 30,3 way,true,WOSB,lansdowne.machining@lansdownemac.com,MX-AP,,11/28/2026,PLT-06;PLT-03;PLT-11
V-101148,Yarborough Seals Co,Yarborough Seals,Active,LLC,56-5383470,12668828,CA,MXN,COD,2-way,no,,yarborough.seals@yarboroughsea.com,US-AP,3,2028-10-20,PLT-04;PLT-09;PLT-01
V-101149,Lansdowne Tooling Co,,active,Corporation,980735453,618227637,US,MXN,Net 60,3-way,0,,lansdowne.tooling@lansdownetoo.com,CA-AP,1,2026-12-18,"PLT-04, PLT-11"
V-101150,Netherfield Lubricants LLC,Netherfield Lubricants,inactive,,63-8190085,501773341,United States,USD,Net 45,2 way,Yes,WOSB,netherfield.lubricants@netherfieldlub.com,US-AP,Tier 3,02/11/2026,PLT-12
V-101151,Lansdowne Castings Ltd.,Lansdowne Castings,Active,LLC,91-0577069,,CA,USD,Net 15,,0,,lansdowne.castings@lansdownecas.com,US-AP,2,2028-01-13,PLT-08;PLT-09;PLT-07;PLT-06
V-101152,Brackenridge Gasket Co,Brackenridge Gasket,,Corporation,152147960,799211176,,USD,2/10 Net 30,2-way,False,,ap@brackenridgegas.com; brackenridge.gasket@brackenridgegas.com,US-AP,Tier 3,2028-12-01,
V-101153,Netherfield Machining LLC,Netherfield Machining,draft,Partnership,,569429334,US,USD,COD,none,0,,netherfield.machining@netherfieldmac.com,EU-AP,2,04/07/2026,PLT-01
V-101154,Kettleby Electrical Corp,,Active,LLC,38-2097752,605899184,United Kingdom,EUR,Net 60,None,False,,kettleby.electrical.kettlebyele.com,US-AP,2,2028-10-21,PLT-03;PLT-12;PLT-07
V-101155,Grimsby Forgings S.A. de C.V.,Grimsby Forgings,active,S-Corp,30-1688114,681734934,Deutschland,US Dollar,30 days,2-way,no,,grimsby.forgings@grimsbyfor.com,EU-AP,2,2027-06-13,PLT-05;PLT-04;PLT-12
V-101156,Denholm Pneumatics GmbH,Denholm Pneumatics,active,,52-9718680,449476619,US,USD,Net 45,none,true,Woman-Owned Small Business,denholm.pneumatics@denholmpne.com,EU-AP,2,2027-12-17,"PLT-05, PLT-02"
V-101157,Pemberton Pneumatics Inc.,Pemberton Pneumatics,inactive,Corporation,53-3129787,301837740,United States,USD,Net 90,3-way,FALSE,,pemberton.pneumatics@pembertonpne.com,,2,08/17/2028,PLT-09;PLT-12;PLT-01
V-101158,Netherfield Weldments PLC,Netherfield Weldments,inactive,,,728978583,CA,usd,Net 30,none,N,,netherfield.weldments@netherfieldwel.com,,Low,2027-10-27,PLT-08;PLT-04;PLT-06;PLT-03
V-101159,Elmswell Foundry PLC,Elmswell Foundry,Pending,LLC,68-7585740,111106126,USA,Euro,Net 60,3-way,TRUE,DBE,elmswell.foundry@elmswellfou.com,,,2028-12-26,PLT-11 / PLT-02 / PLT-01
V-101160,Yarborough Valves Corp,Yarborough Valves,ACTIVE,Corporation,342321452,520244245,,MXN,Net 45,none,no,,yarborough.valves@yarboroughval.com,US-AP,2,,PLT-06;PLT-12;PLT-01;PLT-03
V-101161,Yarborough Castings S.A. de C.V.,,inactive,S-Corp,512970378,560135440,United Kingdom,GBP,30 days,Three way direct,F,,yarborough.castings@yarboroughcas.com,,Tier 2,11/27/2027,"PLT-12, PLT-08"
V-101162,Jarrow Seals Ltd,Jarrow Seals,Inactive,Sole Proprietor,98-7052007,,US,usd,Net 30,2 way,No,,ap@jarrowsea.com; jarrow.seals@jarrowsea.com,US-AP,1,05/26/2026,PLT-11 / PLT-12 / PLT-07
V-101163,Jarrow Pneumatics S.A. de C.V.,,Inactive,S-Corp,94-8583865,210496411,US,USD,Net30,Two-way,Y,Woman-Owned Small Business,jarrow.pneumatics@jarrowpne.com,EU-AP,1,2028-04-07,PLT-12
V-101164,Elmswell Forgings Corp,,active,LLC,29-2421234,387193393,MX,USD,Net 15,3 way,No,,elmswell.forgings@elmswellfor.com,US-AP,2,2026-05-22,PLT-09
V-101165,Eastgate Foundry Inc.,Eastgate Foundry,inactive,Corporation,32-2699482,607329465,United Kingdom,MXN,NET30,3-way,T,HUBZone,eastgate.foundry@eastgatefou.com,US-AP,Low,2027-09-19,PLT-06;PLT-04
V-101166,Hollingworth Gasket Corp,Hollingworth Gasket,Pending,Corporation,61-7834639,626551348,USA,USD,Net 30,3 way,F,,hollingworth.gasket@hollingworthgas.com,US-AP,Medium,2026-11-15,PLT-11
V-101167,Denholm Logistics LLC,Denholm Logistics,active,,582008618,265118494,US,USD,Net 45,3-way,False,,denholm.logistics@denholmlog.com,UK-AP,High,2026-09-24,PLT-07;PLT-09
V-101168,Culverton Weldments Inc,,ACTIVE,LLC,10-1366580,218742285,USA,MXN,Net 30,2-way,False,,culverton.weldments@culvertonwel.com,US-AP,1,01/19/2027,"PLT-06, PLT-09, PLT-04"
V-101169,Marchmont Lubricants LLC,,active,,38-1697215,258925199,United States,,Net30,None,false,,marchmont.lubricants@marchmontlub.com,,1,,PLT-10
V-101170,Brackenridge Electrical Ltd,Brackenridge Electrical,Active,Sole Prop,32-0739731,417719652,GB,EUR,,3-way,1,Minority Business Enterprise,brackenridge.electrical@brackenridgeele.com,US-AP,,2027-10-10,PLT-08
V-101171,Ingleby Hydraulics LLC,Ingleby Hydraulics,active,Corporation,019436468,837195387,CA,USD,,none,F,,ingleby.hydraulics@inglebyhyd.com,US-AP,Tier 1,,"PLT-11, PLT-05"
V-101172,Draycott Hydraulics GmbH,Draycott Hydraulics,On Hold,,450498938,507131319,US,USD,2/10 Net 30,3-way,F,,draycott.hydraulics@draycotthyd.com,US-AP,1,2026-06-04,PLT-06;PLT-10
V-101173,Oakhurst Coatings Inc,,Draft,S-Corp,45-2763271,985050960,United Kingdom,USD,Net30,3-way,TRUE,VOSB,oakhurst.coatings@oakhurstcoa.com,CA-AP,,07/25/2027,PLT-06;PLT-10
V-101174,Ingleby Fabrication PLC,Ingleby Fabrication,inactive,Corporation,21-6971936,874264522,US,GBP,Net 45,2-way,No,,ingleby.fabrication@inglebyfab.com,US-AP,,,PLT-11;PLT-12
V-101175,Rushcliffe Logistics Inc.,Rushcliffe Logistics,Active,Partnership,,251568572,United States,EUR,Net 45,3-way,TRUE,MBE,rushcliffe.logistics@rushcliffelog.com,,High,2026-01-13,PLT-02
V-101176,Pemberton Lubricants Ltd.,Pemberton Lubricants,active,Corporation,585414731,179479030,US,USD,Net 90,3-way,No,,pemberton.lubricants@pembertonlub.com,EU-AP,Tier 1,,PLT-03;PLT-04;PLT-01
V-101177,Verwood Packaging Ltd.,Verwood Packaging,On Hold,Sole Prop,17-7537946,474933751,United States,EUR,Net 30,None,False,,verwood.packaging@verwoodpac.com,US-AP,1,2027-08-21,"PLT-06, PLT-11, PLT-04, PLT-03"
V-101178,Jarrow Fasteners Inc.,,ACTIVE,LLC,07-2551341,,USA,GBP,,3-way,F,,jarrow.fasteners.jarrowfas.com,CA-AP,Tier 2,2027-01-08,PLT-02
V-101179,Draycott Fabrication Inc.,,active,Limited Liability Company,90-6352087,851208491,,Euro,Immediate,none,0,,draycott.fabrication@draycottfab.com,US-AP,1,,PLT-01;PLT-08;PLT-05;PLT-06
V-101180,Ashworth Lubricants Co,Ashworth Lubricants,active,,912387577,474217163,,EUR,Net 60,3-way,N,,ashworth.lubricants@ashworthlub.com,MX-AP,Medium,2028-01-25,PLT-09
V-101181,Fairweather Valves Ltd.,Fairweather Valves,Active,Corporation,98-2589091,243920695,USA,USD,Net 30,3-way,no,,ap@fairweatherval.com; fairweather.valves@fairweatherval.com,MX-AP,2,12/24/2027,PLT-03
V-101182,Ballantyne Fabrication S.A. de C.V.,Ballantyne Fabrication,On Hold,Sole Proprietor,618079203,285162002,US,EUR,N30,2 Way Match,FALSE,,ballantyne.fabrication@ballantynefab.com,US-AP,High,2026-05-19,PLT-07
V-101183,Thirlmere Extrusions PLC,Thirlmere Extrusions,Pending,Sole Proprietor,556720398,97076147,Germany,MXN,Net 90,2 way,,,thirlmere.extrusions@thirlmereext.com,EU-AP,Medium,2027-01-17,PLT-06
V-101184,Eastgate Gasket Inc.,,Active,Non-Profit,893077754,416556734,GB,,Net 30,,no,,ap@eastgategas.com; eastgate.gasket@eastgategas.com,EU-AP,3,2028-12-03,
V-101185,Castleford Calibration GmbH,Castleford Calibration,active,Corporation,50-1203185,803171788,DE,USD,Due on receipt,2-way,TRUE,Woman-Owned Small Business,castleford.calibration@castlefordcal.com,US-AP,Low,2027-01-07,PLT-01;PLT-08;PLT-12
V-101186,Draycott Fabrication Inc.,,Active,Sole Proprietor,,316383806,Deutschland,USD,N30,,No,,draycott.fabrication@draycottfab.com,,2,2027-04-21,PLT-09
V-101187,Saltburn Electrical LLC,Saltburn Electrical,inactive,Sole Proprietor,86-7603157,360097181,Mexico,USD,NET30,none,no,,saltburn.electrical@saltburnele.com,US-AP,2,2027-09-18,PLT-11;PLT-01;PLT-08;PLT-04
V-101188,Rushcliffe Foundry Inc,Rushcliffe Foundry,Active,Corporation,,479233830,United Kingdom,GBP,Net 30,None,no,,rushcliffe.foundry@rushcliffefou.com,EU-AP,,,PLT-09
V-101189,Jarrow Valves Ltd.,Jarrow Valves,On Hold,LLC,524504425,605897804,,USD,Net 45,,Yes,HUBZone,jarrow.valves@jarrowval.com,CA-AP,,,PLT-12;PLT-04
V-101190,Ballantyne Lubricants Ltd,Ballantyne Lubricants,active,S-Corp,86-6041618,209984384,CA,EUR,30 days,3-way,no,,ballantyne.lubricants@ballantynelub.com,EU-AP,Medium,2026-11-01,"PLT-07, PLT-09, PLT-12"
V-101191,Verwood Gasket PLC,,A,,22-5300754,644304982,USA,USD,NET30,Two-way,0,,ap@verwoodgas.com; verwood.gasket@verwoodgas.com,US-AP,1,2027-12-14,"PLT-12, PLT-09"
V-101192,Farndale Tooling Inc.,Farndale Tooling,inactive,S-Corp,06-8125720,095672543,CA,USD,Net 30,Three way direct,No,,farndale.tooling.farndaletoo.com,,Tier 3,2027-06-23,PLT-05
V-101193,Verwood Seals S.A. de C.V.,,Pending,Non-Profit,556179137,255199901,DE,GBP,Net 90,3 Way Match,,HUBZone,verwood.seals@verwoodsea.com,CA-AP,,2026-06-10,PLT-10
V-101194,Castleford Forgings GmbH,,active,Non-Profit,,,US,GBP,30 days,,yes,MBE,castleford.forgings@castlefordfor.com,UK-AP,1,2026-04-27,"PLT-11, PLT-06"
V-101195,Elmswell Seals Inc.,Elmswell Seals,draft,S-Corp,48-1032068,352640791,CA,USD,Net 30,Three way direct,N,,elmswell.seals@elmswellsea.com,EU-AP,1,,
V-101196,Netherfield Extrusions Ltd.,Netherfield Extrusions,Pending,Corporation,71-8797849,462741904,Germany,US Dollar,COD,3 way,No,,netherfield.extrusions@netherfieldext.com,US-AP,Low,2027-08-06,PLT-02
V-101197,Netherfield Bearings PLC,Netherfield Bearings,inactive,Sole Proprietor,264980122,445291492,US,USD,Net 30,3-way,No,,netherfield.bearings@netherfieldbea.com,,Medium,2028-03-25,PLT-12;PLT-11;PLT-06;PLT-04
V-101198,Thirlmere Abrasives LLC,Thirlmere Abrasives,Active,LLC,76-7398895,572480262,Germany,USD,Net 60,3-way,False,,thirlmere.abrasives@thirlmereabr.com,,1,2027-12-02,PLT-01
V-101199,Quarrington Packaging S.A. de C.V.,Quarrington Packaging,Pending,LLC,956722169,157701051,USA,EUR,Net 60,Two-way,yes,HUBZone,quarrington.packaging@quarringtonpac.com,US-AP,Low,2026-02-10,PLT-04 / PLT-02 / PLT-11 / PLT-09
V-101200,Pemberton Pneumatics Co,Pemberton Pneumatics,Active,,48-3521205,,DE,MXN,Net 60,3-way,false,,,US-AP,Low,2027-06-20,PLT-12;PLT-06
V-101201,Hollingworth Tooling LLC,Hollingworth Tooling,draft,Corporation,045809840,176381077,US,US Dollar,Immediate,Two-way,no,,hollingworth.tooling@hollingworthtoo.com,US-AP,Medium,2028-07-08,"PLT-01, PLT-10, PLT-04"
V-101202,Netherfield Lubricants Co,Netherfield Lubricants,draft,Partnership,45-1473309,915890029,Germany,USD,Net 90,3 way,false,,netherfield.lubricants@netherfieldlub.com,UK-AP,2,2026-10-27,PLT-10;PLT-01;PLT-03
V-101203,Castleford Coatings Co,Castleford Coatings,,LLC,03-5865796,181468776,USA,US Dollar,30 days,3-way,False,,castleford.coatings@castlefordcoa.com,EU-AP,2,2027-11-03,PLT-09;PLT-01;PLT-06
V-101204,Castleford Valves Ltd,Castleford Valves,Active,Partnership,03-5456400,680414097,United States,MXN,Net 45,2 way,false,,ap@castlefordval.com; castleford.valves@castlefordval.com,US-AP,2,2026-09-22,PLT-05 / PLT-01
V-101205,Yarborough Abrasives Inc.,Yarborough Abrasives,active,Corporation,55-3470154,673441872,USA,EUR,COD,2-way,0,,,EU-AP,3,2027-04-16,PLT-08;PLT-01;PLT-06
V-101206,Oakhurst Valves Ltd,,ACTIVE,S-Corp,32-5126594,184735186,MX,USD,Due on receipt,2-way,N,,,US-AP,1,2026-01-05,PLT-05;PLT-04;PLT-02
V-101207,Lansdowne Castings PLC,Lansdowne Castings,active,,35-6777817,942182948,Germany,USD,Net 30,2-way,TRUE,MBE,lansdowne.castings@lansdownecas.com,US-AP,2,2027-05-11,PLT-11
V-101208,Marchmont Packaging LLC,Marchmont Packaging,active,Corporation,167570212,885881795,US,USD,Due on receipt,3 way,N,,marchmont.packaging@marchmontpac.com,EU-AP,Low,09/24/2027,
V-101209,Thirlmere Machining LLC,,Active,Corporation,94-5004382,,Canada,EUR,Net 30,3-way,false,,thirlmere.machining@thirlmeremac.com,UK-AP,Medium,2026-10-01,PLT-08;PLT-05;PLT-09
V-101210,Castleford Hydraulics Ltd.,,active,Corporation,10-4694298,232547538,GB,USD,Net 45,Three way direct,no,,,US-AP,2,2026-12-19,
V-101211,Hollingworth Seals Co,Hollingworth Seals,active,LLC,549027759,827802827,USA,EUR,2/10 Net 30,None,No,,hollingworth.seals.hollingworthsea.com,UK-AP,2,2027-02-21,
V-101212,Ballantyne Hydraulics Co,Ballantyne Hydraulics,Active,LLC,,607407635,United States,EUR,Net 30,Two-way,true,WOSB,ballantyne.hydraulics@ballantynehyd.com,EU-AP,2,2026-07-24,PLT-03;PLT-04
V-101213,Grimsby Castings S.A. de C.V.,Grimsby Castings,active,LLC,45-0654004,314107645,US,USD,Net30,,N,,grimsby.castings@grimsbycas.com,US-AP,3,09/06/2026,PLT-03;PLT-05
V-101214,Thirlmere Gasket Ltd.,Thirlmere Gasket,Draft,Partnership,637320140,,US,USD,Net 30,None,Y,SDVOSB,thirlmere.gasket@thirlmeregas.com,UK-AP,2,,PLT-12
V-101215,Culverton Calibration GmbH,,Active,Corporation,76-6106268,654505158,United States,EUR,NET30,2 way,False,,culverton.calibration@culvertoncal.com,US-AP,Low,02/02/2027,PLT-08;PLT-05;PLT-06;PLT-12
V-101216,Ullswater Lubricants Co,Ullswater Lubricants,Pending,Corporation,208018004,158177151,United States,USD,,,Yes,SDVOSB,ullswater.lubricants@ullswaterlub.com,,1,2027-08-04,PLT-02;PLT-01
V-101217,Hollingworth Electrical Ltd.,,active,Corporation,68-3740839,276337582,Germany,US Dollar,Net 30,3-way,false,,hollingworth.electrical@hollingworthele.com,US-AP,1,2028-02-21,"PLT-04, PLT-03"
V-102228,Fairweather Fasteners PLC,,,S-Corp,685189549,295102405,USA,usd,2/10 Net 30,2-way,N,,fairweather.fasteners.fairweatherfas.com,,2,2027-11-06,PLT-01;PLT-08
V-101219,Quarrington Coatings PLC,,active,Corporation,30-5467744,527699634,CA,CAD,NET30,3 way,False,,,US-AP,Medium,2026-11-15,PLT-12
V-101220,Netherfield Extrusions Co,,Active,Sole Proprietor,662450728,380959591,US,EUR,Net 30,Three way direct,1,WOSB,netherfield.extrusions@netherfieldext.com,UK-AP,2,,
V-101221,Ballantyne Lubricants Inc.,,Active,,258032862,632456505,Canada,EUR,Net 30,None,False,,ballantyne.lubricants@ballantynelub.com,US-AP,,2027-02-11,
V-101222,Lansdowne Castings PLC,,inactive,Non-Profit,23-8084055,331839898,Deutschland,US Dollar,Net 15,3 Way Match,FALSE,,ap@lansdownecas.com; lansdowne.castings@lansdownecas.com,US-AP,Tier 3,02/24/2027,PLT-12;PLT-11;PLT-01
V-101223,Rushcliffe Forgings Corp,,Active,,60-7256615,065167939,MX,US Dollar,Immediate,,no,,ap@rushcliffefor.com; rushcliffe.forgings@rushcliffefor.com,US-AP,Tier 3,,PLT-12
V-101224,Verwood Coatings Corp,Verwood Coatings,active,,85-8349197,769563349,US,USD,Net30,2-way,0,,verwood.coatings@verwoodcoa.com,UK-AP,,2026-10-06,PLT-02
V-101225,Lansdowne Weldments LLC,,Pending,,14-8997138,084100151,US,USD,,3 way,F,,ap@lansdownewel.com; lansdowne.weldments@lansdownewel.com,,1,03/23/2027,"PLT-02, PLT-05"
V-101226,Fairweather Forgings Inc.,Fairweather Forgings,inactive,Corporation,24-5523542,569907586,Canada,CAD,N30,None,FALSE,,fairweather.forgings@fairweatherfor.com,UK-AP,Medium,2027-10-25,PLT-04;PLT-03;PLT-01
V-101227,Oakhurst Foundry Corp,,active,S-Corp,02-3054075,754271901,US,USD,Net 30,2-way,FALSE,,oakhurst.foundry@oakhurstfou.com,,2,12/24/2028,"PLT-03, PLT-10"
V-101228,Marchmont Hydraulics Corp,Marchmont Hydraulics,A,Corporation,,,US,USD,,none,no,,marchmont.hydraulics@marchmonthyd.com,,Tier 1,2026-02-07,
V-101229,Castleford Weldments Inc.,,active,,,397682714,United States,CAD,2/10 Net 30,3 way,N,,castleford.weldments@castlefordwel.com,US-AP,2,2028-12-22,"PLT-05, PLT-08"
V-101230,Quarrington Coatings GmbH,,A,Corporation,,99877988,Mexico,CAD,Net 30,3-way,No,,quarrington.coatings@quarringtoncoa.com,US-AP,Tier 3,2028-06-08,PLT-08;PLT-06
V-101231,Brackenridge Packaging GmbH,Brackenridge Packaging,active,S-Corp,917370218,977153666,United States,USD,Net 45,3-way,No,,brackenridge.packaging@brackenridgepac.com,US-AP,Tier 3,,PLT-11;PLT-02;PLT-01
V-101232,Alderman Castings PLC,Alderman Castings,Pending,LLC,479714738,815458366,,USD,Net 60,3-way,0,,alderman.castings@aldermancas.com,EU-AP,Low,2027-05-15,PLT-10
V-101233,Hollingworth Abrasives Inc.,Hollingworth Abrasives,inactive,Corporation,149370695,374491358,US,usd,Net 45,none,No,,hollingworth.abrasives@hollingworthabr.com,,1,,
V-101234,Wolverton Extrusions Co,,Draft,Partnership,82-5737939,620269939,US,USD,Net 60,2-way,FALSE,,ap@wolvertonext.com; wolverton.extrusions@wolvertonext.com,,3,2026-03-10,PLT-07;PLT-09;PLT-01
V-101235,Draycott Fabrication Ltd,,inactive,Corporation,37-6103274,,USA,USD,Net 60,2-way,0,,draycott.fabrication@draycottfab.com,EU-AP,3,2028-10-14,PLT-04
V-101236,Kettleby Foundry LLC,Kettleby Foundry,active,LLC,,535614964,US,GBP,Net 30,None,0,WOSB,kettleby.foundry@kettlebyfou.com,US-AP,Tier 1,,
V-101237,Quarrington Weldments Co,Quarrington Weldments,Inactive,LLC,48-0140637,103839659,United Kingdom,USD,,3-way,True,Minority Business Enterprise,quarrington.weldments@quarringtonwel.com,US-AP,1,,PLT-11;PLT-05;PLT-04
V-101238,Draycott Packaging Inc.,Draycott Packaging,active,Corporation,37-9636931,66-525-6928,United Kingdom,MXN,Net 30,None,false,,draycott.packaging@draycottpac.com,,2,2026-09-06,"PLT-09, PLT-07"
V-101239,Netherfield Lubricants GmbH,Netherfield Lubricants,active,Corporation,15-9975527,584821815,Canada,EUR,Net 45,3 way,No,,netherfield.lubricants@netherfieldlub.com,US-AP,2,2026-02-02,PLT-05;PLT-06
V-101240,Fairweather Tooling Ltd,,active,Partnership,09-5741075,109512091,MX,Euro,Net 30,2-way,no,,fairweather.tooling@fairweathertoo.com,,Low,2026-03-26,"PLT-08, PLT-02"
V-101241,Draycott Abrasives Corp,,Active,Corporation,16-2934750,670679154,US,GBP,Net 60,2 way,False,,draycott.abrasives@draycottabr.com,EU-AP,Medium,10/23/2026,PLT-04
V-101242,Farndale Seals GmbH,,active,LLC,58-1498682,594591134,CA,MXN,2/10 Net 30,3 Way Match,TRUE,DBE,ap@farndalesea.com; farndale.seals@farndalesea.com,CA-AP,Low,,
V-101243,Wolverton Bearings Ltd.,Wolverton Bearings,active,S-Corp,924537004,874839186,DE,USD,Net 60,Two-way,false,,wolverton.bearings@wolvertonbea.com,US-AP,Low,01/15/2026,PLT-09;PLT-06
V-101244,Netherfield Calibration Corp,,Active,Corporation,985898335,80222712,GB,USD,Net 30,3-way,F,,netherfield.calibration@netherfieldcal.com,US-AP,2,2026-02-08,"PLT-01, PLT-06"
V-101245,Oakhurst Tooling GmbH,Oakhurst Tooling,inactive,LLC,60-1529910,42325474,US,USD,NET30,3-way,false,,oakhurst.tooling@oakhursttoo.com,US-AP,,2028-01-12,PLT-07;PLT-12
V-101246,Ingleby Plating Co,Ingleby Plating,ACTIVE,Corporation,534220586,825162128,USA,USD,30 days,2-way,True,SDVOSB,ingleby.plating@inglebypla.com,EU-AP,2,2026-07-18,
V-101247,Draycott Electrical Corp,,Active,,08-8498604,415345301,US,USD,N30,2-way,No,,draycott.electrical@draycottele.com,US-AP,,2027-07-08,PLT-07;PLT-08;PLT-03
V-101248,Alderman Fasteners Ltd,,inactive,LLC,888297535,447875053,US,USD,Net 60,2-way,no,,alderman.fasteners@aldermanfas.com,CA-AP,High,05/24/2028,
V-101249,Ballantyne Tooling S.A. de C.V.,,Active,,818236688,168792134,Deutschland,MXN,30 days,None,F,,ballantyne.tooling@ballantynetoo.com,US-AP,,02/23/2027,"PLT-07, PLT-04"
V-101250,Ingleby Fasteners Corp,,active,LLC,28-4092335,488124646,United Kingdom,USD,,2-way,yes,Woman-Owned Small Business,ingleby.fasteners@inglebyfas.com,,Tier 2,2027-09-22,
V-101251,Quarrington Abrasives S.A. de C.V.,Quarrington Abrasives,A,Corporation,15-4283213,283329339,Germany,CAD,Net 90,2 Way Match,yes,WBE,quarrington.abrasives@quarringtonabr.com,US-AP,Low,2026-02-23,PLT-04
V-101252,Eastgate Pneumatics Corp,,Pending,Corporation,56-0794155,152002354,US,US Dollar,Net 30,2 way,0,,eastgate.pneumatics@eastgatepne.com,US-AP,Low,2028-08-04,PLT-05
V-101253,Wolverton Springs S.A. de C.V.,,inactive,Corporation,04-9101636,119142330,US,USD,Net 60,,1,Minority Business Enterprise,wolverton.springs@wolvertonspr.com,CA-AP,2,07/23/2028,PLT-02;PLT-08;PLT-12
V-101254,Ingleby Gasket S.A. de C.V.,,Inactive,S-Corp,32-5894346,387584931,USA,USD,COD,3-way,FALSE,,ingleby.gasket@inglebygas.com,US-AP,2,2026-10-04,"PLT-10, PLT-11"
V-101255,Hollingworth Packaging Inc,Hollingworth Packaging,active,Sole Proprietor,59-1252876,808328148,USA,GBP,Net 30,2 way,no,,hollingworth.packaging@hollingworthpac.com,EU-AP,Tier 1,2028-07-21,PLT-07;PLT-12
V-101256,Ullswater Castings Inc.,,Pending,Limited Liability Company,,423547277,CA,USD,Net 45,2-way,N,,ap@ullswatercas.com; ullswater.castings@ullswatercas.com,MX-AP,Medium,10/07/2027,
V-101257,Elmswell Calibration Corp,Elmswell Calibration,Active,Corporation,216722798,75-460-8562,MX,USD,Due on receipt,2 way,N,,elmswell.calibration@elmswellcal.com,US-AP,3,2028-07-24,
V-101258,Draycott Calibration Ltd.,,active,S-Corp,482834450,,USA,USD,Immediate,2-way,F,,draycott.calibration@draycottcal.com,UK-AP,2,11/28/2026,PLT-08
V-101259,Ullswater Electrical Inc,Ullswater Electrical,Active,Corporation,02-8249968,39-215-2679,GB,USD,NET30,3-way,True,WOSB,ullswater.electrical@ullswaterele.com,US-AP,Low,2026-09-02,"PLT-03, PLT-09"
V-101260,Netherfield Seals Corp,Netherfield Seals,inactive,Corporation,88-9165881,,USA,CAD,,2-way,0,,netherfield.seals@netherfieldsea.com,MX-AP,,2026-03-21,PLT-05
V-101261,Wolverton Tooling Corp,,active,S-Corp,116122918,358544113,USA,usd,Net 30,2-way,FALSE,,wolverton.tooling@wolvertontoo.com,,Tier 1,07/03/2026,PLT-11;PLT-10
V-101262,Marchmont Seals S.A. de C.V.,,active,LLC,31-7517416,748958367,Deutschland,USD,Net 30,3-way-direct,false,,marchmont.seals@marchmontsea.com,US-AP,2,2026-04-24,PLT-05
V-101263,Jarrow Coatings LLC,Jarrow Coatings,Pending,Corporation,20-5488932,838168788,GB,USD,N30,3-way,False,,jarrow.coatings@jarrowcoa.com,EU-AP,2,2028-04-24,"PLT-06, PLT-08"
V-101264,Netherfield Hydraulics PLC,Netherfield Hydraulics,inactive,Corporation,11-2343052,36936395,,USD,COD,Three way direct,false,,netherfield.hydraulics@netherfieldhyd.com,US-AP,2,2027-12-24,PLT-08
V-101265,Ullswater Calibration PLC,Ullswater Calibration,A,LLC,28-1832478,995360817,MX,US Dollar,Net 30,3-way,yes,DBE,ullswater.calibration@ullswatercal.com,CA-AP,Tier 3,2026-03-09,PLT-06 / PLT-10
V-101266,Marchmont Extrusions Inc,Marchmont Extrusions,Draft,Corporation,45-9831283,185208406,United Kingdom,MXN,COD,3-way,False,,marchmont.extrusions@marchmontext.com,MX-AP,3,2028-10-21,PLT-06;PLT-10;PLT-01
V-101267,Quarrington Calibration GmbH,,Pending,LLC,371431985,778128073,Mexico,USD,Net 90,3-way,F,,quarrington.calibration@quarringtoncal.com,US-AP,2,2027-05-05,PLT-06
V-101268,Ullswater Plating Corp,,A,Corporation,96-2501505,34-308-1587,US,US Dollar,Net30,3-way,True,MBE,ullswater.plating@ullswaterpla.com,EU-AP,High,2026-11-19,PLT-07
V-101269,Verwood Tooling Ltd.,Verwood Tooling,Active,Non-Profit,522991696,757958338,US,GBP,Net30,3-way,False,,verwood.tooling@verwoodtoo.com,,1,07/02/2027,PLT-08;PLT-02
V-101270,Kettleby Forgings PLC,,active,Limited Liability Company,,604519787,US,USD,Due on receipt,2 Way Match,,,kettleby.forgings@kettlebyfor.com,US-AP,2,,PLT-10
V-101271,Fairweather Logistics GmbH,Fairweather Logistics,,LLC,12-2706868,123058755,CA,USD,Net 15,3-way,0,,,EU-AP,3,2026-12-18,PLT-06
V-101272,Marchmont Springs Corp,Marchmont Springs,Active,LLC,567883535,410513984,Mexico,,NET30,3-way-direct,no,,marchmont.springs@marchmontspr.com,US-AP,2,,
V-101273,Ballantyne Foundry Inc.,,Pending,LLC,713971186,72898472,MX,USD,Net 60,2 way,false,,ballantyne.foundry@ballantynefou.com,US-AP,Medium,01/08/2026,PLT-09 / PLT-11
V-101274,Quarrington Electrical Co,Quarrington Electrical,,Corporation,97-0656331,253156554,United States,USD,Net 45,3-way,,,quarrington.electrical@quarringtonele.com,US-AP,Tier 1,2028-09-15,PLT-01;PLT-09;PLT-03
V-101275,Ashworth Forgings PLC,Ashworth Forgings,On Hold,,940883579,888696064,Germany,usd,2/10 Net 30,2 way,false,,ashworth.forgings@ashworthfor.com,UK-AP,Low,06/26/2028,PLT-06
V-101276,Verwood Machining Inc.,Verwood Machining,active,LLC,920069452,695536221,Canada,usd,30 days,3-way,T,Woman-Owned Small Business,verwood.machining@verwoodmac.com,CA-AP,Tier 2,2027-10-09,"PLT-12, PLT-02"
V-101277,Oakhurst Bearings GmbH,Oakhurst Bearings,active,Corporation,16-3340744,853995838,United States,,NET30,3-way,no,,oakhurst.bearings@oakhurstbea.com,US-AP,High,,PLT-01
V-101278,Eastgate Bearings S.A. de C.V.,Eastgate Bearings,active,Non-Profit,938617086,482719013,USA,USD,Immediate,3 way,yes,HUBZone,eastgate.bearings@eastgatebea.com,US-AP,3,,PLT-12;PLT-07;PLT-11
V-101279,Yarborough Abrasives GmbH,Yarborough Abrasives,Active,Sole Prop,13-5656003,222999976,USA,EUR,Net 15,,no,,ap@yarboroughabr.com; yarborough.abrasives@yarboroughabr.com,US-AP,3,2026-10-17,PLT-12
V-101280,Elmswell Hydraulics Ltd.,,Active,Corporation,24-5874796,313076909,US,GBP,Net 30,3-way,false,,elmswell.hydraulics@elmswellhyd.com,US-AP,Tier 1,2027-04-09,PLT-03
V-101281,Denholm Plating PLC,Denholm Plating,On Hold,Corporation,90-1496327,974202105,US,USD,Net 45,3-way-direct,N,,,US-AP,3,2028-02-23,PLT-02;PLT-01;PLT-06
V-101282,Farndale Gasket GmbH,,active,Non-Profit,63-0799391,993250041,GB,USD,Net 15,2-way,No,,farndale.gasket@farndalegas.com,US-AP,Low,2027-07-16,PLT-04;PLT-09
V-101283,Lansdowne Lubricants Inc.,,active,Non-Profit,48-5335449,971804257,GB,USD,2/10 Net 30,none,No,,lansdowne.lubricants.lansdownelub.com,US-AP,2,,PLT-03
V-101284,Verwood Bearings Co,Verwood Bearings,draft,Corporation,,985697887,Canada,USD,Net 30,3-way,false,,verwood.bearings@verwoodbea.com,EU-AP,,09/03/2026,PLT-07;PLT-02;PLT-08
,Castleford Coatings Ltd,,active,Corporation,08-9791963,238794943,GB,usd,Net 60,none,N,,castleford.coatings@castlefordcoa.com,US-AP,3,03/15/2028,"PLT-10, PLT-01"
V-101286,Elmswell Pneumatics PLC,Elmswell Pneumatics,Pending,LLC,177243404,,DE,EUR,Net 60,2 Way Match,F,,elmswell.pneumatics@elmswellpne.com,US-AP,1,,PLT-04;PLT-12
V-101287,Eastgate Bearings Ltd,Eastgate Bearings,Inactive,,60-3228478,741654729,United Kingdom,EUR,Net30,2-way,TRUE,MBE,,US-AP,3,2027-11-09,PLT-10 / PLT-01 / PLT-02
V-101288,Ballantyne Forgings Inc,Ballantyne Forgings,inactive,Corporation,51-2175030,832232282,CA,CAD,2/10 Net 30,2-way,Yes,HUBZone,ballantyne.forgings.ballantynefor.com,,Medium,,PLT-04 / PLT-03
V-101289,Ashworth Valves Ltd.,Ashworth Valves,draft,LLC,73-1966967,619966999,US,USD,Net 45,2 way,false,,ashworth.valves@ashworthval.com,US-AP,2,,PLT-04 / PLT-07
V-101290,Brackenridge Fasteners Inc.,Brackenridge Fasteners,,Corporation,09-5696991,772105415,US,GBP,Net 60,none,false,,,MX-AP,3,03/15/2028,PLT-12;PLT-10;PLT-01
V-101291,Grimsby Logistics GmbH,Grimsby Logistics,active,LLC,169804700,13175084,GB,Euro,Net 60,3-way,False,,grimsby.logistics@grimsbylog.com,US-AP,1,2027-07-09,PLT-12
V-101292,Brackenridge Logistics Co,Brackenridge Logistics,Active,Partnership,87-4346541,539473935,DE,MXN,Net 60,2-way,False,,brackenridge.logistics@brackenridgelog.com,CA-AP,3,2026-08-04,PLT-06;PLT-12
V-101293,Wolverton Logistics Co,Wolverton Logistics,inactive,LLC,849078872,952922310,USA,USD,Net 30,3-way,no,,wolverton.logistics@wolvertonlog.com,EU-AP,Medium,2027-11-17,PLT-01;PLT-09
V-101294,Pemberton Logistics LLC,Pemberton Logistics,active,LLC,246810853,,Germany,CAD,Net 90,3-way,false,,pemberton.logistics@pembertonlog.com,EU-AP,,2028-09-28,PLT-01;PLT-05;PLT-06
V-101295,Ullswater Calibration S.A. de C.V.,Ullswater Calibration,active,Corporation,85-7780300,12-035-5956,United States,USD,Net 15,Three way direct,False,,ullswater.calibration@ullswatercal.com,UK-AP,,,PLT-06;PLT-08
V-101296,Jarrow Fabrication Co,,draft,Corporation,038459173,,MX,USD,Net 90,2 way,0,,jarrow.fabrication@jarrowfab.com,MX-AP,,2027-07-19,PLT-06;PLT-11
V-101297,Netherfield Packaging S.A. de C.V.,,Active,Partnership,351418829,30-978-5761,Mexico,USD,Net 45,2-way,false,Woman-Owned Small Business,netherfield.packaging@netherfieldpac.com,US-AP,Medium,2028-03-19,PLT-04
V-101298,Brackenridge Bearings Inc,Brackenridge Bearings,draft,Sole Proprietor,108820837,,MX,EUR,Net 30,3-way,N,,brackenridge.bearings@brackenridgebea.com,US-AP,1,2026-04-23,PLT-10;PLT-09;PLT-12
V-101299,Draycott Forgings Inc.,Draycott Forgings,active,Corporation,05-3270178,273516590,Germany,CAD,NET30,,N,,,US-AP,,,PLT-09;PLT-11;PLT-08
V-101300,Ashworth Extrusions Ltd,Ashworth Extrusions,active,S-Corp,809775596,327700770,US,CAD,,Two-way,FALSE,,ap@ashworthext.com; ashworth.extrusions@ashworthext.com,US-AP,1,2027-03-21,PLT-05;PLT-03
V-101301,Draycott Logistics S.A. de C.V.,,active,Partnership,21-9495223,115206054,US,GBP,Net 45,3 way,F,,draycott.logistics.draycottlog.com,EU-AP,1,,PLT-07;PLT-01;PLT-08
V-101302,Fairweather Packaging Ltd,Fairweather Packaging,active,Corporation,35-6457809,299405259,US,EUR,Net 30,none,FALSE,,fairweather.packaging@fairweatherpac.com,EU-AP,Low,,PLT-07;PLT-01
V-101303,Oakhurst Packaging Ltd,Oakhurst Packaging,active,,559640704,122192705,US,USD,Net 30,,0,,oakhurst.packaging@oakhurstpac.com,US-AP,,,PLT-11
V-101304,Netherfield Castings GmbH,Netherfield Castings,active,Corporation,589914915,361156205,US,usd,Net 30,3-way,,,netherfield.castings.netherfieldcas.com,US-AP,3,2027-01-19,PLT-10 / PLT-03
V-101305,Grimsby Lubricants PLC,Grimsby Lubricants,inactive,Corporation,74-3087943,174552988,Mexico,usd,Net 15,3-way,F,,grimsby.lubricants.grimsbylub.com,EU-AP,3,02/12/2028,PLT-11;PLT-02;PLT-09
V-101306,Draycott Extrusions Corp,,Pending,Corporation,17-3859293,865251298,US,GBP,Net 30,2-way,FALSE,,ap@draycottext.com; draycott.extrusions@draycottext.com,MX-AP,High,2026-05-01,"PLT-09, PLT-07, PLT-02"
V-101307,Rushcliffe Logistics S.A. de C.V.,,draft,Corporation,39-1032301,445215914,USA,MXN,Net 45,2-way,no,,rushcliffe.logistics@rushcliffelog.com,US-AP,Medium,2026-03-11,PLT-04;PLT-01;PLT-06
V-101308,Rushcliffe Extrusions Corp,,A,LLC,080549394,412741654,United States,USD,Net 30,3-way,1,WOSB,rushcliffe.extrusions.rushcliffeext.com,EU-AP,3,2026-06-26,PLT-02;PLT-04
V-101309,Ballantyne Weldments S.A. de C.V.,,Active,LLC,86-4296960,103070602,United Kingdom,EUR,Net 45,3 way,N,,ballantyne.weldments@ballantynewel.com,US-AP,1,03/07/2027,"PLT-03, PLT-08"
V-101310,Elmswell Electrical Ltd.,,Active,LLC,985893349,924067722,US,US Dollar,Net 60,2 way,No,,elmswell.electrical@elmswellele.com,,High,2028-06-22,"PLT-11, PLT-03"
V-101311,Culverton Abrasives Inc,,ACTIVE,LLC,44-4890074,878336692,United Kingdom,MXN,Net30,3-way,F,,culverton.abrasives@culvertonabr.com,US-AP,High,06/09/2026,"PLT-03, PLT-04, PLT-10"
V-101312,Wolverton Forgings S.A. de C.V.,Wolverton Forgings,Draft,S-Corp,51-4871145,,MX,US Dollar,COD,2 way,No,,,EU-AP,2,2028-09-08,"PLT-07, PLT-06, PLT-03"
V-101313,Elmswell Fasteners PLC,,active,Sole Proprietor,80-2032273,360898538,,USD,Net 30,2-way,false,,elmswell.fasteners@elmswellfas.com,EU-AP,High,2027-07-09,PLT-11
V-101314,Lansdowne Plating Inc,Lansdowne Plating,active,Corporation,30-6477931,700804252,MX,GBP,NET30,3 way,False,,lansdowne.plating@lansdownepla.com,US-AP,3,2026-10-05,PLT-10
V-101315,Rushcliffe Pneumatics S.A. de C.V.,Rushcliffe Pneumatics,A,Sole Proprietor,96-5811253,711609498,US,USD,NET30,none,0,,rushcliffe.pneumatics@rushcliffepne.com,US-AP,3,2028-05-04,PLT-12
V-101316,Pemberton Abrasives Inc.,Pemberton Abrasives,Inactive,LLC,09-4225476,178647805,United States,GBP,Net 30,2-way,Yes,SDVOSB,pemberton.abrasives@pembertonabr.com,UK-AP,,,PLT-11
V-101317,Marchmont Hydraulics PLC,,Active,Limited Liability Company,97-8334738,302085926,,US Dollar,Net 30,2-way,yes,SDVOSB,marchmont.hydraulics@marchmonthyd.com,UK-AP,Medium,06/12/2026,"PLT-09, PLT-10, PLT-04, PLT-11"
V-101318,Grimsby Machining S.A. de C.V.,Grimsby Machining,inactive,LLC,707554572,088180233,US,MXN,30 days,None,False,,grimsby.machining@grimsbymac.com,,High,,"PLT-07, PLT-08, PLT-05"
V-101319,Jarrow Machining Corp,Jarrow Machining,Active,S-Corp,20-8257919,42283794,CA,USD,Net 90,3-way,no,,jarrow.machining@jarrowmac.com,CA-AP,High,02/14/2027,"PLT-08, PLT-07"
V-101320,Ashworth Abrasives Inc.,Ashworth Abrasives,I,Partnership,879167597,89-871-1330,Germany,MXN,Net30,3-way-direct,false,,ashworth.abrasives@ashworthabr.com,,1,,PLT-01;PLT-10
V-101321,Quarrington Hydraulics Ltd,Quarrington Hydraulics,active,,553338796,572575598,USA,USD,2/10 Net 30,,False,,ap@quarringtonhyd.com; quarrington.hydraulics@quarringtonhyd.com,US-AP,3,2026-12-05,PLT-04;PLT-01
V-101322,Castleford Calibration PLC,Castleford Calibration,Pending,S-Corp,31-6848997,408372620,USA,EUR,Net 30,2-way,False,,castleford.calibration@castlefordcal.com,US-AP,Tier 3,2026-10-25,PLT-01;PLT-10
V-101323,Quarrington Valves Co,Quarrington Valves,inactive,Corporation,925263677,589142531,United States,MXN,Net 30,none,yes,Woman-Owned Small Business,quarrington.valves@quarringtonval.com,US-AP,,2026-12-26,PLT-05;PLT-04
V-101324,Alderman Pneumatics S.A. de C.V.,Alderman Pneumatics,Active,LLC,07-6600655,703844301,CA,CAD,Net 60,,YES,VOSB,alderman.pneumatics@aldermanpne.com,,1,2027-02-12,PLT-08
V-101325,Pemberton Extrusions Ltd.,,A,Corporation,25-6844277,635388746,US,USD,Net30,2-way,True,SDVOSB,pemberton.extrusions@pembertonext.com,US-AP,2,,
V-101326,Elmswell Machining Co,Elmswell Machining,Active,Corporation,432987077,285538575,Germany,USD,Due on receipt,2 Way Match,False,,elmswell.machining.elmswellmac.com,EU-AP,2,2027-06-18,PLT-05;PLT-11;PLT-04;PLT-03
V-101327,Rushcliffe Tooling Corp,Rushcliffe Tooling,Active,LLC,19-7641663,,US,,Due on receipt,3-way,TRUE,WBE,rushcliffe.tooling@rushcliffetoo.com,US-AP,3,2027-02-12,"PLT-02, PLT-10, PLT-05"
V-101328,Verwood Weldments S.A. de C.V.,Verwood Weldments,A,Corporation,47-1550202,727881468,USA,,Net 15,2-way,0,,verwood.weldments@verwoodwel.com,EU-AP,2,2028-01-19,"PLT-10, PLT-07"
V-101329,Netherfield Fabrication S.A. de C.V.,Netherfield Fabrication,active,Corporation,,123169024,Canada,,Net 90,2-way,no,,netherfield.fabrication.netherfieldfab.com,MX-AP,Medium,03/09/2026,PLT-10;PLT-12;PLT-02;PLT-04
V-101330,Grimsby Weldments S.A. de C.V.,,active,,42-5429081,44-218-4924,US,USD,Net30,2-way,0,,,EU-AP,1,2026-06-21,
V-101331,Kettleby Logistics Inc.,Kettleby Logistics,active,Partnership,07-7270557,726517652,US,Euro,Net 30,Two-way,No,,kettleby.logistics@kettlebylog.com,,1,2027-09-17,PLT-08 / PLT-11 / PLT-03
V-101332,Oakhurst Castings Corp,,Pending,Sole Proprietor,516993760,816859588,CA,USD,Net 45,Two-way,0,,oakhurst.castings@oakhurstcas.com,US-AP,1,06/09/2026,PLT-04
V-101333,Brackenridge Electrical S.A. de C.V.,,active,Corporation,069591529,438742743,DE,US Dollar,2/10 Net 30,3 way,true,HUBZone,brackenridge.electrical@brackenridgeele.com,US-AP,2,2026-02-17,PLT-11
V-101334,Farndale Castings GmbH,,Pending,LLC,91-4878500,841978544,Deutschland,EUR,Net 30,3-way,0,,farndale.castings@farndalecas.com,US-AP,,2027-03-16,PLT-04;PLT-02
V-101335,Yarborough Seals GmbH,,inactive,,00-6707095,577557248,USA,GBP,2/10 Net 30,,false,,yarborough.seals@yarboroughsea.com,UK-AP,1,2028-08-01,PLT-03
V-101336,Lansdowne Hydraulics PLC,Lansdowne Hydraulics,Active,Sole Proprietor,656717893,352129220,Mexico,GBP,Net 15,3 Way Match,No,,lansdowne.hydraulics@lansdownehyd.com,CA-AP,1,2028-07-25,PLT-11;PLT-03;PLT-04
V-101337,Yarborough Castings Inc.,Yarborough Castings,A,LLC,95-5448047,667570916,US,Euro,NET30,3 Way Match,true,SDVOSB,yarborough.castings.yarboroughcas.com,US-AP,,2028-03-04,PLT-11;PLT-02
V-101338,Thirlmere Abrasives Ltd,,Active,LLC,10-4416769,677232428,DE,usd,Net30,3-way,,,thirlmere.abrasives@thirlmereabr.com,US-AP,,2027-02-10,
V-101339,Brackenridge Calibration S.A. de C.V.,Brackenridge Calibration,active,LLC,351870436,948524308,USA,US Dollar,Net 30,none,FALSE,,brackenridge.calibration@brackenridgecal.com,US-AP,Low,2028-04-14,PLT-09;PLT-08;PLT-11
V-101340,Culverton Castings Co,Culverton Castings,Active,Partnership,45-5962219,680540604,US,CAD,Immediate,none,no,,culverton.castings@culvertoncas.com,UK-AP,3,05/21/2026,PLT-07 / PLT-01 / PLT-02
V-101341,Alderman Seals Corp,,active,Corporation,98-3530576,05-750-6056,US,CAD,Net 30,3-way,F,,ap@aldermansea.com; alderman.seals@aldermansea.com,CA-AP,Tier 1,2026-11-22,
V-101342,Ullswater Plating Ltd,,ACTIVE,Corporation,750683894,500680179,US,EUR,COD,Two-way,N,,ullswater.plating@ullswaterpla.com,US-AP,3,09/27/2027,PLT-12
V-101343,Jarrow Forgings GmbH,,Active,Corporation,69-4408572,23-693-1152,US,USD,Net30,Two-way,No,,jarrow.forgings.jarrowfor.com,EU-AP,1,,PLT-04;PLT-10
V-101344,Alderman Foundry Ltd,Alderman Foundry,I,Corporation,,480253461,,GBP,,2-way,false,,alderman.foundry@aldermanfou.com,US-AP,Tier 1,,PLT-04;PLT-01
V-101345,Hollingworth Seals Inc,Hollingworth Seals,active,Sole Proprietor,701190068,903616974,,CAD,,2-way,FALSE,,hollingworth.seals@hollingworthsea.com,US-AP,2,04/03/2026,PLT-11;PLT-08
V-101346,Rushcliffe Packaging PLC,Rushcliffe Packaging,Active,LLC,129169938,580647535,US,Euro,Net 90,,false,,rushcliffe.packaging@rushcliffepac.com,MX-AP,Medium,2028-10-19,PLT-03
V-101347,Yarborough Abrasives PLC,,active,Corporation,03-9432118,575960856,US,CAD,Net 30,2-way,0,,yarborough.abrasives@yarboroughabr.com,UK-AP,3,2027-08-11,PLT-01
V-101348,Kettleby Gasket GmbH,Kettleby Gasket,Active,Sole Proprietor,52-7013402,77365919,USA,,Net30,3-way,F,,kettleby.gasket@kettlebygas.com,US-AP,2,,PLT-08;PLT-07
V-101349,Brackenridge Seals PLC,,Active,LLC,04-8126114,122488522,DE,USD,NET30,3-way,0,,brackenridge.seals@brackenridgesea.com,US-AP,Tier 1,2026-01-21,PLT-04;PLT-05;PLT-01;PLT-12
V-101350,Brackenridge Springs GmbH,,active,Corporation,058080644,837102121,United States,US Dollar,Net 15,3-way,false,,ap@brackenridgespr.com; brackenridge.springs@brackenridgespr.com,UK-AP,1,03/19/2028,PLT-01
V-101351,Jarrow Springs S.A. de C.V.,Jarrow Springs,active,LLC,442603888,152045350,GB,USD,Net 30,2-way,false,,jarrow.springs@jarrowspr.com,US-AP,,11/07/2026,"PLT-07, PLT-05"
V-101352,Castleford Gasket Inc.,Castleford Gasket,active,Sole Proprietor,54-4039840,750614123,US,,Net 30,3-way-direct,,,castleford.gasket@castlefordgas.com,,Tier 3,2028-06-06,"PLT-06, PLT-11"
V-101353,Netherfield Foundry Corp,Netherfield Foundry,Pending,,604261505,,GB,usd,Net 90,2-way,F,,netherfield.foundry@netherfieldfou.com,UK-AP,2,02/04/2028,PLT-04 / PLT-06 / PLT-02
V-101354,Verwood Plating PLC,Verwood Plating,active,Corporation,085239024,984790402,Deutschland,,Immediate,2-way,no,,verwood.plating@verwoodpla.com,EU-AP,3,2026-09-10,PLT-02
,Alderman Plating Ltd,Alderman Plating,On Hold,,32-9586221,394160180,USA,USD,Net 30,2-way,False,,alderman.plating@aldermanpla.com,US-AP,Tier 1,2027-11-09,PLT-10
V-101356,Hollingworth Abrasives Inc.,Hollingworth Abrasives,draft,Sole Prop,34-7728900,133077094,Deutschland,USD,Net 45,3 way,yes,MBE,,MX-AP,Low,,PLT-12 / PLT-07
V-101357,Oakhurst Machining Co,,active,Corporation,211298627,840651710,Canada,USD,Due on receipt,3-way-direct,yes,Woman-Owned Small Business,oakhurst.machining@oakhurstmac.com,UK-AP,1,2026-09-13,PLT-01
V-101358,Culverton Foundry PLC,Culverton Foundry,Active,,277917619,923728706,Mexico,USD,Net 45,2-way,F,,ap@culvertonfou.com; culverton.foundry@culvertonfou.com,,Low,08/24/2028,PLT-01
,Fairweather Machining S.A. de C.V.,Fairweather Machining,,S-Corp,26-8559946,493881254,DE,US Dollar,Net 30,3-way,true,WOSB,fairweather.machining@fairweathermac.com,MX-AP,Tier 1,2026-09-20,PLT-05
V-101360,Ballantyne Foundry Inc.,Ballantyne Foundry,Inactive,,69-0619088,811552377,,CAD,Net 30,3-way-direct,true,WOSB,ballantyne.foundry@ballantynefou.com,EU-AP,Tier 1,2026-12-02,PLT-01
V-101361,Farndale Coatings PLC,Farndale Coatings,active,,00-0630005,583399672,USA,EUR,NET30,3-way,F,SDVOSB,farndale.coatings@farndalecoa.com,US-AP,Tier 1,2026-03-17,PLT-01;PLT-06
V-101362,Ingleby Electrical Inc.,,Draft,S-Corp,,214720706,CA,USD,COD,3-way,False,,ingleby.electrical@inglebyele.com,MX-AP,Low,,
V-101363,Fairweather Castings Corp,Fairweather Castings,draft,,,,Mexico,CAD,NET30,3-way,N,,fairweather.castings@fairweathercas.com,US-AP,Tier 2,2028-06-03,PLT-12
V-101364,Pemberton Pneumatics Corp,Pemberton Pneumatics,On Hold,Corporation,251149063,930828173,DE,EUR,Net 30,3-way,true,HUBZone,,EU-AP,1,03/08/2027,PLT-10
V-101365,Ashworth Pneumatics S.A. de C.V.,Ashworth Pneumatics,active,LLC,41-4055865,280725325,United States,GBP,Net 30,2-way,no,,ashworth.pneumatics@ashworthpne.com,US-AP,High,2027-06-01,PLT-12;PLT-06
,Verwood Calibration Ltd,Verwood Calibration,Active,S-Corp,626437518,23-366-9411,United Kingdom,GBP,Net 30,2-way,0,,verwood.calibration@verwoodcal.com,EU-AP,3,2027-05-01,PLT-08;PLT-03
V-101367,Brackenridge Abrasives PLC,Brackenridge Abrasives,Active,Corporation,31-3645216,838079264,MX,USD,Net 60,3-way,0,,brackenridge.abrasives@brackenridgeabr.com,US-AP,Tier 2,03/04/2027,PLT-01 / PLT-02 / PLT-07
V-101368,Quarrington Hydraulics Co,,active,Limited Liability Company,65-5100369,384779298,USA,CAD,2/10 Net 30,2 way,N,,quarrington.hydraulics@quarringtonhyd.com,CA-AP,Tier 2,2027-03-28,
V-101369,Pemberton Bearings Co,Pemberton Bearings,active,LLC,33-9550241,914558942,United Kingdom,Euro,Net 15,none,,,pemberton.bearings@pembertonbea.com,UK-AP,High,02/05/2026,PLT-12
V-101370,Ballantyne Castings Inc.,Ballantyne Castings,On Hold,,10-4393442,261911568,Deutschland,usd,NET30,None,FALSE,,ballantyne.castings@ballantynecas.com,EU-AP,,2026-11-01,PLT-02
V-101371,Farndale Seals S.A. de C.V.,,active,Corporation,89-4901162,244642842,US,,N30,3 way,False,,farndale.seals@farndalesea.com,US-AP,2,2027-09-12,PLT-11;PLT-12
V-101372,Jarrow Machining Inc,,draft,Corporation,62-4861969,179149528,US,EUR,NET30,2-way,T,WOSB,jarrow.machining@jarrowmac.com,MX-AP,3,06/18/2028,
V-101373,Wolverton Hydraulics Ltd.,,draft,S-Corp,328955047,361341373,US,Euro,Net 15,,F,HUBZone,wolverton.hydraulics@wolvertonhyd.com,US-AP,2,,"PLT-03, PLT-04"
V-101374,Farndale Calibration PLC,Farndale Calibration,active,Corporation,71-8456805,438917095,CA,GBP,Due on receipt,none,F,,farndale.calibration.farndalecal.com,,Tier 2,2026-08-28,PLT-12
V-101375,Hollingworth Foundry Inc.,Hollingworth Foundry,active,Partnership,07-8855581,511258911,US,USD,Net 15,3-way,Y,HUBZone,hollingworth.foundry@hollingworthfou.com,US-AP,1,,PLT-05;PLT-07;PLT-01
V-101376,Rushcliffe Extrusions Ltd.,Rushcliffe Extrusions,active,Corporation,61-1845589,537034592,United States,USD,Net 45,none,False,,,US-AP,2,2028-10-27,PLT-08;PLT-06;PLT-12
V-101628,Oakhurst Packaging Ltd,Oakhurst Packaging,active,LLC,113482300,174863768,US,USD,Net 30,none,YES,VOSB,oakhurst.packaging@oakhurstpac.com,EU-AP,,2027-11-28,
V-101378,Pemberton Pneumatics Inc,Pemberton Pneumatics,active,,786459074,667963384,GB,GBP,Net 30,3 Way Match,No,,pemberton.pneumatics@pembertonpne.com,US-AP,High,2026-06-01,PLT-04
V-101379,Thirlmere Hydraulics PLC,,Inactive,LLC,26-7414094,763977620,United States,USD,Net 45,2-way,0,,thirlmere.hydraulics@thirlmerehyd.com,CA-AP,2,06/14/2027,PLT-07
V-101380,Ashworth Weldments Ltd.,Ashworth Weldments,active,Sole Proprietor,03-3188964,783022288,United States,USD,30 days,3-way,no,,ashworth.weldments@ashworthwel.com,,Low,2026-09-11,"PLT-07, PLT-10"
V-101381,Ingleby Lubricants LLC,,draft,Non-Profit,,541446361,United States,USD,Net 15,3-way,,,ap@inglebylub.com; ingleby.lubricants@inglebylub.com,US-AP,Medium,2028-09-16,PLT-01;PLT-05;PLT-10
V-101382,Eastgate Seals GmbH,,active,Partnership,22-8559728,98776104,CA,GBP,30 days,2-way,No,,,UK-AP,Tier 1,,PLT-08
V-101383,Netherfield Machining Inc.,Netherfield Machining,Active,S-Corp,787796222,59770833,US,EUR,Net 15,none,N,,netherfield.machining@netherfieldmac.com,US-AP,,2026-07-15,PLT-08;PLT-06
V-101384,Farndale Plating Inc.,,active,Corporation,69-1619604,799809034,MX,USD,30 days,3 way,N,,ap@farndalepla.com; farndale.plating@farndalepla.com,US-AP,High,,PLT-11;PLT-07
V-101385,Denholm Machining Co,,Active,Corporation,641961077,742563305,United Kingdom,,NET30,none,FALSE,,denholm.machining@denholmmac.com,US-AP,Low,2027-06-11,"PLT-08, PLT-09, PLT-11"
V-101386,Thirlmere Tooling Co,,inactive,Corporation,68-3308040,476221687,Deutschland,usd,Net 30,3-way,,WOSB,thirlmere.tooling@thirlmeretoo.com,,Tier 1,2028-08-18,PLT-08
V-101387,Pemberton Forgings PLC,Pemberton Forgings,active,Corporation,326157388,,,USD,Net 30,3-way,F,,pemberton.forgings@pembertonfor.com,US-AP,2,,PLT-01;PLT-05;PLT-03;PLT-06
V-101388,Grimsby Machining Ltd,,active,,,718196528,US,USD,Net 30,3 Way Match,N,,grimsby.machining@grimsbymac.com,,,2028-04-19,"PLT-11, PLT-08, PLT-10"
V-101389,Culverton Electrical GmbH,,active,Sole Proprietor,271775656,16680502,United States,USD,2/10 Net 30,Three way direct,T,WOSB,culverton.electrical@culvertonele.com,US-AP,Tier 2,2026-03-20,PLT-09
V-101390,Ullswater Forgings Corp,,active,Corporation,80-6014856,583717553,US,USD,2/10 Net 30,2-way,true,MBE,ullswater.forgings@ullswaterfor.com,US-AP,,02/26/2027,PLT-07
V-101391,Yarborough Springs GmbH,Yarborough Springs,Active,Partnership,65-9196876,984311753,Canada,usd,N30,3 way,N,,yarborough.springs@yarboroughspr.com,,Tier 2,2027-02-06,"PLT-09, PLT-02, PLT-08"
V-101392,Oakhurst Foundry Co,Oakhurst Foundry,Inactive,Corporation,,277392033,Canada,USD,Net30,Two-way,No,,oakhurst.foundry@oakhurstfou.com,,Medium,2026-10-05,PLT-07
V-101393,Culverton Castings S.A. de C.V.,Culverton Castings,inactive,S-Corp,014683165,,USA,,2/10 Net 30,Two-way,0,,,US-AP,Low,05/20/2028,PLT-07;PLT-04;PLT-03;PLT-05
V-101394,Yarborough Fabrication Inc.,Yarborough Fabrication,Pending,Sole Prop,65-6201255,,Deutschland,EUR,,2-way,0,,yarborough.fabrication@yarboroughfab.com,US-AP,Tier 2,2026-12-19,"PLT-11, PLT-01, PLT-09"
V-101395,Lansdowne Valves Ltd.,Lansdowne Valves,active,LLC,,520184447,US,USD,,,FALSE,MBE,ap@lansdowneval.com; lansdowne.valves@lansdowneval.com,US-AP,2,,PLT-10;PLT-03
V-101396,Thirlmere Extrusions Ltd.,Thirlmere Extrusions,active,LLC,11-2040264,16397139,Germany,USD,Immediate,3-way,FALSE,MBE,thirlmere.extrusions@thirlmereext.com,EU-AP,2,2026-07-10,
V-101397,Eastgate Plating PLC,Eastgate Plating,Pending,Corporation,54-9519142,671369925,US,USD,COD,none,yes,MBE,eastgate.plating@eastgatepla.com,US-AP,3,2028-03-25,PLT-05
,Eastgate Tooling Inc,Eastgate Tooling,inactive,,031379914,165117780,USA,USD,NET30,3-way,No,,eastgate.tooling@eastgatetoo.com,CA-AP,,2028-05-08,PLT-03
V-101399,Lansdowne Pneumatics PLC,Lansdowne Pneumatics,inactive,LLC,57-2812686,506268139,GB,CAD,Net 30,Two-way,,,lansdowne.pneumatics@lansdownepne.com,EU-AP,Medium,2028-10-12,"PLT-06, PLT-12, PLT-05"
V-101400,Hollingworth Bearings Corp,Hollingworth Bearings,A,,852063723,785938703,USA,USD,Net 30,2 way,false,,hollingworth.bearings@hollingworthbea.com,US-AP,2,09/07/2028,"PLT-11, PLT-02"
V-101401,Elmswell Logistics Corp,Elmswell Logistics,Draft,,538120496,249939972,US,USD,Due on receipt,3-way,False,,elmswell.logistics@elmswelllog.com,US-AP,Low,2028-02-22,PLT-07
V-101402,Ingleby Gasket PLC,,Pending,Corporation,268786954,731036448,DE,US Dollar,2/10 Net 30,3-way,false,,ingleby.gasket@inglebygas.com,EU-AP,1,,PLT-12;PLT-07
V-101403,Lansdowne Tooling S.A. de C.V.,Lansdowne Tooling,Active,Corporation,635075847,627399849,US,USD,2/10 Net 30,3 Way Match,,,lansdowne.tooling@lansdownetoo.com,EU-AP,Low,04/28/2026,PLT-06;PLT-11;PLT-01
V-101404,Fairweather Fabrication S.A. de C.V.,,,S-Corp,01-6103581,45-524-9899,US,USD,Net 30,None,False,,fairweather.fabrication@fairweatherfab.com,US-AP,,2028-11-20,PLT-11;PLT-08;PLT-03
V-101405,Elmswell Pneumatics LLC,Elmswell Pneumatics,Active,LLC,52-9162559,939796037,Mexico,MXN,,None,0,,elmswell.pneumatics@elmswellpne.com,US-AP,High,07/08/2027,PLT-07;PLT-09
V-101406,Pemberton Bearings Co,,I,Corporation,99-1387175,882118550,,MXN,Net 15,2-way,False,,pemberton.bearings@pembertonbea.com,MX-AP,2,05/24/2028,"PLT-03, PLT-07"
V-101226,Kettleby Seals PLC,Kettleby Seals,A,Sole Proprietor,380029128,173410080,US,usd,2/10 Net 30,3-way,FALSE,,,CA-AP,2,2027-08-13,PLT-11 / PLT-05 / PLT-03
V-101408,Ballantyne Valves Co,Ballantyne Valves,active,Sole Prop,43-3884561,139456727,Canada,USD,Net 45,,FALSE,,ballantyne.valves@ballantyneval.com,MX-AP,Tier 3,2026-08-18,PLT-06;PLT-03
V-101409,Lansdowne Logistics Ltd,,active,Corporation,41-8833282,511905849,US,,Net 45,None,FALSE,,lansdowne.logistics@lansdownelog.com,US-AP,Tier 1,11/24/2026,PLT-04;PLT-10
V-101410,Castleford Pneumatics PLC,Castleford Pneumatics,active,Partnership,19-6596153,409223078,USA,USD,N30,,FALSE,,castleford.pneumatics@castlefordpne.com,UK-AP,Tier 1,,PLT-11;PLT-10
V-101411,Fairweather Machining PLC,,Pending,LLC,597670284,196874274,USA,CAD,Net 30,None,False,,fairweather.machining@fairweathermac.com,US-AP,1,03/10/2028,PLT-10
V-101412,Alderman Fasteners S.A. de C.V.,Alderman Fasteners,Active,Corporation,49-6116321,836241178,US,MXN,Net 30,None,Y,WBE,alderman.fasteners@aldermanfas.com,US-AP,Tier 3,2026-08-12,PLT-11
V-101413,Quarrington Gasket S.A. de C.V.,Quarrington Gasket,active,Corporation,05-7815241,,US,Euro,Net 60,3-way,true,DBE,quarrington.gasket@quarringtongas.com,MX-AP,Medium,06/14/2027,PLT-11
V-101414,Saltburn Pneumatics Co,,active,LLC,,749602327,DE,MXN,Net 30,,no,,saltburn.pneumatics@saltburnpne.com,US-AP,,2027-06-17,PLT-03
V-101415,Brackenridge Gasket LLC,Brackenridge Gasket,active,Corporation,,,,USD,COD,2-way,0,,brackenridge.gasket@brackenridgegas.com,EU-AP,Low,2027-01-22,PLT-04;PLT-07;PLT-06;PLT-12
V-101416,Wolverton Castings PLC,Wolverton Castings,inactive,Partnership,033374012,630832623,USA,EUR,Net 30,2 Way Match,N,,wolverton.castings@wolvertoncas.com,US-AP,,09/24/2027,PLT-03;PLT-11;PLT-05
V-101417,Denholm Abrasives Inc,Denholm Abrasives,inactive,Corporation,51-3981521,512521803,U.S.,USD,Net 45,3-way-direct,F,,denholm.abrasives@denholmabr.com,US-AP,Medium,,PLT-11;PLT-03
V-101418,Farndale Castings Inc.,Farndale Castings,active,LLC,403584210,938996571,United States,US Dollar,Net 30,2-way,false,,farndale.castings@farndalecas.com,MX-AP,Tier 3,2026-09-25,"PLT-01, PLT-11"
V-101419,Grimsby Hydraulics S.A. de C.V.,,Pending,,,774367063,CA,USD,Net 15,2 way,TRUE,Woman-Owned Small Business,,US-AP,High,2026-11-06,PLT-08;PLT-09
V-101420,Wolverton Lubricants Ltd,Wolverton Lubricants,active,Sole Proprietor,536330773,750980955,United States,MXN,Net 15,3-way-direct,false,,wolverton.lubricants@wolvertonlub.com,US-AP,1,2026-06-23,PLT-08
V-101421,Yarborough Forgings Ltd,Yarborough Forgings,active,Partnership,205206382,,Germany,USD,2/10 Net 30,3 way,N,,yarborough.forgings@yarboroughfor.com,CA-AP,3,2028-12-09,PLT-04;PLT-09
V-101422,Lansdowne Logistics PLC,Lansdowne Logistics,On Hold,LLC,81-2159334,275875647,USA,USD,Net 30,2 way,0,,lansdowne.logistics@lansdownelog.com,US-AP,2,2027-03-26,PLT-08
V-101423,Ullswater Packaging Co,,inactive,Corporation,44-7848422,523881130,Mexico,MXN,30 days,Two-way,FALSE,,ullswater.packaging@ullswaterpac.com,,Low,04/02/2028,"PLT-05, PLT-12, PLT-07, PLT-08"
V-101424,Saltburn Packaging GmbH,Saltburn Packaging,active,Corporation,84-3371280,787210495,US,USD,Net 30,none,0,,saltburn.packaging@saltburnpac.com,CA-AP,Tier 3,2027-06-24,PLT-11;PLT-02;PLT-01;PLT-10
V-101425,Ashworth Foundry Co,Ashworth Foundry,active,Corporation,26-1173246,904102423,GB,EUR,Net 45,3 way,FALSE,,ashworth.foundry@ashworthfou.com,US-AP,2,05/10/2027,PLT-11;PLT-12;PLT-09
V-101426,Oakhurst Fasteners Co,Oakhurst Fasteners,inactive,S-Corp,952216861,444711025,United States,,NET30,3-way,N,,oakhurst.fasteners@oakhurstfas.com,,Medium,2027-04-06,PLT-08;PLT-09
V-101427,Jarrow Bearings Inc,Jarrow Bearings,active,LLC,29-2332500,375635987,United States,CAD,Net 15,2 Way Match,False,,jarrow.bearings@jarrowbea.com,US-AP,2,01/24/2026,PLT-02;PLT-04
V-101428,Hollingworth Castings LLC,Hollingworth Castings,Pending,LLC,13-0422390,901868127,,USD,30 days,2-way,no,,ap@hollingworthcas.com; hollingworth.castings@hollingworthcas.com,,Tier 1,2026-08-20,PLT-11;PLT-06;PLT-07
V-101429,Netherfield Logistics Co,Netherfield Logistics,,Corporation,789796067,475001233,US,USD,COD,2 Way Match,no,,netherfield.logistics@netherfieldlog.com,US-AP,Tier 2,,"PLT-05, PLT-10, PLT-08, PLT-11"
V-101430,Kettleby Castings Ltd,,draft,Sole Proprietor,93-3523115,125855067,US,CAD,Net 15,3-way,1,VOSB,kettleby.castings@kettlebycas.com,,1,2028-07-06,
V-101431,Alderman Extrusions Co,,Active,Non-Profit,55-0910329,818592577,United Kingdom,CAD,2/10 Net 30,None,F,,alderman.extrusions@aldermanext.com,US-AP,Tier 3,2026-06-07,PLT-01
V-101432,Saltburn Electrical GmbH,Saltburn Electrical,Draft,Non-Profit,56-4751434,946419092,USA,USD,Net 60,3-way-direct,No,,,,,2028-01-26,"PLT-02, PLT-03"
V-101433,Yarborough Foundry Inc.,Yarborough Foundry,On Hold,Corporation,98-5395317,334922553,USA,Euro,Net 30,,N,,ap@yarboroughfou.com; yarborough.foundry@yarboroughfou.com,US-AP,3,2028-06-05,"PLT-08, PLT-01, PLT-06"
V-101434,Yarborough Extrusions Corp,,I,Sole Proprietor,04-1966912,97050643,MX,US Dollar,Net 30,None,FALSE,,ap@yarboroughext.com; yarborough.extrusions@yarboroughext.com,US-AP,2,2028-09-10,PLT-12;PLT-10
V-101435,Farndale Plating PLC,Farndale Plating,active,LLC,079605700,208003846,,CAD,,2 Way Match,No,,farndale.plating@farndalepla.com,US-AP,1,2027-11-19,"PLT-10, PLT-02, PLT-03"
V-101436,Ingleby Seals Ltd,Ingleby Seals,On Hold,Corporation,06-5597665,,US,USD,Net 15,none,FALSE,,ingleby.seals@inglebysea.com,US-AP,Tier 1,04/06/2028,"PLT-03, PLT-09, PLT-06"
V-101437,Pemberton Calibration GmbH,,Active,LLC,618587166,917112292,US,USD,Net 60,2-way,F,,pemberton.calibration@pembertoncal.com,US-AP,3,2026-04-05,PLT-06;PLT-05
V-101438,Pemberton Gasket LLC,Pemberton Gasket,ACTIVE,Corporation,66-4654669,454247935,US,USD,Due on receipt,None,no,,pemberton.gasket@pembertongas.com,EU-AP,Medium,,PLT-09;PLT-02
V-101439,Eastgate Packaging Inc.,,Active,,517062997,13827882,Germany,USD,NET30,3-way,YES,Woman-Owned Small Business,,US-AP,Tier 1,,PLT-03;PLT-06
V-101440,Draycott Abrasives Ltd.,Draycott Abrasives,Active,S-Corp,961393079,669545023,USA,USD,Net 90,2-way,0,,draycott.abrasives@draycottabr.com,UK-AP,Medium,2027-12-02,PLT-06
V-101441,Ballantyne Plating Ltd.,,active,Partnership,18-2858029,922363591,Deutschland,USD,Net 45,Three way direct,0,,ballantyne.plating@ballantynepla.com,,Low,2027-04-27,PLT-02
V-101442,Ingleby Fasteners GmbH,,active,LLC,70-0720264,254789704,United States,GBP,2/10 Net 30,2 way,F,,ingleby.fasteners@inglebyfas.com,,2,01/04/2026,PLT-10
V-101443,Castleford Weldments Ltd.,Castleford Weldments,A,Non-Profit,,12258132,United States,,Net 90,3-way-direct,false,,castleford.weldments@castlefordwel.com,EU-AP,2,2028-11-17,PLT-04;PLT-07;PLT-10;PLT-09
V-101444,Denholm Plating Inc,,A,,68-7539383,242676486,,MXN,Net 60,Three way direct,T,MBE,denholm.plating@denholmpla.com,,3,,PLT-11
V-101445,Grimsby Seals Corp,Grimsby Seals,A,,66-7898161,124472242,US,,Net 45,3 Way Match,T,HUBZone,grimsby.seals@grimsbysea.com,US-AP,2,,PLT-03;PLT-09;PLT-02;PLT-01
V-101446,Ingleby Weldments GmbH,,active,Sole Proprietor,42-3562370,377877146,US,MXN,Immediate,2-way,0,,ap@inglebywel.com; ingleby.weldments@inglebywel.com,MX-AP,,2027-05-11,
V-101447,Thirlmere Machining Ltd,Thirlmere Machining,active,Corporation,793329956,55410186,DE,USD,Net 60,3 way,yes,WBE,thirlmere.machining@thirlmeremac.com,CA-AP,2,2028-07-15,PLT-11
V-101448,Saltburn Seals S.A. de C.V.,Saltburn Seals,On Hold,Sole Proprietor,300299134,472620489,US,EUR,Net30,none,FALSE,,saltburn.seals.saltburnsea.com,US-AP,,05/13/2028,PLT-10;PLT-03
V-101449,Thirlmere Forgings Corp,,Inactive,Partnership,095266404,513742626,US,EUR,Due on receipt,3-way,1,MBE,thirlmere.forgings.thirlmerefor.com,US-AP,3,2026-03-01,PLT-04;PLT-05
V-101450,Ashworth Fasteners Co,Ashworth Fasteners,active,,40-5669787,144419483,US,CAD,NET30,3-way-direct,F,,ashworth.fasteners@ashworthfas.com,US-AP,2,2027-04-08,PLT-04;PLT-10;PLT-12
V-101451,Verwood Plating GmbH,,Inactive,S-Corp,264034875,440485401,US,USD,Net 45,3-way,yes,HUBZone,verwood.plating@verwoodpla.com,US-AP,Tier 2,05/20/2026,PLT-08;PLT-11
V-101452,Rushcliffe Extrusions S.A. de C.V.,Rushcliffe Extrusions,Active,LLC,75-2825159,,Mexico,USD,Net 30,None,No,,rushcliffe.extrusions@rushcliffeext.com,,Medium,2028-12-18,PLT-09;PLT-08;PLT-12
V-101453,Lansdowne Extrusions PLC,Lansdowne Extrusions,ACTIVE,LLC,80-5942976,,,USD,Net 30,3-way,true,HUBZone,lansdowne.extrusions@lansdowneext.com,EU-AP,1,2028-05-07,PLT-01;PLT-10;PLT-03;PLT-02
V-101454,Kettleby Pneumatics S.A. de C.V.,Kettleby Pneumatics,Active,Corporation,75-6712007,316599208,US,CAD,Due on receipt,Two-way,N,,kettleby.pneumatics@kettlebypne.com,UK-AP,Tier 2,2027-06-02,PLT-01;PLT-06;PLT-04
V-101455,Pemberton Lubricants Co,Pemberton Lubricants,active,,386492915,649599703,USA,USD,Due on receipt,2 way,N,,pemberton.lubricants@pembertonlub.com,US-AP,,2028-01-02,"PLT-10, PLT-02, PLT-12"
V-101456,Brackenridge Tooling Inc,,inactive,Partnership,18-7936912,533234771,US,MXN,,3 Way Match,true,Woman-Owned Small Business,brackenridge.tooling.brackenridgetoo.com,US-AP,3,2027-10-27,PLT-05;PLT-09
V-101457,Culverton Electrical Inc.,,A,Corporation,835505809,39069002,US,MXN,NET30,2 way,false,,culverton.electrical@culvertonele.com,EU-AP,2,2026-07-22,PLT-05;PLT-08;PLT-06
V-101458,Jarrow Plating Corp,Jarrow Plating,ACTIVE,LLC,677950287,406862795,US,CAD,Net 30,none,false,,,US-AP,Tier 2,2028-07-15,
V-101459,Alderman Logistics Inc,Alderman Logistics,active,LLC,161783086,140454385,US,GBP,N30,2 way,false,,alderman.logistics@aldermanlog.com,US-AP,3,2026-09-20,PLT-05;PLT-03
V-101460,Yarborough Springs LLC,Yarborough Springs,inactive,LLC,49-7003026,831978350,U.S.,USD,Net 60,None,,Woman-Owned Small Business,yarborough.springs@yarboroughspr.com,US-AP,1,2027-03-16,"PLT-01, PLT-11"
V-101461,Hollingworth Springs PLC,Hollingworth Springs,,Sole Prop,69-4650432,117063410,US,USD,Net 60,none,0,,,US-AP,Tier 2,2028-01-07,PLT-05;PLT-02
V-101462,Kettleby Lubricants GmbH,Kettleby Lubricants,inactive,Corporation,49-1035983,561088651,USA,USD,,2-way,Yes,Woman-Owned Small Business,kettleby.lubricants@kettlebylub.com,EU-AP,1,07/17/2026,PLT-09;PLT-07
V-101463,Rushcliffe Logistics Corp,Rushcliffe Logistics,inactive,Partnership,19-8762219,989739484,USA,USD,NET30,Two-way,YES,MBE,rushcliffe.logistics@rushcliffelog.com,EU-AP,High,2027-09-19,PLT-09;PLT-03
,Kettleby Fabrication Ltd,Kettleby Fabrication,A,LLC,722154625,87059585,Canada,EUR,Net 30,3-way,No,,kettleby.fabrication@kettlebyfab.com,CA-AP,2,08/11/2026,
V-101465,Denholm Fabrication S.A. de C.V.,Denholm Fabrication,Inactive,LLC,854079081,297207984,Germany,usd,Net 60,2-way,T,WBE,denholm.fabrication@denholmfab.com,UK-AP,3,2026-04-12,PLT-10
V-101466,Netherfield Weldments PLC,,I,Corporation,64-1354338,848976132,US,USD,Net30,3-way-direct,no,,netherfield.weldments@netherfieldwel.com,US-AP,2,2028-12-03,"PLT-05, PLT-01"
V-101467,Wolverton Pneumatics LLC,,active,Corporation,051888949,17947211,USA,GBP,Net 45,3-way,No,,,US-AP,2,,PLT-02
V-101468,Grimsby Calibration Corp,Grimsby Calibration,active,LLC,,406670574,United States,USD,Net 30,2-way,no,,grimsby.calibration@grimsbycal.com,,2,2028-12-28,PLT-12
V-101469,Wolverton Abrasives S.A. de C.V.,Wolverton Abrasives,active,Sole Proprietor,,282083845,USA,USD,Net 90,3-way,N,,wolverton.abrasives@wolvertonabr.com,US-AP,Medium,06/14/2028,PLT-01
V-101470,Elmswell Packaging Ltd.,,A,Corporation,73-3054822,,United States,USD,Net 30,3-way-direct,no,,elmswell.packaging@elmswellpac.com,,1,2026-02-09,PLT-03;PLT-02
V-101471,Oakhurst Gasket PLC,,ACTIVE,Corporation,783873641,901146942,USA,USD,Net 45,none,yes,SDVOSB,oakhurst.gasket@oakhurstgas.com,CA-AP,3,12/19/2027,PLT-08
V-101472,Ingleby Fabrication LLC,,Active,,93-9527600,167017563,US,,Net 60,3 way,False,,ingleby.fabrication.inglebyfab.com,US-AP,Tier 1,,PLT-04;PLT-05
V-101473,Ingleby Extrusions Inc.,Ingleby Extrusions,Inactive,Sole Prop,38-8452777,233372327,US,USD,NET30,3-way,False,,ingleby.extrusions@inglebyext.com,EU-AP,2,2026-11-07,PLT-02;PLT-01;PLT-05
V-101474,Grimsby Packaging Ltd.,Grimsby Packaging,Active,Limited Liability Company,75-6606107,593279430,Deutschland,,Net 30,2 Way Match,,,,UK-AP,Medium,2027-02-12,PLT-03;PLT-01
V-101475,Ingleby Plating LLC,Ingleby Plating,Active,Corporation,31-7284214,821809936,US,EUR,30 days,,0,,ingleby.plating@inglebypla.com,US-AP,1,2028-08-24,
V-101476,Grimsby Calibration PLC,Grimsby Calibration,draft,Corporation,464550303,436970774,Canada,GBP,Net30,3 way,no,,grimsby.calibration@grimsbycal.com,US-AP,High,01/21/2028,"PLT-01, PLT-08"
V-101477,Marchmont Forgings LLC,Marchmont Forgings,A,Corporation,76-8183163,268989086,,MXN,Net 60,2 way,F,,marchmont.forgings@marchmontfor.com,CA-AP,,2027-07-14,PLT-10;PLT-12;PLT-03
V-101478,Verwood Valves Inc.,,draft,Sole Proprietor,71-2106688,771552509,US,EUR,Net 15,,False,,ap@verwoodval.com; verwood.valves@verwoodval.com,US-AP,1,2028-01-17,PLT-12;PLT-01
V-101479,Denholm Abrasives Ltd.,Denholm Abrasives,Active,,86-8014121,651772399,Canada,USD,Net 30,3-way,0,,denholm.abrasives@denholmabr.com,US-AP,Medium,04/03/2026,"PLT-06, PLT-02"
V-101480,Ashworth Abrasives Inc,Ashworth Abrasives,draft,Corporation,83-5750035,,United States,USD,Net 45,2 way,1,DBE,ashworth.abrasives@ashworthabr.com,US-AP,2,10/22/2027,"PLT-09, PLT-04"
V-101481,Wolverton Forgings Ltd.,Wolverton Forgings,On Hold,Corporation,638649669,994815176,US,USD,Net 30,2-way,Y,HUBZone,ap@wolvertonfor.com; wolverton.forgings@wolvertonfor.com,,2,2027-12-05,PLT-12;PLT-11;PLT-08
V-101482,Fairweather Calibration GmbH,,A,Sole Prop,83-4145089,81-333-7838,GB,USD,,3 Way Match,1,WBE,fairweather.calibration@fairweathercal.com,EU-AP,Tier 2,2026-09-22,"PLT-11, PLT-12"
V-101483,Brackenridge Lubricants S.A. de C.V.,Brackenridge Lubricants,active,Corporation,550956429,949806614,DE,,Due on receipt,,no,,brackenridge.lubricants@brackenridgelub.com,UK-AP,2,2027-03-10,PLT-12
V-101484,Saltburn Foundry Ltd.,,Active,LLC,58-9897430,230589976,Germany,USD,Net30,3 Way Match,false,,,US-AP,2,04/19/2027,PLT-07
V-101485,Pemberton Abrasives PLC,Pemberton Abrasives,inactive,S-Corp,842125784,151739889,,USD,Net 45,3-way,False,,pemberton.abrasives@pembertonabr.com,US-AP,2,2026-09-03,"PLT-05, PLT-01, PLT-10"
V-101486,Oakhurst Valves Inc,Oakhurst Valves,active,Corporation,99-6685593,240189645,United States,USD,Net 60,2 way,false,,oakhurst.valves@oakhurstval.com,US-AP,Low,07/08/2028,PLT-08;PLT-12
V-101487,Farndale Gasket LLC,Farndale Gasket,active,Corporation,21-1480657,482824639,Mexico,GBP,Net 15,,No,,farndale.gasket.farndalegas.com,US-AP,1,2027-07-12,PLT-04;PLT-02
V-101488,Lansdowne Springs Ltd.,,active,Corporation,02-9831626,848235336,United States,USD,Net 45,3-way,false,,lansdowne.springs@lansdownespr.com,US-AP,Tier 2,2028-05-07,PLT-12;PLT-06
V-101489,Elmswell Electrical Corp,Elmswell Electrical,active,Corporation,08-9070360,585863755,MX,USD,Net 60,3-way,0,,elmswell.electrical@elmswellele.com,CA-AP,Tier 1,2027-03-11,PLT-11
V-102514,Culverton Valves Inc,Culverton Valves,active,Partnership,921563437,231870682,US,USD,Net 60,3 way,YES,DBE,ap@culvertonval.com; culverton.valves@culvertonval.com,EU-AP,3,2026-09-17,PLT-10
V-101491,Ashworth Seals Co,Ashworth Seals,Draft,Corporation,995287047,252265304,Mexico,GBP,Net 15,3-way,T,HUBZone,ashworth.seals@ashworthsea.com,US-AP,1,2026-01-18,"PLT-10, PLT-04, PLT-12"
V-101225,Netherfield Foundry Ltd,,inactive,Corporation,58-1190758,,USA,Euro,Net 45,3-way,T,VOSB,netherfield.foundry@netherfieldfou.com,US-AP,,2028-07-02,PLT-04;PLT-12
V-101493,Marchmont Logistics PLC,,Pending,,588755331,114168181,United States,USD,Net 30,Three way direct,N,,ap@marchmontlog.com; marchmont.logistics@marchmontlog.com,US-AP,Tier 3,03/19/2027,PLT-05;PLT-10;PLT-11
V-101494,Pemberton Gasket Inc,,active,LLC,81-8231978,,United Kingdom,usd,Net 30,,,VOSB,,US-AP,2,2028-09-28,PLT-06;PLT-05;PLT-08
V-101495,Rushcliffe Valves Ltd.,Rushcliffe Valves,active,Partnership,51-9955896,314309666,Canada,EUR,Immediate,Three way direct,N,,ap@rushcliffeval.com; rushcliffe.valves@rushcliffeval.com,EU-AP,Tier 1,2028-09-13,PLT-06;PLT-12;PLT-09
V-101496,Lansdowne Calibration Co,,Pending,Sole Proprietor,52-7443537,284781657,US,USD,Net 30,3-way,N,,lansdowne.calibration@lansdownecal.com,US-AP,Tier 2,2026-03-26,PLT-06;PLT-07;PLT-10
V-101497,Culverton Tooling Corp,Culverton Tooling,active,LLC,22-4594272,865105177,DE,USD,Net 30,none,False,,culverton.tooling@culvertontoo.com,UK-AP,2,2026-02-18,PLT-03;PLT-07
V-101498,Rushcliffe Fabrication LLC,Rushcliffe Fabrication,A,,872319300,872357160,United Kingdom,,30 days,2-way,,,rushcliffe.fabrication@rushcliffefab.com,UK-AP,Tier 1,2026-11-22,PLT-11
V-101499,Elmswell Seals GmbH,,ACTIVE,Corporation,90-2372300,51-231-5783,US,MXN,Due on receipt,none,False,,elmswell.seals@elmswellsea.com,,Low,2027-02-16,PLT-05
V-101500,Ashworth Lubricants Inc,,Active,Limited Liability Company,144430968,805298504,US,MXN,N30,None,Y,Woman-Owned Small Business,ashworth.lubricants@ashworthlub.com,EU-AP,2,2026-11-27,"PLT-07, PLT-05, PLT-09"
V-101501,Denholm Calibration Inc,Denholm Calibration,I,Corporation,69-4703354,239711989,US,EUR,30 days,3 Way Match,,,denholm.calibration@denholmcal.com,US-AP,2,02/22/2027,PLT-05;PLT-06
V-101502,Wolverton Hydraulics PLC,,Active,Corporation,51-8780816,796833473,US,USD,Net 15,3 Way Match,0,,wolverton.hydraulics@wolvertonhyd.com,EU-AP,,2026-06-13,PLT-10;PLT-01
V-101503,Pemberton Valves Ltd,Pemberton Valves,On Hold,S-Corp,39-2996234,,DE,USD,Net 30,3-way,FALSE,,pemberton.valves@pembertonval.com,EU-AP,2,2026-04-28,PLT-04;PLT-01;PLT-03;PLT-05
V-101504,Jarrow Plating Inc,Jarrow Plating,active,Sole Proprietor,49-1719329,859957796,CA,,Net 30,Two-way,0,,jarrow.plating@jarrowpla.com,EU-AP,High,2026-02-08,PLT-10
V-101505,Quarrington Packaging Co,,active,LLC,60-0942305,385206618,US,GBP,Net 30,,FALSE,,quarrington.packaging@quarringtonpac.com,CA-AP,3,2026-06-15,PLT-03;PLT-02
V-101506,Marchmont Forgings Inc,,Pending,Corporation,75-9001348,,MX,USD,Net 45,3-way,no,,marchmont.forgings@marchmontfor.com,EU-AP,Medium,2026-03-04,PLT-12;PLT-05;PLT-03
V-101507,Quarrington Lubricants Corp,Quarrington Lubricants,Active,LLC,286330829,18987282,Germany,USD,Net 30,,no,,quarrington.lubricants@quarringtonlub.com,CA-AP,1,03/11/2027,PLT-12;PLT-08
V-101508,Verwood Lubricants S.A. de C.V.,Verwood Lubricants,active,Corporation,828113151,645673014,CA,USD,Net 90,3-way-direct,TRUE,SDVOSB,verwood.lubricants@verwoodlub.com,US-AP,1,2028-11-20,PLT-05 / PLT-04 / PLT-07
V-101509,Saltburn Logistics Inc.,Saltburn Logistics,On Hold,Limited Liability Company,000769860,97-133-7362,USA,US Dollar,COD,Three way direct,,DBE,saltburn.logistics@saltburnlog.com,EU-AP,Low,2027-01-06,PLT-05
V-101510,Brackenridge Bearings LLC,,Inactive,,148060553,,Mexico,USD,Net 45,3-way,N,,ap@brackenridgebea.com; brackenridge.bearings@brackenridgebea.com,US-AP,,05/23/2026,"PLT-01, PLT-02, PLT-11"
V-101511,Grimsby Springs PLC,Grimsby Springs,active,Limited Liability Company,15-2640608,86-450-4960,United States,USD,Net 60,2-way,N,,grimsby.springs@grimsbyspr.com,US-AP,Medium,2026-04-28,"PLT-12, PLT-06"
V-101512,Jarrow Tooling S.A. de C.V.,Jarrow Tooling,inactive,LLC,87-7686655,901395835,US,CAD,Net 30,none,false,,jarrow.tooling@jarrowtoo.com,EU-AP,3,2026-06-19,PLT-05
V-101513,Culverton Seals S.A. de C.V.,Culverton Seals,inactive,S-Corp,82-4304496,,USA,USD,,none,False,,,EU-AP,,05/18/2026,PLT-08
V-101514,Rushcliffe Hydraulics Corp,,draft,Limited Liability Company,78-3648649,263313774,MX,EUR,,2 way,False,,rushcliffe.hydraulics@rushcliffehyd.com,US-AP,1,07/05/2028,PLT-10;PLT-06
V-101515,Ashworth Weldments S.A. de C.V.,,active,Partnership,,817131829,,usd,,None,F,,ashworth.weldments.ashworthwel.com,US-AP,1,2026-12-10,PLT-10;PLT-02
V-101516,Netherfield Logistics Inc,,active,Sole Proprietor,43-3710480,605008665,MX,USD,Net 30,3-way-direct,False,,netherfield.logistics@netherfieldlog.com,US-AP,,06/23/2026,PLT-05
V-101517,Brackenridge Packaging Co,Brackenridge Packaging,active,,320054435,102634698,,USD,Net 60,,false,,brackenridge.packaging@brackenridgepac.com,US-AP,High,2027-07-09,"PLT-09, PLT-07, PLT-10"
V-101518,Marchmont Forgings Co,Marchmont Forgings,Active,Corporation,043371979,,United States,Euro,,Three way direct,1,Woman-Owned Small Business,marchmont.forgings@marchmontfor.com,EU-AP,3,2028-11-03,PLT-08;PLT-09
V-101519,Kettleby Coatings Corp,Kettleby Coatings,Inactive,LLC,02-6324177,993452464,US,USD,Immediate,3-way,0,,kettleby.coatings.kettlebycoa.com,,,2028-09-25,"PLT-07, PLT-02, PLT-06"
V-101520,Marchmont Lubricants GmbH,Marchmont Lubricants,inactive,S-Corp,278556502,616082526,US,USD,,2-way,True,DBE,marchmont.lubricants@marchmontlub.com,,2,04/16/2026,
V-101521,Draycott Pneumatics S.A. de C.V.,Draycott Pneumatics,active,Corporation,736675537,660761155,US,USD,Net 30,None,,,draycott.pneumatics@draycottpne.com,CA-AP,Medium,2027-02-19,PLT-12;PLT-11;PLT-02;PLT-04
V-101522,Kettleby Tooling Inc.,Kettleby Tooling,active,LLC,09-0585032,183860799,US,USD,,2-way,F,,kettleby.tooling@kettlebytoo.com,EU-AP,Medium,03/10/2027,
V-101523,Thirlmere Fabrication Co,Thirlmere Fabrication,Active,,04-1770445,,DE,USD,Net 30,3-way-direct,,,thirlmere.fabrication@thirlmerefab.com,US-AP,High,07/21/2027,"PLT-05, PLT-04, PLT-06"
V-101524,Jarrow Hydraulics S.A. de C.V.,,active,Corporation,758101543,186915088,Canada,EUR,Net 30,2 Way Match,Yes,Minority Business Enterprise,ap@jarrowhyd.com; jarrow.hydraulics@jarrowhyd.com,MX-AP,,09/16/2027,PLT-11
V-101525,Ingleby Castings PLC,,draft,Corporation,538856278,181206722,US,USD,NET30,2 way,False,,ingleby.castings.inglebycas.com,US-AP,Tier 1,2026-02-27,PLT-08
V-101526,Elmswell Logistics S.A. de C.V.,Elmswell Logistics,active,LLC,015597874,916643072,DE,USD,COD,3-way-direct,FALSE,,elmswell.logistics@elmswelllog.com,EU-AP,Tier 2,2026-11-22,PLT-05
V-101527,Wolverton Machining Ltd,Wolverton Machining,active,S-Corp,334210101,796234155,,usd,NET30,,0,,wolverton.machining@wolvertonmac.com,MX-AP,1,,PLT-04
V-101528,Quarrington Hydraulics Ltd.,,A,Corporation,721977920,712856008,GB,GBP,NET30,3 Way Match,no,,quarrington.hydraulics.quarringtonhyd.com,EU-AP,3,2027-09-05,PLT-01
V-101529,Culverton Calibration Inc.,Culverton Calibration,active,LLC,59-8749538,216090769,US,EUR,Net 15,2-way,False,,culverton.calibration@culvertoncal.com,MX-AP,2,02/11/2026,PLT-04 / PLT-10 / PLT-09
V-101530,Fairweather Weldments Inc,Fairweather Weldments,Inactive,,608174087,395666657,U.S.,USD,Net 30,3-way-direct,yes,VOSB,fairweather.weldments@fairweatherwel.com,CA-AP,2,07/15/2026,"PLT-04, PLT-12"
V-101531,Alderman Seals Inc.,,active,LLC,71-9725436,862348244,Canada,GBP,Net 15,2 Way Match,FALSE,,ap@aldermansea.com; alderman.seals@aldermansea.com,MX-AP,2,05/24/2028,"PLT-10, PLT-05"
V-101532,Lansdowne Gasket Ltd.,Lansdowne Gasket,Active,Corporation,732126644,584131818,US,GBP,Net 30,3-way-direct,0,,lansdowne.gasket.lansdownegas.com,US-AP,1,08/24/2026,"PLT-11, PLT-07"
V-101533,Ingleby Abrasives GmbH,Ingleby Abrasives,Active,Sole Prop,156103051,650799190,MX,usd,Immediate,None,T,MBE,ingleby.abrasives@inglebyabr.com,,Medium,2028-01-19,PLT-08
V-101534,Jarrow Electrical Ltd.,,draft,,949533952,295281539,GB,EUR,Net 30,3-way,F,,jarrow.electrical@jarrowele.com,CA-AP,Low,2028-09-16,PLT-09;PLT-05;PLT-03;PLT-07
V-101535,Yarborough Pneumatics Co,Yarborough Pneumatics,,Sole Prop,619375525,604517596,CA,GBP,Net 30,3-way,False,,yarborough.pneumatics@yarboroughpne.com,US-AP,1,2027-07-12,PLT-10
V-101536,Oakhurst Fabrication LLC,Oakhurst Fabrication,active,LLC,27-2685064,565790363,Deutschland,,Net 30,2-way,,,oakhurst.fabrication@oakhurstfab.com,,1,2028-10-06,PLT-01
V-101537,Farndale Castings Ltd,,Active,Sole Proprietor,975052590,884654409,US,usd,Net 45,none,False,,farndale.castings@farndalecas.com,,,,PLT-04;PLT-03;PLT-11
V-101538,Ashworth Abrasives Ltd,,active,LLC,535591653,295319948,,EUR,Net 60,None,no,,ashworth.abrasives@ashworthabr.com,US-AP,Tier 1,12/13/2028,PLT-02;PLT-05;PLT-07
V-101539,Alderman Machining Ltd,,I,LLC,,714973465,US,GBP,,3-way,F,,alderman.machining@aldermanmac.com,CA-AP,2,2027-05-07,PLT-03;PLT-04;PLT-01
V-101540,Brackenridge Abrasives Ltd.,Brackenridge Abrasives,inactive,,09-1481217,787590999,Mexico,USD,Net 30,3-way-direct,false,,brackenridge.abrasives@brackenridgeabr.com,US-AP,1,,PLT-08
V-101541,Farndale Calibration GmbH,,active,LLC,064121834,261482894,United States,CAD,Net 90,3-way,false,,farndale.calibration@farndalecal.com,US-AP,2,11/20/2026,
V-101542,Ingleby Hydraulics Corp,Ingleby Hydraulics,Pending,Sole Proprietor,507831350,582380984,United Kingdom,USD,Net 30,none,yes,HUBZone,,US-AP,Tier 2,2027-01-08,PLT-05;PLT-09;PLT-10
V-101543,Draycott Castings S.A. de C.V.,Draycott Castings,draft,LLC,23-1712502,818946503,Canada,USD,N30,2 way,YES,WBE,draycott.castings@draycottcas.com,US-AP,,05/19/2028,PLT-06
V-101544,Jarrow Hydraulics Ltd,Jarrow Hydraulics,,,,874098759,CA,USD,Net 90,None,False,,jarrow.hydraulics@jarrowhyd.com,MX-AP,,2026-09-27,PLT-12;PLT-10
V-101545,Thirlmere Logistics Corp,Thirlmere Logistics,I,LLC,62-5500522,11-846-9172,US,CAD,,none,0,,thirlmere.logistics@thirlmerelog.com,MX-AP,Medium,10/27/2028,PLT-07
V-101546,Ballantyne Abrasives S.A. de C.V.,Ballantyne Abrasives,Inactive,Limited Liability Company,811214692,890886396,US,USD,,3-way-direct,false,,ballantyne.abrasives@ballantyneabr.com,UK-AP,3,2028-02-11,PLT-08
V-101547,Netherfield Calibration Ltd,,active,,240068531,849507294,Canada,USD,Net 30,Two-way,no,,netherfield.calibration@netherfieldcal.com,EU-AP,High,2028-01-23,PLT-03
V-101548,Ashworth Electrical GmbH,Ashworth Electrical,active,Sole Proprietor,73-8660641,543962163,Canada,USD,Net 30,3-way,Y,HUBZone,ap@ashworthele.com; ashworth.electrical@ashworthele.com,UK-AP,Tier 3,2027-10-14,
V-101549,Elmswell Castings Inc.,Elmswell Castings,inactive,,311435445,838421662,US,CAD,Net 30,3-way,yes,Minority Business Enterprise,elmswell.castings@elmswellcas.com,,,2026-07-07,
V-101550,Thirlmere Castings Ltd,,active,Corporation,536139569,312297341,USA,USD,COD,2 way,True,HUBZone,thirlmere.castings@thirlmerecas.com,MX-AP,2,2027-07-17,"PLT-03, PLT-06, PLT-02"
,Fairweather Valves Inc,Fairweather Valves,Inactive,Limited Liability Company,74-5265751,166624828,DE,USD,Net 30,2 way,0,,fairweather.valves@fairweatherval.com,CA-AP,Low,2028-03-05,PLT-06;PLT-01
V-101552,Marchmont Fabrication Corp,,active,Corporation,202999530,677131501,US,USD,Net 15,,F,,marchmont.fabrication@marchmontfab.com,US-AP,1,03/04/2028,
V-101553,Saltburn Coatings Co,Saltburn Coatings,Active,,92-4005665,153947700,US,GBP,NET30,2-way,N,,saltburn.coatings@saltburncoa.com,US-AP,3,2026-07-15,PLT-07;PLT-03;PLT-11
V-101554,Netherfield Lubricants S.A. de C.V.,,active,S-Corp,732522268,750980622,US,CAD,Net30,3-way,true,Minority Business Enterprise,netherfield.lubricants@netherfieldlub.com,US-AP,2,01/01/2028,PLT-08
V-101555,Ullswater Forgings Inc.,,Active,LLC,426128023,215934107,USA,EUR,NET30,3-way,YES,WBE,ullswater.forgings@ullswaterfor.com,,2,05/06/2026,PLT-03;PLT-06
V-101556,Elmswell Calibration PLC,Elmswell Calibration,,Corporation,482360200,258621203,MX,usd,Net 45,2-way,True,DBE,elmswell.calibration@elmswellcal.com,,2,2027-05-27,"PLT-10, PLT-11"
V-101557,Thirlmere Machining Inc,,active,LLC,76-8752078,22165005,USA,EUR,Net 90,3 way,F,SDVOSB,thirlmere.machining@thirlmeremac.com,US-AP,3,2026-12-10,"PLT-09, PLT-03"
V-101558,Thirlmere Bearings Co,,active,S-Corp,515223012,02115980,U.S.,USD,Net 30,3-way,N,,thirlmere.bearings@thirlmerebea.com,US-AP,2,05/17/2028,"PLT-02, PLT-05, PLT-06"
V-101559,Ashworth Castings Ltd.,,Draft,Sole Proprietor,23-0576613,478460493,United States,EUR,Net 60,None,False,,ashworth.castings@ashworthcas.com,US-AP,1,,PLT-10;PLT-06
V-101560,Fairweather Forgings Inc.,Fairweather Forgings,,S-Corp,77-7954275,245535536,United Kingdom,EUR,Net 45,,true,WOSB,ap@fairweatherfor.com; fairweather.forgings@fairweatherfor.com,US-AP,,04/17/2026,"PLT-12, PLT-06"
V-101561,Marchmont Abrasives Ltd,,Inactive,Corporation,40-2116962,24905900,US,CAD,2/10 Net 30,Two-way,N,,ap@marchmontabr.com; marchmont.abrasives@marchmontabr.com,US-AP,Tier 2,2026-07-23,PLT-06
V-101562,Marchmont Pneumatics PLC,Marchmont Pneumatics,active,Partnership,,244100781,US,USD,Net 30,none,false,,marchmont.pneumatics@marchmontpne.com,,3,2028-02-05,PLT-05
V-101563,Culverton Extrusions GmbH,,draft,Corporation,28-1746458,275710051,CA,USD,,,N,,culverton.extrusions@culvertonext.com,,Medium,04/10/2027,PLT-01
V-101564,Kettleby Pneumatics Inc.,,active,,479319419,965922757,USA,USD,Net 15,2 way,,,kettleby.pneumatics@kettlebypne.com,,3,,PLT-10;PLT-11;PLT-07
V-101565,Elmswell Calibration Ltd.,Elmswell Calibration,active,LLC,20-7623044,860415465,United States,EUR,30 days,,False,,elmswell.calibration@elmswellcal.com,CA-AP,3,,PLT-04
V-101566,Pemberton Extrusions PLC,Pemberton Extrusions,active,Partnership,55-4741597,780012172,US,GBP,COD,2-way,yes,Minority Business Enterprise,pemberton.extrusions@pembertonext.com,CA-AP,Low,,PLT-08;PLT-03;PLT-01
,Pemberton Gasket Inc.,Pemberton Gasket,active,Partnership,934771268,927161764,GB,USD,Net 30,3-way,0,,pemberton.gasket@pembertongas.com,US-AP,Tier 3,2027-09-15,
,Quarrington Lubricants Ltd,Quarrington Lubricants,Active,Sole Proprietor,128064403,82-351-0539,US,EUR,Net 90,3 Way Match,No,,quarrington.lubricants@quarringtonlub.com,UK-AP,1,05/24/2026,PLT-12;PLT-01
V-101569,Quarrington Gasket Ltd.,Quarrington Gasket,On Hold,LLC,76-1277881,238230677,,USD,2/10 Net 30,2 Way Match,Y,Woman-Owned Small Business,quarrington.gasket@quarringtongas.com,CA-AP,3,2028-07-24,"PLT-01, PLT-09, PLT-08"
V-101570,Ullswater Hydraulics GmbH,Ullswater Hydraulics,Active,S-Corp,92-7659303,83422970,United States,USD,Net 30,3-way,F,,ullswater.hydraulics@ullswaterhyd.com,,2,2028-01-08,"PLT-10, PLT-05, PLT-07, PLT-02"
V-101571,Ullswater Foundry Inc.,,active,Corporation,07-3156761,800711027,United States,EUR,Net 90,none,,,ullswater.foundry@ullswaterfou.com,US-AP,Low,2028-07-24,PLT-01
V-101572,Lansdowne Valves Ltd,Lansdowne Valves,Active,Sole Proprietor,99-4762062,367266062,US,CAD,Net 60,3-way,false,,lansdowne.valves@lansdowneval.com,EU-AP,2,2027-10-17,PLT-08;PLT-05
V-101573,Farndale Valves S.A. de C.V.,Farndale Valves,active,Partnership,489094030,858715048,US,USD,Net 15,3-way,N,,farndale.valves@farndaleval.com,UK-AP,2,2027-08-16,PLT-12
V-101574,Yarborough Hydraulics Co,Yarborough Hydraulics,inactive,LLC,73-0382230,864578868,US,USD,Net 45,3 way,F,,ap@yarboroughhyd.com; yarborough.hydraulics@yarboroughhyd.com,UK-AP,2,2028-05-19,PLT-06;PLT-03
V-101575,Castleford Seals Co,,Pending,Partnership,497403147,,MX,USD,Due on receipt,Two-way,false,,castleford.seals@castlefordsea.com,US-AP,2,01/10/2027,
V-100362,Lansdowne Springs Inc,,On Hold,Corporation,542834485,344378465,US,,Net 90,3 Way Match,TRUE,MBE,lansdowne.springs@lansdownespr.com,US-AP,3,07/17/2026,"PLT-09, PLT-04, PLT-11"
V-101577,Verwood Hydraulics Ltd.,Verwood Hydraulics,Inactive,Corporation,297833801,437928640,GB,USD,,3-way,false,,,US-AP,High,2028-12-24,"PLT-05, PLT-12"
V-101578,Verwood Lubricants Inc,,active,Sole Prop,815235706,694608012,US,EUR,NET30,3 Way Match,F,,verwood.lubricants@verwoodlub.com,UK-AP,Tier 3,,PLT-12;PLT-02;PLT-09;PLT-11
V-101579,Ingleby Abrasives S.A. de C.V.,Ingleby Abrasives,I,LLC,220090741,853582592,United Kingdom,USD,Net 60,3-way,FALSE,,ingleby.abrasives@inglebyabr.com,,3,2027-02-22,PLT-05
V-101580,Fairweather Calibration Ltd.,Fairweather Calibration,On Hold,Corporation,89-4728249,697804728,USA,USD,Net 90,2-way,Y,VOSB,fairweather.calibration@fairweathercal.com,CA-AP,3,2027-02-09,PLT-08;PLT-03
V-101581,Draycott Packaging Co,,active,,27-8565865,862388055,CA,USD,Net 30,2-way,YES,HUBZone,draycott.packaging@draycottpac.com,MX-AP,Tier 2,10/09/2027,PLT-09;PLT-10;PLT-08;PLT-05
V-101582,Farndale Forgings Co,,A,Non-Profit,55-9879915,303890001,US,,N30,Three way direct,FALSE,,farndale.forgings@farndalefor.com,US-AP,2,2027-08-05,
V-101583,Farndale Springs Inc,Farndale Springs,active,S-Corp,529980322,693829219,US,,NET30,3-way-direct,False,,farndale.springs@farndalespr.com,,Tier 1,04/21/2026,PLT-11
V-101584,Oakhurst Calibration Ltd,,On Hold,S-Corp,418910756,796622564,Deutschland,CAD,Immediate,3-way,0,,oakhurst.calibration@oakhurstcal.com,CA-AP,2,2028-04-11,PLT-06;PLT-09
V-101585,Ballantyne Foundry PLC,Ballantyne Foundry,active,Corporation,47-4387807,117558480,US,GBP,Net 90,2-way,FALSE,,ballantyne.foundry@ballantynefou.com,,2,2027-09-27,PLT-11
V-101586,Rushcliffe Tooling S.A. de C.V.,,active,S-Corp,40-8362586,289787067,Germany,USD,Net 30,Two-way,No,,rushcliffe.tooling@rushcliffetoo.com,EU-AP,Low,2028-04-10,"PLT-08, PLT-03"
V-101587,Lansdowne Packaging Inc.,Lansdowne Packaging,Active,Corporation,754318296,784389363,Canada,EUR,Immediate,3-way,FALSE,,lansdowne.packaging.lansdownepac.com,US-AP,Low,2026-12-04,PLT-03;PLT-09
V-101588,Ballantyne Lubricants Inc.,Ballantyne Lubricants,Active,Corporation,63-1279920,984277525,US,Euro,Net 60,3-way,false,,ballantyne.lubricants@ballantynelub.com,,,2027-05-17,PLT-09;PLT-01
V-101589,Culverton Extrusions LLC,,active,LLC,63-8658778,552220637,,,Net 30,3-way-direct,0,,culverton.extrusions@culvertonext.com,,Tier 3,01/13/2026,PLT-04
V-101590,Ashworth Hydraulics Inc,Ashworth Hydraulics,inactive,Partnership,37-7109102,721950218,US,,Net30,none,yes,WOSB,,US-AP,3,2027-03-05,"PLT-08, PLT-10, PLT-06, PLT-02"
V-101591,Oakhurst Weldments LLC,,,Corporation,766236324,657038647,CA,CAD,Net 30,2 Way Match,false,,oakhurst.weldments.oakhurstwel.com,UK-AP,1,2027-11-26,"PLT-10, PLT-12"
V-101592,Grimsby Plating LLC,Grimsby Plating,A,LLC,55-5936364,131783091,USA,USD,Due on receipt,none,F,,grimsby.plating@grimsbypla.com,,1,2028-06-17,PLT-09
V-101593,Pemberton Abrasives Ltd,Pemberton Abrasives,active,LLC,844626090,426446011,GB,MXN,COD,2-way,F,,pemberton.abrasives@pembertonabr.com,CA-AP,Tier 2,,PLT-05
V-101594,Castleford Abrasives Ltd.,Castleford Abrasives,Pending,,60-9781303,904619559,US,MXN,Net 30,3-way,false,,castleford.abrasives@castlefordabr.com,US-AP,Low,,"PLT-11, PLT-03, PLT-02, PLT-10"
V-101595,Rushcliffe Seals Co,Rushcliffe Seals,Pending,LLC,313931327,250710045,MX,GBP,COD,none,N,,rushcliffe.seals@rushcliffesea.com,US-AP,2,2027-08-14,
V-101596,Rushcliffe Seals Corp,Rushcliffe Seals,active,Sole Proprietor,021896817,540594041,USA,Euro,Net 60,3 way,N,,rushcliffe.seals@rushcliffesea.com,US-AP,,2027-03-04,
V-101597,Verwood Foundry Ltd,Verwood Foundry,active,Corporation,12-8812800,101388358,USA,US Dollar,2/10 Net 30,2-way,N,,verwood.foundry@verwoodfou.com,US-AP,2,2026-05-08,"PLT-07, PLT-03, PLT-11"
V-101598,Netherfield Weldments PLC,Netherfield Weldments,active,Corporation,386622993,779455563,,GBP,Net 30,2-way,false,,netherfield.weldments@netherfieldwel.com,US-AP,1,2028-03-23,PLT-05
V-101599,Quarrington Pneumatics GmbH,Quarrington Pneumatics,active,LLC,50-0505309,799860368,US,USD,Net 60,3 way,FALSE,,,UK-AP,1,2026-03-04,PLT-10
V-101600,Farndale Calibration PLC,Farndale Calibration,active,Corporation,89-7899971,650181479,GB,USD,Net 30,2 way,0,,farndale.calibration@farndalecal.com,UK-AP,,2026-11-17,PLT-09;PLT-08
V-101601,Jarrow Fasteners Ltd.,Jarrow Fasteners,Active,,48-7194256,590373096,US,CAD,Net 30,3 way,,,ap@jarrowfas.com; jarrow.fasteners@jarrowfas.com,EU-AP,,,PLT-02
V-101602,Hollingworth Springs Inc,Hollingworth Springs,Inactive,Partnership,702153545,169664848,United Kingdom,EUR,Net 30,2-way,No,,hollingworth.springs.hollingworthspr.com,MX-AP,Tier 3,08/02/2028,PLT-05 / PLT-11 / PLT-02
V-101603,Thirlmere Gasket S.A. de C.V.,,active,Corporation,46-8665520,972403385,United States,GBP,Net 30,3-way,Y,WOSB,thirlmere.gasket@thirlmeregas.com,,Tier 1,,PLT-10;PLT-02;PLT-11;PLT-12
V-101604,Elmswell Foundry Corp,Elmswell Foundry,draft,,853258497,639113665,U.S.,US Dollar,Due on receipt,3 way,FALSE,,elmswell.foundry@elmswellfou.com,EU-AP,,,PLT-09
V-101605,Pemberton Packaging Inc.,Pemberton Packaging,Active,Limited Liability Company,79-4399984,987199924,United Kingdom,Euro,Net 45,2-way,no,,pemberton.packaging@pembertonpac.com,,Low,2026-10-18,PLT-12;PLT-07
V-101606,Denholm Abrasives Ltd,,active,LLC,593864193,866404697,MX,CAD,Net 90,2 way,False,,denholm.abrasives@denholmabr.com,US-AP,Medium,11/16/2026,"PLT-07, PLT-06"
V-101607,Wolverton Calibration Ltd.,,active,S-Corp,64-3818079,447141525,Canada,EUR,,2-way,,,wolverton.calibration@wolvertoncal.com,MX-AP,3,2026-04-21,PLT-10;PLT-07;PLT-02
V-101608,Culverton Abrasives Inc.,,Pending,Corporation,74-8782134,147558659,Germany,USD,Net30,,F,,culverton.abrasives@culvertonabr.com,UK-AP,1,,PLT-03;PLT-04
V-101609,Jarrow Castings LLC,,inactive,Sole Proprietor,46-5565410,230486618,USA,CAD,Net 45,3-way,FALSE,,jarrow.castings@jarrowcas.com,US-AP,2,2027-08-09,PLT-09
V-101610,Quarrington Plating Ltd,Quarrington Plating,Active,Corporation,63-4789666,292005481,US,Euro,Due on receipt,2-way,no,,quarrington.plating@quarringtonpla.com,US-AP,2,06/19/2028,PLT-09
V-101611,Brackenridge Forgings Co,,,Sole Proprietor,03-2698103,879626884,DE,usd,Net 90,3-way,F,,brackenridge.forgings@brackenridgefor.com,EU-AP,1,,PLT-03;PLT-05
V-101612,Eastgate Plating GmbH,,Inactive,Corporation,06-0377944,76-805-8473,CA,MXN,2/10 Net 30,2 way,No,,eastgate.plating@eastgatepla.com,MX-AP,3,2028-01-24,PLT-06;PLT-03;PLT-07
V-101613,Jarrow Coatings Corp,Jarrow Coatings,inactive,,07-9606284,,United Kingdom,USD,Net30,2-way,0,,jarrow.coatings@jarrowcoa.com,US-AP,,,PLT-03;PLT-05;PLT-01;PLT-12
V-101614,Saltburn Bearings Inc,,active,S-Corp,984092012,243517902,CA,USD,,3-way-direct,1,SDVOSB,saltburn.bearings@saltburnbea.com,,Tier 2,2028-06-13,PLT-09
V-101615,Wolverton Bearings S.A. de C.V.,Wolverton Bearings,Pending,LLC,12-4639701,877152730,CA,CAD,Net 15,,YES,HUBZone,wolverton.bearings@wolvertonbea.com,US-AP,1,12/05/2026,PLT-12;PLT-06;PLT-10
V-101616,Hollingworth Tooling GmbH,Hollingworth Tooling,Active,LLC,432558810,80-932-6598,US,usd,2/10 Net 30,2-way,0,,hollingworth.tooling@hollingworthtoo.com,CA-AP,2,2027-12-10,PLT-03;PLT-06;PLT-11
V-101617,Marchmont Calibration PLC,Marchmont Calibration,Draft,LLC,204964640,57-744-2634,DE,USD,Net 90,None,No,,marchmont.calibration@marchmontcal.com,US-AP,High,,
V-101618,Jarrow Lubricants Corp,Jarrow Lubricants,active,Corporation,86-5602276,165182023,Deutschland,US Dollar,Due on receipt,Two-way,true,SDVOSB,jarrow.lubricants@jarrowlub.com,US-AP,1,05/16/2028,PLT-01
V-101619,Draycott Machining PLC,Draycott Machining,Active,Partnership,010738350,53589151,CA,USD,,2-way,TRUE,WBE,draycott.machining@draycottmac.com,MX-AP,2,2028-02-25,PLT-10;PLT-03
V-101620,Eastgate Lubricants Ltd.,,Active,,03-6898448,967158050,Mexico,EUR,,2 way,F,,eastgate.lubricants@eastgatelub.com,UK-AP,High,2027-12-12,"PLT-04, PLT-03"
V-101621,Verwood Logistics GmbH,Verwood Logistics,active,,,812221395,USA,USD,Net30,3-way,0,,verwood.logistics@verwoodlog.com,US-AP,2,,
V-101622,Castleford Machining Ltd.,Castleford Machining,A,Limited Liability Company,08-4807831,814598000,US,EUR,Net 30,3 Way Match,N,,castleford.machining@castlefordmac.com,,3,2028-12-27,"PLT-02, PLT-08"
V-101623,Pemberton Tooling PLC,,active,LLC,48-5660133,379823204,GB,EUR,Net 60,3 way,False,,,MX-AP,1,2028-06-10,PLT-07
V-101624,Draycott Lubricants Co,Draycott Lubricants,inactive,Corporation,29-8157253,640766003,USA,EUR,Due on receipt,3-way-direct,yes,WOSB,ap@draycottlub.com; draycott.lubricants@draycottlub.com,,,2028-10-03,PLT-05 / PLT-07 / PLT-08
V-101625,Netherfield Extrusions LLC,,active,Partnership,55-5436740,912615733,MX,EUR,2/10 Net 30,None,Yes,Minority Business Enterprise,,US-AP,2,06/27/2028,PLT-07;PLT-09;PLT-01
V-101626,Farndale Calibration GmbH,Farndale Calibration,Draft,Non-Profit,01-2036685,286483607,DE,USD,Net 45,3 Way Match,No,,ap@farndalecal.com; farndale.calibration@farndalecal.com,US-AP,High,,PLT-11
V-101627,Pemberton Electrical GmbH,Pemberton Electrical,draft,,436707789,814056989,,USD,NET30,none,No,,pemberton.electrical@pembertonele.com,US-AP,3,02/27/2028,PLT-03;PLT-04;PLT-08;PLT-12
V-101628,Alderman Fabrication S.A. de C.V.,Alderman Fabrication,inactive,,054100485,970276237,USA,USD,Net 30,3-way,FALSE,,alderman.fabrication@aldermanfab.com,US-AP,2,2027-01-13,PLT-01;PLT-06
V-101629,Fairweather Calibration LLC,Fairweather Calibration,draft,Corporation,038899189,976680515,GB,MXN,Net 15,3-way,no,,fairweather.calibration@fairweathercal.com,MX-AP,Low,04/09/2026,PLT-05
V-101630,Ashworth Fabrication Ltd,Ashworth Fabrication,Pending,Corporation,611948757,770469110,US,USD,Net 30,3-way,,,ap@ashworthfab.com; ashworth.fabrication@ashworthfab.com,EU-AP,High,2028-12-16,
V-101631,Netherfield Seals S.A. de C.V.,Netherfield Seals,active,Sole Prop,26-0142278,964156180,US,EUR,N30,,F,,netherfield.seals@netherfieldsea.com,US-AP,1,12/16/2026,
V-101632,Lansdowne Pneumatics Inc,Lansdowne Pneumatics,draft,LLC,55-8472702,153610227,US,USD,NET30,none,false,,lansdowne.pneumatics@lansdownepne.com,MX-AP,2,2027-08-03,PLT-02;PLT-05;PLT-04
V-101633,Thirlmere Castings Inc,,active,Sole Proprietor,31-1950819,84951221,United States,CAD,,2-way,false,,thirlmere.castings@thirlmerecas.com,US-AP,,07/27/2028,PLT-08;PLT-10;PLT-07;PLT-02
V-101634,Eastgate Fabrication Inc.,,inactive,,38-0956778,848383012,Germany,MXN,Net 30,3-way,0,,eastgate.fabrication@eastgatefab.com,US-AP,1,2028-10-25,PLT-12;PLT-01;PLT-04
V-101635,Oakhurst Fabrication S.A. de C.V.,,Active,Corporation,28-3253631,310446974,US,,COD,3 way,0,,oakhurst.fabrication@oakhurstfab.com,EU-AP,Tier 3,2026-05-19,"PLT-03, PLT-09, PLT-06"
V-101636,Denholm Pneumatics Inc,,active,Partnership,141507684,374065025,US,USD,Net 60,2-way,,,denholm.pneumatics@denholmpne.com,UK-AP,2,2028-04-04,"PLT-03, PLT-09, PLT-07"
V-101637,Ingleby Seals PLC,Ingleby Seals,draft,,76-4429459,796921106,United States,GBP,,3 way,False,,ingleby.seals@inglebysea.com,,2,2027-04-27,PLT-04
V-101638,Rushcliffe Hydraulics LLC,,Active,,63-9457966,02239844,United States,Euro,Net30,none,F,,rushcliffe.hydraulics@rushcliffehyd.com,US-AP,3,2028-03-02,
V-101639,Farndale Weldments GmbH,Farndale Weldments,On Hold,Corporation,734755055,254062670,USA,USD,Net 30,Three way direct,YES,VOSB,farndale.weldments@farndalewel.com,CA-AP,Low,,"PLT-09, PLT-10"
V-101640,Eastgate Fasteners Ltd.,Eastgate Fasteners,active,,70-7173418,263368338,CA,EUR,COD,3 way,True,VOSB,eastgate.fasteners@eastgatefas.com,EU-AP,1,04/17/2027,"PLT-08, PLT-11, PLT-12"
V-101641,Lansdowne Hydraulics Inc,Lansdowne Hydraulics,active,Limited Liability Company,474013949,54-404-2362,DE,USD,2/10 Net 30,3-way,yes,Woman-Owned Small Business,lansdowne.hydraulics@lansdownehyd.com,US-AP,2,2028-11-16,PLT-04;PLT-02;PLT-08
V-101642,Ashworth Bearings LLC,,active,Corporation,68-0415673,58570150,US,,Due on receipt,2 Way Match,YES,MBE,ashworth.bearings@ashworthbea.com,US-AP,,06/06/2026,PLT-05
V-101643,Marchmont Lubricants S.A. de C.V.,,inactive,LLC,22-4690213,816537877,United Kingdom,EUR,,2-way,Yes,DBE,marchmont.lubricants@marchmontlub.com,US-AP,2,2028-11-10,PLT-12;PLT-04
V-101644,Elmswell Coatings GmbH,,inactive,Corporation,95-8583830,239656836,MX,CAD,Due on receipt,2-way,TRUE,MBE,elmswell.coatings@elmswellcoa.com,US-AP,Tier 1,2026-08-27,PLT-04 / PLT-09 / PLT-05
V-101645,Jarrow Seals S.A. de C.V.,Jarrow Seals,Active,S-Corp,,93-947-8711,DE,,Net 45,3-way,N,,,,3,07/09/2028,PLT-07;PLT-02
V-101646,Elmswell Seals Ltd.,,Pending,Sole Prop,54-8844043,58-057-2998,GB,USD,Net 90,3-way-direct,no,,elmswell.seals@elmswellsea.com,UK-AP,1,02/01/2028,PLT-12
V-101647,Grimsby Logistics Co,Grimsby Logistics,Active,LLC,309994673,147386286,US,CAD,NET30,3-way-direct,no,,grimsby.logistics@grimsbylog.com,US-AP,,2028-02-28,PLT-10
V-101648,Thirlmere Abrasives Inc,Thirlmere Abrasives,active,LLC,313988331,409782012,USA,US Dollar,Net 30,None,no,,thirlmere.abrasives@thirlmereabr.com,US-AP,High,,PLT-01 / PLT-04 / PLT-06 / PLT-03
V-101649,Saltburn Foundry Ltd.,Saltburn Foundry,I,Corporation,36-2494265,629558441,Canada,USD,N30,3-way,YES,Minority Business Enterprise,saltburn.foundry@saltburnfou.com,,3,06/27/2026,"PLT-06, PLT-11"
V-101650,Marchmont Abrasives Ltd,Marchmont Abrasives,A,Corporation,71-4399047,175563888,USA,US Dollar,Net 90,none,0,,,US-AP,Medium,02/03/2026,"PLT-12, PLT-10"
V-101651,Netherfield Lubricants LLC,Netherfield Lubricants,On Hold,Corporation,86-7572200,91-203-1559,US,USD,Net 30,3-way-direct,N,,netherfield.lubricants@netherfieldlub.com,,1,,
V-101652,Ballantyne Foundry PLC,,draft,Non-Profit,45-4249577,626046938,MX,USD,,3-way,FALSE,,ballantyne.foundry@ballantynefou.com,US-AP,High,2026-10-05,PLT-06
V-101653,Ashworth Coatings Inc.,,active,Partnership,48-7610855,,US,CAD,Net 60,3 way,,,ashworth.coatings@ashworthcoa.com,UK-AP,Low,2027-10-07,PLT-09;PLT-12
V-101654,Castleford Bearings Ltd,Castleford Bearings,active,Sole Proprietor,48-7982440,309695764,US,USD,Due on receipt,2-way,yes,VOSB,castleford.bearings@castlefordbea.com,MX-AP,2,03/03/2026,PLT-06;PLT-08
V-101655,Wolverton Electrical GmbH,Wolverton Electrical,active,Sole Proprietor,66-0858167,,DE,USD,Net 60,2-way,TRUE,HUBZone,wolverton.electrical@wolvertonele.com,EU-AP,Medium,2028-05-09,"PLT-09, PLT-06, PLT-12"
V-101656,Netherfield Tooling Inc.,Netherfield Tooling,inactive,S-Corp,366067581,865491945,DE,GBP,Net 45,2-way,Y,SDVOSB,netherfield.tooling.netherfieldtoo.com,,1,09/01/2028,PLT-06;PLT-01;PLT-09
V-101657,Culverton Valves GmbH,,On Hold,LLC,768605132,778032333,Mexico,EUR,Net 30,2 way,FALSE,,,US-AP,Low,,"PLT-08, PLT-11"
V-101658,Thirlmere Extrusions S.A. de C.V.,,Inactive,Corporation,21-1721372,78-589-5785,CA,,Net 30,3-way-direct,False,,thirlmere.extrusions@thirlmereext.com,US-AP,2,2026-12-25,PLT-02
V-101659,Quarrington Valves Corp,,,LLC,89-8076975,120835983,Canada,GBP,NET30,3-way-direct,no,,quarrington.valves@quarringtonval.com,UK-AP,Tier 1,11/19/2028,PLT-03
V-101660,Thirlmere Forgings Corp,Thirlmere Forgings,active,Partnership,05-3915399,222708435,,GBP,Net 90,2-way,FALSE,,thirlmere.forgings@thirlmerefor.com,EU-AP,3,2027-02-03,PLT-04;PLT-09;PLT-10;PLT-11
V-101661,Quarrington Valves Co,,Active,S-Corp,226869331,891216881,United States,Euro,Immediate,3-way,Y,HUBZone,ap@quarringtonval.com; quarrington.valves@quarringtonval.com,UK-AP,High,2026-10-15,PLT-12
V-101662,Quarrington Machining Co,,active,LLC,,865542500,USA,,NET30,None,No,,quarrington.machining@quarringtonmac.com,,2,2027-10-16,
V-101663,Ballantyne Fabrication LLC,,A,LLC,005815244,,US,USD,Net 45,3-way,true,DBE,ballantyne.fabrication@ballantynefab.com,MX-AP,2,,"PLT-03, PLT-07, PLT-11"
V-101664,Oakhurst Fasteners Inc,Oakhurst Fasteners,active,Sole Proprietor,188352910,784387904,,USD,Due on receipt,2-way,No,,oakhurst.fasteners@oakhurstfas.com,CA-AP,1,2028-04-11,PLT-01
V-101665,Pemberton Forgings LLC,,active,Partnership,31-2578278,59089088,DE,USD,,3-way,F,,pemberton.forgings@pembertonfor.com,CA-AP,Low,2028-06-09,"PLT-03, PLT-02, PLT-11"
V-101666,Elmswell Bearings Ltd,Elmswell Bearings,A,,700391585,598941627,Canada,EUR,Net 45,3 Way Match,,,ap@elmswellbea.com; elmswell.bearings@elmswellbea.com,CA-AP,,2027-04-05,PLT-04;PLT-06
V-101667,Marchmont Foundry Ltd.,,Inactive,Corporation,985078880,916516763,CA,usd,Net 30,3-way,N,,marchmont.foundry@marchmontfou.com,US-AP,3,2028-03-09,PLT-05;PLT-10
V-101668,Ashworth Tooling S.A. de C.V.,Ashworth Tooling,inactive,Corporation,55-9205177,801211445,US,USD,Net 30,3-way,No,,ashworth.tooling@ashworthtoo.com,US-AP,1,02/18/2026,
V-101669,Castleford Bearings GmbH,,active,Sole Proprietor,34-6646889,437769264,US,EUR,N30,2-way,FALSE,,castleford.bearings@castlefordbea.com,,Low,2028-08-11,PLT-12
V-101670,Saltburn Gasket Corp,,draft,Corporation,,126857701,Germany,USD,Net 30,none,,,saltburn.gasket@saltburngas.com,,Tier 2,,PLT-05;PLT-11;PLT-03
V-101671,Oakhurst Extrusions Ltd,Oakhurst Extrusions,active,Corporation,80-3918638,,USA,EUR,,2-way,No,,,US-AP,Tier 2,08/23/2027,
V-101672,Ashworth Lubricants GmbH,,Pending,Limited Liability Company,34-8737323,288530526,GB,EUR,Net 30,3-way-direct,FALSE,,ashworth.lubricants@ashworthlub.com,EU-AP,3,2028-11-17,PLT-07;PLT-04;PLT-03
V-101673,Ballantyne Fasteners Inc.,Ballantyne Fasteners,inactive,LLC,57-4895248,123548730,US,USD,Net 15,Two-way,No,,ballantyne.fasteners@ballantynefas.com,EU-AP,1,06/19/2028,PLT-08;PLT-11
V-101674,Oakhurst Springs Inc.,Oakhurst Springs,active,Corporation,074155272,,United States,USD,Due on receipt,2 way,True,VOSB,oakhurst.springs@oakhurstspr.com,US-AP,2,2027-12-18,"PLT-02, PLT-12, PLT-06"
V-101675,Kettleby Plating LLC,,,,239160131,968774807,United Kingdom,USD,Net 30,None,FALSE,,kettleby.plating@kettlebypla.com,CA-AP,,2028-10-18,"PLT-07, PLT-12, PLT-06"
V-101676,Brackenridge Foundry S.A. de C.V.,Brackenridge Foundry,draft,Corporation,547036664,122623739,US,USD,Net 45,3 way,,WBE,brackenridge.foundry@brackenridgefou.com,EU-AP,2,2028-01-03,PLT-07;PLT-10;PLT-08
V-101677,Castleford Seals S.A. de C.V.,,Active,Corporation,258882042,820221368,US,USD,Net 45,none,N,,castleford.seals.castlefordsea.com,MX-AP,Tier 3,2026-10-01,PLT-10;PLT-01;PLT-03;PLT-12
V-101678,Culverton Packaging Co,Culverton Packaging,active,Corporation,539969527,814913971,CA,EUR,NET30,3-way,yes,DBE,culverton.packaging@culvertonpac.com,UK-AP,,2028-10-23,PLT-08;PLT-06
V-101679,Grimsby Seals PLC,Grimsby Seals,active,S-Corp,86-4948428,00441035,Mexico,USD,Net 30,3 way,No,,grimsby.seals@grimsbysea.com,,2,2027-07-23,PLT-03;PLT-08
V-101680,Marchmont Bearings GmbH,Marchmont Bearings,Pending,LLC,,,US,USD,Net 60,3 way,N,,marchmont.bearings@marchmontbea.com,US-AP,Medium,11/26/2027,PLT-06;PLT-12
V-101681,Thirlmere Logistics Ltd,Thirlmere Logistics,active,Sole Proprietor,97-3682786,259084263,US,USD,N30,2-way,F,,thirlmere.logistics@thirlmerelog.com,US-AP,2,2027-06-17,PLT-03
V-101682,Wolverton Pneumatics Ltd,Wolverton Pneumatics,A,,333771025,,United States,CAD,Net 90,2 way,true,MBE,,UK-AP,Tier 3,2026-05-03,PLT-06
V-101683,Draycott Electrical Ltd,,active,Partnership,69-1588231,10626678,United States,EUR,Net 90,3-way-direct,false,,draycott.electrical@draycottele.com,US-AP,2,11/27/2028,PLT-10
V-101684,Castleford Electrical Co,Castleford Electrical,Inactive,,803598114,514889371,USA,USD,Net 15,3-way,no,,castleford.electrical@castlefordele.com,,1,,PLT-12;PLT-07
V-101685,Draycott Electrical Co,Draycott Electrical,active,Corporation,464165600,955862765,US,USD,Net 15,none,F,,draycott.electrical@draycottele.com,CA-AP,3,2027-03-16,"PLT-03, PLT-11, PLT-02, PLT-07"
V-101686,Rushcliffe Pneumatics S.A. de C.V.,Rushcliffe Pneumatics,active,Limited Liability Company,27-9691968,30731040,Deutschland,GBP,,3 way,false,,rushcliffe.pneumatics@rushcliffepne.com,MX-AP,2,2026-12-25,PLT-12 / PLT-08 / PLT-06
V-101687,Culverton Forgings PLC,,active,Non-Profit,901682168,,US,USD,Net 30,3 Way Match,false,,culverton.forgings@culvertonfor.com,US-AP,2,2028-05-11,PLT-12;PLT-06;PLT-10
V-101688,Saltburn Foundry Inc,Saltburn Foundry,draft,LLC,25-0299512,388029473,Mexico,CAD,Net 30,none,0,,,EU-AP,,2026-06-05,PLT-06;PLT-12
V-101689,Denholm Plating Co,,I,LLC,15-7591567,005237486,,EUR,NET30,Two-way,no,,denholm.plating@denholmpla.com,,,09/19/2026,PLT-08;PLT-04;PLT-10;PLT-01
V-101690,Quarrington Pneumatics S.A. de C.V.,Quarrington Pneumatics,Active,Sole Proprietor,91-3075735,29-968-7034,US,USD,NET30,3-way,False,,quarrington.pneumatics@quarringtonpne.com,CA-AP,Medium,2028-04-05,"PLT-10, PLT-03"
V-101691,Lansdowne Gasket S.A. de C.V.,Lansdowne Gasket,Active,LLC,22-6919539,619586227,Mexico,CAD,Net 30,2-way,false,,lansdowne.gasket@lansdownegas.com,,Low,09/08/2028,PLT-04
V-101692,Elmswell Logistics LLC,Elmswell Logistics,active,LLC,634804956,32-100-9891,USA,USD,NET30,2-way,F,,elmswell.logistics@elmswelllog.com,EU-AP,Tier 1,2028-03-23,PLT-12 / PLT-05
V-101693,Ashworth Hydraulics Inc.,,A,Partnership,14-0482132,314826374,United Kingdom,USD,Net 45,Three way direct,N,,,EU-AP,3,,PLT-02
V-101694,Jarrow Seals Co,Jarrow Seals,Active,Corporation,53-0623264,31661499,,GBP,Net 60,3 Way Match,N,,jarrow.seals@jarrowsea.com,EU-AP,1,2028-09-07,PLT-02;PLT-10;PLT-11;PLT-05
V-101695,Jarrow Packaging S.A. de C.V.,Jarrow Packaging,active,LLC,09-3782660,961235100,,USD,NET30,3 Way Match,N,,jarrow.packaging@jarrowpac.com,US-AP,Tier 3,,PLT-05 / PLT-03
V-101696,Eastgate Hydraulics Ltd,Eastgate Hydraulics,A,Corporation,51-8796336,,Canada,MXN,Net 15,2-way,0,,eastgate.hydraulics@eastgatehyd.com,US-AP,Tier 3,,PLT-09;PLT-08
V-101697,Brackenridge Calibration S.A. de C.V.,Brackenridge Calibration,Active,Limited Liability Company,39-7513675,,US,USD,Net 45,3 way,No,,brackenridge.calibration@brackenridgecal.com,CA-AP,2,2028-07-23,
V-101698,Jarrow Seals GmbH,Jarrow Seals,active,Corporation,22-2908290,941424553,US,Euro,Net 45,3-way,,,jarrow.seals@jarrowsea.com,US-AP,3,2027-10-20,"PLT-05, PLT-12, PLT-08"
V-101699,Oakhurst Machining GmbH,Oakhurst Machining,active,Corporation,383721097,213152491,US,USD,Net 90,3-way-direct,0,,oakhurst.machining@oakhurstmac.com,CA-AP,Tier 3,,"PLT-10, PLT-01, PLT-08"
V-101700,Lansdowne Coatings PLC,,draft,Corporation,14-5900088,984936575,US,EUR,Net 30,none,F,,lansdowne.coatings@lansdownecoa.com,US-AP,Medium,,"PLT-06, PLT-12, PLT-07, PLT-11"
V-101701,Eastgate Fasteners Ltd.,Eastgate Fasteners,Pending,LLC,52-4502542,373904473,US,Euro,Net 15,3-way,No,,eastgate.fasteners@eastgatefas.com,US-AP,3,2026-04-06,PLT-11;PLT-09
V-101702,Ingleby Seals Ltd.,,active,S-Corp,41-7147619,548612353,US,USD,Net 15,3-way,True,Minority Business Enterprise,ingleby.seals@inglebysea.com,,Medium,2026-12-16,"PLT-06, PLT-02"
V-101703,Saltburn Lubricants S.A. de C.V.,Saltburn Lubricants,draft,LLC,229461056,56630814,US,US Dollar,Net 60,,No,,saltburn.lubricants@saltburnlub.com,US-AP,2,2027-03-09,PLT-06;PLT-12;PLT-04;PLT-08
V-101704,Grimsby Castings GmbH,,active,Partnership,68-1137992,938776429,USA,USD,Net 90,None,TRUE,Minority Business Enterprise,grimsby.castings@grimsbycas.com,MX-AP,Low,2026-03-06,"PLT-11, PLT-04"
V-101705,Rushcliffe Bearings Inc,Rushcliffe Bearings,Active,Partnership,500048761,771793497,Canada,EUR,COD,3 Way Match,,,rushcliffe.bearings@rushcliffebea.com,US-AP,1,2026-07-07,PLT-07
V-101706,Netherfield Plating Corp,Netherfield Plating,active,,474438432,413712177,US,EUR,Net 60,3 way,False,,netherfield.plating@netherfieldpla.com,MX-AP,Tier 1,2028-02-02,PLT-06;PLT-01;PLT-05
V-101707,Pemberton Weldments Corp,,A,Non-Profit,79-0541942,635197396,USA,EUR,Net 30,2-way,N,,pemberton.weldments@pembertonwel.com,CA-AP,Tier 1,2027-08-05,PLT-09 / PLT-01 / PLT-07
V-101708,Draycott Seals Inc,,active,Sole Proprietor,37-7876624,678764932,Mexico,CAD,30 days,None,no,,draycott.seals@draycottsea.com,US-AP,,2027-05-27,
V-101709,Yarborough Gasket Ltd,Yarborough Gasket,active,Limited Liability Company,99-9116992,983899765,GB,,Net 90,None,YES,WBE,yarborough.gasket@yarboroughgas.com,US-AP,1,06/15/2028,PLT-04
V-101710,Ingleby Foundry PLC,Ingleby Foundry,On Hold,LLC,,656657142,MX,USD,Net 30,3-way-direct,Y,Minority Business Enterprise,ap@inglebyfou.com; ingleby.foundry@inglebyfou.com,,,2027-02-15,"PLT-04, PLT-11"
V-101711,Rushcliffe Extrusions GmbH,Rushcliffe Extrusions,active,Corporation,86-4306714,396183632,US,usd,NET30,2-way,F,,rushcliffe.extrusions@rushcliffeext.com,EU-AP,3,2026-06-01,
,Jarrow Weldments Ltd,Jarrow Weldments,active,Corporation,417792687,660189329,United States,USD,COD,3-way,No,,jarrow.weldments@jarrowwel.com,CA-AP,2,,
V-101713,Rushcliffe Calibration Inc,Rushcliffe Calibration,inactive,Sole Proprietor,61-0571903,426379870,US,EUR,N30,,N,,rushcliffe.calibration@rushcliffecal.com,US-AP,High,,PLT-09;PLT-12
V-101714,Netherfield Packaging Ltd,Netherfield Packaging,active,Corporation,,831940315,MX,,NET30,Two-way,F,,,EU-AP,Medium,,
V-101715,Elmswell Electrical Ltd.,Elmswell Electrical,Pending,,39-4925437,236529837,US,USD,Net 30,3-way,no,,elmswell.electrical@elmswellele.com,US-AP,Tier 2,2027-01-12,PLT-09
V-101716,Fairweather Weldments Ltd,Fairweather Weldments,active,LLC,35-6471904,371274969,,CAD,,3-way,false,,fairweather.weldments@fairweatherwel.com,,High,2027-03-18,PLT-04;PLT-07;PLT-05
V-101717,Quarrington Hydraulics Ltd.,Quarrington Hydraulics,Active,S-Corp,029242216,64808016,United Kingdom,USD,Net 45,2-way,false,,quarrington.hydraulics@quarringtonhyd.com,EU-AP,High,2027-04-14,PLT-01;PLT-09;PLT-03
V-101718,Lansdowne Bearings Corp,Lansdowne Bearings,active,Sole Prop,326086289,114065235,USA,usd,Net 30,2-way,no,,lansdowne.bearings@lansdownebea.com,US-AP,1,2027-01-11,
V-101719,Yarborough Bearings Co,Yarborough Bearings,Inactive,Corporation,,,DE,USD,Net 60,3 way,Y,Woman-Owned Small Business,yarborough.bearings@yarboroughbea.com,UK-AP,Tier 1,2026-12-10,PLT-03
V-101720,Thirlmere Fasteners Co,,active,Sole Proprietor,39-7403190,36182348,US,,Immediate,none,N,,ap@thirlmerefas.com; thirlmere.fasteners@thirlmerefas.com,UK-AP,,06/28/2027,PLT-12;PLT-07;PLT-11;PLT-09
V-101721,Yarborough Pneumatics Co,,Inactive,Partnership,95-0535330,512096144,USA,US Dollar,NET30,3-way,,,,US-AP,Tier 3,12/26/2028,PLT-02;PLT-09;PLT-07
V-101722,Kettleby Gasket Ltd,,,,245730657,478054910,US,GBP,Net 60,2-way,yes,VOSB,kettleby.gasket@kettlebygas.com,MX-AP,Low,10/24/2026,PLT-07;PLT-12
V-101723,Elmswell Weldments Inc,Elmswell Weldments,Active,Corporation,210163068,,US,EUR,Net 30,3 Way Match,0,,elmswell.weldments@elmswellwel.com,US-AP,Tier 2,2028-08-10,PLT-05
V-101724,Ballantyne Machining S.A. de C.V.,,active,LLC,930810169,,US,USD,Net 30,3 Way Match,no,,ballantyne.machining@ballantynemac.com,CA-AP,3,2026-05-02,PLT-11
V-101725,Farndale Plating Inc.,Farndale Plating,Draft,Non-Profit,,367169803,U.S.,USD,Immediate,3-way-direct,FALSE,,farndale.plating@farndalepla.com,,2,05/23/2026,"PLT-02, PLT-04"
V-101726,Ingleby Weldments Co,Ingleby Weldments,Active,Corporation,69-1945488,88-968-8549,USA,CAD,Net 30,,T,WBE,ingleby.weldments@inglebywel.com,US-AP,Tier 1,2026-02-05,PLT-04
V-101727,Thirlmere Springs Co,,inactive,Sole Proprietor,,215096194,United States,USD,Due on receipt,2 Way Match,0,,thirlmere.springs@thirlmerespr.com,US-AP,2,05/18/2026,PLT-01
V-101728,Hollingworth Machining GmbH,Hollingworth Machining,Active,Corporation,03-6046415,148264087,MX,US Dollar,Net 30,none,false,,hollingworth.machining@hollingworthmac.com,US-AP,Medium,2026-03-25,PLT-08;PLT-11;PLT-02;PLT-12
V-101729,Elmswell Seals Ltd,,active,LLC,376194921,853511226,USA,CAD,Net 60,3-way,yes,Woman-Owned Small Business,elmswell.seals.elmswellsea.com,UK-AP,Low,03/15/2027,PLT-11;PLT-04;PLT-08
V-101730,Saltburn Seals S.A. de C.V.,,Pending,,,45812242,US,USD,Due on receipt,3 way,YES,Woman-Owned Small Business,saltburn.seals@saltburnsea.com,MX-AP,Low,2026-12-11,PLT-01;PLT-12
V-101731,Quarrington Logistics Ltd.,Quarrington Logistics,draft,Sole Prop,86-5166732,854458450,US,USD,Net 30,none,false,,quarrington.logistics@quarringtonlog.com,US-AP,Tier 1,2027-12-22,PLT-02 / PLT-11
V-101732,Verwood Foundry Inc.,Verwood Foundry,active,LLC,37-7108790,702732465,CA,USD,Net 30,2-way,No,,verwood.foundry@verwoodfou.com,MX-AP,2,11/10/2027,PLT-09
V-101733,Wolverton Calibration Corp,,draft,LLC,08-2219708,207520918,US,USD,COD,2-way,False,,wolverton.calibration@wolvertoncal.com,EU-AP,1,09/22/2026,PLT-11
V-101734,Hollingworth Logistics Co,Hollingworth Logistics,active,LLC,60-8855867,51-358-3765,Canada,MXN,Immediate,3-way,False,,hollingworth.logistics@hollingworthlog.com,US-AP,Tier 2,11/22/2026,PLT-01;PLT-03;PLT-04
V-101735,Farndale Machining S.A. de C.V.,Farndale Machining,Pending,Corporation,723573573,213678203,US,CAD,Net 30,none,false,,farndale.machining@farndalemac.com,US-AP,Low,2026-01-17,PLT-06
V-101736,Ingleby Machining GmbH,Ingleby Machining,active,Sole Proprietor,69-0655395,619191696,US,USD,Net 60,2 way,true,WBE,ingleby.machining@inglebymac.com,EU-AP,,2027-01-17,
V-101737,Lansdowne Abrasives LLC,Lansdowne Abrasives,active,S-Corp,,,Deutschland,EUR,Net 60,2-way,N,,ap@lansdowneabr.com; lansdowne.abrasives@lansdowneabr.com,MX-AP,Medium,2028-03-15,PLT-06;PLT-07;PLT-08
V-101738,Jarrow Coatings Inc,Jarrow Coatings,A,Sole Proprietor,18-9661177,889073495,US,MXN,2/10 Net 30,3-way,F,,jarrow.coatings@jarrowcoa.com,UK-AP,3,2027-11-15,PLT-09;PLT-05
V-101739,Rushcliffe Springs PLC,,inactive,S-Corp,95-5516662,661631997,USA,USD,,2-way,FALSE,,rushcliffe.springs@rushcliffespr.com,,,2027-06-16,PLT-03
V-101740,Ullswater Fabrication Ltd,Ullswater Fabrication,,Corporation,,,Canada,GBP,Net 90,3-way,false,,ullswater.fabrication@ullswaterfab.com,EU-AP,2,03/15/2026,"PLT-05, PLT-11"
V-101741,Ballantyne Springs Co,,draft,S-Corp,98-4607062,400561149,US,USD,Net 30,2 way,F,,ballantyne.springs@ballantynespr.com,US-AP,2,12/27/2028,PLT-09
V-101742,Rushcliffe Springs LLC,Rushcliffe Springs,draft,Corporation,09-1760508,,CA,USD,Net 60,Two-way,N,,rushcliffe.springs@rushcliffespr.com,,1,12/19/2028,PLT-06;PLT-12
V-101743,Denholm Bearings S.A. de C.V.,Denholm Bearings,active,LLC,54-3059207,226229705,United Kingdom,usd,,none,False,,denholm.bearings.denholmbea.com,US-AP,1,2027-01-03,PLT-03;PLT-05;PLT-09
V-101744,Netherfield Seals GmbH,Netherfield Seals,Inactive,,504194580,730387487,Mexico,USD,Net 45,3-way-direct,false,,ap@netherfieldsea.com; netherfield.seals@netherfieldsea.com,US-AP,1,2028-09-06,PLT-08;PLT-02;PLT-03;PLT-06
V-101745,Fairweather Fabrication Co,Fairweather Fabrication,inactive,,34-2121294,677686324,US,USD,Net 15,3-way,N,,fairweather.fabrication@fairweatherfab.com,US-AP,1,2026-02-26,"PLT-02, PLT-01, PLT-12"
V-101746,Lansdowne Weldments Inc.,Lansdowne Weldments,Inactive,Corporation,,27327909,Canada,CAD,COD,None,false,,,US-AP,Low,2026-01-26,PLT-07
V-101747,Ashworth Coatings PLC,,Active,S-Corp,48-2029990,20-316-1267,USA,USD,Net 45,Two-way,true,VOSB,ashworth.coatings@ashworthcoa.com,US-AP,2,09/21/2027,PLT-05;PLT-11
V-101748,Yarborough Pneumatics Inc.,,draft,Corporation,42-8747126,40-717-6151,DE,USD,Net30,3 way,false,,ap@yarboroughpne.com; yarborough.pneumatics@yarboroughpne.com,,1,2028-01-16,"PLT-12, PLT-10, PLT-05, PLT-03"
V-101749,Pemberton Forgings S.A. de C.V.,,active,Sole Proprietor,450712112,712945813,Canada,USD,Net 30,2-way,no,,pemberton.forgings@pembertonfor.com,US-AP,High,2027-01-02,PLT-07;PLT-02
V-101750,Elmswell Plating Co,,active,Limited Liability Company,305430204,509804028,MX,MXN,Net30,3 way,0,,elmswell.plating@elmswellpla.com,US-AP,Medium,09/14/2028,PLT-03
V-101751,Marchmont Bearings Inc.,,inactive,Corporation,81-6630978,389532912,DE,USD,Immediate,Two-way,FALSE,,,EU-AP,,2027-11-03,PLT-08;PLT-05;PLT-03;PLT-01
V-101752,Yarborough Calibration GmbH,,Inactive,S-Corp,88-9811221,370513360,USA,USD,Net 45,none,False,,,CA-AP,3,04/08/2027,PLT-12 / PLT-10
V-101753,Brackenridge Coatings S.A. de C.V.,Brackenridge Coatings,active,Corporation,90-7097801,989976066,,Euro,Net 60,3-way,No,,brackenridge.coatings@brackenridgecoa.com,US-AP,Medium,2027-12-21,PLT-09
V-101754,Marchmont Forgings Co,Marchmont Forgings,active,Corporation,977461006,433688802,US,USD,Due on receipt,2-way,0,,marchmont.forgings@marchmontfor.com,,1,2026-08-05,PLT-12;PLT-08
V-101755,Quarrington Extrusions GmbH,Quarrington Extrusions,Active,Sole Proprietor,45-5960118,171902486,MX,Euro,COD,3-way,F,,quarrington.extrusions@quarringtonext.com,MX-AP,1,2027-11-06,"PLT-11, PLT-07, PLT-04, PLT-06"
V-101756,Elmswell Tooling Ltd,,inactive,Partnership,899102984,167611584,US,USD,Net 60,2-way,YES,Woman-Owned Small Business,elmswell.tooling@elmswelltoo.com,US-AP,Medium,2028-06-08,PLT-08;PLT-11;PLT-05
V-101757,Ingleby Electrical LLC,,active,,94-7234476,595814313,,EUR,Net 30,3-way,,,ingleby.electrical@inglebyele.com,US-AP,Medium,12/22/2026,PLT-06 / PLT-04 / PLT-09
V-101758,Marchmont Forgings S.A. de C.V.,,inactive,,,771022061,US,CAD,Net 45,3-way,,MBE,marchmont.forgings.marchmontfor.com,MX-AP,2,2027-12-08,"PLT-11, PLT-03"
V-101759,Culverton Gasket Ltd.,Culverton Gasket,active,Corporation,74-7215197,990244742,US,USD,Immediate,3-way-direct,FALSE,,culverton.gasket.culvertongas.com,US-AP,,2028-03-03,PLT-03
V-101760,Netherfield Lubricants PLC,Netherfield Lubricants,active,Corporation,,276480518,CA,USD,Immediate,,false,,netherfield.lubricants@netherfieldlub.com,US-AP,Low,09/01/2027,PLT-10
V-101761,Alderman Hydraulics Inc.,,Pending,S-Corp,48-2882929,57-579-7284,US,USD,COD,2 way,No,,alderman.hydraulics@aldermanhyd.com,US-AP,1,2027-01-06,PLT-02
V-101762,Elmswell Seals S.A. de C.V.,Elmswell Seals,Draft,LLC,069959347,283320583,United Kingdom,EUR,Net 30,2 Way Match,no,,elmswell.seals@elmswellsea.com,,2,05/22/2027,"PLT-09, PLT-05"
V-101763,Fairweather Springs GmbH,,active,LLC,462023110,472249531,US,CAD,Net 30,2 Way Match,,,ap@fairweatherspr.com; fairweather.springs@fairweatherspr.com,US-AP,1,2027-02-17,PLT-01
V-101764,Hollingworth Coatings Co,,draft,S-Corp,,422899013,United Kingdom,GBP,30 days,2-way,False,,hollingworth.coatings@hollingworthcoa.com,EU-AP,3,2026-02-05,"PLT-10, PLT-12"
V-101765,Verwood Coatings Co,,Pending,LLC,,917150961,US,US Dollar,Net 60,,N,,verwood.coatings@verwoodcoa.com,US-AP,2,12/06/2028,"PLT-08, PLT-07"
V-101766,Verwood Valves Inc,Verwood Valves,active,Corporation,83-5340672,290811882,MX,USD,Net 30,none,N,,verwood.valves@verwoodval.com,EU-AP,1,2027-06-25,"PLT-06, PLT-08, PLT-09"
V-101767,Elmswell Gasket Corp,Elmswell Gasket,active,S-Corp,890499173,463903480,US,USD,Net 15,3-way,YES,HUBZone,elmswell.gasket@elmswellgas.com,US-AP,3,2027-08-25,"PLT-08, PLT-05"
V-101768,Wolverton Fabrication Ltd.,Wolverton Fabrication,active,,085866415,,Canada,GBP,Net 30,2-way,false,,wolverton.fabrication@wolvertonfab.com,CA-AP,Tier 3,,PLT-12;PLT-09
V-101769,Ashworth Coatings GmbH,Ashworth Coatings,ACTIVE,Non-Profit,129184576,91-628-9773,US,EUR,,2 way,True,Woman-Owned Small Business,ashworth.coatings@ashworthcoa.com,US-AP,High,02/23/2028,PLT-09
V-101770,Farndale Calibration Inc,Farndale Calibration,Pending,LLC,861507347,156220501,US,USD,Net 30,2-way,0,,farndale.calibration@farndalecal.com,CA-AP,Tier 1,2027-12-26,"PLT-08, PLT-11, PLT-01"
V-101771,Ashworth Weldments Ltd,Ashworth Weldments,active,,865183332,447899141,US,USD,Net30,3-way,no,,ashworth.weldments@ashworthwel.com,US-AP,2,2028-02-24,PLT-01
V-101772,Eastgate Castings LLC,Eastgate Castings,Pending,Non-Profit,850696616,241603483,US,Euro,Net 30,3-way,False,,eastgate.castings@eastgatecas.com,US-AP,,2027-05-04,"PLT-07, PLT-04, PLT-06, PLT-01"
V-101773,Fairweather Pneumatics LLC,,Active,Corporation,86-6694106,931138722,CA,USD,,2-way,True,Minority Business Enterprise,fairweather.pneumatics@fairweatherpne.com,US-AP,2,,PLT-07;PLT-10
V-101774,Hollingworth Castings GmbH,Hollingworth Castings,active,LLC,078237881,04-150-4756,US,MXN,Due on receipt,2-way,no,,hollingworth.castings@hollingworthcas.com,US-AP,1,2026-09-26,PLT-06;PLT-01
V-101775,Verwood Lubricants Inc.,Verwood Lubricants,Inactive,Sole Proprietor,017064634,804904760,US,USD,Net 30,3-way-direct,0,,,US-AP,2,2027-10-22,PLT-12 / PLT-08 / PLT-03
V-101776,Eastgate Foundry Corp,,active,Corporation,888303347,175541534,Germany,MXN,Net 30,Two-way,true,HUBZone,eastgate.foundry.eastgatefou.com,,Tier 1,2028-03-06,PLT-08 / PLT-03
V-101777,Denholm Extrusions PLC,Denholm Extrusions,active,Sole Prop,469908323,635397586,Germany,EUR,Net 45,Two-way,FALSE,,denholm.extrusions@denholmext.com,,1,2028-07-26,"PLT-10, PLT-05"
V-101778,Fairweather Fabrication Ltd.,,I,LLC,37-0792121,177222067,US,US Dollar,Net 30,2-way,Yes,Minority Business Enterprise,fairweather.fabrication@fairweatherfab.com,MX-AP,Tier 3,2027-12-14,
V-101779,Yarborough Machining Inc.,Yarborough Machining,draft,Limited Liability Company,54-8385454,09321308,USA,MXN,NET30,3-way,YES,WBE,yarborough.machining@yarboroughmac.com,US-AP,Medium,2028-11-11,PLT-06
V-101780,Quarrington Calibration Ltd,,active,LLC,01-0773780,787298179,US,US Dollar,Net 30,3-way,yes,Minority Business Enterprise,ap@quarringtoncal.com; quarrington.calibration@quarringtoncal.com,US-AP,2,2027-01-09,"PLT-01, PLT-09, PLT-05"
V-101781,Denholm Tooling LLC,Denholm Tooling,I,S-Corp,921431690,503751809,US,USD,Net 90,3-way-direct,1,HUBZone,denholm.tooling@denholmtoo.com,MX-AP,2,2028-04-21,PLT-12;PLT-05
V-101782,Culverton Extrusions S.A. de C.V.,,active,Sole Proprietor,403316551,986497969,Canada,USD,Due on receipt,none,0,,culverton.extrusions@culvertonext.com,EU-AP,3,2027-11-16,PLT-10;PLT-12;PLT-11;PLT-04
V-101783,Rushcliffe Tooling Ltd.,,active,LLC,29-8158583,,Deutschland,USD,30 days,2-way,No,,rushcliffe.tooling@rushcliffetoo.com,US-AP,1,08/25/2027,PLT-07;PLT-06;PLT-09
V-101784,Lansdowne Tooling PLC,,active,,444105930,27585467,US,USD,Due on receipt,2 way,N,,ap@lansdownetoo.com; lansdowne.tooling@lansdownetoo.com,EU-AP,3,2028-11-04,
V-101785,Quarrington Lubricants Corp,Quarrington Lubricants,active,Corporation,19-4247785,744588773,US,usd,Net 30,None,Yes,DBE,ap@quarringtonlub.com; quarrington.lubricants@quarringtonlub.com,EU-AP,Tier 2,2026-05-04,"PLT-11, PLT-09"
V-101786,Elmswell Extrusions S.A. de C.V.,,,Corporation,32-0494779,308998957,US,USD,Net 30,3-way-direct,0,,elmswell.extrusions@elmswellext.com,CA-AP,High,,PLT-09;PLT-12;PLT-02;PLT-08
V-101787,Thirlmere Weldments LLC,Thirlmere Weldments,Active,Non-Profit,34-3305739,911468206,CA,EUR,NET30,3 way,N,,thirlmere.weldments@thirlmerewel.com,UK-AP,Medium,2028-06-25,PLT-01
V-101788,Ingleby Bearings Corp,Ingleby Bearings,active,Corporation,801979306,939136221,United States,USD,30 days,none,N,,ingleby.bearings@inglebybea.com,MX-AP,Tier 2,2028-05-04,PLT-04
V-101789,Denholm Castings S.A. de C.V.,Denholm Castings,ACTIVE,,975448901,,Canada,US Dollar,Net 45,3-way,F,,denholm.castings@denholmcas.com,US-AP,Low,2027-03-15,PLT-11
V-101790,Verwood Calibration GmbH,,Draft,,96-4791679,09357311,MX,US Dollar,Net 45,3 Way Match,false,,ap@verwoodcal.com; verwood.calibration@verwoodcal.com,EU-AP,,2028-06-11,"PLT-04, PLT-09, PLT-12, PLT-07"
V-101791,Kettleby Bearings Inc.,Kettleby Bearings,Active,LLC,,539786423,US,CAD,Net 15,none,yes,WBE,kettleby.bearings@kettlebybea.com,CA-AP,3,2028-09-27,PLT-04
V-101792,Denholm Logistics PLC,Denholm Logistics,Active,Sole Proprietor,96-1523570,256962270,MX,,,,0,,denholm.logistics@denholmlog.com,US-AP,Tier 1,2028-03-19,PLT-01;PLT-04;PLT-09
V-101793,Hollingworth Electrical Inc.,Hollingworth Electrical,Active,Corporation,,037807757,Deutschland,MXN,Net 45,3-way-direct,0,,hollingworth.electrical.hollingworthele.com,US-AP,Low,02/01/2026,PLT-10;PLT-03;PLT-04;PLT-05
V-101794,Brackenridge Lubricants Corp,Brackenridge Lubricants,active,LLC,23-5811159,936488782,US,USD,Net 15,3-way,N,,brackenridge.lubricants@brackenridgelub.com,US-AP,2,2027-11-04,
V-101795,Alderman Electrical LLC,,Active,LLC,,960678873,,CAD,Net 60,3 way,FALSE,,alderman.electrical@aldermanele.com,UK-AP,High,2028-01-03,PLT-07
V-101796,Hollingworth Electrical GmbH,,Active,Corporation,,562745904,Deutschland,CAD,Net 90,3-way,No,,hollingworth.electrical@hollingworthele.com,MX-AP,,12/26/2028,PLT-09;PLT-11
V-101797,Hollingworth Castings GmbH,Hollingworth Castings,Draft,S-Corp,572984789,382659213,US,USD,2/10 Net 30,2-way,False,,hollingworth.castings@hollingworthcas.com,US-AP,1,05/22/2027,PLT-04;PLT-10
V-101798,Ballantyne Calibration Ltd.,,active,LLC,08-1301822,811116307,Canada,EUR,,none,Y,WOSB,,UK-AP,Medium,04/15/2027,PLT-02 / PLT-10
V-101799,Rushcliffe Electrical Inc.,Rushcliffe Electrical,I,Corporation,61-4572091,504246426,USA,USD,Net 30,2 Way Match,Yes,Woman-Owned Small Business,rushcliffe.electrical@rushcliffeele.com,US-AP,Tier 2,2027-02-12,"PLT-07, PLT-08, PLT-10"
V-101800,Quarrington Machining Ltd.,,active,Corporation,,696879867,DE,EUR,Net 30,3-way-direct,F,,quarrington.machining@quarringtonmac.com,US-AP,Low,,PLT-01
V-101801,Ballantyne Fasteners S.A. de C.V.,Ballantyne Fasteners,,Limited Liability Company,852829433,513287327,US,USD,Net 30,3-way,false,,,EU-AP,Tier 3,2027-12-27,PLT-04
V-101802,Saltburn Tooling PLC,,Pending,LLC,55-8258077,102157016,US,USD,2/10 Net 30,,Yes,SDVOSB,saltburn.tooling@saltburntoo.com,CA-AP,3,07/11/2028,PLT-08
V-101803,Farndale Springs Ltd.,Farndale Springs,Pending,Sole Proprietor,958007217,103647640,United States,usd,NET30,none,F,,,US-AP,2,2027-10-26,PLT-01
V-101804,Yarborough Plating LLC,Yarborough Plating,I,Partnership,407468918,992833827,USA,USD,Net 30,none,,,yarborough.plating@yarboroughpla.com,CA-AP,3,2026-09-24,"PLT-01, PLT-07"
V-101805,Brackenridge Logistics Ltd.,Brackenridge Logistics,Inactive,Limited Liability Company,231395021,128922917,US,EUR,Net 30,3-way,False,,brackenridge.logistics@brackenridgelog.com,US-AP,2,09/06/2027,PLT-02
V-101806,Ingleby Bearings Ltd,Ingleby Bearings,inactive,Corporation,49-9307402,,U.S.,USD,,3-way,,,ingleby.bearings@inglebybea.com,MX-AP,Tier 3,,"PLT-07, PLT-05, PLT-04"
V-101807,Yarborough Plating S.A. de C.V.,,active,Corporation,05-6933592,449993783,US,,Net 60,none,0,,yarborough.plating@yarboroughpla.com,US-AP,Tier 3,2026-05-02,PLT-11
V-101808,Oakhurst Seals Inc.,Oakhurst Seals,inactive,Partnership,,434331245,US,US Dollar,Net 45,2-way,False,,oakhurst.seals@oakhurstsea.com,EU-AP,2,08/06/2028,"PLT-03, PLT-04, PLT-10"
V-101809,Elmswell Valves Ltd.,Elmswell Valves,Active,Non-Profit,143972632,949946160,United States,CAD,Net 15,Three way direct,F,,elmswell.valves@elmswellval.com,,1,2028-08-02,PLT-05 / PLT-09 / PLT-08 / PLT-11
V-101810,Elmswell Abrasives Co,,Pending,Corporation,,066602155,Mexico,CAD,Net 30,2-way,TRUE,MBE,elmswell.abrasives@elmswellabr.com,,1,05/28/2027,"PLT-07, PLT-09"
V-101811,Jarrow Abrasives S.A. de C.V.,Jarrow Abrasives,active,Corporation,06-3905798,758807143,USA,MXN,Net 30,Three way direct,No,,jarrow.abrasives@jarrowabr.com,US-AP,High,08/21/2026,PLT-11;PLT-12
V-101812,Hollingworth Hydraulics LLC,,active,Corporation,70-1759918,355420294,United Kingdom,GBP,Net 45,3-way,no,,hollingworth.hydraulics.hollingworthhyd.com,,2,2027-01-28,PLT-03
V-101813,Lansdowne Machining Corp,Lansdowne Machining,Pending,LLC,24-3124818,332291258,US,,Net 30,3-way,no,,lansdowne.machining@lansdownemac.com,UK-AP,Tier 3,2026-08-05,PLT-03;PLT-04;PLT-09
V-101814,Brackenridge Hydraulics Co,Brackenridge Hydraulics,draft,Sole Proprietor,49-3234721,,DE,USD,2/10 Net 30,2-way,True,WOSB,brackenridge.hydraulics@brackenridgehyd.com,EU-AP,,2026-02-26,PLT-04;PLT-06;PLT-08
V-101815,Rushcliffe Lubricants GmbH,,Inactive,LLC,571367194,,Mexico,USD,Net 60,3-way,False,,rushcliffe.lubricants@rushcliffelub.com,US-AP,3,2027-06-25,PLT-01
V-101816,Grimsby Extrusions S.A. de C.V.,Grimsby Extrusions,active,Partnership,813478349,318159686,United States,CAD,Net 30,2-way,0,,ap@grimsbyext.com; grimsby.extrusions@grimsbyext.com,US-AP,Tier 3,2028-06-27,"PLT-12, PLT-06, PLT-09"
V-101817,Draycott Springs GmbH,Draycott Springs,On Hold,Limited Liability Company,683905176,787811631,Deutschland,USD,NET30,none,True,WBE,draycott.springs.draycottspr.com,EU-AP,1,2026-04-05,PLT-08;PLT-01
V-101818,Quarrington Logistics Ltd.,Quarrington Logistics,,LLC,810602424,866997664,US,USD,Net 30,none,F,,quarrington.logistics@quarringtonlog.com,,Tier 3,2028-12-24,"PLT-07, PLT-10"
V-101819,Culverton Abrasives Co,Culverton Abrasives,ACTIVE,LLC,00-1823157,996064843,United States,USD,Net 30,2 way,0,,culverton.abrasives@culvertonabr.com,US-AP,3,2027-12-25,PLT-07;PLT-10
V-101820,Culverton Seals Ltd,Culverton Seals,active,LLC,523569064,629165919,DE,EUR,,None,N,,culverton.seals@culvertonsea.com,UK-AP,,2027-09-25,PLT-12;PLT-11
V-101821,Kettleby Forgings PLC,Kettleby Forgings,inactive,Partnership,769720656,398684106,US,USD,Net 30,2 way,No,,kettleby.forgings.kettlebyfor.com,US-AP,High,2027-03-10,PLT-01 / PLT-06
V-101822,Ballantyne Pneumatics LLC,,Active,LLC,516979569,141474968,MX,USD,Net 45,3 way,FALSE,,ballantyne.pneumatics@ballantynepne.com,EU-AP,,,PLT-05;PLT-01
V-101823,Brackenridge Abrasives S.A. de C.V.,,Active,Corporation,881634134,18-073-3904,,GBP,NET30,2-way,,,,UK-AP,2,2026-02-05,PLT-09;PLT-04;PLT-12
V-101824,Draycott Lubricants Inc.,,Pending,Partnership,481042687,325143051,US,,Net 30,,FALSE,,draycott.lubricants@draycottlub.com,US-AP,1,01/22/2028,PLT-04
V-101825,Ullswater Forgings Inc.,Ullswater Forgings,Pending,Corporation,559485572,382213262,CA,GBP,COD,2-way,FALSE,,ullswater.forgings@ullswaterfor.com,US-AP,3,2028-03-25,PLT-12;PLT-06;PLT-09
V-101826,Marchmont Castings LLC,,Active,Corporation,062754176,586004957,Germany,CAD,COD,3-way-direct,,WBE,marchmont.castings@marchmontcas.com,,Tier 1,2028-07-18,
V-101827,Netherfield Springs Co,Netherfield Springs,Active,Limited Liability Company,144425972,713837324,United States,USD,30 days,3-way,No,,netherfield.springs@netherfieldspr.com,US-AP,Tier 3,2028-11-11,PLT-08;PLT-03
V-101828,Denholm Packaging Inc,Denholm Packaging,draft,Corporation,43-4883527,504966328,Canada,CAD,2/10 Net 30,2-way,no,,denholm.packaging@denholmpac.com,EU-AP,2,2026-01-16,PLT-01
V-101829,Elmswell Pneumatics S.A. de C.V.,Elmswell Pneumatics,Inactive,S-Corp,209344466,516977272,USA,USD,Net 60,Two-way,false,,elmswell.pneumatics@elmswellpne.com,CA-AP,3,09/14/2026,PLT-09;PLT-07;PLT-03
V-101830,Wolverton Foundry Co,,active,,03-6406524,458701581,United Kingdom,EUR,Net 45,3-way,false,,wolverton.foundry@wolvertonfou.com,UK-AP,2,2027-04-18,PLT-05;PLT-01;PLT-12
V-101831,Denholm Valves Inc.,,active,LLC,862550571,332386276,MX,USD,Net 30,3 Way Match,F,,denholm.valves@denholmval.com,US-AP,3,2028-07-26,PLT-08;PLT-06;PLT-09;PLT-10
V-101832,Jarrow Springs LLC,Jarrow Springs,active,LLC,79-3946278,,DE,CAD,Net 45,,N,,jarrow.springs@jarrowspr.com,EU-AP,Tier 3,2027-12-14,PLT-04;PLT-01
V-101833,Saltburn Foundry Ltd.,Saltburn Foundry,On Hold,LLC,38-1721752,045819260,U.S.,EUR,Net 60,Three way direct,False,,saltburn.foundry@saltburnfou.com,UK-AP,,2028-09-27,"PLT-08, PLT-10, PLT-12, PLT-11"
V-101834,Alderman Foundry Inc.,Alderman Foundry,Pending,LLC,157167378,473571423,US,USD,Net 90,3-way,true,MBE,alderman.foundry@aldermanfou.com,,,,PLT-10
V-101835,Grimsby Forgings PLC,Grimsby Forgings,draft,LLC,19-7157741,739747183,U.S.,usd,Net 30,none,FALSE,,grimsby.forgings@grimsbyfor.com,US-AP,2,2026-05-18,
V-101836,Ingleby Coatings GmbH,Ingleby Coatings,,,52-0610660,,United Kingdom,CAD,,3-way-direct,,,ingleby.coatings@inglebycoa.com,CA-AP,1,2027-07-09,PLT-11
V-101837,Verwood Foundry GmbH,,active,Corporation,42-4225858,993423429,United States,EUR,Net 30,2-way,N,,verwood.foundry@verwoodfou.com,EU-AP,High,2026-05-13,PLT-08;PLT-01;PLT-02;PLT-11
V-101838,Ashworth Coatings PLC,,active,Limited Liability Company,40-3204891,746030921,MX,GBP,NET30,None,F,,ashworth.coatings@ashworthcoa.com,MX-AP,1,09/10/2026,
V-101839,Kettleby Forgings Ltd,,active,,822401646,849491843,CA,EUR,Net 45,,false,,kettleby.forgings@kettlebyfor.com,US-AP,3,2026-02-08,"PLT-02, PLT-07, PLT-08, PLT-03"
V-101840,Wolverton Machining PLC,Wolverton Machining,active,LLC,53-1086779,249408773,USA,USD,Net 30,none,0,,wolverton.machining@wolvertonmac.com,UK-AP,1,10/12/2028,PLT-06;PLT-07;PLT-12
V-101841,Ingleby Extrusions Ltd.,,I,S-Corp,67-1795186,13812642,DE,USD,N30,3 way,no,,ingleby.extrusions@inglebyext.com,US-AP,2,07/25/2027,PLT-01;PLT-06
V-101842,Oakhurst Abrasives GmbH,Oakhurst Abrasives,Active,Partnership,935356552,790405075,US,USD,30 days,3 way,false,,oakhurst.abrasives@oakhurstabr.com,US-AP,2,2026-12-03,PLT-04;PLT-06
V-101843,Fairweather Electrical Corp,Fairweather Electrical,active,Corporation,,358440160,US,USD,Net 30,2-way,FALSE,,fairweather.electrical@fairweatherele.com,US-AP,Tier 1,2028-11-09,PLT-04;PLT-07;PLT-01
V-101844,Fairweather Springs Corp,,Active,Corporation,63-1006607,01157900,Germany,GBP,NET30,None,F,,fairweather.springs@fairweatherspr.com,,Tier 3,,
V-101845,Verwood Fabrication Ltd,Verwood Fabrication,Inactive,LLC,92-6121431,588818263,MX,USD,2/10 Net 30,none,True,Minority Business Enterprise,,US-AP,Tier 3,2028-10-26,PLT-07
V-101846,Verwood Gasket LLC,,active,S-Corp,000192503,54-349-8398,US,USD,COD,3-way-direct,no,,verwood.gasket@verwoodgas.com,CA-AP,Low,04/10/2027,
V-101847,Wolverton Fabrication Corp,Wolverton Fabrication,On Hold,Sole Proprietor,45-6694847,130070412,US,USD,Net 45,3-way,false,,wolverton.fabrication@wolvertonfab.com,UK-AP,2,03/23/2028,PLT-01;PLT-06;PLT-08;PLT-12
V-101848,Quarrington Springs S.A. de C.V.,Quarrington Springs,Draft,Corporation,413807853,69-851-9550,US,USD,Net 45,2-way,False,,ap@quarringtonspr.com; quarrington.springs@quarringtonspr.com,CA-AP,2,2026-10-06,PLT-05
V-101849,Ashworth Foundry S.A. de C.V.,,Active,Sole Prop,01-9163894,221395964,Germany,EUR,Net 30,3 Way Match,T,HUBZone,ashworth.foundry@ashworthfou.com,US-AP,Medium,2026-09-17,"PLT-04, PLT-12"
V-101850,Culverton Electrical S.A. de C.V.,Culverton Electrical,active,Corporation,17-9526577,116937457,Canada,US Dollar,Net 30,3-way-direct,FALSE,,culverton.electrical@culvertonele.com,US-AP,2,07/12/2026,PLT-01
V-101851,Quarrington Machining Inc.,Quarrington Machining,Pending,Corporation,,33392199,US,USD,Net 15,Three way direct,Yes,Minority Business Enterprise,quarrington.machining@quarringtonmac.com,US-AP,1,01/18/2028,PLT-10;PLT-08;PLT-09
V-101852,Netherfield Fabrication Co,Netherfield Fabrication,active,Corporation,421897775,466336975,US,GBP,NET30,2-way,Y,WOSB,netherfield.fabrication@netherfieldfab.com,US-AP,Low,2027-02-23,PLT-01
V-101853,Verwood Fabrication Inc,Verwood Fabrication,active,Partnership,275627092,603558094,Canada,USD,NET30,3 way,false,,,CA-AP,2,2028-02-26,PLT-07
V-101854,Rushcliffe Extrusions Ltd.,Rushcliffe Extrusions,ACTIVE,LLC,31-9905424,838874281,United States,USD,Net 30,3-way-direct,no,,,,1,2026-07-12,"PLT-04, PLT-10, PLT-08"
V-101855,Ullswater Electrical GmbH,Ullswater Electrical,active,Corporation,06-5780942,222310052,United States,USD,N30,3-way,no,,ullswater.electrical@ullswaterele.com,US-AP,Tier 1,2027-06-24,PLT-07
V-101856,Denholm Springs Inc,,inactive,Sole Proprietor,75-8600258,559663447,Germany,US Dollar,Net 30,3-way-direct,No,MBE,denholm.springs@denholmspr.com,CA-AP,2,06/27/2027,PLT-10
V-101857,Saltburn Logistics Corp,,,LLC,21-1333765,676075569,CA,USD,Net 45,2-way,no,,saltburn.logistics@saltburnlog.com,US-AP,3,2027-02-28,PLT-12;PLT-05;PLT-06
V-101858,Denholm Tooling Ltd.,,Pending,Corporation,10-7442061,49-107-5821,US,GBP,Net 90,2 way,,,denholm.tooling@denholmtoo.com,US-AP,Tier 2,,PLT-02
V-101859,Culverton Weldments Co,Culverton Weldments,Active,Corporation,40-6544903,201720801,US,MXN,Due on receipt,3 Way Match,FALSE,,ap@culvertonwel.com; culverton.weldments@culvertonwel.com,US-AP,Medium,01/28/2028,
V-101860,Marchmont Abrasives Corp,,inactive,LLC,354332001,51-290-9857,US,USD,Net 15,,TRUE,HUBZone,marchmont.abrasives@marchmontabr.com,US-AP,Tier 1,2028-04-19,PLT-02;PLT-12;PLT-11
V-101861,Pemberton Valves PLC,Pemberton Valves,inactive,LLC,85-7016928,,Canada,EUR,,,False,,ap@pembertonval.com; pemberton.valves@pembertonval.com,US-AP,1,05/20/2026,PLT-06
V-101862,Fairweather Bearings Inc,,active,S-Corp,23-8635300,,CA,EUR,Net 45,3-way,No,,fairweather.bearings@fairweatherbea.com,UK-AP,Low,2027-05-06,PLT-08;PLT-10
V-101863,Ballantyne Forgings PLC,Ballantyne Forgings,Active,S-Corp,96-0785178,672168075,USA,EUR,Net 30,3 way,N,,ballantyne.forgings@ballantynefor.com,US-AP,Low,2028-05-19,PLT-07;PLT-02;PLT-11
V-101864,Elmswell Lubricants Ltd,,Inactive,Limited Liability Company,321317771,802283404,US,GBP,Net 30,none,FALSE,,elmswell.lubricants@elmswelllub.com,US-AP,High,2027-02-10,PLT-07;PLT-05;PLT-11
V-101865,Ballantyne Springs PLC,,active,Sole Prop,26-8664078,38-086-4550,US,US Dollar,,2-way,Yes,DBE,ballantyne.springs@ballantynespr.com,US-AP,2,,PLT-07
V-101866,Ballantyne Abrasives Ltd,Ballantyne Abrasives,active,Corporation,281140011,522396303,United States,MXN,Net 45,none,False,,ballantyne.abrasives@ballantyneabr.com,US-AP,Low,,PLT-07
V-101867,Farndale Gasket PLC,,active,S-Corp,98-6208020,533575765,US,CAD,Net 15,2-way,N,,,US-AP,1,2026-11-08,PLT-10
V-101868,Netherfield Gasket PLC,,active,Non-Profit,16-2667498,,Deutschland,GBP,Net 45,None,False,,netherfield.gasket@netherfieldgas.com,UK-AP,Tier 2,,PLT-02 / PLT-09 / PLT-06
V-101869,Ingleby Gasket Inc,Ingleby Gasket,On Hold,Corporation,539226387,,USA,USD,Net 30,None,False,,ingleby.gasket@inglebygas.com,,1,2026-01-05,"PLT-05, PLT-07, PLT-01"
V-101870,Farndale Lubricants Ltd.,Farndale Lubricants,active,LLC,433501190,838635031,Germany,usd,Net 30,2-way,Yes,WBE,farndale.lubricants@farndalelub.com,US-AP,1,,PLT-06;PLT-09
V-101871,Jarrow Weldments S.A. de C.V.,,inactive,,919479977,505966991,United States,USD,Net 60,3-way,FALSE,,jarrow.weldments@jarrowwel.com,CA-AP,2,12/21/2028,
V-101872,Draycott Valves LLC,Draycott Valves,Active,Sole Prop,493327176,939872624,USA,GBP,Net 60,,1,Minority Business Enterprise,ap@draycottval.com; draycott.valves@draycottval.com,,1,02/09/2027,PLT-11;PLT-08
V-101873,Castleford Valves Co,,Pending,,08-0547804,137281826,US,US Dollar,Net 45,3-way-direct,N,,castleford.valves@castlefordval.com,CA-AP,1,2027-06-28,PLT-10;PLT-06
V-101874,Quarrington Extrusions Inc,,active,S-Corp,74-8675484,818458816,Canada,,N30,3-way,FALSE,,quarrington.extrusions@quarringtonext.com,EU-AP,1,02/01/2027,PLT-12;PLT-11;PLT-06
V-101875,Marchmont Valves GmbH,Marchmont Valves,active,Limited Liability Company,763635537,,USA,GBP,2/10 Net 30,3-way-direct,,VOSB,marchmont.valves@marchmontval.com,UK-AP,Tier 2,2026-06-17,"PLT-02, PLT-09, PLT-08"
V-101876,Brackenridge Coatings Ltd,Brackenridge Coatings,active,LLC,740880148,347853897,CA,USD,Net 30,3-way,0,,brackenridge.coatings@brackenridgecoa.com,CA-AP,High,,PLT-10;PLT-12
V-101877,Saltburn Fasteners LLC,Saltburn Fasteners,,Corporation,187465371,453242100,DE,GBP,Net 30,2-way,No,,saltburn.fasteners@saltburnfas.com,MX-AP,3,2027-07-17,PLT-01;PLT-11
V-101878,Ashworth Weldments S.A. de C.V.,Ashworth Weldments,active,Corporation,34-4134698,98-901-0995,Mexico,EUR,Due on receipt,2-way,F,,ashworth.weldments@ashworthwel.com,CA-AP,3,2027-02-10,PLT-08;PLT-12
V-101879,Yarborough Extrusions Ltd.,,active,LLC,03-9051440,615784687,MX,USD,,2-way,T,Woman-Owned Small Business,yarborough.extrusions@yarboroughext.com,EU-AP,Tier 1,2027-01-05,PLT-11;PLT-12;PLT-07
V-101880,Oakhurst Hydraulics Ltd,Oakhurst Hydraulics,active,Sole Proprietor,610661705,874103339,Germany,usd,Net 30,3-way,,,oakhurst.hydraulics@oakhursthyd.com,EU-AP,Medium,2027-02-20,PLT-08;PLT-01;PLT-09
V-101881,Quarrington Coatings Ltd.,Quarrington Coatings,inactive,LLC,959104634,692348619,US,Euro,Net 30,none,N,,ap@quarringtoncoa.com; quarrington.coatings@quarringtoncoa.com,US-AP,2,2028-10-15,PLT-04
V-101882,Brackenridge Lubricants Co,,Inactive,Sole Prop,584635143,620429479,DE,USD,Net 30,3 Way Match,yes,Woman-Owned Small Business,brackenridge.lubricants@brackenridgelub.com,US-AP,2,08/03/2026,PLT-10;PLT-01;PLT-02
V-101883,Alderman Coatings Inc,Alderman Coatings,inactive,Limited Liability Company,49-5342142,897085770,United States,USD,Net 30,none,F,,alderman.coatings@aldermancoa.com,,1,2027-05-10,PLT-03;PLT-08;PLT-04
V-101884,Rushcliffe Coatings LLC,Rushcliffe Coatings,draft,LLC,38-0531750,55485969,GB,,Net 45,3-way,true,VOSB,rushcliffe.coatings@rushcliffecoa.com,US-AP,1,,PLT-08
,Draycott Foundry GmbH,Draycott Foundry,A,Corporation,195521730,199170558,US,GBP,,3 Way Match,0,,draycott.foundry@draycottfou.com,CA-AP,3,2028-10-25,"PLT-12, PLT-03, PLT-10"
V-101886,Eastgate Weldments LLC,Eastgate Weldments,Active,Corporation,19-1844882,48-320-8102,USA,USD,2/10 Net 30,3 way,,,eastgate.weldments@eastgatewel.com,MX-AP,,2027-01-09,PLT-12
V-101887,Thirlmere Weldments Ltd,,On Hold,S-Corp,06-4670747,753926759,MX,USD,Net 45,3 way,F,,,CA-AP,High,2027-04-02,PLT-10;PLT-04
V-101888,Rushcliffe Castings Ltd.,Rushcliffe Castings,active,Corporation,99-0500679,206109329,United States,USD,Net 45,2-way,FALSE,,ap@rushcliffecas.com; rushcliffe.castings@rushcliffecas.com,US-AP,3,2026-03-24,PLT-10;PLT-02
V-101889,Ballantyne Abrasives LLC,Ballantyne Abrasives,active,LLC,669492582,,Mexico,USD,30 days,None,F,,ballantyne.abrasives@ballantyneabr.com,,High,,
V-101890,Rushcliffe Machining LLC,Rushcliffe Machining,Inactive,Limited Liability Company,13-5208442,368225390,USA,GBP,Due on receipt,2 way,,,rushcliffe.machining@rushcliffemac.com,UK-AP,1,02/15/2026,"PLT-08, PLT-10"
V-101891,Fairweather Weldments Co,,Pending,Sole Proprietor,04-0293212,339198025,US,USD,Net 60,3-way-direct,F,,,US-AP,Tier 1,09/20/2028,"PLT-05, PLT-01"
V-101892,Ingleby Extrusions GmbH,,ACTIVE,Corporation,104622330,053959155,MX,EUR,2/10 Net 30,none,TRUE,DBE,ingleby.extrusions@inglebyext.com,MX-AP,Tier 1,2026-04-05,PLT-05;PLT-10
V-101893,Ashworth Lubricants Inc.,,inactive,Limited Liability Company,,56803983,,USD,Net 60,3-way-direct,YES,Minority Business Enterprise,ashworth.lubricants@ashworthlub.com,MX-AP,Tier 1,2027-02-24,PLT-07;PLT-11
V-101894,Culverton Hydraulics Co,,inactive,Corporation,,75630281,United States,CAD,Net 15,,F,,culverton.hydraulics.culvertonhyd.com,US-AP,1,2026-02-20,PLT-03;PLT-07;PLT-06
V-101895,Ingleby Abrasives Inc.,,active,LLC,42-4218875,25612128,Deutschland,USD,Net 60,3 Way Match,false,DBE,ap@inglebyabr.com; ingleby.abrasives@inglebyabr.com,US-AP,1,2026-06-17,"PLT-02, PLT-08"
V-101896,Ashworth Pneumatics LLC,,Draft,Sole Proprietor,,429751417,US,USD,Net 90,3-way,no,,ashworth.pneumatics@ashworthpne.com,US-AP,Tier 2,04/06/2027,PLT-12
V-101897,Lansdowne Electrical Ltd,,draft,,525531668,05070117,US,,30 days,,No,,lansdowne.electrical@lansdowneele.com,US-AP,3,2028-06-01,PLT-04
V-101898,Ballantyne Foundry Inc,Ballantyne Foundry,On Hold,Corporation,48-6798195,785474614,DE,USD,Net 45,,,,ap@ballantynefou.com; ballantyne.foundry@ballantynefou.com,US-AP,3,12/17/2026,"PLT-12, PLT-09, PLT-07, PLT-11"
V-101899,Pemberton Forgings Inc,Pemberton Forgings,Active,Partnership,40-5845605,715013265,United States,CAD,Net 45,2-way,False,,pemberton.forgings@pembertonfor.com,CA-AP,2,2026-01-24,PLT-08
V-101900,Castleford Calibration PLC,,Inactive,LLC,82-2031376,239104133,MX,CAD,Due on receipt,3 Way Match,,VOSB,castleford.calibration@castlefordcal.com,,3,2027-06-18,"PLT-12, PLT-01, PLT-09"
V-101901,Draycott Machining LLC,Draycott Machining,Active,,,973692022,US,USD,COD,3 way,TRUE,Woman-Owned Small Business,draycott.machining@draycottmac.com,US-AP,High,,"PLT-10, PLT-06"
V-101902,Quarrington Extrusions Inc,Quarrington Extrusions,Inactive,Corporation,841255690,113854137,United States,GBP,2/10 Net 30,3-way,false,,quarrington.extrusions@quarringtonext.com,US-AP,2,2026-02-11,PLT-05;PLT-11
V-101903,Culverton Packaging Ltd.,Culverton Packaging,Pending,Non-Profit,79-4720323,31435250,United States,usd,NET30,2-way,false,MBE,culverton.packaging@culvertonpac.com,US-AP,Tier 1,2028-09-22,PLT-03;PLT-06
V-101904,Denholm Hydraulics Inc,,active,,155013562,68-679-6431,US,USD,2/10 Net 30,Two-way,no,,denholm.hydraulics@denholmhyd.com,US-AP,2,,PLT-04
V-101905,Marchmont Packaging Ltd.,Marchmont Packaging,Pending,Limited Liability Company,26-1140820,157660796,US,EUR,Net 60,3 way,Y,VOSB,marchmont.packaging@marchmontpac.com,US-AP,High,2027-01-05,PLT-06
V-101906,Draycott Lubricants Inc.,Draycott Lubricants,active,Corporation,,661192663,US,USD,Net 45,3 way,F,,draycott.lubricants@draycottlub.com,CA-AP,Medium,02/18/2028,"PLT-03, PLT-07"
V-101907,Draycott Abrasives Inc.,Draycott Abrasives,Active,Corporation,15-9607970,565218872,U.S.,MXN,Net 30,2 way,false,,draycott.abrasives@draycottabr.com,CA-AP,2,2027-05-10,
V-101908,Elmswell Hydraulics Corp,Elmswell Hydraulics,active,LLC,39-1419391,31-755-6936,USA,USD,,3-way,Yes,MBE,elmswell.hydraulics@elmswellhyd.com,US-AP,3,07/05/2028,PLT-04
V-100670,Ingleby Castings Corp,,inactive,,,,Mexico,GBP,Due on receipt,3-way,false,,ingleby.castings.inglebycas.com,US-AP,3,2028-06-05,PLT-09
V-101910,Draycott Springs Inc,Draycott Springs,Inactive,S-Corp,80-5920035,802202400,US,CAD,Net30,3-way,FALSE,,draycott.springs@draycottspr.com,US-AP,1,2026-09-10,PLT-07;PLT-08;PLT-10
V-101911,Elmswell Machining PLC,,inactive,LLC,956794249,128518799,DE,USD,N30,3-way-direct,yes,WBE,elmswell.machining@elmswellmac.com,UK-AP,1,11/02/2026,PLT-05
V-101912,Marchmont Logistics Co,,active,LLC,17-1668990,396584264,DE,,NET30,none,N,,marchmont.logistics@marchmontlog.com,MX-AP,1,2026-07-12,PLT-11
V-101913,Hollingworth Plating Ltd.,Hollingworth Plating,active,Corporation,06-4803898,512201257,GB,USD,NET30,,,,hollingworth.plating@hollingworthpla.com,US-AP,3,2027-05-27,
V-101914,Thirlmere Valves Co,Thirlmere Valves,I,Partnership,323426878,382280163,United Kingdom,GBP,NET30,3-way,TRUE,WBE,,US-AP,,2028-06-15,"PLT-07, PLT-11, PLT-01"
V-101915,Marchmont Valves Ltd,Marchmont Valves,active,LLC,83-3769870,,U.S.,US Dollar,Net 30,2-way,Yes,Minority Business Enterprise,marchmont.valves@marchmontval.com,US-AP,Tier 1,07/26/2028,PLT-04;PLT-12
V-101916,Quarrington Forgings Ltd.,,Pending,Corporation,214521062,209112775,GB,US Dollar,30 days,3 Way Match,False,,quarrington.forgings.quarringtonfor.com,US-AP,,2027-02-15,PLT-11
V-101917,Saltburn Castings Ltd,,Active,,37-4095591,407005437,GB,Euro,Net 60,2-way,False,,,US-AP,Low,2026-04-08,PLT-12;PLT-03;PLT-02;PLT-07
V-101918,Ashworth Gasket GmbH,Ashworth Gasket,Active,Sole Proprietor,37-7426041,667392215,Mexico,MXN,NET30,,F,,ap@ashworthgas.com; ashworth.gasket@ashworthgas.com,US-AP,3,08/15/2026,PLT-04;PLT-12;PLT-06
V-101919,Draycott Calibration Ltd.,Draycott Calibration,,Sole Proprietor,47-5781964,862605221,US,USD,30 days,2-way,yes,WOSB,draycott.calibration@draycottcal.com,EU-AP,3,2026-07-18,PLT-12;PLT-11
V-101920,Brackenridge Foundry LLC,,Pending,Corporation,754180494,296142934,CA,USD,,2 Way Match,T,Minority Business Enterprise,brackenridge.foundry@brackenridgefou.com,,Medium,09/01/2027,PLT-11
V-101921,Rushcliffe Hydraulics LLC,,,S-Corp,69-0828735,973878982,US,USD,Net 30,2 way,N,,rushcliffe.hydraulics@rushcliffehyd.com,US-AP,Medium,,PLT-06
V-101922,Brackenridge Springs PLC,Brackenridge Springs,Active,Sole Prop,382499859,34950110,US,USD,Net 30,3-way-direct,False,,brackenridge.springs@brackenridgespr.com,US-AP,1,2028-07-16,PLT-10
V-101923,Thirlmere Tooling PLC,Thirlmere Tooling,draft,Corporation,61-5117702,908911354,Germany,USD,2/10 Net 30,none,False,,thirlmere.tooling@thirlmeretoo.com,CA-AP,Low,,PLT-09
V-101924,Thirlmere Lubricants S.A. de C.V.,,draft,S-Corp,84-2488010,432147157,GB,,Net30,2 Way Match,F,,thirlmere.lubricants@thirlmerelub.com,UK-AP,1,,PLT-09;PLT-08
V-101925,Fairweather Coatings PLC,Fairweather Coatings,active,Corporation,054372619,698874392,US,,,2-way,1,WOSB,ap@fairweathercoa.com; fairweather.coatings@fairweathercoa.com,EU-AP,,2028-08-02,PLT-06;PLT-10;PLT-12
V-101926,Culverton Fasteners LLC,Culverton Fasteners,Inactive,LLC,21-4187792,234404790,,USD,Net 45,3-way,Y,WBE,culverton.fasteners@culvertonfas.com,US-AP,3,2027-04-07,PLT-11 / PLT-02 / PLT-06
V-101927,Draycott Hydraulics S.A. de C.V.,Draycott Hydraulics,Draft,Corporation,56-4574986,692566223,MX,USD,Immediate,none,no,,draycott.hydraulics@draycotthyd.com,UK-AP,2,,"PLT-06, PLT-09, PLT-05, PLT-10"
V-101928,Draycott Abrasives Inc,,inactive,Sole Proprietor,749878779,37489595,United Kingdom,CAD,Net 30,3-way,,,draycott.abrasives@draycottabr.com,EU-AP,3,2028-07-27,"PLT-05, PLT-10"
V-101929,Quarrington Fabrication Ltd,Quarrington Fabrication,active,,88-5866752,30-981-3254,United States,USD,Net 90,3-way,no,,quarrington.fabrication@quarringtonfab.com,,1,,PLT-02
V-101930,Ullswater Machining LLC,Ullswater Machining,Inactive,Corporation,495338642,357543960,US,USD,NET30,3-way,N,,ullswater.machining@ullswatermac.com,CA-AP,High,08/22/2028,PLT-05;PLT-02
V-101931,Ballantyne Bearings Ltd.,,active,Corporation,,656907802,DE,EUR,NET30,3-way,False,,ballantyne.bearings@ballantynebea.com,US-AP,Tier 2,2026-06-13,PLT-03
V-101932,Grimsby Abrasives LLC,,draft,,71-7215576,236286662,US,USD,Net 30,2 way,False,,grimsby.abrasives@grimsbyabr.com,US-AP,1,,PLT-01;PLT-10
V-101933,Grimsby Machining PLC,Grimsby Machining,Active,LLC,022728565,115198064,USA,MXN,Net 60,none,YES,Minority Business Enterprise,grimsby.machining@grimsbymac.com,US-AP,1,2026-09-28,
V-101934,Elmswell Lubricants Corp,Elmswell Lubricants,active,Corporation,24-2423335,274752718,MX,EUR,Net 30,3-way,No,,elmswell.lubricants.elmswelllub.com,,3,03/23/2028,"PLT-05, PLT-09"
V-101935,Farndale Hydraulics PLC,Farndale Hydraulics,inactive,,83-6201507,127556176,CA,,Net 30,,F,,farndale.hydraulics@farndalehyd.com,US-AP,Medium,11/22/2026,
V-101936,Yarborough Forgings Co,Yarborough Forgings,Active,Partnership,80-9926038,305915271,USA,US Dollar,Net 30,Two-way,F,,ap@yarboroughfor.com; yarborough.forgings@yarboroughfor.com,UK-AP,1,,PLT-12
V-101937,Quarrington Machining Inc.,Quarrington Machining,active,Sole Proprietor,,110349884,DE,USD,NET30,3-way,0,,quarrington.machining@quarringtonmac.com,US-AP,1,2026-07-28,PLT-05;PLT-03;PLT-12
V-101938,Culverton Electrical S.A. de C.V.,,draft,LLC,076157948,900679432,US,USD,Net 60,3 Way Match,TRUE,MBE,culverton.electrical@culvertonele.com,,Tier 2,2028-04-20,"PLT-11, PLT-12"
V-101939,Rushcliffe Tooling PLC,,Inactive,Corporation,66-3934762,290193844,US,USD,Net 30,,0,,ap@rushcliffetoo.com; rushcliffe.tooling@rushcliffetoo.com,US-AP,,06/05/2026,PLT-09;PLT-06;PLT-01
V-101940,Marchmont Gasket Inc,,Pending,Corporation,41-3752115,409412385,GB,US Dollar,30 days,2-way,,VOSB,marchmont.gasket@marchmontgas.com,US-AP,Medium,2028-01-01,PLT-12;PLT-01;PLT-10
V-101941,Marchmont Machining LLC,,active,LLC,843309755,428949774,CA,USD,Net 60,3 way,Yes,SDVOSB,marchmont.machining@marchmontmac.com,EU-AP,2,2026-03-06,PLT-04;PLT-05
V-101942,Elmswell Weldments Corp,Elmswell Weldments,Inactive,Corporation,848483752,94552426,Mexico,GBP,NET30,3-way,true,VOSB,elmswell.weldments@elmswellwel.com,US-AP,Tier 3,2026-02-05,"PLT-04, PLT-12, PLT-11"
V-101943,Brackenridge Abrasives Inc,,A,Corporation,278617807,23816360,USA,USD,Net 45,none,no,,brackenridge.abrasives@brackenridgeabr.com,US-AP,Medium,2028-10-07,
V-101944,Lansdowne Forgings GmbH,Lansdowne Forgings,I,Limited Liability Company,144772295,113194058,USA,USD,Net 30,3-way-direct,N,,,,1,2028-04-11,"PLT-09, PLT-12, PLT-05, PLT-10"
V-101945,Denholm Foundry Inc.,Denholm Foundry,,Corporation,,028368937,USA,EUR,Net 60,2 Way Match,N,,denholm.foundry@denholmfou.com,US-AP,Low,03/10/2028,PLT-11
V-101946,Eastgate Tooling Ltd,,Active,Corporation,962489088,335090037,Mexico,USD,Net 15,3-way-direct,T,MBE,,UK-AP,,2027-06-02,PLT-02
V-101947,Fairweather Logistics Ltd,Fairweather Logistics,active,LLC,209694956,131537310,USA,USD,Net 90,2-way,no,,fairweather.logistics@fairweatherlog.com,,3,2027-12-24,"PLT-08, PLT-10"
V-101948,Wolverton Lubricants GmbH,Wolverton Lubricants,On Hold,LLC,725943972,458285615,US,USD,Net 60,none,false,,wolverton.lubricants@wolvertonlub.com,,Low,2028-01-16,PLT-03;PLT-11;PLT-09;PLT-02
V-101949,Hollingworth Plating Inc.,,Active,,81-2102933,49071496,US,CAD,NET30,None,Yes,WOSB,hollingworth.plating@hollingworthpla.com,CA-AP,2,2028-05-10,PLT-03
V-101950,Verwood Pneumatics Co,Verwood Pneumatics,,LLC,666560918,03346424,Canada,CAD,Net 30,2-way,True,Minority Business Enterprise,verwood.pneumatics@verwoodpne.com,EU-AP,,2028-04-05,PLT-03
V-101951,Ullswater Extrusions Corp,Ullswater Extrusions,active,S-Corp,92-0750676,260583814,USA,EUR,Net 30,2-way,False,,ullswater.extrusions@ullswaterext.com,US-AP,2,2028-02-27,"PLT-04, PLT-02"
V-101952,Ballantyne Packaging Inc,Ballantyne Packaging,On Hold,Corporation,84-9553348,752392231,Mexico,USD,Net 30,Two-way,T,Minority Business Enterprise,,EU-AP,3,2027-11-28,PLT-08;PLT-12
V-101953,Elmswell Logistics Inc,Elmswell Logistics,inactive,LLC,904315297,680967910,Deutschland,CAD,,3-way,T,Woman-Owned Small Business,elmswell.logistics@elmswelllog.com,UK-AP,2,2028-02-03,"PLT-05, PLT-10"
V-101954,Ashworth Castings Inc.,Ashworth Castings,active,S-Corp,54-1281700,802668353,CA,USD,Net 15,Two-way,N,,,CA-AP,1,2027-12-12,PLT-02
V-101955,Castleford Machining LLC,,draft,Sole Proprietor,476053280,263703904,CA,EUR,Net 15,3-way,FALSE,,castleford.machining@castlefordmac.com,US-AP,2,,PLT-01
V-101956,Lansdowne Coatings Ltd,,Active,Partnership,165635725,92-948-2518,US,USD,Net30,3-way,T,HUBZone,lansdowne.coatings@lansdownecoa.com,,3,05/28/2026,PLT-02;PLT-05;PLT-11;PLT-12
V-100936,Oakhurst Electrical S.A. de C.V.,Oakhurst Electrical,active,LLC,54-0620581,333738333,US,USD,Net 45,3-way-direct,False,,oakhurst.electrical@oakhurstele.com,US-AP,,2027-01-10,PLT-12;PLT-02
V-101958,Oakhurst Logistics Inc,,A,Non-Profit,50-6704076,195552501,Germany,usd,Net 60,Three way direct,false,,oakhurst.logistics@oakhurstlog.com,US-AP,1,2027-08-19,PLT-04
V-101959,Draycott Abrasives LLC,,active,Sole Prop,98-9171202,720080668,US,USD,Net 60,3-way,false,,,,Medium,01/05/2027,PLT-12;PLT-05
V-101960,Wolverton Castings Inc.,Wolverton Castings,Active,Corporation,287915470,877042725,US,Euro,Net 30,2 Way Match,1,HUBZone,wolverton.castings@wolvertoncas.com,MX-AP,Tier 1,2026-01-14,PLT-02;PLT-07;PLT-04;PLT-12
V-101961,Ullswater Extrusions Corp,,I,LLC,58-8874752,738351873,CA,USD,Net 30,,0,,ullswater.extrusions@ullswaterext.com,UK-AP,2,2027-08-05,PLT-02
V-101962,Rushcliffe Abrasives Inc,,draft,Corporation,265373004,89-662-2313,USA,EUR,Net 60,,False,,rushcliffe.abrasives@rushcliffeabr.com,UK-AP,,2026-07-14,"PLT-02, PLT-10"
V-101963,Wolverton Fasteners LLC,,ACTIVE,Sole Proprietor,847513562,,GB,USD,Net 60,,0,,wolverton.fasteners@wolvertonfas.com,,1,2026-09-17,PLT-05;PLT-09;PLT-01
V-101964,Lansdowne Fabrication Inc.,,inactive,Corporation,41-9532401,,USA,GBP,Net 30,,0,,lansdowne.fabrication@lansdownefab.com,US-AP,1,,
V-101965,Lansdowne Calibration Inc,,Active,Partnership,56-2397952,39042818,US,USD,Net 45,,0,,lansdowne.calibration@lansdownecal.com,US-AP,Tier 1,01/05/2027,PLT-09;PLT-10;PLT-11
V-101966,Fairweather Calibration GmbH,Fairweather Calibration,A,LLC,723269921,123985466,USA,USD,Net 60,3 way,FALSE,,,US-AP,1,05/10/2026,PLT-04;PLT-02
V-101967,Ullswater Fasteners PLC,,Active,LLC,535980303,880690598,US,usd,Net 60,2-way,True,MBE,,,1,2028-11-28,PLT-05
V-101968,Oakhurst Weldments Inc,Oakhurst Weldments,active,Partnership,023889376,581171029,US,usd,30 days,3 Way Match,Yes,VOSB,oakhurst.weldments@oakhurstwel.com,CA-AP,2,2028-03-08,PLT-10
V-101969,Ullswater Abrasives Corp,Ullswater Abrasives,active,Sole Prop,27-6286627,107940672,United States,USD,Net 45,3-way,No,,ullswater.abrasives.ullswaterabr.com,MX-AP,,05/14/2026,PLT-11
V-101970,Culverton Fabrication PLC,Culverton Fabrication,inactive,Corporation,15-4730502,352073697,US,GBP,Net 30,3-way,,,culverton.fabrication@culvertonfab.com,UK-AP,1,2028-06-16,PLT-01;PLT-12;PLT-03
V-101971,Farndale Fabrication Ltd,Farndale Fabrication,Active,LLC,73-7304763,700156459,MX,GBP,Net 45,None,FALSE,,farndale.fabrication.farndalefab.com,US-AP,Medium,2027-02-06,"PLT-11, PLT-10, PLT-08"
V-101972,Netherfield Lubricants GmbH,,Active,Corporation,524892435,183354399,GB,USD,2/10 Net 30,3-way,no,,netherfield.lubricants@netherfieldlub.com,US-AP,Tier 1,06/24/2027,PLT-07;PLT-05
V-101973,Brackenridge Springs Inc,Brackenridge Springs,active,Corporation,87-4958728,656437490,U.S.,GBP,,3-way,no,,brackenridge.springs@brackenridgespr.com,,2,2027-12-18,PLT-03
V-101974,Rushcliffe Coatings Ltd,Rushcliffe Coatings,Active,,01-7519380,389967575,USA,MXN,NET30,2 way,yes,WOSB,rushcliffe.coatings@rushcliffecoa.com,,Medium,2026-01-11,PLT-05
V-101975,Quarrington Foundry LLC,,Active,S-Corp,311925935,,US,EUR,Net 45,3-way-direct,T,SDVOSB,ap@quarringtonfou.com; quarrington.foundry@quarringtonfou.com,US-AP,Medium,2027-01-10,PLT-06;PLT-05;PLT-12
V-101976,Hollingworth Valves Corp,Hollingworth Valves,Pending,Corporation,62-2672714,,US,USD,N30,3 way,0,,hollingworth.valves@hollingworthval.com,CA-AP,1,2027-05-07,PLT-12
V-101977,Pemberton Lubricants Ltd,Pemberton Lubricants,On Hold,Corporation,904917559,626573636,United Kingdom,GBP,Net 60,2 Way Match,Yes,DBE,pemberton.lubricants@pembertonlub.com,US-AP,1,2027-02-27,"PLT-05, PLT-11, PLT-12"
V-101978,Draycott Foundry LLC,Draycott Foundry,active,Sole Proprietor,20-1086611,,United Kingdom,,Net 45,2 way,F,,draycott.foundry@draycottfou.com,US-AP,2,2028-06-15,PLT-12 / PLT-02
V-101979,Oakhurst Plating Inc.,,,LLC,73-7939909,39-666-9599,,USD,2/10 Net 30,3 way,False,,ap@oakhurstpla.com; oakhurst.plating@oakhurstpla.com,EU-AP,3,04/06/2027,PLT-09;PLT-04
V-101980,Ingleby Pneumatics Corp,Ingleby Pneumatics,active,Corporation,06-6666066,51-905-1028,U.S.,USD,Due on receipt,2 Way Match,False,,ingleby.pneumatics@inglebypne.com,,3,2027-03-11,"PLT-06, PLT-02, PLT-03"
V-101981,Draycott Weldments S.A. de C.V.,,Active,S-Corp,65-5828829,09536671,USA,EUR,,3 Way Match,FALSE,,,CA-AP,Tier 1,2028-07-19,PLT-11
V-101982,Yarborough Logistics Inc,Yarborough Logistics,active,Sole Proprietor,06-1260797,846570986,USA,USD,30 days,None,,Woman-Owned Small Business,,US-AP,2,2026-04-27,PLT-07;PLT-03;PLT-05;PLT-08
V-101983,Thirlmere Logistics LLC,Thirlmere Logistics,active,LLC,051645081,832290308,Mexico,MXN,Net 60,2-way,,,ap@thirlmerelog.com; thirlmere.logistics@thirlmerelog.com,US-AP,,,"PLT-07, PLT-02, PLT-11"
V-101887,Yarborough Tooling PLC,,active,Partnership,500202546,885313236,CA,,Net 60,Two-way,0,,,US-AP,1,2028-06-02,PLT-09
V-101985,Quarrington Lubricants Co,Quarrington Lubricants,Inactive,Corporation,65-9456102,546122209,US,USD,Net 45,none,False,,,CA-AP,3,2026-09-23,
V-101986,Netherfield Weldments Ltd,Netherfield Weldments,draft,,851163888,995670680,GB,USD,Net 60,3 way,FALSE,,ap@netherfieldwel.com; netherfield.weldments@netherfieldwel.com,,3,2027-07-01,
V-101987,Kettleby Gasket S.A. de C.V.,Kettleby Gasket,I,Corporation,765446597,548086794,Germany,GBP,Due on receipt,none,F,,kettleby.gasket@kettlebygas.com,,Tier 2,04/27/2026,PLT-01
V-101988,Grimsby Bearings LLC,Grimsby Bearings,Active,Corporation,17-4296906,682292702,DE,,COD,,0,,grimsby.bearings@grimsbybea.com,US-AP,High,2028-03-15,PLT-12
V-101989,Thirlmere Valves Corp,Thirlmere Valves,Inactive,Corporation,31-4878686,264494943,,USD,Net 30,2 Way Match,True,DBE,thirlmere.valves@thirlmereval.com,EU-AP,1,,PLT-10
V-101990,Ingleby Pneumatics LLC,Ingleby Pneumatics,,LLC,86-8708466,690010084,US,GBP,Net 90,2 way,Y,Woman-Owned Small Business,ingleby.pneumatics@inglebypne.com,US-AP,Low,2028-11-27,
V-101991,Fairweather Packaging LLC,Fairweather Packaging,Inactive,,32-0803457,,CA,CAD,Net 15,2 way,,,fairweather.packaging@fairweatherpac.com,,3,2026-02-23,"PLT-07, PLT-09, PLT-08, PLT-04"
V-101992,Culverton Fasteners Ltd,Culverton Fasteners,Draft,Sole Proprietor,,296490062,United Kingdom,EUR,Net 90,3-way-direct,no,,culverton.fasteners@culvertonfas.com,EU-AP,2,2026-02-11,PLT-03 / PLT-08
V-101993,Pemberton Castings S.A. de C.V.,Pemberton Castings,Inactive,Corporation,229489937,49283080,US,USD,,2-way,false,,,,1,2027-09-12,"PLT-03, PLT-10, PLT-09"
V-101994,Yarborough Fasteners LLC,,Active,S-Corp,257793000,175801468,US,MXN,Net30,none,F,,ap@yarboroughfas.com; yarborough.fasteners@yarboroughfas.com,US-AP,1,,PLT-10;PLT-05
V-101995,Ullswater Weldments GmbH,,active,Sole Proprietor,11-1494600,485264196,Germany,USD,NET30,2-way,False,,ullswater.weldments@ullswaterwel.com,US-AP,1,2026-04-25,PLT-10
V-101996,Ashworth Abrasives GmbH,Ashworth Abrasives,Active,Limited Liability Company,07-6239974,820770667,USA,USD,,3-way,TRUE,Minority Business Enterprise,ashworth.abrasives@ashworthabr.com,US-AP,,02/26/2026,"PLT-05, PLT-08, PLT-12, PLT-02"
V-101997,Verwood Fasteners Corp,,active,LLC,051760264,309054457,Germany,EUR,Net30,2-way,0,,verwood.fasteners.verwoodfas.com,CA-AP,2,2027-01-21,PLT-01;PLT-02
V-101998,Eastgate Logistics Inc.,Eastgate Logistics,draft,Limited Liability Company,,564815825,CA,USD,30 days,3-way-direct,F,,ap@eastgatelog.com; eastgate.logistics@eastgatelog.com,US-AP,Tier 1,2026-12-13,PLT-11;PLT-09;PLT-02
V-101999,Saltburn Tooling Ltd,,On Hold,Corporation,19-2843993,327633424,US,,Net 60,3 way,0,,saltburn.tooling@saltburntoo.com,,2,,PLT-09
V-102000,Culverton Gasket LLC,Culverton Gasket,inactive,,674621953,,Mexico,USD,,3-way,T,MBE,culverton.gasket@culvertongas.com,US-AP,High,2027-01-22,PLT-04
V-102001,Yarborough Tooling PLC,Yarborough Tooling,Pending,S-Corp,27-2451519,95-226-0690,USA,USD,30 days,None,Yes,MBE,yarborough.tooling.yarboroughtoo.com,UK-AP,Tier 1,2026-10-04,PLT-09
V-102002,Ashworth Packaging Corp,,active,Non-Profit,17-9821623,02403786,Canada,USD,Net 90,3-way-direct,F,,,US-AP,1,,PLT-02;PLT-09;PLT-10
V-102003,Ingleby Pneumatics GmbH,Ingleby Pneumatics,active,LLC,537146330,,US,CAD,Net30,2 way,N,,ingleby.pneumatics@inglebypne.com,US-AP,2,2028-01-10,PLT-08
V-102004,Brackenridge Extrusions Ltd,Brackenridge Extrusions,active,Partnership,08-0053442,392367435,,,Net 30,3-way,YES,SDVOSB,brackenridge.extrusions@brackenridgeext.com,US-AP,2,2027-05-17,PLT-10
V-102005,Jarrow Calibration Ltd,,active,LLC,51-2659589,264856807,DE,USD,Net 30,2-way,F,,jarrow.calibration@jarrowcal.com,CA-AP,High,2026-04-22,PLT-06
V-102006,Ullswater Pneumatics Co,Ullswater Pneumatics,,S-Corp,,992405779,United Kingdom,EUR,Net 60,none,TRUE,MBE,ullswater.pneumatics@ullswaterpne.com,MX-AP,1,2026-10-08,
V-102007,Grimsby Coatings Ltd.,,inactive,LLC,508410974,479650401,MX,USD,Net 45,2-way,False,,grimsby.coatings.grimsbycoa.com,EU-AP,1,,PLT-08;PLT-11;PLT-03
V-102008,Wolverton Pneumatics PLC,,On Hold,LLC,18-5502092,485191511,US,USD,NET30,3 way,True,Minority Business Enterprise,wolverton.pneumatics@wolvertonpne.com,US-AP,2,09/12/2027,PLT-10
V-102009,Ballantyne Fasteners PLC,,active,LLC,09-4367267,628104959,,,Net 45,2-way,no,,ballantyne.fasteners@ballantynefas.com,US-AP,1,,
V-102010,Rushcliffe Weldments Ltd.,Rushcliffe Weldments,Inactive,Partnership,00-5784151,,US,usd,Net 30,3 Way Match,FALSE,,rushcliffe.weldments@rushcliffewel.com,EU-AP,1,11/28/2028,PLT-05
V-102011,Denholm Tooling Ltd,Denholm Tooling,active,Corporation,76-3204407,38013233,US,EUR,30 days,3-way-direct,False,,denholm.tooling@denholmtoo.com,US-AP,3,2027-04-28,PLT-06;PLT-03
V-102012,Alderman Machining LLC,Alderman Machining,Active,LLC,913045319,313451274,USA,USD,Net 30,none,False,,alderman.machining@aldermanmac.com,CA-AP,3,2027-07-14,PLT-08;PLT-11
V-102013,Castleford Weldments GmbH,Castleford Weldments,A,LLC,737083032,785575036,United States,usd,,3-way,false,,ap@castlefordwel.com; castleford.weldments@castlefordwel.com,US-AP,,2027-11-11,"PLT-05, PLT-08"
V-102014,Pemberton Gasket Co,,A,LLC,65-6903826,494885298,US,USD,Net30,2-way,N,,pemberton.gasket@pembertongas.com,US-AP,1,04/05/2026,
V-102015,Grimsby Valves Corp,,,Non-Profit,816283126,651960942,US,CAD,2/10 Net 30,3 way,F,,,US-AP,2,2027-04-01,PLT-12
V-102016,Culverton Gasket GmbH,,active,S-Corp,13-9679577,74398428,Mexico,EUR,Net 60,Two-way,F,,culverton.gasket@culvertongas.com,,Tier 3,,PLT-05;PLT-01;PLT-11
V-102017,Netherfield Fabrication Ltd.,,active,,759046429,715473046,United Kingdom,EUR,Net 90,none,no,,netherfield.fabrication.netherfieldfab.com,US-AP,2,,PLT-08;PLT-07
V-102018,Saltburn Electrical Corp,Saltburn Electrical,Active,Partnership,48-4186559,682692937,US,USD,,3-way,0,,saltburn.electrical@saltburnele.com,US-AP,Tier 2,2026-01-02,"PLT-08, PLT-01, PLT-07, PLT-12"
V-102019,Ballantyne Fabrication Ltd,,Active,S-Corp,01-3809952,902750320,US,USD,Net 60,3-way,F,,ballantyne.fabrication@ballantynefab.com,US-AP,2,2028-10-04,"PLT-08, PLT-05"
V-102020,Pemberton Machining PLC,Pemberton Machining,active,Corporation,50-7821644,720383032,USA,USD,Net 45,2-way,no,,,EU-AP,1,12/01/2028,PLT-11 / PLT-07 / PLT-01
V-102021,Marchmont Gasket Inc,,active,Corporation,149804542,,Deutschland,USD,NET30,3-way,0,,marchmont.gasket@marchmontgas.com,US-AP,2,2026-06-12,PLT-09
V-102022,Eastgate Forgings Inc,Eastgate Forgings,A,LLC,842311448,,Deutschland,usd,,none,No,,eastgate.forgings@eastgatefor.com,US-AP,2,06/23/2026,"PLT-10, PLT-03"
V-102023,Rushcliffe Forgings S.A. de C.V.,,Pending,Corporation,97-7599050,112968124,Canada,USD,COD,2-way,YES,Minority Business Enterprise,rushcliffe.forgings@rushcliffefor.com,US-AP,Medium,12/04/2026,PLT-07;PLT-10
V-102024,Thirlmere Valves Co,Thirlmere Valves,active,LLC,556143324,930389570,US,USD,Net 30,,false,,thirlmere.valves@thirlmereval.com,,Tier 1,2026-08-08,PLT-05;PLT-07
V-102025,Elmswell Coatings Co,,A,Corporation,144195991,298030042,United States,USD,Net 15,3 way,false,,elmswell.coatings@elmswellcoa.com,EU-AP,Medium,2026-06-24,PLT-12
V-102026,Farndale Calibration Corp,Farndale Calibration,active,Non-Profit,995707907,96399772,United Kingdom,USD,,3-way-direct,0,,farndale.calibration@farndalecal.com,UK-AP,Medium,11/17/2026,PLT-04;PLT-01;PLT-02
V-102027,Verwood Extrusions Corp,Verwood Extrusions,active,Partnership,97-3352333,370405040,USA,EUR,2/10 Net 30,3-way-direct,T,Minority Business Enterprise,verwood.extrusions@verwoodext.com,UK-AP,Low,,PLT-02;PLT-04;PLT-06;PLT-03
V-102028,Saltburn Gasket Ltd.,Saltburn Gasket,,Non-Profit,48-0007748,966231217,United States,CAD,Net 45,2 way,No,,saltburn.gasket@saltburngas.com,,3,2027-05-12,PLT-04 / PLT-09 / PLT-12 / PLT-03
V-102029,Denholm Fabrication Inc.,,A,LLC,111442394,156769071,CA,MXN,Net 15,3-way,,WBE,denholm.fabrication@denholmfab.com,EU-AP,1,01/16/2026,PLT-10;PLT-04
,Kettleby Extrusions S.A. de C.V.,,active,Sole Proprietor,649801922,752453648,United States,USD,30 days,3-way,0,,kettleby.extrusions@kettlebyext.com,US-AP,Low,2027-08-15,
V-102031,Yarborough Electrical Inc,Yarborough Electrical,active,LLC,04-1408291,788683086,US,USD,Net 30,3-way-direct,,HUBZone,yarborough.electrical@yarboroughele.com,MX-AP,2,01/27/2026,PLT-03;PLT-06;PLT-10
V-102032,Lansdowne Plating Corp,,active,Corporation,756632232,429430821,US,USD,Net 45,3-way,No,,lansdowne.plating@lansdownepla.com,,Tier 3,2027-05-24,"PLT-08, PLT-04"
V-102033,Ashworth Foundry Ltd,,Active,Corporation,75-4673852,,MX,,COD,3 way,,,ashworth.foundry@ashworthfou.com,US-AP,2,2027-01-05,
V-102034,Rushcliffe Weldments Inc.,Rushcliffe Weldments,,Sole Proprietor,085146280,878545657,US,EUR,Due on receipt,3-way,F,,rushcliffe.weldments@rushcliffewel.com,US-AP,2,2027-04-14,
V-102035,Ullswater Pneumatics Ltd.,,active,LLC,79-9316895,434801625,DE,USD,Net 45,3 Way Match,false,,ullswater.pneumatics@ullswaterpne.com,EU-AP,2,05/26/2027,PLT-12
V-102036,Elmswell Bearings GmbH,Elmswell Bearings,active,LLC,,457803032,GB,US Dollar,Net30,2-way,F,,elmswell.bearings@elmswellbea.com,US-AP,Tier 2,2026-06-17,PLT-11
V-102037,Marchmont Packaging Ltd,,A,Partnership,78-8893844,,Mexico,USD,Net 30,2-way,No,,marchmont.packaging@marchmontpac.com,CA-AP,1,12/14/2027,"PLT-01, PLT-07"
V-102038,Wolverton Forgings LLC,Wolverton Forgings,active,LLC,448694880,481123142,United Kingdom,USD,Net 30,2-way,,,wolverton.forgings@wolvertonfor.com,US-AP,Medium,06/13/2028,PLT-04;PLT-05
V-102039,Yarborough Forgings Inc.,,inactive,,34-9800866,152902492,USA,USD,Net 90,2-way,,,yarborough.forgings@yarboroughfor.com,CA-AP,Tier 1,,PLT-06
V-102040,Pemberton Tooling Ltd.,Pemberton Tooling,active,Corporation,,368369327,United States,EUR,Net 30,3-way,No,,pemberton.tooling@pembertontoo.com,US-AP,,2026-02-10,PLT-05;PLT-12
V-102041,Farndale Calibration LLC,Farndale Calibration,inactive,Non-Profit,46-6600191,446461800,United States,GBP,Net 60,3 Way Match,no,,farndale.calibration@farndalecal.com,US-AP,Tier 2,2026-06-10,PLT-02
V-102042,Grimsby Calibration S.A. de C.V.,,On Hold,Sole Proprietor,918490884,,Deutschland,USD,Net 60,2-way,N,,grimsby.calibration@grimsbycal.com,UK-AP,3,2028-10-25,"PLT-09, PLT-05, PLT-06"
V-102043,Verwood Machining PLC,Verwood Machining,active,LLC,418970513,481086742,U.S.,GBP,Due on receipt,2-way,false,,verwood.machining@verwoodmac.com,UK-AP,1,,PLT-07
V-102044,Kettleby Fasteners Inc.,,I,,04-7167064,126153581,US,GBP,Net 30,3 Way Match,true,WBE,kettleby.fasteners@kettlebyfas.com,US-AP,Low,2027-03-04,PLT-03
V-102045,Ballantyne Forgings Corp,Ballantyne Forgings,A,,11-8856839,85163161,Mexico,USD,,3 Way Match,FALSE,,ap@ballantynefor.com; ballantyne.forgings@ballantynefor.com,,Tier 1,2027-06-27,"PLT-12, PLT-03, PLT-06, PLT-09"
V-102046,Saltburn Fasteners S.A. de C.V.,,On Hold,LLC,817565564,,DE,,Due on receipt,3-way,N,,saltburn.fasteners@saltburnfas.com,MX-AP,3,2028-11-01,PLT-12;PLT-08;PLT-04
V-102047,Netherfield Foundry Inc.,,Active,,09-4965781,959917122,US,USD,Net 30,,N,,netherfield.foundry@netherfieldfou.com,US-AP,Medium,,PLT-12;PLT-07;PLT-09
V-102048,Netherfield Gasket PLC,Netherfield Gasket,Active,Partnership,15-0497615,348608097,US,,Net 45,3-way,,,netherfield.gasket@netherfieldgas.com,,Tier 2,,PLT-09
V-102049,Netherfield Packaging Inc,,Inactive,Partnership,44-2714319,518279449,GB,Euro,N30,2 Way Match,FALSE,,netherfield.packaging@netherfieldpac.com,UK-AP,2,06/02/2028,PLT-09;PLT-05
V-102050,Brackenridge Weldments Inc,,active,S-Corp,64-4045262,389997033,CA,EUR,Net 30,none,false,,brackenridge.weldments@brackenridgewel.com,,2,,PLT-11;PLT-10
V-102051,Jarrow Plating S.A. de C.V.,Jarrow Plating,,Non-Profit,424144523,07331243,United States,USD,Net 30,,false,,jarrow.plating@jarrowpla.com,CA-AP,Tier 2,2028-11-20,
V-102052,Culverton Extrusions PLC,Culverton Extrusions,Active,Corporation,,781846224,GB,USD,Due on receipt,3 Way Match,0,,culverton.extrusions@culvertonext.com,UK-AP,1,2028-01-02,
V-102053,Ashworth Weldments Corp,,active,Sole Proprietor,92-7457239,843014310,GB,CAD,COD,2 Way Match,no,,ashworth.weldments@ashworthwel.com,EU-AP,3,2027-06-25,PLT-12
V-102054,Wolverton Fabrication PLC,,inactive,LLC,655154850,999281634,USA,usd,Net 15,3-way,No,,wolverton.fabrication@wolvertonfab.com,MX-AP,2,2028-04-06,
V-102055,Castleford Weldments Inc,Castleford Weldments,inactive,Corporation,36-8954581,127936424,US,MXN,Net 30,,F,,,UK-AP,3,2027-06-15,PLT-02;PLT-08
V-102056,Quarrington Bearings S.A. de C.V.,,ACTIVE,Corporation,165836299,02346370,US,USD,Due on receipt,3 way,N,,quarrington.bearings@quarringtonbea.com,,High,02/11/2026,PLT-02;PLT-10
V-102057,Thirlmere Lubricants LLC,Thirlmere Lubricants,Pending,LLC,997357142,770391075,Germany,USD,Net 30,none,true,MBE,thirlmere.lubricants@thirlmerelub.com,US-AP,High,2027-10-16,PLT-06
V-102058,Hollingworth Abrasives Corp,Hollingworth Abrasives,inactive,Corporation,01-9953825,03661662,US,USD,2/10 Net 30,2 way,Y,WOSB,hollingworth.abrasives@hollingworthabr.com,CA-AP,Low,05/08/2026,PLT-04;PLT-08
V-102059,Ingleby Calibration Co,Ingleby Calibration,active,Corporation,55-3968550,317304695,U.S.,GBP,NET30,None,Yes,HUBZone,ingleby.calibration@inglebycal.com,,3,01/24/2027,PLT-08;PLT-05
V-102060,Draycott Fabrication Ltd,Draycott Fabrication,active,Sole Proprietor,066395508,,United Kingdom,USD,,2-way,no,,,MX-AP,High,03/23/2028,PLT-12;PLT-03
V-102061,Fairweather Springs Inc,Fairweather Springs,active,Corporation,84-9507959,206720731,CA,CAD,Net 30,2 way,No,,fairweather.springs@fairweatherspr.com,,,03/01/2027,PLT-11;PLT-03
V-102062,Brackenridge Bearings Ltd,Brackenridge Bearings,draft,Sole Prop,71-1313494,886540370,USA,Euro,Net 60,2-way,No,,brackenridge.bearings@brackenridgebea.com,EU-AP,,05/04/2028,"PLT-03, PLT-06, PLT-02, PLT-04"
V-102063,Draycott Coatings Ltd.,Draycott Coatings,I,LLC,20-4292076,837108719,US,USD,Due on receipt,3-way-direct,0,,draycott.coatings@draycottcoa.com,US-AP,,2027-12-27,"PLT-05, PLT-03, PLT-06"
V-102064,Alderman Castings LLC,,Inactive,Corporation,00-0160632,369958089,,USD,Net 60,2 way,No,,,UK-AP,2,2028-09-04,PLT-09
V-102065,Lansdowne Valves Inc,Lansdowne Valves,active,Corporation,118895674,146785566,US,USD,Net 90,2-way,1,Woman-Owned Small Business,lansdowne.valves@lansdowneval.com,US-AP,2,2026-10-18,PLT-05 / PLT-01
V-102066,Culverton Forgings Ltd,,A,Partnership,442321410,322271351,CA,USD,Immediate,3 way,0,,culverton.forgings@culvertonfor.com,US-AP,2,2026-04-19,PLT-05;PLT-11
V-102067,Marchmont Calibration Corp,,inactive,S-Corp,267977878,18-831-4652,,USD,Net 30,3-way,False,,ap@marchmontcal.com; marchmont.calibration@marchmontcal.com,MX-AP,High,,PLT-02
V-102068,Alderman Castings S.A. de C.V.,,active,Sole Proprietor,789725819,268187997,US,,Net 30,3-way-direct,FALSE,,alderman.castings@aldermancas.com,,1,2028-02-08,"PLT-12, PLT-06"
V-102069,Grimsby Plating LLC,Grimsby Plating,inactive,LLC,76-6560968,954655378,USA,EUR,Net 60,2-way,false,,grimsby.plating@grimsbypla.com,,,10/19/2026,PLT-02
V-102070,Lansdowne Hydraulics LLC,Lansdowne Hydraulics,Inactive,,88-5700509,266749674,Canada,USD,30 days,3-way,No,,lansdowne.hydraulics@lansdownehyd.com,CA-AP,2,05/14/2028,PLT-03;PLT-11
V-102071,Thirlmere Hydraulics PLC,,active,Non-Profit,91-6168063,572467165,US,US Dollar,Net 60,,false,,thirlmere.hydraulics@thirlmerehyd.com,US-AP,Tier 2,2028-08-17,PLT-10;PLT-08
V-102072,Farndale Electrical Ltd,Farndale Electrical,Active,LLC,369432054,970158499,US,CAD,,2-way,F,,farndale.electrical@farndaleele.com,MX-AP,Tier 1,2026-11-04,PLT-08;PLT-02;PLT-07;PLT-06
V-102073,Oakhurst Castings Ltd,Oakhurst Castings,inactive,Corporation,98-6792999,829950224,Germany,USD,Net 30,3-way-direct,No,,oakhurst.castings@oakhurstcas.com,MX-AP,High,12/28/2027,PLT-11
V-102074,Marchmont Abrasives PLC,,On Hold,Non-Profit,43-6588284,590512741,CA,USD,N30,2-way,false,,marchmont.abrasives@marchmontabr.com,EU-AP,1,2026-02-14,PLT-03;PLT-01;PLT-10;PLT-06
V-102075,Ullswater Weldments Corp,,I,Corporation,214709826,131608887,United States,USD,NET30,3-way,1,SDVOSB,ullswater.weldments@ullswaterwel.com,CA-AP,Low,2027-02-15,PLT-10
V-102076,Thirlmere Extrusions Inc,Thirlmere Extrusions,active,,188557015,942677171,CA,EUR,Net 60,2 Way Match,0,,thirlmere.extrusions@thirlmereext.com,US-AP,3,2027-05-11,"PLT-04, PLT-02, PLT-06, PLT-09"
V-102077,Pemberton Lubricants S.A. de C.V.,,inactive,Corporation,77-8316129,382324252,US,MXN,Net 45,2-way,F,,pemberton.lubricants@pembertonlub.com,UK-AP,,2028-10-26,PLT-09
V-102078,Ballantyne Seals Inc,,active,LLC,48-4667101,497536954,USA,USD,Net 30,3 Way Match,True,MBE,ballantyne.seals@ballantynesea.com,US-AP,,,PLT-03
V-102079,Wolverton Tooling GmbH,Wolverton Tooling,,LLC,48-4936004,115084812,US,USD,Net 60,2 way,true,SDVOSB,wolverton.tooling@wolvertontoo.com,US-AP,,2027-01-01,PLT-03;PLT-11
V-102080,Brackenridge Springs Inc.,,Pending,LLC,980535481,113004005,United Kingdom,USD,Net 90,3-way,1,Minority Business Enterprise,brackenridge.springs@brackenridgespr.com,US-AP,2,2026-08-26,"PLT-04, PLT-06"
V-102081,Hollingworth Plating Corp,,Draft,LLC,,304339336,United States,CAD,Net 90,Two-way,F,,hollingworth.plating@hollingworthpla.com,US-AP,3,2028-10-01,PLT-03;PLT-09
V-102082,Kettleby Abrasives Inc,Kettleby Abrasives,active,Limited Liability Company,033517553,437505554,US,usd,N30,3-way,No,,ap@kettlebyabr.com; kettleby.abrasives@kettlebyabr.com,,,2027-09-22,"PLT-06, PLT-07"
V-102083,Eastgate Hydraulics Co,,A,,519969495,,Canada,USD,Due on receipt,3-way,F,,eastgate.hydraulics@eastgatehyd.com,US-AP,1,2028-04-08,PLT-10;PLT-01
V-102084,Denholm Machining Co,Denholm Machining,draft,Partnership,22-9071010,,United Kingdom,CAD,Net 45,2-way,false,,denholm.machining@denholmmac.com,US-AP,3,2028-01-08,"PLT-12, PLT-05, PLT-03"
V-102085,Brackenridge Packaging Ltd,Brackenridge Packaging,active,Partnership,05-4014584,40-975-9106,US,USD,Immediate,3-way,yes,DBE,brackenridge.packaging@brackenridgepac.com,UK-AP,Low,02/06/2026,PLT-08 / PLT-02
V-102086,Denholm Electrical LLC,Denholm Electrical,Pending,,978056414,963702875,Mexico,USD,Net 30,2-way,false,,denholm.electrical@denholmele.com,US-AP,3,05/23/2028,"PLT-10, PLT-04"
V-102087,Castleford Weldments Inc.,Castleford Weldments,active,Corporation,,370685408,US,CAD,Net 60,Two-way,yes,Woman-Owned Small Business,castleford.weldments@castlefordwel.com,US-AP,,2026-02-18,PLT-07
V-102088,Farndale Extrusions LLC,Farndale Extrusions,active,Corporation,78-1897905,62-864-9528,GB,Euro,Net 60,,F,,ap@farndaleext.com; farndale.extrusions@farndaleext.com,US-AP,High,2027-08-09,
V-102089,Thirlmere Springs LLC,,Inactive,Non-Profit,13-8490838,599010522,US,US Dollar,,3-way,N,,thirlmere.springs@thirlmerespr.com,EU-AP,2,,PLT-01
V-102090,Oakhurst Seals GmbH,Oakhurst Seals,Active,LLC,19-4942404,666202841,United States,USD,30 days,3-way-direct,T,WOSB,oakhurst.seals@oakhurstsea.com,,Tier 3,2027-12-03,PLT-05
V-102091,Kettleby Castings Corp,Kettleby Castings,active,,57-3042614,562986669,US,USD,Net 30,3-way,F,,kettleby.castings@kettlebycas.com,US-AP,Tier 1,09/03/2028,PLT-10
V-102092,Rushcliffe Electrical Inc.,Rushcliffe Electrical,Draft,S-Corp,82-6631226,56860690,US,US Dollar,2/10 Net 30,2 way,T,HUBZone,rushcliffe.electrical@rushcliffeele.com,US-AP,Tier 1,2026-07-09,PLT-05
V-102093,Eastgate Bearings Ltd,Eastgate Bearings,inactive,,01-3822714,346130890,Canada,USD,Due on receipt,2-way,true,Minority Business Enterprise,eastgate.bearings@eastgatebea.com,CA-AP,High,2026-05-04,PLT-03;PLT-08;PLT-01
V-102094,Kettleby Fabrication PLC,Kettleby Fabrication,Draft,Corporation,19-8609424,212146025,US,USD,Net 30,2 way,F,,kettleby.fabrication@kettlebyfab.com,US-AP,2,2028-10-18,PLT-11
V-102095,Ballantyne Hydraulics LLC,Ballantyne Hydraulics,active,Corporation,910862055,699695482,MX,USD,Net 90,2 way,FALSE,,ballantyne.hydraulics@ballantynehyd.com,CA-AP,Tier 1,2028-07-04,PLT-08;PLT-09;PLT-06
V-102096,Yarborough Castings S.A. de C.V.,Yarborough Castings,I,,81-2174277,233852198,DE,USD,2/10 Net 30,3-way,FALSE,,yarborough.castings@yarboroughcas.com,US-AP,1,05/06/2027,PLT-11
V-102097,Ballantyne Valves LLC,Ballantyne Valves,Active,Corporation,22-8077892,683672693,CA,MXN,Net 30,,N,,ballantyne.valves@ballantyneval.com,US-AP,Tier 1,2028-09-13,PLT-07
V-102098,Brackenridge Gasket LLC,Brackenridge Gasket,active,Partnership,30-6581784,281837539,United Kingdom,USD,Net 30,3-way,0,,brackenridge.gasket.brackenridgegas.com,,2,2027-01-14,PLT-12
V-102099,Marchmont Gasket Inc,,Active,Corporation,514875272,875670335,Canada,EUR,Due on receipt,none,false,,marchmont.gasket@marchmontgas.com,US-AP,High,2028-10-13,PLT-01;PLT-04;PLT-02
V-102100,Wolverton Springs Co,Wolverton Springs,inactive,Sole Proprietor,77-8891139,760734435,USA,USD,Net 45,2-way,1,MBE,wolverton.springs@wolvertonspr.com,UK-AP,Medium,05/09/2026,PLT-07 / PLT-06
V-102101,Oakhurst Coatings Co,,active,Corporation,574201621,980985866,CA,GBP,Net 60,3-way-direct,False,,oakhurst.coatings@oakhurstcoa.com,EU-AP,Medium,,PLT-08 / PLT-11
V-102102,Elmswell Plating Inc.,,active,Limited Liability Company,69-5703991,263856366,US,Euro,2/10 Net 30,2 way,,,elmswell.plating@elmswellpla.com,UK-AP,Tier 2,2027-02-05,PLT-04
V-102103,Brackenridge Gasket GmbH,Brackenridge Gasket,active,Corporation,628550713,18458138,MX,GBP,Net 45,,false,,brackenridge.gasket@brackenridgegas.com,US-AP,1,2028-02-27,PLT-03;PLT-04
V-102104,Brackenridge Seals PLC,Brackenridge Seals,active,LLC,961113859,968319913,Mexico,CAD,,2 way,No,,brackenridge.seals@brackenridgesea.com,,1,2028-11-22,PLT-01
V-102105,Ullswater Pneumatics GmbH,Ullswater Pneumatics,Pending,LLC,66-0640135,435818738,USA,USD,Net 30,3-way-direct,F,,ullswater.pneumatics@ullswaterpne.com,,1,03/18/2026,PLT-10
V-102106,Ashworth Valves Inc,Ashworth Valves,Inactive,S-Corp,78-1595089,469291912,CA,EUR,Net 30,2-way,,,ashworth.valves@ashworthval.com,US-AP,Low,04/20/2026,"PLT-06, PLT-05"
V-102107,Castleford Coatings LLC,Castleford Coatings,Active,LLC,509947295,978882051,US,MXN,Net 30,3-way-direct,FALSE,,castleford.coatings@castlefordcoa.com,CA-AP,Medium,10/28/2027,PLT-10
V-102108,Oakhurst Lubricants Inc,Oakhurst Lubricants,On Hold,Corporation,30-3650120,98194128,US,GBP,Net 30,3-way,,,oakhurst.lubricants@oakhurstlub.com,CA-AP,1,05/03/2028,PLT-01
V-102109,Rushcliffe Extrusions GmbH,Rushcliffe Extrusions,active,LLC,98-8374413,904661250,US,USD,Net 30,2-way,False,,ap@rushcliffeext.com; rushcliffe.extrusions@rushcliffeext.com,US-AP,Tier 2,2027-10-18,"PLT-04, PLT-06"
V-102110,Fairweather Tooling S.A. de C.V.,,Active,Corporation,62-8004957,,CA,,Net 45,2-way,F,,fairweather.tooling@fairweathertoo.com,MX-AP,Tier 1,,PLT-11;PLT-01;PLT-08
V-102111,Fairweather Castings Inc.,Fairweather Castings,active,Non-Profit,24-2750973,504318876,MX,USD,30 days,2-way,F,,fairweather.castings@fairweathercas.com,US-AP,High,2026-02-06,PLT-12;PLT-05
V-102112,Ingleby Castings Corp,Ingleby Castings,Pending,Corporation,730087810,354193717,USA,USD,Net30,3-way,no,,,US-AP,2,2026-02-12,PLT-12;PLT-10;PLT-06;PLT-07
V-102113,Kettleby Coatings GmbH,,ACTIVE,,38-2932195,749646576,DE,EUR,Net 15,3-way,N,,kettleby.coatings@kettlebycoa.com,,,,"PLT-10, PLT-03"
V-102114,Ullswater Fabrication Corp,Ullswater Fabrication,Inactive,Corporation,34-4100036,889413984,United States,USD,Net 15,3-way-direct,F,,ullswater.fabrication.ullswaterfab.com,US-AP,3,2026-12-12,"PLT-11, PLT-07, PLT-08, PLT-10"
V-102115,Alderman Electrical S.A. de C.V.,Alderman Electrical,,Partnership,531179013,227485808,Canada,EUR,Net 30,3-way-direct,FALSE,,alderman.electrical@aldermanele.com,CA-AP,2,02/01/2028,PLT-08 / PLT-01 / PLT-09 / PLT-12
V-102116,Yarborough Springs Co,Yarborough Springs,Active,Corporation,87-9365443,123962999,United States,EUR,Immediate,none,No,,yarborough.springs@yarboroughspr.com,,,,PLT-01
V-102117,Grimsby Weldments S.A. de C.V.,,active,Partnership,02-8037293,99-732-0127,DE,,NET30,2 way,Yes,DBE,grimsby.weldments@grimsbywel.com,US-AP,2,2028-04-25,PLT-02
V-102118,Denholm Electrical LLC,Denholm Electrical,,Partnership,450517054,360072219,CA,US Dollar,COD,2-way,No,,denholm.electrical@denholmele.com,EU-AP,3,2028-10-17,PLT-06;PLT-10;PLT-04;PLT-07
V-102119,Grimsby Valves LLC,Grimsby Valves,inactive,Sole Prop,,86-973-0034,US,CAD,Net 45,None,false,,grimsby.valves@grimsbyval.com,US-AP,Tier 2,2027-06-11,PLT-06;PLT-03;PLT-12
V-102120,Kettleby Logistics Inc.,,active,Sole Prop,,307722001,US,USD,NET30,3-way,no,,,US-AP,2,2027-08-04,PLT-09;PLT-02;PLT-01;PLT-05
V-102121,Culverton Foundry LLC,Culverton Foundry,inactive,,48-4455081,534437821,GB,EUR,NET30,Two-way,Y,WOSB,culverton.foundry@culvertonfou.com,US-AP,3,2027-07-27,PLT-02;PLT-05;PLT-03
V-102122,Draycott Calibration Corp,,draft,Non-Profit,49-3768457,28-934-7661,USA,USD,Net 30,none,0,,draycott.calibration@draycottcal.com,,Tier 1,2028-01-15,PLT-08;PLT-11;PLT-09;PLT-04
V-102123,Draycott Castings GmbH,Draycott Castings,active,,320003451,558226666,US,USD,Net 30,none,True,HUBZone,draycott.castings@draycottcas.com,US-AP,3,,"PLT-10, PLT-03"
V-102124,Yarborough Foundry LLC,,inactive,Non-Profit,38-7013028,519176048,United States,MXN,Due on receipt,none,False,,yarborough.foundry@yarboroughfou.com,CA-AP,3,2026-01-09,PLT-06
V-102125,Culverton Calibration GmbH,,active,Corporation,73-4493066,,US,USD,2/10 Net 30,2-way,N,,,,,2027-03-18,PLT-12;PLT-10;PLT-02
V-102126,Ullswater Forgings PLC,,A,Corporation,267296573,394657944,U.S.,CAD,Net 30,,No,,ullswater.forgings@ullswaterfor.com,EU-AP,1,2026-12-11,"PLT-01, PLT-04"
V-102127,Kettleby Calibration GmbH,,Active,Corporation,62-7539340,987427702,US,USD,,3 Way Match,F,,kettleby.calibration@kettlebycal.com,,Tier 1,10/04/2026,PLT-09;PLT-08
V-102128,Marchmont Lubricants PLC,,Active,,73-3701324,809564041,US,MXN,Due on receipt,3-way-direct,false,,marchmont.lubricants@marchmontlub.com,,Tier 2,,PLT-07
V-102129,Draycott Logistics Corp,Draycott Logistics,active,LLC,03-3982503,123953589,Germany,EUR,Due on receipt,,N,,draycott.logistics@draycottlog.com,UK-AP,3,2028-04-09,PLT-09;PLT-12
V-102130,Yarborough Fasteners Ltd.,,On Hold,S-Corp,,466420025,Canada,USD,NET30,2 Way Match,F,,yarborough.fasteners@yarboroughfas.com,US-AP,3,02/15/2028,PLT-07;PLT-01;PLT-06
V-102131,Lansdowne Packaging S.A. de C.V.,,draft,LLC,82-8803113,62100115,DE,Euro,N30,3-way,YES,Woman-Owned Small Business,lansdowne.packaging@lansdownepac.com,CA-AP,2,2026-07-05,"PLT-09, PLT-08, PLT-12"
V-102132,Grimsby Seals PLC,,active,S-Corp,344137678,784224240,CA,CAD,Net 30,2-way,No,,grimsby.seals@grimsbysea.com,MX-AP,1,2026-04-01,PLT-05
V-102133,Castleford Abrasives Inc.,Castleford Abrasives,Pending,S-Corp,44-8434216,445470583,US,USD,Net 45,none,No,,castleford.abrasives@castlefordabr.com,US-AP,1,03/23/2028,PLT-11;PLT-09;PLT-05
V-101866,Ashworth Fabrication S.A. de C.V.,Ashworth Fabrication,Active,Partnership,33-4356729,579256678,Deutschland,USD,NET30,3-way-direct,F,,ashworth.fabrication@ashworthfab.com,UK-AP,3,12/24/2028,
V-102135,Hollingworth Gasket Inc,Hollingworth Gasket,active,Corporation,11-1479360,154967457,,usd,Net30,3-way,false,,hollingworth.gasket@hollingworthgas.com,,1,10/22/2027,PLT-01;PLT-04
V-102136,Castleford Abrasives Inc.,Castleford Abrasives,active,Corporation,11-9625476,324782495,United Kingdom,USD,,2-way,No,,castleford.abrasives@castlefordabr.com,US-AP,1,,PLT-09;PLT-01;PLT-05
V-102137,Hollingworth Abrasives LLC,Hollingworth Abrasives,Draft,Corporation,756857379,,US,USD,Net 30,none,no,,hollingworth.abrasives@hollingworthabr.com,,Tier 2,2026-07-21,
V-102138,Ingleby Plating Ltd,Ingleby Plating,active,Non-Profit,,809749106,US,usd,Net 45,3-way-direct,F,,ingleby.plating@inglebypla.com,MX-AP,,09/13/2028,
V-102139,Rushcliffe Weldments Inc,Rushcliffe Weldments,Active,Sole Proprietor,746967955,95962422,United States,EUR,Net 30,none,True,DBE,rushcliffe.weldments@rushcliffewel.com,US-AP,Tier 3,04/27/2026,PLT-03
V-102140,Kettleby Lubricants Ltd,Kettleby Lubricants,active,,87-8559313,828688299,USA,USD,Net 45,3-way,false,VOSB,kettleby.lubricants@kettlebylub.com,US-AP,,2027-05-27,PLT-08;PLT-02;PLT-01
V-102141,Ingleby Packaging Inc,Ingleby Packaging,Inactive,Partnership,942754818,843150847,US,GBP,COD,2-way,false,,ingleby.packaging@inglebypac.com,EU-AP,Low,2026-08-04,PLT-07;PLT-11
V-102142,Ballantyne Machining GmbH,Ballantyne Machining,Pending,Corporation,380209165,331085155,U.S.,USD,Net 15,3-way,0,,ballantyne.machining@ballantynemac.com,US-AP,1,,
V-102143,Denholm Calibration Inc.,Denholm Calibration,active,S-Corp,226327718,343009442,DE,USD,COD,3 way,,,denholm.calibration@denholmcal.com,,Tier 2,2028-05-08,PLT-01;PLT-09
V-102144,Ashworth Plating GmbH,,Pending,Corporation,39-4946686,522352524,US,GBP,Due on receipt,3-way,False,,ashworth.plating@ashworthpla.com,US-AP,Medium,2028-10-18,PLT-09;PLT-04
V-102145,Rushcliffe Packaging Inc.,Rushcliffe Packaging,Active,Corporation,04-5301623,645056595,US,USD,Net 30,,True,Woman-Owned Small Business,rushcliffe.packaging@rushcliffepac.com,UK-AP,Tier 3,2026-09-08,PLT-05
V-102146,Oakhurst Hydraulics Ltd.,Oakhurst Hydraulics,active,Corporation,34-8452585,785826356,Deutschland,US Dollar,Net30,none,False,,oakhurst.hydraulics@oakhursthyd.com,,Tier 2,2028-01-02,
V-102147,Lansdowne Extrusions LLC,Lansdowne Extrusions,inactive,LLC,087730634,566759234,US,USD,Net30,2-way,FALSE,,lansdowne.extrusions@lansdowneext.com,EU-AP,Low,,"PLT-02, PLT-06, PLT-04"
V-102148,Kettleby Plating LLC,Kettleby Plating,Pending,,91-3833137,37970494,Canada,,Net 30,3 Way Match,False,,kettleby.plating@kettlebypla.com,MX-AP,1,2027-01-26,PLT-11
V-102149,Alderman Abrasives PLC,Alderman Abrasives,active,Corporation,511252583,818099174,US,USD,Net 30,2 Way Match,F,,alderman.abrasives@aldermanabr.com,,1,2026-03-17,PLT-08
V-102150,Draycott Gasket Corp,Draycott Gasket,inactive,Partnership,92-5453186,220207468,Mexico,usd,Net 90,2-way,false,,draycott.gasket.draycottgas.com,US-AP,High,05/25/2026,
V-102151,Thirlmere Foundry Ltd,Thirlmere Foundry,A,Sole Proprietor,517997766,448261002,DE,EUR,Net 45,3-way,F,,thirlmere.foundry@thirlmerefou.com,CA-AP,2,2028-05-21,PLT-01;PLT-03
V-102152,Quarrington Coatings LLC,Quarrington Coatings,Active,Partnership,00-8822267,241777551,United Kingdom,GBP,Net 15,2-way,,HUBZone,quarrington.coatings@quarringtoncoa.com,US-AP,,2028-01-18,"PLT-02, PLT-12"
V-102153,Hollingworth Bearings GmbH,Hollingworth Bearings,active,Partnership,05-1041136,835482028,USA,CAD,Net 15,None,,,hollingworth.bearings@hollingworthbea.com,US-AP,Tier 1,2026-11-22,"PLT-04, PLT-09, PLT-08, PLT-07"
V-102154,Grimsby Extrusions Inc,Grimsby Extrusions,inactive,Corporation,34-5218829,053463273,United States,CAD,,3-way,0,,,UK-AP,Tier 1,2028-10-27,PLT-05
V-102155,Denholm Abrasives Ltd,Denholm Abrasives,On Hold,,17-3780617,274886989,CA,USD,Net 45,None,0,,denholm.abrasives@denholmabr.com,,High,11/02/2027,"PLT-11, PLT-01, PLT-04"
V-102156,Culverton Bearings Ltd.,Culverton Bearings,active,Limited Liability Company,75-3387039,901733520,,usd,NET30,2-way,YES,WOSB,,EU-AP,1,2027-01-19,"PLT-12, PLT-05, PLT-04"
V-102157,Fairweather Weldments LLC,,Active,Corporation,792735402,613632340,Deutschland,USD,Net 30,3-way-direct,,,fairweather.weldments@fairweatherwel.com,,Tier 1,2027-05-26,PLT-11;PLT-09
V-102158,Rushcliffe Gasket LLC,Rushcliffe Gasket,active,Corporation,295616126,448777398,,EUR,Net 45,3 way,False,,,US-AP,Tier 1,2028-10-04,PLT-07;PLT-01;PLT-10
V-102159,Ashworth Valves PLC,Ashworth Valves,Active,Partnership,35-2377153,,USA,USD,Net 30,3 Way Match,0,,ashworth.valves@ashworthval.com,MX-AP,3,2026-10-19,PLT-09
V-102160,Oakhurst Coatings Ltd,Oakhurst Coatings,active,Partnership,82-2419104,808835909,DE,USD,Net 30,2-way,0,,oakhurst.coatings@oakhurstcoa.com,US-AP,2,2027-03-19,PLT-06;PLT-11;PLT-02
V-102161,Ashworth Castings Inc,,,LLC,69-9207172,,US,USD,Net 90,3-way,false,,ashworth.castings@ashworthcas.com,,3,2028-11-11,PLT-06;PLT-04
V-102162,Marchmont Springs Co,,inactive,Corporation,130841920,155287805,GB,EUR,Net 45,2 Way Match,0,,marchmont.springs@marchmontspr.com,US-AP,,,PLT-05;PLT-01;PLT-07
V-102163,Rushcliffe Forgings Corp,,inactive,,312982737,115341060,US,USD,NET30,3-way,F,,rushcliffe.forgings@rushcliffefor.com,,,2028-07-23,"PLT-12, PLT-06, PLT-04"
V-102164,Denholm Weldments Inc,,inactive,Sole Proprietor,415044653,699625000,US,GBP,2/10 Net 30,2 way,False,,denholm.weldments@denholmwel.com,US-AP,1,2026-12-12,"PLT-05, PLT-11, PLT-03, PLT-12"
V-102165,Netherfield Machining Ltd.,,active,LLC,035576430,829868570,GB,USD,NET30,Two-way,no,,netherfield.machining@netherfieldmac.com,,2,2026-04-18,PLT-06;PLT-02
V-102166,Lansdowne Bearings S.A. de C.V.,,Active,LLC,04-4697539,883873108,United Kingdom,usd,Net 45,None,1,WOSB,lansdowne.bearings@lansdownebea.com,,2,,PLT-07 / PLT-05
V-102167,Brackenridge Machining PLC,Brackenridge Machining,Active,S-Corp,084374680,367900739,USA,EUR,Net 30,none,true,Minority Business Enterprise,brackenridge.machining@brackenridgemac.com,US-AP,Low,06/11/2026,PLT-11;PLT-01
V-102168,Hollingworth Calibration Ltd.,,Pending,Corporation,83-8634422,863773179,United States,usd,COD,none,F,,hollingworth.calibration@hollingworthcal.com,EU-AP,2,2026-04-11,PLT-07;PLT-03
V-102169,Castleford Machining Inc.,Castleford Machining,Active,LLC,28-0740419,111539584,United Kingdom,USD,Net 45,3 Way Match,No,,castleford.machining@castlefordmac.com,US-AP,1,07/18/2028,PLT-02
V-102170,Elmswell Seals Inc.,Elmswell Seals,active,LLC,48-9842730,158009538,US,USD,Immediate,2 way,false,,elmswell.seals@elmswellsea.com,,3,2028-04-22,
V-102171,Culverton Gasket Ltd.,Culverton Gasket,active,LLC,742623362,333718465,MX,US Dollar,NET30,3 way,false,,culverton.gasket@culvertongas.com,US-AP,Tier 1,10/05/2028,PLT-08;PLT-01;PLT-04
V-102172,Culverton Machining PLC,Culverton Machining,Active,Sole Proprietor,03-8408647,08062120,US,,Net 45,2-way,no,,culverton.machining@culvertonmac.com,US-AP,2,,PLT-05
V-102173,Netherfield Forgings PLC,,Active,Sole Proprietor,25-9084722,737569897,US,,Net 15,3-way,0,,netherfield.forgings@netherfieldfor.com,US-AP,2,2027-07-10,PLT-11;PLT-12;PLT-02
V-102174,Ullswater Springs PLC,Ullswater Springs,active,Limited Liability Company,983336780,731751731,Deutschland,USD,2/10 Net 30,3-way,No,,ap@ullswaterspr.com; ullswater.springs@ullswaterspr.com,,1,05/22/2026,
V-102175,Denholm Forgings Co,Denholm Forgings,Active,Partnership,512821072,855256821,U.S.,USD,NET30,2 Way Match,TRUE,HUBZone,denholm.forgings.denholmfor.com,US-AP,Tier 1,2028-08-19,
V-102176,Netherfield Plating Ltd,Netherfield Plating,Active,Corporation,083080195,,USA,USD,Net30,None,No,,netherfield.plating@netherfieldpla.com,US-AP,3,2028-10-06,PLT-06
V-102177,Castleford Machining PLC,,I,Corporation,54-1959047,836713967,Germany,EUR,Net 30,2-way,yes,Minority Business Enterprise,ap@castlefordmac.com; castleford.machining@castlefordmac.com,CA-AP,Low,2028-12-16,PLT-08
V-102178,Grimsby Machining GmbH,,On Hold,Corporation,623267444,278975771,US,USD,Net 45,none,true,DBE,grimsby.machining.grimsbymac.com,,2,2028-03-28,PLT-01
V-102179,Ballantyne Packaging Ltd,,active,Corporation,19-0608352,214006789,Canada,USD,Due on receipt,3-way,true,VOSB,ballantyne.packaging@ballantynepac.com,,2,,PLT-06
V-102180,Yarborough Weldments LLC,Yarborough Weldments,Pending,S-Corp,42-9883201,178238334,Germany,Euro,Net30,2-way,Yes,DBE,yarborough.weldments@yarboroughwel.com,US-AP,Low,04/07/2028,"PLT-02, PLT-07, PLT-10, PLT-04"
V-102181,Fairweather Foundry Corp,,active,,70-4437380,198078649,US,EUR,,3-way,no,,fairweather.foundry@fairweatherfou.com,CA-AP,3,,PLT-11;PLT-01;PLT-06
V-102182,Grimsby Forgings GmbH,Grimsby Forgings,inactive,Corporation,266140243,,US,MXN,,,,,grimsby.forgings.grimsbyfor.com,US-AP,2,2026-11-24,PLT-10
V-102183,Grimsby Weldments GmbH,,active,Corporation,12-5616206,,US,EUR,COD,3-way,1,Minority Business Enterprise,grimsby.weldments@grimsbywel.com,US-AP,3,2027-08-12,PLT-12;PLT-05
V-102184,Rushcliffe Castings S.A. de C.V.,,active,,97-3413110,845695980,U.S.,US Dollar,Net 30,,N,,rushcliffe.castings@rushcliffecas.com,,1,2028-08-17,PLT-12
V-102185,Ingleby Fabrication Ltd,,Active,Corporation,,309775874,GB,USD,Net 30,2 way,N,,ingleby.fabrication@inglebyfab.com,US-AP,3,07/24/2027,
V-102186,Marchmont Bearings PLC,Marchmont Bearings,Active,Partnership,34-8915033,556570652,US,GBP,Net 30,none,0,,marchmont.bearings@marchmontbea.com,MX-AP,1,2027-05-04,PLT-10;PLT-07
V-102187,Oakhurst Springs PLC,Oakhurst Springs,,Sole Proprietor,604479302,86689882,USA,USD,Net 30,3-way,0,HUBZone,oakhurst.springs@oakhurstspr.com,US-AP,2,05/22/2028,PLT-02
V-102188,Castleford Abrasives Ltd.,,Pending,LLC,30-4952929,53347346,United States,MXN,Net 30,2-way,YES,MBE,castleford.abrasives@castlefordabr.com,US-AP,Low,2026-05-20,PLT-04 / PLT-03
V-102189,Yarborough Tooling Co,Yarborough Tooling,Draft,S-Corp,64-1241323,240562485,US,MXN,,3-way,Yes,DBE,yarborough.tooling@yarboroughtoo.com,US-AP,Tier 1,2026-09-19,PLT-08;PLT-03
V-102190,Draycott Springs Corp,Draycott Springs,Inactive,Corporation,02-2824134,124886725,US,GBP,30 days,Two-way,False,,draycott.springs@draycottspr.com,EU-AP,2,,PLT-06;PLT-01
V-102191,Ullswater Abrasives S.A. de C.V.,Ullswater Abrasives,active,,51-3200693,489226131,US,USD,Net 15,Two-way,True,Woman-Owned Small Business,ullswater.abrasives@ullswaterabr.com,US-AP,1,2027-03-06,PLT-06;PLT-07
V-102192,Ullswater Machining Inc,,active,Corporation,22-3863765,359364289,US,GBP,,3 way,Yes,VOSB,ullswater.machining@ullswatermac.com,EU-AP,Low,2028-09-18,PLT-06;PLT-03;PLT-11
V-102193,Oakhurst Extrusions PLC,Oakhurst Extrusions,Pending,Corporation,80-6442111,60419584,USA,USD,Net 30,None,no,,oakhurst.extrusions@oakhurstext.com,EU-AP,3,10/27/2026,PLT-11
V-102194,Hollingworth Abrasives Inc,,active,S-Corp,757044622,430235447,Mexico,CAD,Due on receipt,3-way-direct,False,,hollingworth.abrasives@hollingworthabr.com,US-AP,,2028-03-14,PLT-11;PLT-08
V-102195,Netherfield Abrasives S.A. de C.V.,Netherfield Abrasives,inactive,LLC,87-9321914,438770687,USA,usd,Net 45,none,No,,netherfield.abrasives@netherfieldabr.com,EU-AP,,04/18/2028,"PLT-04, PLT-11"
V-102196,Draycott Extrusions Inc.,Draycott Extrusions,Active,Corporation,56-7500135,438875805,United Kingdom,EUR,,3-way-direct,False,,draycott.extrusions@draycottext.com,US-AP,2,2028-01-03,PLT-05;PLT-02
V-102197,Farndale Calibration GmbH,,inactive,Partnership,305923530,132369533,United Kingdom,USD,Net 90,None,0,,farndale.calibration@farndalecal.com,,1,10/07/2027,"PLT-09, PLT-07, PLT-11"
V-102198,Rushcliffe Electrical Ltd.,,active,,84-3265126,295359025,US,USD,Net 30,Two-way,FALSE,,rushcliffe.electrical.rushcliffeele.com,EU-AP,2,2028-02-26,PLT-06
V-102199,Farndale Machining PLC,Farndale Machining,active,Non-Profit,,91-842-9944,US,EUR,NET30,3 way,YES,HUBZone,farndale.machining@farndalemac.com,US-AP,Low,,
V-102200,Ballantyne Pneumatics LLC,,Pending,Partnership,622225310,962011654,US,USD,COD,2 way,FALSE,,ballantyne.pneumatics@ballantynepne.com,US-AP,High,11/10/2028,PLT-12;PLT-08;PLT-01
V-102201,Culverton Calibration LLC,Culverton Calibration,Active,,795491001,693541068,US,,Net 90,2-way,F,,culverton.calibration@culvertoncal.com,CA-AP,Medium,06/16/2027,PLT-03
V-102202,Thirlmere Calibration S.A. de C.V.,Thirlmere Calibration,Active,Corporation,30-1944496,,Germany,,Due on receipt,2-way,T,DBE,thirlmere.calibration@thirlmerecal.com,US-AP,2,07/12/2028,PLT-10;PLT-11
V-102203,Ashworth Electrical GmbH,,Draft,LLC,,381886576,Mexico,MXN,Due on receipt,3-way-direct,Yes,HUBZone,ashworth.electrical.ashworthele.com,US-AP,Tier 3,,PLT-02;PLT-11
V-102204,Denholm Coatings LLC,Denholm Coatings,,S-Corp,08-9959005,527884400,US,USD,N30,2 Way Match,TRUE,WBE,denholm.coatings@denholmcoa.com,US-AP,2,2028-11-23,PLT-09
V-102205,Ullswater Calibration PLC,,Pending,LLC,,439752555,DE,USD,,none,true,Woman-Owned Small Business,ullswater.calibration@ullswatercal.com,US-AP,Medium,03/13/2027,PLT-10
V-102206,Culverton Calibration Ltd.,Culverton Calibration,,Partnership,11-7374098,589186254,Deutschland,EUR,,none,TRUE,Minority Business Enterprise,ap@culvertoncal.com; culverton.calibration@culvertoncal.com,,,2027-10-19,
V-102207,Ullswater Tooling Corp,,Inactive,Non-Profit,02-6201499,212486314,United States,USD,Net 60,3-way,True,HUBZone,ullswater.tooling@ullswatertoo.com,CA-AP,Medium,2027-09-24,"PLT-07, PLT-06"
V-102208,Pemberton Springs Ltd,,active,Sole Proprietor,63-9498960,984000209,United Kingdom,EUR,Net 45,,N,,pemberton.springs@pembertonspr.com,,Tier 3,,
V-102209,Verwood Tooling S.A. de C.V.,Verwood Tooling,active,Corporation,162597652,404856501,Canada,,,2-way,no,,verwood.tooling@verwoodtoo.com,MX-AP,1,2027-12-22,PLT-07
V-102210,Hollingworth Hydraulics PLC,Hollingworth Hydraulics,Inactive,Corporation,11-7090863,784766122,MX,USD,2/10 Net 30,3-way,No,,hollingworth.hydraulics@hollingworthhyd.com,US-AP,Tier 3,2026-10-15,PLT-11
V-102211,Alderman Springs PLC,Alderman Springs,Active,Sole Prop,,246747653,USA,GBP,Net 45,3 way,false,,alderman.springs@aldermanspr.com,MX-AP,Tier 3,10/12/2027,PLT-11
V-102212,Pemberton Forgings Inc.,Pemberton Forgings,draft,Corporation,89-1766843,832788739,USA,USD,Net 15,3 way,,MBE,pemberton.forgings@pembertonfor.com,US-AP,1,2028-02-24,"PLT-08, PLT-03, PLT-09"
V-102213,Ballantyne Forgings Inc,,active,Corporation,86-6983020,577707624,USA,MXN,Net 45,none,False,,ballantyne.forgings@ballantynefor.com,EU-AP,High,11/20/2027,PLT-05 / PLT-09 / PLT-01
V-102214,Ingleby Extrusions Inc.,,draft,Corporation,917752506,327001819,CA,EUR,Net 30,Two-way,false,,ingleby.extrusions@inglebyext.com,US-AP,3,2026-10-04,PLT-07;PLT-09
V-102215,Castleford Bearings Ltd,Castleford Bearings,active,LLC,659352883,633463716,U.S.,USD,COD,2 way,N,,ap@castlefordbea.com; castleford.bearings@castlefordbea.com,,1,,PLT-06
V-102216,Eastgate Lubricants Ltd,Eastgate Lubricants,Active,Partnership,,96570799,,USD,Net 45,none,,,eastgate.lubricants.eastgatelub.com,US-AP,2,01/01/2027,PLT-08
V-102217,Wolverton Pneumatics Co,Wolverton Pneumatics,I,Corporation,318282669,737662052,CA,USD,Net 30,3-way-direct,FALSE,,wolverton.pneumatics@wolvertonpne.com,US-AP,Low,2028-01-25,PLT-09 / PLT-06
V-102218,Lansdowne Packaging Inc.,,active,LLC,85-5116986,29914027,Mexico,GBP,Net 45,3 Way Match,false,,ap@lansdownepac.com; lansdowne.packaging@lansdownepac.com,UK-AP,Tier 1,2026-10-20,"PLT-10, PLT-03, PLT-09, PLT-12"
V-102219,Ballantyne Fasteners Inc,,active,LLC,15-7668398,948431200,USA,USD,Immediate,3-way,,,ballantyne.fasteners@ballantynefas.com,EU-AP,3,02/05/2026,
V-102220,Pemberton Calibration Ltd,Pemberton Calibration,inactive,LLC,786321678,839646707,US,GBP,Net 30,,,,pemberton.calibration@pembertoncal.com,US-AP,Medium,,"PLT-08, PLT-05, PLT-01"
V-102221,Ashworth Lubricants Inc,Ashworth Lubricants,,Sole Proprietor,308032441,,United Kingdom,MXN,Net 45,none,false,,ashworth.lubricants@ashworthlub.com,US-AP,Tier 1,2027-05-04,PLT-03
V-102222,Yarborough Calibration S.A. de C.V.,Yarborough Calibration,active,Corporation,,670468301,CA,EUR,Net30,none,False,,yarborough.calibration@yarboroughcal.com,CA-AP,High,2027-06-25,PLT-02
V-102223,Grimsby Extrusions Inc.,Grimsby Extrusions,A,Corporation,30-4170236,948743134,United States,EUR,Net 30,2-way,0,,grimsby.extrusions.grimsbyext.com,US-AP,1,2028-05-18,PLT-07;PLT-04;PLT-09;PLT-05
V-102224,Elmswell Valves Ltd,Elmswell Valves,active,Corporation,862652953,830180335,US,USD,Net 30,3-way-direct,No,,elmswell.valves.elmswellval.com,US-AP,Tier 2,2026-08-07,"PLT-01, PLT-07, PLT-05"
V-102225,Farndale Forgings GmbH,,active,Corporation,,273275699,GB,MXN,NET30,3-way-direct,FALSE,,farndale.forgings@farndalefor.com,US-AP,Tier 2,2027-08-24,PLT-04
V-102226,Verwood Castings Inc,,active,Corporation,095782754,,,USD,Net30,Three way direct,no,,verwood.castings@verwoodcas.com,EU-AP,Low,2026-03-12,PLT-05;PLT-01
V-102227,Grimsby Plating Ltd.,Grimsby Plating,Inactive,Corporation,,371649337,,GBP,Net 30,,F,,grimsby.plating.grimsbypla.com,EU-AP,Medium,05/27/2026,PLT-12;PLT-05;PLT-09
V-102228,Ashworth Bearings Corp,Ashworth Bearings,A,LLC,36-0511771,897506581,United States,USD,N30,3 way,0,,ashworth.bearings.ashworthbea.com,,2,2026-06-26,PLT-02
V-102229,Farndale Logistics Ltd.,Farndale Logistics,Active,S-Corp,783999567,770039533,MX,EUR,Due on receipt,none,N,,farndale.logistics@farndalelog.com,US-AP,Low,2027-08-22,
V-102230,Yarborough Coatings LLC,Yarborough Coatings,inactive,Corporation,953122384,985148674,US,EUR,Immediate,Two-way,No,,yarborough.coatings@yarboroughcoa.com,US-AP,1,2026-07-28,PLT-02
V-102231,Saltburn Pneumatics Co,,active,S-Corp,67-4685897,304770267,CA,CAD,NET30,3-way,FALSE,,saltburn.pneumatics@saltburnpne.com,US-AP,Low,,PLT-09
V-102232,Verwood Extrusions Inc.,,Draft,Corporation,68-3112633,775339326,US,,Immediate,2-way,false,,verwood.extrusions@verwoodext.com,CA-AP,2,2027-11-12,PLT-05;PLT-12
V-102233,Ullswater Calibration Ltd.,,A,Partnership,99-4373515,925630860,DE,GBP,Net 60,3-way-direct,False,,ullswater.calibration@ullswatercal.com,US-AP,Tier 1,,"PLT-07, PLT-04"
V-102234,Fairweather Seals Ltd,Fairweather Seals,A,,68-9560751,,USA,USD,Net 30,3-way,F,,,,3,08/09/2028,PLT-05 / PLT-03
V-102235,Jarrow Calibration GmbH,Jarrow Calibration,Active,,66-4437269,762797006,US,MXN,Net 30,3-way,FALSE,,jarrow.calibration.jarrowcal.com,EU-AP,2,12/22/2027,PLT-12;PLT-07
V-102236,Rushcliffe Fasteners Corp,Rushcliffe Fasteners,active,LLC,,135072655,MX,MXN,Net 30,2 way,no,,rushcliffe.fasteners@rushcliffefas.com,UK-AP,1,2027-06-21,"PLT-07, PLT-12"
V-102237,Quarrington Abrasives Corp,,A,S-Corp,04-0251789,156833808,United States,EUR,NET30,none,FALSE,,quarrington.abrasives@quarringtonabr.com,EU-AP,3,2027-04-22,PLT-02;PLT-09;PLT-11;PLT-03
V-102238,Rushcliffe Gasket Corp,Rushcliffe Gasket,inactive,Corporation,13-9753393,936586378,Mexico,EUR,2/10 Net 30,3-way,No,,rushcliffe.gasket@rushcliffegas.com,MX-AP,Tier 3,02/07/2026,"PLT-05, PLT-08"
,Fairweather Hydraulics Ltd,Fairweather Hydraulics,ACTIVE,LLC,025449400,788479945,GB,GBP,Net 30,3-way-direct,N,,fairweather.hydraulics@fairweatherhyd.com,EU-AP,1,04/12/2028,PLT-05;PLT-09;PLT-06
V-102240,Ullswater Machining Ltd,,Active,,24-3966818,504621409,USA,usd,NET30,3-way,N,,ullswater.machining@ullswatermac.com,US-AP,1,,PLT-05
V-102241,Pemberton Gasket PLC,,Inactive,LLC,089694663,556035103,Canada,CAD,COD,3-way-direct,False,,,EU-AP,1,10/28/2027,PLT-09;PLT-04
V-102242,Castleford Coatings Ltd,Castleford Coatings,draft,Corporation,79-7165225,823934134,United Kingdom,EUR,Net 15,3-way,N,,ap@castlefordcoa.com; castleford.coatings@castlefordcoa.com,US-AP,,2028-03-14,PLT-12
V-102243,Kettleby Foundry Ltd,Kettleby Foundry,Active,Limited Liability Company,68-3178223,927052841,DE,USD,,3-way,false,,kettleby.foundry@kettlebyfou.com,US-AP,,2027-09-07,PLT-05
V-102244,Hollingworth Electrical S.A. de C.V.,Hollingworth Electrical,Active,Partnership,328949900,426582219,US,USD,Net 90,none,False,,hollingworth.electrical@hollingworthele.com,CA-AP,Tier 2,,PLT-10;PLT-01;PLT-09;PLT-02
V-102245,Hollingworth Forgings GmbH,Hollingworth Forgings,active,Sole Proprietor,23-3716822,,USA,EUR,Net 30,,False,,hollingworth.forgings@hollingworthfor.com,US-AP,2,2027-12-08,
V-102246,Alderman Forgings GmbH,Alderman Forgings,Draft,LLC,42-7625664,108459124,US,USD,30 days,3-way,true,Woman-Owned Small Business,alderman.forgings@aldermanfor.com,,1,2026-02-24,PLT-05 / PLT-09 / PLT-01
V-102247,Kettleby Lubricants Inc,Kettleby Lubricants,active,S-Corp,54-9899095,570394383,US,USD,Net 45,3-way,YES,VOSB,kettleby.lubricants@kettlebylub.com,US-AP,Tier 2,2026-08-09,PLT-09
V-102248,Grimsby Pneumatics PLC,,active,Sole Prop,26-3698075,223067132,USA,USD,Net 30,3-way,no,,grimsby.pneumatics@grimsbypne.com,UK-AP,Tier 2,2028-02-05,PLT-05;PLT-02
V-102249,Farndale Foundry Ltd,Farndale Foundry,active,LLC,45-4955769,727930528,US,MXN,Immediate,3-way-direct,No,,farndale.foundry@farndalefou.com,CA-AP,2,,PLT-12
V-102250,Quarrington Extrusions Inc.,Quarrington Extrusions,Pending,Corporation,526462544,459482624,U.S.,USD,Due on receipt,None,True,HUBZone,quarrington.extrusions@quarringtonext.com,EU-AP,3,2026-11-20,PLT-04
V-102251,Ullswater Electrical Inc.,Ullswater Electrical,A,Corporation,,999147569,USA,USD,Net 30,none,F,,ullswater.electrical@ullswaterele.com,US-AP,3,,PLT-05;PLT-07;PLT-04
V-102252,Castleford Coatings Ltd.,Castleford Coatings,Inactive,Sole Proprietor,992751251,884554420,US,MXN,,,,,castleford.coatings@castlefordcoa.com,US-AP,2,,
V-102253,Denholm Logistics Co,Denholm Logistics,active,Corporation,04-7554205,971902978,United States,USD,Net 30,Two-way,0,,denholm.logistics@denholmlog.com,EU-AP,2,04/11/2028,"PLT-07, PLT-12, PLT-01"
V-102254,Lansdowne Seals Ltd.,,draft,Corporation,606121750,556003436,DE,CAD,Net 30,2-way,no,,lansdowne.seals@lansdownesea.com,US-AP,Tier 2,2028-07-28,PLT-10
V-102255,Ashworth Coatings LLC,,,LLC,39-2297919,200070293,Germany,USD,Net 90,3-way,F,,ashworth.coatings@ashworthcoa.com,,Tier 3,03/21/2027,"PLT-06, PLT-12"
V-102256,Grimsby Weldments PLC,Grimsby Weldments,Inactive,Corporation,13-7347501,355726146,US,USD,Immediate,none,FALSE,,grimsby.weldments@grimsbywel.com,UK-AP,Tier 3,11/27/2026,PLT-01
V-102257,Ullswater Packaging Inc,Ullswater Packaging,Active,,83-3050352,562962533,US,USD,Net 30,3 Way Match,no,,ullswater.packaging@ullswaterpac.com,US-AP,3,01/26/2028,"PLT-12, PLT-08"
V-102258,Kettleby Packaging PLC,,inactive,Sole Proprietor,34-7732980,850336448,United Kingdom,USD,Net 15,Two-way,False,,kettleby.packaging@kettlebypac.com,US-AP,3,2027-08-13,PLT-07;PLT-12;PLT-10
V-102259,Grimsby Extrusions S.A. de C.V.,Grimsby Extrusions,draft,LLC,52-6475699,301489197,Canada,EUR,Due on receipt,,1,SDVOSB,,,High,2026-06-14,PLT-02;PLT-10;PLT-06
V-102260,Verwood Tooling Ltd.,,Active,Partnership,70-8868668,192138862,USA,USD,Net 30,none,no,,,US-AP,Tier 1,2026-01-27,PLT-05;PLT-08
V-102261,Draycott Castings LLC,Draycott Castings,On Hold,LLC,745738250,25384807,USA,MXN,Net 15,3-way-direct,FALSE,,ap@draycottcas.com; draycott.castings@draycottcas.com,MX-AP,Tier 2,03/23/2026,"PLT-02, PLT-12"
V-102262,Marchmont Foundry GmbH,Marchmont Foundry,active,Sole Prop,567585567,483230232,United States,USD,Net 90,3 way,FALSE,,marchmont.foundry@marchmontfou.com,MX-AP,Medium,2027-04-12,PLT-06;PLT-05
V-102263,Wolverton Castings Corp,Wolverton Castings,active,Sole Prop,449459298,613947854,GB,GBP,Immediate,3 Way Match,F,,wolverton.castings@wolvertoncas.com,US-AP,2,2026-02-09,PLT-08
V-102264,Ashworth Calibration Ltd,Ashworth Calibration,I,,91-8670431,053532389,CA,USD,Net 30,3-way-direct,false,,ashworth.calibration@ashworthcal.com,US-AP,Low,2028-02-26,PLT-05;PLT-12;PLT-01
V-102265,Marchmont Valves Co,,Active,,70-7744711,198071503,Canada,EUR,Net 30,,1,WBE,marchmont.valves@marchmontval.com,EU-AP,Tier 3,2027-05-05,PLT-09;PLT-02;PLT-07
V-102266,Jarrow Pneumatics LLC,Jarrow Pneumatics,Inactive,LLC,93-7647900,96-749-6086,Canada,EUR,Immediate,Two-way,false,,ap@jarrowpne.com; jarrow.pneumatics@jarrowpne.com,US-AP,Low,2027-07-07,PLT-09
V-102267,Pemberton Extrusions Inc.,Pemberton Extrusions,active,LLC,09-2366434,113054359,US,USD,Net 45,3-way-direct,false,,pemberton.extrusions@pembertonext.com,US-AP,2,2028-02-27,"PLT-10, PLT-05"
V-102268,Rushcliffe Calibration Co,Rushcliffe Calibration,Active,Sole Proprietor,376349642,212073481,DE,EUR,Net 30,none,False,,rushcliffe.calibration@rushcliffecal.com,,High,04/09/2026,
V-102269,Yarborough Abrasives Corp,,active,LLC,580048957,328129144,US,MXN,Net30,None,0,,yarborough.abrasives@yarboroughabr.com,,,12/24/2027,PLT-10;PLT-12
V-102270,Thirlmere Logistics Ltd.,Thirlmere Logistics,Active,Corporation,87-2521086,,US,USD,Net 30,2-way,Yes,SDVOSB,thirlmere.logistics@thirlmerelog.com,EU-AP,Tier 3,06/14/2027,
V-102271,Jarrow Gasket Inc,Jarrow Gasket,Active,Partnership,80-1599064,53-680-6778,,USD,Net 30,2-way,No,,jarrow.gasket@jarrowgas.com,EU-AP,3,2028-10-08,
V-102272,Thirlmere Valves PLC,Thirlmere Valves,active,Sole Proprietor,29-0383425,515778974,US,EUR,Net 45,none,true,DBE,thirlmere.valves@thirlmereval.com,US-AP,2,06/17/2027,PLT-01 / PLT-04
V-102273,Oakhurst Plating Inc,,Active,Corporation,49-8951798,721819336,CA,USD,Due on receipt,3 way,FALSE,,oakhurst.plating@oakhurstpla.com,EU-AP,1,2028-06-18,PLT-10;PLT-05;PLT-12
V-102274,Grimsby Seals PLC,Grimsby Seals,Active,LLC,582465185,109358793,Canada,CAD,Net 30,2-way,FALSE,,grimsby.seals@grimsbysea.com,CA-AP,Medium,11/10/2026,PLT-07
V-102275,Castleford Logistics Co,,A,LLC,59-5107872,,MX,USD,Net 30,3-way-direct,No,,castleford.logistics@castlefordlog.com,US-AP,,05/17/2028,"PLT-11, PLT-06, PLT-05"
V-102276,Quarrington Castings Ltd.,,active,Partnership,779314341,476052129,United States,CAD,Net 90,3-way,no,,quarrington.castings@quarringtoncas.com,US-AP,Tier 2,2026-09-24,PLT-05;PLT-11
V-102277,Thirlmere Plating Inc,Thirlmere Plating,,Non-Profit,571940970,916118419,United States,USD,Net 90,3-way-direct,N,,thirlmere.plating@thirlmerepla.com,US-AP,3,2028-01-09,"PLT-01, PLT-06, PLT-09, PLT-12"
V-102278,Eastgate Packaging Corp,,Pending,Partnership,576686934,626035537,US,USD,Net 30,3 way,no,,ap@eastgatepac.com; eastgate.packaging@eastgatepac.com,MX-AP,3,2027-11-01,PLT-03;PLT-09
V-102279,Wolverton Fabrication Inc,,active,S-Corp,16-0829078,248057632,US,MXN,Net 30,,F,,wolverton.fabrication.wolvertonfab.com,UK-AP,Tier 2,09/11/2027,PLT-03;PLT-11
V-102280,Ballantyne Fabrication S.A. de C.V.,,active,Corporation,914626154,,GB,USD,Net 30,,no,,ballantyne.fabrication.ballantynefab.com,US-AP,,2026-09-16,PLT-02;PLT-09;PLT-08
V-102281,Kettleby Coatings Inc.,,,Corporation,54-1191648,317153898,USA,USD,Net 30,2-way,True,Woman-Owned Small Business,kettleby.coatings@kettlebycoa.com,,1,2027-02-01,PLT-08;PLT-07;PLT-12
V-102282,Yarborough Fasteners Ltd,,,,079977275,472781109,United Kingdom,USD,Due on receipt,Two-way,No,,,US-AP,Low,,PLT-03
V-102283,Brackenridge Coatings Co,Brackenridge Coatings,Active,Sole Proprietor,218608123,835973037,US,,Net 30,3 way,yes,WBE,ap@brackenridgecoa.com; brackenridge.coatings@brackenridgecoa.com,US-AP,3,04/02/2027,PLT-09;PLT-11;PLT-01
V-102284,Rushcliffe Tooling Ltd,Rushcliffe Tooling,active,Corporation,,877380807,DE,USD,Net 15,Three way direct,False,,rushcliffe.tooling@rushcliffetoo.com,EU-AP,Tier 2,2027-10-16,PLT-02;PLT-05
V-102285,Alderman Lubricants GmbH,,,Corporation,486500161,810831751,CA,EUR,,3-way-direct,N,,alderman.lubricants@aldermanlub.com,US-AP,,02/26/2028,PLT-10
V-102286,Quarrington Abrasives Inc.,,Inactive,LLC,02-5725646,,US,EUR,Net 30,3 way,0,,quarrington.abrasives@quarringtonabr.com,MX-AP,,2027-09-20,PLT-03;PLT-10
V-102287,Ingleby Pneumatics Inc,Ingleby Pneumatics,active,Corporation,,779644765,USA,EUR,Net30,3 Way Match,,,ingleby.pneumatics.inglebypne.com,US-AP,1,2027-02-13,PLT-07
V-102288,Saltburn Fabrication Ltd.,,active,Corporation,50-7278346,515056385,Mexico,usd,Net 30,None,False,,saltburn.fabrication@saltburnfab.com,CA-AP,1,2027-01-16,PLT-06
V-102289,Verwood Plating Corp,,active,Non-Profit,92-6142154,606448400,United States,USD,Net 30,3-way,Y,DBE,ap@verwoodpla.com; verwood.plating@verwoodpla.com,,3,2028-06-13,PLT-03
V-102290,Netherfield Machining Co,Netherfield Machining,active,Sole Proprietor,308455648,22302505,United Kingdom,Euro,Net 15,3-way,YES,Woman-Owned Small Business,netherfield.machining@netherfieldmac.com,,Medium,2026-06-25,"PLT-12, PLT-02"
V-102291,Elmswell Tooling Ltd,,I,,98-3964902,505993982,United States,GBP,Net 30,2-way,F,,elmswell.tooling@elmswelltoo.com,US-AP,Tier 2,03/12/2028,PLT-03 / PLT-07
,Netherfield Bearings Ltd.,,active,,41-3009216,649405060,GB,MXN,NET30,3-way,FALSE,,netherfield.bearings@netherfieldbea.com,US-AP,Tier 1,2027-06-21,PLT-01
V-102293,Ballantyne Fabrication Co,Ballantyne Fabrication,A,Non-Profit,36-3212578,135981216,,USD,NET30,None,true,WBE,ballantyne.fabrication@ballantynefab.com,MX-AP,1,10/14/2028,PLT-03
V-102294,Wolverton Weldments PLC,Wolverton Weldments,Active,Limited Liability Company,,860192144,US,USD,Net 90,2-way,no,,wolverton.weldments@wolvertonwel.com,US-AP,,2027-12-13,PLT-09;PLT-04;PLT-06
V-102295,Ingleby Lubricants Inc,,Draft,LLC,40-7995096,637746252,,USD,Net30,none,N,,ingleby.lubricants@inglebylub.com,EU-AP,,2026-10-01,PLT-02;PLT-05
V-102296,Jarrow Weldments Inc,Jarrow Weldments,,Sole Prop,76-0066861,82034952,United Kingdom,GBP,N30,2-way,N,,jarrow.weldments@jarrowwel.com,US-AP,Medium,2026-11-04,PLT-06
V-102297,Alderman Bearings Co,Alderman Bearings,Inactive,S-Corp,79-6899132,908794000,US,USD,Net 45,3-way,No,,alderman.bearings@aldermanbea.com,EU-AP,Low,2028-01-10,"PLT-03, PLT-07"
V-102298,Castleford Packaging Ltd,Castleford Packaging,active,Limited Liability Company,49-8645057,898489117,United Kingdom,USD,Net 60,3-way,No,,castleford.packaging@castlefordpac.com,EU-AP,2,2027-06-24,PLT-10
V-102299,Marchmont Plating Inc.,Marchmont Plating,On Hold,LLC,10-8187652,78-254-0840,CA,usd,Due on receipt,3-way,False,,marchmont.plating@marchmontpla.com,UK-AP,3,2026-04-21,"PLT-06, PLT-08, PLT-11"
V-102300,Jarrow Fabrication Co,Jarrow Fabrication,active,LLC,34-4588669,317818851,US,EUR,Net 30,3-way,False,,ap@jarrowfab.com; jarrow.fabrication@jarrowfab.com,EU-AP,Medium,01/12/2027,PLT-11;PLT-05
V-102301,Pemberton Castings Ltd,,inactive,LLC,35-5361126,796818842,US,USD,Due on receipt,3-way,no,,ap@pembertoncas.com; pemberton.castings@pembertoncas.com,,Low,2027-08-03,PLT-09;PLT-04;PLT-12
V-102302,Netherfield Fasteners Co,Netherfield Fasteners,Active,LLC,86-4673507,585753672,Mexico,USD,Net 90,3 Way Match,,,netherfield.fasteners.netherfieldfas.com,CA-AP,Tier 2,02/12/2027,PLT-09
V-102303,Castleford Forgings LLC,,Active,Corporation,03-4731435,124864503,U.S.,CAD,Net 30,3 way,F,,castleford.forgings@castlefordfor.com,EU-AP,1,2027-10-25,PLT-05;PLT-02
V-102304,Jarrow Seals Corp,Jarrow Seals,draft,LLC,82-8086547,,United States,USD,COD,2 way,0,,jarrow.seals@jarrowsea.com,CA-AP,Tier 3,2028-04-05,PLT-05;PLT-11;PLT-08;PLT-12
V-102305,Netherfield Foundry Co,,On Hold,Corporation,52-3954754,892430797,MX,GBP,Net 90,2-way,true,MBE,netherfield.foundry@netherfieldfou.com,US-AP,Tier 3,2026-08-07,PLT-01
V-102306,Draycott Electrical S.A. de C.V.,Draycott Electrical,active,Corporation,073576093,773763483,United Kingdom,EUR,2/10 Net 30,2 Way Match,N,,draycott.electrical@draycottele.com,CA-AP,2,2028-10-03,PLT-06;PLT-07;PLT-05;PLT-03
V-102307,Ullswater Forgings PLC,,Active,LLC,18-8088541,205333101,Mexico,USD,2/10 Net 30,2 Way Match,N,,ullswater.forgings@ullswaterfor.com,US-AP,Tier 2,,PLT-05
V-102308,Rushcliffe Lubricants Corp,Rushcliffe Lubricants,Active,Sole Proprietor,34-5442294,796117314,MX,MXN,Net 60,Two-way,False,,rushcliffe.lubricants@rushcliffelub.com,UK-AP,3,,"PLT-07, PLT-12, PLT-03, PLT-06"
V-102309,Denholm Seals Co,,active,LLC,63-6885697,224880153,US,USD,Net 45,Two-way,No,,ap@denholmsea.com; denholm.seals@denholmsea.com,US-AP,2,2026-12-05,
V-102310,Elmswell Valves Corp,Elmswell Valves,On Hold,Limited Liability Company,,17083405,US,USD,Due on receipt,,T,WOSB,elmswell.valves@elmswellval.com,US-AP,2,2027-04-20,"PLT-12, PLT-04"
V-102311,Wolverton Forgings GmbH,,Active,S-Corp,26-3040244,69109369,USA,USD,N30,3 way,FALSE,,wolverton.forgings@wolvertonfor.com,,,2027-07-22,"PLT-01, PLT-09"
V-102312,Castleford Weldments Inc.,Castleford Weldments,I,Limited Liability Company,28-8284389,421716258,US,USD,Net30,2-way,FALSE,,castleford.weldments@castlefordwel.com,CA-AP,3,,PLT-12;PLT-09;PLT-04
V-102313,Denholm Bearings Ltd.,,active,LLC,,,US,USD,Net 60,3-way,No,,denholm.bearings@denholmbea.com,US-AP,2,2028-10-12,PLT-07
V-102314,Alderman Electrical Inc,Alderman Electrical,Draft,LLC,258803260,857768969,MX,MXN,Net 60,3-way,FALSE,,alderman.electrical@aldermanele.com,US-AP,Tier 3,2028-12-24,PLT-04;PLT-09;PLT-05;PLT-02
V-102315,Yarborough Plating Corp,,,LLC,052547046,079291571,U.S.,USD,Immediate,3-way-direct,false,,ap@yarboroughpla.com; yarborough.plating@yarboroughpla.com,CA-AP,2,01/24/2028,"PLT-02, PLT-05"
V-102316,Farndale Logistics Ltd,,inactive,Corporation,98-9642050,,US,USD,NET30,2 Way Match,Y,Woman-Owned Small Business,farndale.logistics@farndalelog.com,CA-AP,,01/13/2027,PLT-11;PLT-01;PLT-12;PLT-02
V-102317,Oakhurst Seals Ltd.,Oakhurst Seals,,LLC,86-0550477,415945130,USA,CAD,Net 60,2 way,,,ap@oakhurstsea.com; oakhurst.seals@oakhurstsea.com,US-AP,Low,09/27/2027,PLT-01
V-102318,Rushcliffe Fasteners S.A. de C.V.,Rushcliffe Fasteners,,Partnership,50-7436265,670704343,United Kingdom,MXN,N30,3-way,true,MBE,rushcliffe.fasteners@rushcliffefas.com,CA-AP,High,2028-07-11,PLT-10;PLT-01;PLT-07;PLT-02
V-102319,Quarrington Valves Ltd,Quarrington Valves,Inactive,Corporation,552643730,400632048,USA,US Dollar,Net 45,3-way,0,,,CA-AP,1,2026-03-04,PLT-09
V-102320,Elmswell Springs Ltd,Elmswell Springs,Inactive,Sole Prop,,471881847,USA,USD,Net 15,3-way,yes,HUBZone,ap@elmswellspr.com; elmswell.springs@elmswellspr.com,US-AP,2,12/14/2028,PLT-03;PLT-06
V-102321,Ashworth Castings LLC,Ashworth Castings,active,LLC,218067716,851258680,MX,GBP,Net30,3 way,N,,ap@ashworthcas.com; ashworth.castings@ashworthcas.com,,,2027-06-11,"PLT-11, PLT-01"
V-102322,Ashworth Lubricants GmbH,Ashworth Lubricants,active,,84-2328911,713195811,DE,EUR,Immediate,3-way,No,,ap@ashworthlub.com; ashworth.lubricants@ashworthlub.com,US-AP,2,2027-09-21,PLT-10 / PLT-02 / PLT-09
V-102323,Hollingworth Plating LLC,Hollingworth Plating,,Corporation,95-9517111,160771130,US,,2/10 Net 30,none,FALSE,,hollingworth.plating@hollingworthpla.com,,Tier 2,04/25/2027,PLT-06;PLT-05
V-102324,Denholm Electrical LLC,Denholm Electrical,Inactive,Non-Profit,123548757,362825354,USA,USD,2/10 Net 30,Three way direct,FALSE,,denholm.electrical@denholmele.com,US-AP,Tier 1,2027-01-12,PLT-09;PLT-01;PLT-11
V-102325,Castleford Forgings Co,Castleford Forgings,active,LLC,987344138,560422140,Deutschland,CAD,Immediate,3 Way Match,0,,castleford.forgings@castlefordfor.com,MX-AP,Tier 2,07/19/2027,PLT-04;PLT-08
V-102326,Alderman Lubricants Co,,Draft,S-Corp,13-6932389,464076727,United Kingdom,USD,Net 45,3 Way Match,false,,alderman.lubricants@aldermanlub.com,US-AP,1,,"PLT-04, PLT-02"
V-102327,Denholm Logistics Ltd,Denholm Logistics,Inactive,Non-Profit,030194441,,US,GBP,NET30,3-way,,,denholm.logistics@denholmlog.com,,2,2028-03-08,
V-102328,Rushcliffe Packaging Ltd,Rushcliffe Packaging,draft,LLC,184417689,62708945,US,usd,Due on receipt,2-way,1,WBE,rushcliffe.packaging@rushcliffepac.com,US-AP,3,2027-04-20,PLT-03;PLT-07;PLT-02
V-102329,Ashworth Foundry Inc,Ashworth Foundry,active,,80-7925807,909147881,US,MXN,Net 45,,FALSE,,ashworth.foundry@ashworthfou.com,US-AP,Medium,11/23/2028,"PLT-11, PLT-07, PLT-05"
V-102330,Yarborough Gasket Ltd,Yarborough Gasket,Active,Non-Profit,775023948,993165495,USA,MXN,Net 90,3-way,No,,yarborough.gasket@yarboroughgas.com,US-AP,3,10/06/2026,
V-102331,Alderman Calibration Ltd.,,active,LLC,563174416,216347911,GB,USD,Net 60,2 Way Match,no,,alderman.calibration@aldermancal.com,CA-AP,2,2026-01-19,PLT-07;PLT-04;PLT-02;PLT-05
V-102332,Netherfield Coatings LLC,Netherfield Coatings,active,Sole Prop,16-6643093,581164897,Mexico,EUR,Net 30,3 way,TRUE,WOSB,netherfield.coatings@netherfieldcoa.com,US-AP,High,2027-10-18,PLT-12;PLT-06;PLT-10
V-102333,Thirlmere Plating Ltd,Thirlmere Plating,On Hold,Partnership,62-7774411,399739066,Canada,USD,,3-way,0,,ap@thirlmerepla.com; thirlmere.plating@thirlmerepla.com,MX-AP,Medium,2027-04-16,PLT-12;PLT-09;PLT-02
V-102334,Lansdowne Electrical LLC,Lansdowne Electrical,draft,LLC,82-7579880,269648082,GB,EUR,,3-way,no,,lansdowne.electrical@lansdowneele.com,MX-AP,High,07/27/2026,PLT-08
V-102335,Yarborough Abrasives S.A. de C.V.,Yarborough Abrasives,A,Partnership,58-6930643,517375490,Canada,,Net 15,2 way,Yes,HUBZone,yarborough.abrasives.yarboroughabr.com,EU-AP,1,05/11/2026,PLT-05;PLT-03;PLT-09
V-102336,Fairweather Plating S.A. de C.V.,,Active,Corporation,37-0122929,04-148-1893,United States,USD,Net 45,2-way,N,,fairweather.plating@fairweatherpla.com,US-AP,Tier 1,04/06/2026,PLT-03 / PLT-04 / PLT-09
V-102337,Ullswater Fabrication Inc,,On Hold,Limited Liability Company,30-0216932,174444467,U.S.,USD,COD,None,F,,ullswater.fabrication@ullswaterfab.com,US-AP,3,06/02/2028,PLT-03
V-102338,Culverton Pneumatics Inc.,Culverton Pneumatics,active,Corporation,487160238,,United States,Euro,2/10 Net 30,2 way,FALSE,,culverton.pneumatics@culvertonpne.com,US-AP,2,03/23/2028,PLT-09;PLT-08
V-102339,Fairweather Lubricants Ltd,,Active,Corporation,63-3829106,,Germany,USD,2/10 Net 30,3-way-direct,F,,fairweather.lubricants@fairweatherlub.com,US-AP,Low,2027-01-14,
V-102340,Lansdowne Electrical Inc,Lansdowne Electrical,draft,Sole Prop,28-7758153,230939819,CA,Euro,Net 60,,true,WOSB,lansdowne.electrical@lansdowneele.com,EU-AP,2,07/11/2026,PLT-03
V-102341,Castleford Extrusions PLC,Castleford Extrusions,active,Corporation,98-7042982,948969333,,USD,Due on receipt,3-way-direct,,,,US-AP,Low,06/09/2028,PLT-03
V-102342,Lansdowne Tooling Ltd,Lansdowne Tooling,A,Corporation,334920910,31660636,US,USD,Net 45,3-way,no,,ap@lansdownetoo.com; lansdowne.tooling@lansdownetoo.com,EU-AP,1,2027-09-24,PLT-07
V-102343,Culverton Machining LLC,Culverton Machining,active,LLC,11-9163087,59-385-4704,US,USD,Net 90,,0,,culverton.machining@culvertonmac.com,US-AP,2,2028-05-03,"PLT-02, PLT-01"
V-102344,Castleford Plating Ltd,,Active,Corporation,32-8281912,505079976,USA,Euro,Net 30,2-way,1,VOSB,castleford.plating@castlefordpla.com,US-AP,,,"PLT-08, PLT-03"
V-102345,Culverton Bearings Inc,,,Sole Proprietor,81-4712100,472952736,Mexico,USD,,Two-way,No,,culverton.bearings@culvertonbea.com,EU-AP,,2026-11-01,PLT-07
V-102346,Brackenridge Packaging Ltd,Brackenridge Packaging,active,Corporation,685158389,137610412,US,USD,Net 30,2 way,N,,brackenridge.packaging@brackenridgepac.com,US-AP,1,03/21/2028,
V-102347,Denholm Springs LLC,Denholm Springs,active,LLC,21-6982324,550597918,USA,USD,Net 15,,false,,denholm.springs@denholmspr.com,US-AP,,2027-09-09,PLT-12
V-102348,Draycott Extrusions Inc,Draycott Extrusions,On Hold,Corporation,36-0810504,479274662,US,USD,30 days,2 way,F,,ap@draycottext.com; draycott.extrusions@draycottext.com,US-AP,3,2028-04-07,PLT-10
V-102349,Marchmont Forgings Inc.,Marchmont Forgings,active,Corporation,28-4582606,,MX,GBP,2/10 Net 30,2-way,No,,ap@marchmontfor.com; marchmont.forgings@marchmontfor.com,UK-AP,3,2028-09-02,PLT-11;PLT-09
V-102350,Wolverton Hydraulics Ltd.,,Active,,87-9824093,,USA,USD,Net 30,2-way,false,,wolverton.hydraulics@wolvertonhyd.com,US-AP,2,12/18/2027,PLT-10
V-102351,Ballantyne Electrical GmbH,Ballantyne Electrical,inactive,LLC,59-9785386,,,CAD,30 days,2 way,FALSE,,ap@ballantyneele.com; ballantyne.electrical@ballantyneele.com,,2,,"PLT-12, PLT-01"
V-102352,Fairweather Valves Ltd.,,Active,Corporation,476455253,461722991,United States,,30 days,,1,SDVOSB,fairweather.valves@fairweatherval.com,US-AP,Low,03/14/2026,
V-100602,Verwood Abrasives PLC,Verwood Abrasives,inactive,Corporation,972563567,563519311,,US Dollar,Net 90,3-way,TRUE,WBE,verwood.abrasives@verwoodabr.com,,Tier 1,07/28/2028,PLT-03;PLT-05;PLT-12
V-102354,Oakhurst Foundry PLC,Oakhurst Foundry,Active,Partnership,27-8192113,580574879,,usd,N30,,F,,,US-AP,Tier 2,2028-08-19,"PLT-07, PLT-11"
V-102355,Marchmont Electrical GmbH,Marchmont Electrical,On Hold,Corporation,11-0765295,213714338,US,USD,Immediate,,TRUE,WOSB,marchmont.electrical@marchmontele.com,US-AP,,,PLT-09
V-102356,Saltburn Fasteners Ltd.,,A,,47-8386547,179831964,USA,USD,Net 45,3-way-direct,,,saltburn.fasteners@saltburnfas.com,MX-AP,Low,2027-02-02,
V-102357,Thirlmere Calibration Corp,Thirlmere Calibration,active,Sole Proprietor,,252892628,GB,USD,,none,F,,thirlmere.calibration@thirlmerecal.com,MX-AP,Tier 3,,PLT-02;PLT-08
V-102358,Saltburn Forgings PLC,Saltburn Forgings,Active,Corporation,88-3056359,681085803,US,US Dollar,2/10 Net 30,3 way,F,,saltburn.forgings@saltburnfor.com,US-AP,Tier 1,2026-01-14,
V-102359,Jarrow Machining Inc,Jarrow Machining,active,Corporation,838438458,627971036,US,USD,Due on receipt,3 way,No,,jarrow.machining.jarrowmac.com,US-AP,Low,,PLT-06;PLT-03;PLT-08
V-102360,Draycott Springs LLC,Draycott Springs,active,Limited Liability Company,70-9936259,423329209,Germany,USD,Immediate,3-way,false,,draycott.springs@draycottspr.com,UK-AP,,2028-07-19,PLT-09
V-102361,Jarrow Bearings Corp,,draft,S-Corp,404812828,617642933,US,,Net 90,,FALSE,,jarrow.bearings@jarrowbea.com,US-AP,Medium,2027-11-27,PLT-09;PLT-02;PLT-06;PLT-01
V-102362,Fairweather Forgings PLC,Fairweather Forgings,active,LLC,438121915,56826337,US,USD,Net 30,3-way-direct,no,,,EU-AP,1,2027-10-24,PLT-05
V-102363,Alderman Weldments Ltd,Alderman Weldments,Active,Corporation,91-9338810,269711117,CA,USD,Net 30,2-way,F,,alderman.weldments@aldermanwel.com,US-AP,2,2028-11-25,PLT-10
V-102364,Elmswell Plating S.A. de C.V.,,Active,S-Corp,62-8127578,,US,Euro,2/10 Net 30,,false,,elmswell.plating@elmswellpla.com,EU-AP,Tier 1,,PLT-08;PLT-02
V-102365,Jarrow Calibration Co,,ACTIVE,Partnership,74-3013799,570072001,US,EUR,NET30,,F,,jarrow.calibration@jarrowcal.com,US-AP,Tier 2,2027-02-01,PLT-09;PLT-03
V-102366,Ballantyne Foundry PLC,Ballantyne Foundry,active,Sole Prop,386324773,435040675,Germany,EUR,Net 45,3-way,F,,ballantyne.foundry@ballantynefou.com,,,2028-07-27,PLT-02;PLT-09;PLT-10;PLT-12
V-102367,Ashworth Abrasives GmbH,,Draft,,200220077,,US,EUR,Net30,3-way,Y,WBE,ashworth.abrasives@ashworthabr.com,,3,,
V-102368,Hollingworth Packaging PLC,Hollingworth Packaging,A,Sole Proprietor,100407678,744722880,US,USD,Net 45,2 way,FALSE,,hollingworth.packaging@hollingworthpac.com,MX-AP,2,,PLT-12;PLT-08
V-102369,Jarrow Valves S.A. de C.V.,Jarrow Valves,Active,Corporation,81-5571559,818500730,United States,US Dollar,Net 45,none,F,,jarrow.valves.jarrowval.com,,3,2028-02-06,PLT-07
V-102370,Eastgate Hydraulics Inc,,,Partnership,04-7749053,122396038,US,USD,Net 45,3 way,F,,eastgate.hydraulics@eastgatehyd.com,US-AP,3,2028-07-10,PLT-11
V-102371,Castleford Coatings LLC,Castleford Coatings,active,Sole Proprietor,682101785,923338947,US,GBP,Net 15,3-way,YES,SDVOSB,castleford.coatings@castlefordcoa.com,US-AP,2,2026-04-16,PLT-12
V-102372,Yarborough Weldments S.A. de C.V.,,active,LLC,14-5865409,,United States,USD,Due on receipt,3-way,No,,yarborough.weldments@yarboroughwel.com,MX-AP,High,2027-07-14,PLT-01
V-102373,Netherfield Foundry Ltd.,Netherfield Foundry,Active,LLC,44-9317089,668616371,US,usd,Net 60,Two-way,FALSE,,netherfield.foundry@netherfieldfou.com,US-AP,,03/09/2028,PLT-10
V-102374,Quarrington Foundry Ltd,Quarrington Foundry,Active,LLC,,741501279,US,USD,Net 60,2 way,No,,quarrington.foundry@quarringtonfou.com,MX-AP,Medium,2028-01-11,PLT-02
V-102375,Thirlmere Machining PLC,,active,Non-Profit,16-2977542,154488510,US,USD,Net 15,3 way,True,WBE,thirlmere.machining@thirlmeremac.com,US-AP,3,09/28/2027,PLT-09 / PLT-01
V-102376,Alderman Extrusions Ltd,Alderman Extrusions,Active,Corporation,46-2221922,,US,USD,Net 30,3-way,false,,alderman.extrusions@aldermanext.com,US-AP,3,08/18/2028,PLT-04;PLT-09
V-102377,Netherfield Machining Inc,,draft,Corporation,80-8997465,591308745,USA,EUR,Net 45,2 way,0,,netherfield.machining@netherfieldmac.com,CA-AP,,10/26/2027,PLT-06;PLT-09;PLT-03;PLT-02
V-102378,Farndale Electrical Corp,Farndale Electrical,active,LLC,59-3138225,,United States,MXN,Net 60,3 way,false,,farndale.electrical@farndaleele.com,CA-AP,Tier 2,2027-12-19,"PLT-10, PLT-01"
V-102379,Verwood Castings LLC,Verwood Castings,Inactive,LLC,64-0385091,,US,,2/10 Net 30,none,no,,verwood.castings@verwoodcas.com,UK-AP,1,2026-09-18,
V-102380,Yarborough Tooling Inc,Yarborough Tooling,Inactive,LLC,75-9289362,,GB,USD,COD,3-way-direct,false,,yarborough.tooling@yarboroughtoo.com,US-AP,2,08/16/2027,"PLT-02, PLT-05"
V-102381,Draycott Calibration S.A. de C.V.,Draycott Calibration,Inactive,Corporation,103581629,642163548,Germany,,30 days,2-way,FALSE,,draycott.calibration@draycottcal.com,EU-AP,Tier 1,2028-05-02,"PLT-12, PLT-07, PLT-09"
V-102382,Brackenridge Fasteners Inc,Brackenridge Fasteners,active,Partnership,92-2844271,569359664,,USD,Net 60,,False,,brackenridge.fasteners@brackenridgefas.com,UK-AP,Tier 3,2027-02-21,PLT-11;PLT-10;PLT-05
V-102383,Farndale Pneumatics Inc,Farndale Pneumatics,inactive,Partnership,,849794946,US,USD,Net 15,2-way,true,Minority Business Enterprise,farndale.pneumatics@farndalepne.com,EU-AP,Low,2027-12-16,PLT-02;PLT-08;PLT-05
V-102384,Culverton Plating Corp,Culverton Plating,inactive,,61-2367337,744314427,MX,CAD,,3 way,false,,culverton.plating@culvertonpla.com,EU-AP,Tier 2,2026-03-08,PLT-07
V-102385,Eastgate Lubricants GmbH,Eastgate Lubricants,Active,,,741413334,Mexico,CAD,Net 30,3-way-direct,true,SDVOSB,eastgate.lubricants@eastgatelub.com,,3,,PLT-11;PLT-04
V-102386,Yarborough Hydraulics PLC,,inactive,LLC,025161134,150965104,United States,EUR,NET30,2-way,yes,VOSB,yarborough.hydraulics@yarboroughhyd.com,EU-AP,Tier 1,2027-06-10,PLT-11
V-102387,Wolverton Castings Ltd,Wolverton Castings,ACTIVE,Corporation,734459464,218145721,GB,USD,Net 30,3 way,FALSE,,wolverton.castings@wolvertoncas.com,US-AP,2,2027-02-27,PLT-10
V-102388,Hollingworth Machining Co,Hollingworth Machining,ACTIVE,,139982476,793072542,US,CAD,COD,3-way,F,,hollingworth.machining@hollingworthmac.com,US-AP,,2028-10-04,
V-102389,Ashworth Plating Inc,,Active,Partnership,,86-244-1287,United Kingdom,usd,Net 30,3-way-direct,Yes,Minority Business Enterprise,ashworth.plating@ashworthpla.com,US-AP,Medium,2026-05-25,PLT-05 / PLT-03
,Ullswater Extrusions PLC,Ullswater Extrusions,I,LLC,13-3180011,285294691,United Kingdom,USD,Due on receipt,3-way-direct,False,,ap@ullswaterext.com; ullswater.extrusions@ullswaterext.com,US-AP,2,2026-11-25,PLT-07;PLT-03
V-102391,Quarrington Calibration GmbH,Quarrington Calibration,I,Corporation,701740011,727213708,MX,CAD,Net 60,2-way,,,quarrington.calibration@quarringtoncal.com,,2,,PLT-11
V-102392,Lansdowne Foundry GmbH,,,Corporation,40-6593230,229403695,US,EUR,Net 30,3-way,N,,lansdowne.foundry@lansdownefou.com,EU-AP,1,,PLT-11;PLT-09
V-102393,Denholm Logistics S.A. de C.V.,Denholm Logistics,active,LLC,,,US,US Dollar,Net 30,None,false,,denholm.logistics@denholmlog.com,US-AP,Low,2027-12-23,PLT-02;PLT-08;PLT-10
V-102394,Hollingworth Lubricants LLC,,A,,958113425,192045991,US,USD,Net 45,Two-way,false,,ap@hollingworthlub.com; hollingworth.lubricants@hollingworthlub.com,US-AP,2,2028-06-02,
V-102395,Farndale Plating PLC,Farndale Plating,inactive,LLC,,,US,GBP,,None,No,,,EU-AP,3,,PLT-01;PLT-05
V-102396,Grimsby Hydraulics S.A. de C.V.,,On Hold,LLC,10-5151853,295164672,US,CAD,Net 30,3 way,F,,grimsby.hydraulics@grimsbyhyd.com,US-AP,Medium,05/12/2026,PLT-10
V-102397,Marchmont Plating PLC,Marchmont Plating,active,Partnership,253539597,21-529-7179,United States,GBP,,2-way,N,MBE,ap@marchmontpla.com; marchmont.plating@marchmontpla.com,,Low,04/03/2027,PLT-05;PLT-07;PLT-06
V-102398,Ullswater Tooling LLC,Ullswater Tooling,A,Corporation,882960615,726630097,Mexico,EUR,Net 30,3-way,false,,ullswater.tooling@ullswatertoo.com,UK-AP,,2028-10-08,"PLT-01, PLT-07"
V-102399,Ullswater Foundry PLC,,active,Corporation,466965205,,US,CAD,30 days,None,true,Minority Business Enterprise,ullswater.foundry@ullswaterfou.com,CA-AP,,07/05/2027,PLT-01;PLT-12;PLT-05;PLT-09
V-102400,Culverton Forgings GmbH,Culverton Forgings,A,S-Corp,92-3158528,739620711,US,usd,Net 90,2-way,T,MBE,culverton.forgings@culvertonfor.com,US-AP,1,06/19/2026,PLT-12;PLT-10
V-102401,Alderman Forgings Ltd,Alderman Forgings,active,S-Corp,568539174,91425013,CA,GBP,Net 30,none,false,,,US-AP,High,2027-09-28,PLT-02;PLT-08;PLT-07;PLT-05
V-102402,Yarborough Calibration Ltd.,,active,LLC,596385192,640023408,,US Dollar,30 days,2 Way Match,F,,yarborough.calibration@yarboroughcal.com,UK-AP,1,2028-09-09,PLT-06
V-102403,Brackenridge Machining LLC,Brackenridge Machining,active,Corporation,875495816,172566912,CA,USD,Net 45,none,FALSE,,brackenridge.machining@brackenridgemac.com,US-AP,Medium,,"PLT-01, PLT-02"
V-102404,Alderman Logistics Inc,Alderman Logistics,active,S-Corp,642738964,134301400,USA,GBP,Net30,3 Way Match,FALSE,,alderman.logistics@aldermanlog.com,EU-AP,Low,,PLT-05
V-102405,Castleford Abrasives Ltd.,,inactive,Corporation,80-0173993,614338560,Mexico,,N30,2-way,false,,castleford.abrasives@castlefordabr.com,MX-AP,3,08/05/2026,PLT-07;PLT-09
V-102406,Grimsby Gasket Ltd,Grimsby Gasket,Active,Corporation,,722617446,US,MXN,Net 30,3-way-direct,false,,,CA-AP,,02/04/2026,PLT-09
V-102407,Wolverton Fabrication Co,,Inactive,Corporation,241406764,364196134,USA,usd,Net30,2 way,N,,wolverton.fabrication@wolvertonfab.com,US-AP,3,2027-07-15,PLT-11;PLT-07
V-102408,Marchmont Gasket Inc.,Marchmont Gasket,active,,19-4668492,07-281-1166,US,EUR,Net 15,None,True,WOSB,marchmont.gasket@marchmontgas.com,,,2026-01-06,PLT-05;PLT-08;PLT-06
V-102409,Saltburn Fasteners Inc,Saltburn Fasteners,Pending,Corporation,54-3201782,734523148,CA,EUR,Net 30,none,false,,saltburn.fasteners@saltburnfas.com,US-AP,,02/20/2027,PLT-10;PLT-05
V-102410,Saltburn Coatings PLC,,On Hold,S-Corp,483577882,71690117,US,EUR,Net 30,2-way,False,,saltburn.coatings@saltburncoa.com,UK-AP,2,2028-11-19,PLT-08;PLT-12
V-102411,Jarrow Castings S.A. de C.V.,Jarrow Castings,Active,S-Corp,139645756,743034225,United States,CAD,Net 30,2 way,0,,jarrow.castings@jarrowcas.com,CA-AP,3,2028-09-17,PLT-09
V-102412,Quarrington Valves Ltd.,Quarrington Valves,,Partnership,17-1834602,542008716,US,US Dollar,Net 60,3-way,no,,quarrington.valves@quarringtonval.com,US-AP,Medium,10/04/2028,PLT-06;PLT-02;PLT-04;PLT-12
V-102413,Denholm Springs GmbH,,Inactive,LLC,179824993,739877214,US,USD,Net 60,2 way,False,,denholm.springs@denholmspr.com,,Tier 2,08/25/2026,PLT-07
V-102414,Brackenridge Weldments Inc,Brackenridge Weldments,active,LLC,32-9298082,838142991,,EUR,Net 15,2 way,No,,brackenridge.weldments@brackenridgewel.com,EU-AP,3,2027-01-11,PLT-03;PLT-07
V-102415,Draycott Logistics Co,Draycott Logistics,draft,LLC,92-0198212,182810563,United Kingdom,EUR,NET30,2 way,0,,draycott.logistics@draycottlog.com,US-AP,High,,PLT-05;PLT-04;PLT-06
V-102416,Ullswater Lubricants S.A. de C.V.,Ullswater Lubricants,Inactive,Corporation,713606461,27186088,USA,USD,N30,3 way,,,ullswater.lubricants.ullswaterlub.com,EU-AP,Tier 2,2028-07-02,PLT-10;PLT-05;PLT-02;PLT-06
V-102417,Elmswell Forgings Ltd.,Elmswell Forgings,,LLC,36-0265793,647283996,US,USD,Net30,2-way,no,,elmswell.forgings@elmswellfor.com,US-AP,2,2028-10-28,PLT-05;PLT-06;PLT-11
V-102418,Saltburn Valves Corp,Saltburn Valves,A,S-Corp,352917605,01-061-9503,United States,USD,Due on receipt,3-way-direct,1,Minority Business Enterprise,saltburn.valves@saltburnval.com,MX-AP,3,,PLT-01;PLT-03;PLT-11;PLT-07
V-102419,Castleford Tooling Inc.,Castleford Tooling,inactive,Sole Proprietor,61-9699940,607332230,US,USD,,Two-way,FALSE,,castleford.tooling@castlefordtoo.com,CA-AP,2,2026-02-09,"PLT-07, PLT-01"
V-102420,Ingleby Bearings Ltd.,Ingleby Bearings,Active,LLC,,504257157,Mexico,CAD,Net 15,3 Way Match,F,,ingleby.bearings@inglebybea.com,US-AP,Medium,,PLT-08;PLT-04
V-102421,Ashworth Gasket Inc,Ashworth Gasket,active,LLC,85-0764682,376007073,USA,GBP,Due on receipt,2 way,false,,ashworth.gasket@ashworthgas.com,US-AP,1,2026-04-10,PLT-08 / PLT-02 / PLT-03
V-102422,Pemberton Weldments Inc.,Pemberton Weldments,active,Corporation,47-8840665,598575569,United States,USD,,3-way-direct,no,,pemberton.weldments@pembertonwel.com,US-AP,Medium,2027-02-24,PLT-09
V-102423,Ingleby Fabrication Ltd,Ingleby Fabrication,Pending,LLC,872314812,348365077,MX,MXN,,3-way,false,,ingleby.fabrication@inglebyfab.com,CA-AP,Low,2026-08-07,PLT-07
V-102424,Kettleby Extrusions LLC,Kettleby Extrusions,inactive,Partnership,74-7434230,493718577,GB,GBP,NET30,none,no,,kettleby.extrusions@kettlebyext.com,US-AP,1,12/25/2027,PLT-02 / PLT-08
V-102425,Ashworth Lubricants Inc.,Ashworth Lubricants,active,Sole Proprietor,955710757,05566902,United States,EUR,Due on receipt,none,No,,ashworth.lubricants@ashworthlub.com,,Medium,12/08/2026,
V-102426,Quarrington Weldments Ltd.,Quarrington Weldments,A,LLC,78-9246367,353428052,CA,USD,N30,3-way,N,,quarrington.weldments@quarringtonwel.com,EU-AP,Low,11/12/2026,"PLT-08, PLT-12, PLT-03"
V-102427,Ullswater Castings PLC,,On Hold,Partnership,37-9855677,674285676,MX,GBP,Net 30,2-way,0,,ap@ullswatercas.com; ullswater.castings@ullswatercas.com,,1,06/17/2027,PLT-10;PLT-11
V-102428,Hollingworth Fabrication Ltd.,Hollingworth Fabrication,Active,Corporation,91-1263107,377515017,US,USD,Net 45,3-way-direct,F,,hollingworth.fabrication@hollingworthfab.com,EU-AP,Medium,11/03/2028,"PLT-10, PLT-02, PLT-09"
V-102429,Oakhurst Hydraulics Inc,Oakhurst Hydraulics,Inactive,Corporation,380690039,561654264,US,USD,NET30,3-way,FALSE,,oakhurst.hydraulics@oakhursthyd.com,,3,01/04/2026,PLT-01
V-102430,Draycott Coatings Inc,,active,LLC,68-1053769,495898393,USA,USD,N30,2-way,FALSE,,,US-AP,1,10/21/2026,PLT-05;PLT-10
V-102431,Ingleby Forgings Ltd.,Ingleby Forgings,active,Partnership,04-6069218,356056404,USA,CAD,2/10 Net 30,2-way,false,,ingleby.forgings@inglebyfor.com,US-AP,Medium,2027-09-03,"PLT-09, PLT-06"
V-102432,Alderman Calibration Ltd.,,active,,994958275,207812252,Canada,USD,Net 45,2 way,F,,alderman.calibration@aldermancal.com,US-AP,1,2028-10-26,PLT-02
V-102433,Hollingworth Extrusions S.A. de C.V.,Hollingworth Extrusions,active,Corporation,241660353,467241819,USA,USD,COD,3 Way Match,no,,hollingworth.extrusions@hollingworthext.com,US-AP,Tier 1,2028-09-13,PLT-08;PLT-11
V-102434,Wolverton Logistics GmbH,Wolverton Logistics,Active,Corporation,,844670256,US,CAD,Net 30,2-way,no,,wolverton.logistics@wolvertonlog.com,US-AP,2,,PLT-10
V-102435,Verwood Abrasives Corp,Verwood Abrasives,Pending,,62-5348603,279803627,GB,GBP,Net 30,none,No,,verwood.abrasives@verwoodabr.com,EU-AP,2,2028-03-16,PLT-04;PLT-06;PLT-12
V-102436,Ashworth Machining Corp,,active,Corporation,728090334,152745945,Germany,USD,Net 60,2 way,No,,ashworth.machining@ashworthmac.com,CA-AP,1,06/01/2028,"PLT-05, PLT-01"
V-102437,Grimsby Valves Corp,Grimsby Valves,active,Corporation,03-4602590,713195082,United States,USD,Net 15,2 way,F,,grimsby.valves@grimsbyval.com,CA-AP,1,2027-08-23,PLT-06;PLT-11
V-102438,Jarrow Pneumatics Ltd,Jarrow Pneumatics,Pending,,351839980,,United States,,NET30,3-way,false,,jarrow.pneumatics@jarrowpne.com,CA-AP,,2028-06-15,PLT-12;PLT-09;PLT-06
V-102439,Denholm Bearings PLC,Denholm Bearings,Active,,487565479,523264270,USA,US Dollar,Net30,3-way,No,,denholm.bearings@denholmbea.com,MX-AP,,09/22/2026,"PLT-09, PLT-05"
V-102440,Ullswater Gasket LLC,Ullswater Gasket,A,LLC,596792088,800396508,Mexico,EUR,Net 60,Two-way,false,,ullswater.gasket@ullswatergas.com,UK-AP,High,05/23/2027,
V-102441,Draycott Machining PLC,Draycott Machining,Active,Sole Proprietor,13-6843100,286523795,US,CAD,Net 30,2-way,N,,draycott.machining@draycottmac.com,EU-AP,Tier 3,02/23/2026,PLT-01
V-102442,Thirlmere Plating Ltd,Thirlmere Plating,Active,LLC,57-5710755,730463525,US,USD,Immediate,3-way,true,MBE,thirlmere.plating@thirlmerepla.com,CA-AP,2,2027-05-14,PLT-10;PLT-03;PLT-08
V-102443,Netherfield Tooling GmbH,Netherfield Tooling,On Hold,Sole Proprietor,96-5552229,603785014,USA,USD,Net 30,None,No,,netherfield.tooling@netherfieldtoo.com,US-AP,Tier 1,2027-07-14,"PLT-10, PLT-03, PLT-12"
V-102444,Elmswell Lubricants Inc.,Elmswell Lubricants,inactive,LLC,08-3358457,69579782,,USD,Net 30,Two-way,0,,elmswell.lubricants@elmswelllub.com,,,07/03/2027,"PLT-06, PLT-07, PLT-11"
V-102445,Pemberton Weldments Inc,Pemberton Weldments,Pending,LLC,,319899405,,USD,Net 15,3-way-direct,N,,pemberton.weldments@pembertonwel.com,US-AP,Low,,PLT-01;PLT-12
V-102446,Pemberton Tooling Co,,active,Corporation,,649613164,Mexico,USD,Net 60,2-way,False,,pemberton.tooling@pembertontoo.com,US-AP,Low,2028-11-14,PLT-10;PLT-06;PLT-09;PLT-05
V-102447,Castleford Plating LLC,Castleford Plating,active,LLC,21-3630982,393593596,United Kingdom,USD,Net30,2 way,FALSE,,,EU-AP,Low,2027-04-28,
V-102448,Marchmont Coatings Ltd.,,active,Corporation,78-5391122,302620139,GB,usd,COD,Two-way,True,VOSB,marchmont.coatings@marchmontcoa.com,UK-AP,3,2028-09-22,PLT-02;PLT-12;PLT-04
V-102449,Netherfield Tooling Corp,Netherfield Tooling,Pending,Partnership,77-1233407,117993744,United Kingdom,EUR,Net 30,2-way,N,,netherfield.tooling@netherfieldtoo.com,EU-AP,1,2028-07-18,PLT-10 / PLT-03 / PLT-09
V-102450,Netherfield Fabrication Inc.,Netherfield Fabrication,,S-Corp,601437904,92806147,Deutschland,CAD,Net 15,Two-way,false,,netherfield.fabrication.netherfieldfab.com,,3,,PLT-02;PLT-03
V-102451,Verwood Calibration S.A. de C.V.,,active,Corporation,24-7792578,85873830,US,GBP,Net 15,Two-way,T,Minority Business Enterprise,verwood.calibration@verwoodcal.com,,,2028-10-26,PLT-09;PLT-03;PLT-02
V-102452,Ingleby Valves GmbH,Ingleby Valves,active,Corporation,29-6436079,,MX,Euro,Net 45,3 Way Match,No,,,CA-AP,,2028-04-02,PLT-12
V-102453,Denholm Coatings Inc,Denholm Coatings,inactive,Sole Proprietor,704313312,389084948,GB,GBP,Immediate,none,N,,denholm.coatings@denholmcoa.com,US-AP,Low,2027-02-05,"PLT-05, PLT-07"
V-102454,Netherfield Abrasives Corp,Netherfield Abrasives,active,Corporation,35-5721020,06047677,US,US Dollar,Net 45,,0,,netherfield.abrasives@netherfieldabr.com,US-AP,Low,08/26/2028,"PLT-10, PLT-05, PLT-12, PLT-01"
V-102455,Lansdowne Fasteners GmbH,,Active,Partnership,,57556444,USA,,Net 60,3-way,,,lansdowne.fasteners@lansdownefas.com,US-AP,Low,2026-07-13,PLT-04
V-102456,Eastgate Calibration Inc.,Eastgate Calibration,draft,Partnership,828030157,641041988,Mexico,USD,,3 Way Match,T,WBE,,US-AP,3,2028-07-15,PLT-06;PLT-07;PLT-08
V-102457,Draycott Machining LLC,,A,Limited Liability Company,72-7377560,412227434,United States,USD,30 days,2-way,YES,Woman-Owned Small Business,draycott.machining@draycottmac.com,EU-AP,2,2027-12-11,"PLT-10, PLT-08, PLT-09"
V-102458,Thirlmere Calibration GmbH,,Active,Corporation,51-8471738,892602293,Canada,,Net 30,none,no,,thirlmere.calibration@thirlmerecal.com,,Tier 1,2027-08-02,"PLT-01, PLT-09"
V-102459,Wolverton Hydraulics Inc.,Wolverton Hydraulics,active,,86-5093671,821247782,US,GBP,Net 30,3-way-direct,F,,wolverton.hydraulics@wolvertonhyd.com,EU-AP,Tier 3,,"PLT-11, PLT-03, PLT-02"
V-102460,Quarrington Abrasives Ltd.,Quarrington Abrasives,draft,LLC,05-3668408,633832829,US,GBP,Net 30,2-way,F,,quarrington.abrasives@quarringtonabr.com,EU-AP,3,2026-06-26,"PLT-08, PLT-09, PLT-07, PLT-11"
V-102461,Marchmont Springs LLC,Marchmont Springs,active,Corporation,34-8710957,855348085,US,USD,Net 15,3-way,No,,marchmont.springs@marchmontspr.com,MX-AP,2,,PLT-02 / PLT-04 / PLT-01 / PLT-09
V-102462,Jarrow Foundry Corp,,On Hold,Corporation,966594241,655796966,DE,MXN,NET30,2-way,,HUBZone,jarrow.foundry@jarrowfou.com,CA-AP,High,10/06/2028,PLT-03;PLT-11;PLT-05
V-102463,Alderman Valves Corp,,Inactive,Partnership,19-3272614,819918247,DE,EUR,Net 30,none,F,,alderman.valves@aldermanval.com,MX-AP,Low,2027-05-08,PLT-12
V-102464,Hollingworth Logistics Corp,Hollingworth Logistics,inactive,Non-Profit,77-9468920,955996912,CA,MXN,30 days,2 way,F,,ap@hollingworthlog.com; hollingworth.logistics@hollingworthlog.com,MX-AP,Tier 2,2027-11-03,PLT-01
V-102465,Lansdowne Castings S.A. de C.V.,,Active,Corporation,,905937337,United Kingdom,USD,Net 60,3-way,Y,SDVOSB,lansdowne.castings.lansdownecas.com,US-AP,3,,"PLT-06, PLT-05, PLT-08"
V-102466,Fairweather Springs PLC,,A,,02-8337263,329147715,US,EUR,Immediate,,False,,fairweather.springs@fairweatherspr.com,US-AP,Medium,2026-08-16,"PLT-01, PLT-06"
V-102467,Alderman Foundry Ltd.,Alderman Foundry,inactive,Limited Liability Company,80-9285493,110826002,,MXN,2/10 Net 30,3-way,0,,alderman.foundry.aldermanfou.com,MX-AP,2,2026-07-19,PLT-11
V-102468,Marchmont Machining Corp,,Draft,Corporation,302213342,916818472,Deutschland,USD,Net 60,none,N,,marchmont.machining@marchmontmac.com,MX-AP,Tier 1,2026-09-28,"PLT-05, PLT-12, PLT-03"
V-102469,Hollingworth Machining Corp,,I,Partnership,412199910,,US,MXN,Net 30,3-way,YES,VOSB,hollingworth.machining@hollingworthmac.com,US-AP,High,2027-06-27,PLT-05
V-102470,Netherfield Logistics Inc,,Active,Partnership,18-2636951,306611346,USA,MXN,Net30,2-way,No,,netherfield.logistics@netherfieldlog.com,EU-AP,Medium,,
V-102471,Verwood Electrical LLC,Verwood Electrical,active,LLC,01-1465076,60-832-0439,United States,USD,Net 60,2-way,No,,verwood.electrical@verwoodele.com,,Tier 1,06/22/2028,PLT-12
V-102472,Ullswater Pneumatics LLC,Ullswater Pneumatics,active,Corporation,910039013,657415674,US,USD,Due on receipt,3 way,F,,ullswater.pneumatics@ullswaterpne.com,US-AP,2,2027-04-15,PLT-06 / PLT-01 / PLT-09
V-102473,Culverton Castings Corp,,Inactive,,51-6115356,322169752,US,USD,Net 30,3-way,yes,WBE,culverton.castings@culvertoncas.com,EU-AP,2,2028-10-24,
V-102474,Brackenridge Foundry Co,Brackenridge Foundry,Active,Non-Profit,80-4535808,544427876,,GBP,NET30,2 way,false,,brackenridge.foundry@brackenridgefou.com,,1,01/27/2028,PLT-01;PLT-08
V-102475,Fairweather Valves Ltd,Fairweather Valves,active,,51-9865674,,USA,usd,Net30,3-way,0,,fairweather.valves@fairweatherval.com,UK-AP,Medium,2027-07-14,PLT-10;PLT-01
V-102476,Elmswell Extrusions Ltd,,Active,Sole Proprietor,08-2314443,394174005,US,GBP,Net 15,3-way,F,,elmswell.extrusions@elmswellext.com,,Medium,2027-04-19,PLT-01
V-102477,Culverton Logistics GmbH,Culverton Logistics,active,,555785967,54901156,United States,USD,COD,,YES,WBE,culverton.logistics@culvertonlog.com,US-AP,Medium,,PLT-09;PLT-08
V-102478,Jarrow Forgings GmbH,Jarrow Forgings,inactive,Sole Prop,95-8519171,248316808,,MXN,,2-way,0,,jarrow.forgings@jarrowfor.com,EU-AP,Tier 1,06/17/2027,PLT-12;PLT-09
V-102479,Lansdowne Springs GmbH,,active,Sole Proprietor,049643332,815568454,GB,MXN,Net 90,3 way,,,lansdowne.springs@lansdownespr.com,UK-AP,High,2026-09-02,"PLT-01, PLT-02, PLT-10"
V-102480,Oakhurst Gasket PLC,Oakhurst Gasket,Pending,,555287362,78322914,GB,US Dollar,Net30,none,0,,oakhurst.gasket@oakhurstgas.com,US-AP,Medium,03/13/2027,PLT-10 / PLT-01 / PLT-05
V-102481,Brackenridge Weldments Ltd.,Brackenridge Weldments,active,Non-Profit,965384695,,Germany,USD,Net30,3-way,F,,brackenridge.weldments@brackenridgewel.com,,1,2027-10-25,PLT-10;PLT-12
V-102482,Farndale Hydraulics Ltd.,,active,Corporation,497763012,758937132,Germany,,Net 45,Three way direct,0,,ap@farndalehyd.com; farndale.hydraulics@farndalehyd.com,,Low,05/28/2027,
V-102483,Jarrow Springs Ltd,Jarrow Springs,active,Corporation,43-1378064,852256757,United States,USD,Net 30,3-way,T,WBE,jarrow.springs@jarrowspr.com,US-AP,High,06/17/2026,PLT-11
V-102484,Elmswell Weldments Co,Elmswell Weldments,Pending,LLC,39-8975876,818429261,US,,Net 30,None,false,,elmswell.weldments@elmswellwel.com,US-AP,Tier 1,2026-01-06,PLT-06;PLT-03;PLT-08;PLT-05
V-102485,Quarrington Forgings Co,Quarrington Forgings,Draft,,,279109268,CA,USD,Immediate,none,False,,quarrington.forgings@quarringtonfor.com,US-AP,2,2027-05-21,PLT-02;PLT-05
V-102486,Marchmont Foundry PLC,Marchmont Foundry,active,Partnership,35-8725069,646043235,US,USD,Net 30,Two-way,No,,marchmont.foundry@marchmontfou.com,US-AP,,,PLT-03;PLT-07
V-102487,Castleford Bearings Co,Castleford Bearings,draft,Corporation,63-7890800,288237297,Canada,EUR,Due on receipt,Three way direct,0,,castleford.bearings@castlefordbea.com,EU-AP,2,2027-06-16,PLT-08
V-102488,Verwood Hydraulics Co,Verwood Hydraulics,Inactive,Corporation,387854995,,USA,CAD,Net 60,,YES,HUBZone,verwood.hydraulics@verwoodhyd.com,,Tier 2,,"PLT-08, PLT-10"
V-102489,Pemberton Foundry Co,Pemberton Foundry,inactive,,05-8889473,501754615,US,CAD,NET30,2 way,N,,,US-AP,3,,"PLT-07, PLT-02"
V-102490,Pemberton Springs GmbH,Pemberton Springs,active,,869001837,960305886,US,Euro,Net 30,None,No,,pemberton.springs@pembertonspr.com,MX-AP,,2027-08-24,
V-102491,Rushcliffe Machining Ltd.,,Active,Non-Profit,42-0858568,277203872,DE,MXN,NET30,3 Way Match,False,,rushcliffe.machining@rushcliffemac.com,US-AP,Tier 1,2027-12-26,PLT-07;PLT-01;PLT-09;PLT-04
V-102492,Pemberton Abrasives Corp,,active,Partnership,13-0787615,25-200-9882,CA,,Immediate,2-way,FALSE,,ap@pembertonabr.com; pemberton.abrasives@pembertonabr.com,US-AP,High,2028-02-12,PLT-02;PLT-04
V-102493,Ashworth Foundry Co,,A,S-Corp,66-5505249,625630124,US,USD,COD,3-way,F,,ashworth.foundry@ashworthfou.com,,,04/11/2026,PLT-06;PLT-11;PLT-02;PLT-07
V-102494,Yarborough Valves Inc,,Draft,Corporation,686553824,643985325,US,Euro,Net 15,2-way,No,,yarborough.valves@yarboroughval.com,EU-AP,Tier 1,2028-08-04,PLT-02;PLT-04
V-102495,Draycott Fasteners S.A. de C.V.,Draycott Fasteners,active,LLC,49-4235560,364590454,DE,MXN,Net 30,3-way,false,,ap@draycottfas.com; draycott.fasteners@draycottfas.com,US-AP,3,2027-10-17,PLT-11
V-102496,Thirlmere Packaging Co,,Pending,,84-5394276,,,USD,Net 45,2 way,TRUE,Minority Business Enterprise,thirlmere.packaging@thirlmerepac.com,CA-AP,3,2026-07-09,PLT-09 / PLT-10
V-102497,Farndale Foundry Ltd,Farndale Foundry,Active,LLC,35-1362273,67369238,United Kingdom,USD,COD,3-way,false,,farndale.foundry@farndalefou.com,,Low,,PLT-05;PLT-03
V-102498,Saltburn Machining S.A. de C.V.,Saltburn Machining,active,Sole Proprietor,03-7001967,41-099-1423,US,USD,N30,2 Way Match,no,,saltburn.machining@saltburnmac.com,MX-AP,Tier 1,01/28/2027,PLT-07
V-102499,Alderman Gasket Co,,active,Corporation,693486867,254666329,US,USD,N30,none,No,,alderman.gasket@aldermangas.com,US-AP,Low,2027-12-01,"PLT-07, PLT-03, PLT-10, PLT-08"
V-102500,Culverton Seals Co,Culverton Seals,active,S-Corp,188996961,,US,USD,30 days,None,no,,culverton.seals@culvertonsea.com,MX-AP,High,2026-02-10,"PLT-07, PLT-06"
V-102501,Castleford Pneumatics Co,Castleford Pneumatics,Active,Corporation,55-1751657,322024278,,USD,Net 30,3-way,FALSE,MBE,castleford.pneumatics@castlefordpne.com,CA-AP,2,2026-09-01,
V-102502,Hollingworth Foundry Co,Hollingworth Foundry,ACTIVE,Sole Proprietor,87-3246233,,CA,USD,Net 30,3-way,F,,hollingworth.foundry@hollingworthfou.com,,1,2027-08-17,"PLT-11, PLT-01, PLT-04, PLT-02"
V-102503,Castleford Abrasives GmbH,,On Hold,Non-Profit,846857073,810529691,,EUR,Net 30,3-way,False,,castleford.abrasives@castlefordabr.com,US-AP,3,2026-07-21,PLT-02;PLT-11;PLT-05
V-102504,Culverton Hydraulics PLC,,On Hold,LLC,18-7853868,83140113,US,USD,Net 45,2-way,F,,culverton.hydraulics@culvertonhyd.com,CA-AP,Medium,10/02/2027,
V-102505,Eastgate Fabrication PLC,Eastgate Fabrication,Pending,,91-8435120,203710647,US,USD,Net 30,3-way-direct,N,,eastgate.fabrication@eastgatefab.com,US-AP,1,2027-02-21,PLT-06;PLT-03
V-102506,Hollingworth Lubricants Ltd.,Hollingworth Lubricants,Active,Corporation,18-8791251,427343841,Mexico,USD,Net 30,2-way,N,,hollingworth.lubricants.hollingworthlub.com,EU-AP,,2026-05-22,PLT-01;PLT-06
V-102507,Saltburn Valves Ltd,Saltburn Valves,draft,Sole Proprietor,47-0299081,725583337,MX,USD,,2-way,true,WBE,saltburn.valves@saltburnval.com,US-AP,Medium,2027-08-26,PLT-09;PLT-06
V-102508,Marchmont Hydraulics Inc,,active,LLC,61-5389696,291092694,Canada,GBP,Net 30,3-way,FALSE,,,US-AP,1,2028-09-02,PLT-12;PLT-07
V-102509,Alderman Weldments PLC,Alderman Weldments,active,Corporation,064286675,126550987,GB,,Net 45,3 Way Match,N,,alderman.weldments.aldermanwel.com,EU-AP,3,2026-01-10,PLT-03;PLT-10;PLT-02;PLT-06
V-102510,Yarborough Tooling Corp,Yarborough Tooling,inactive,S-Corp,86-8179119,700323747,US,USD,Net 45,2-way,F,,yarborough.tooling@yarboroughtoo.com,EU-AP,,2026-12-05,PLT-03;PLT-12;PLT-01;PLT-05
V-102511,Rushcliffe Logistics Inc.,,active,Corporation,63-5671363,935034125,US,,30 days,3-way,,,rushcliffe.logistics@rushcliffelog.com,EU-AP,3,,"PLT-09, PLT-02, PLT-12"
V-102512,Jarrow Castings Co,Jarrow Castings,draft,,420356730,76974003,Germany,,Net 30,3 Way Match,False,,jarrow.castings@jarrowcas.com,US-AP,2,2027-05-15,PLT-11;PLT-08;PLT-02
V-102513,Ingleby Forgings Co,Ingleby Forgings,inactive,Sole Prop,309615145,868351623,MX,EUR,,3-way-direct,false,,ingleby.forgings@inglebyfor.com,UK-AP,2,04/07/2027,
V-102514,Brackenridge Plating LLC,Brackenridge Plating,On Hold,LLC,328289732,130632686,United States,USD,2/10 Net 30,3-way,false,,brackenridge.plating@brackenridgepla.com,US-AP,3,2027-02-03,"PLT-02, PLT-01, PLT-04"
V-102515,Quarrington Seals Ltd.,Quarrington Seals,Pending,LLC,79-4606446,567854381,US,usd,2/10 Net 30,3 way,FALSE,,ap@quarringtonsea.com; quarrington.seals@quarringtonsea.com,US-AP,Tier 1,08/15/2028,
V-102516,Elmswell Packaging GmbH,,A,LLC,72-0790865,385899293,,USD,COD,,false,,elmswell.packaging@elmswellpac.com,US-AP,2,01/13/2026,PLT-04
V-102517,Lansdowne Weldments Co,,Active,LLC,85-5548294,,Canada,GBP,Net 60,3-way-direct,,WOSB,lansdowne.weldments@lansdownewel.com,UK-AP,2,,PLT-06
V-102518,Thirlmere Machining LLC,,active,Partnership,02-9925078,276011296,DE,,N30,2 way,False,,ap@thirlmeremac.com; thirlmere.machining@thirlmeremac.com,MX-AP,Medium,2027-02-11,"PLT-01, PLT-12"
V-102519,Ullswater Fasteners Corp,Ullswater Fasteners,active,Corporation,730009325,105353244,US,USD,Net 30,none,false,,ullswater.fasteners@ullswaterfas.com,US-AP,1,,PLT-06
V-102520,Draycott Valves LLC,Draycott Valves,active,LLC,,71265074,US,USD,Due on receipt,2-way,N,,draycott.valves@draycottval.com,US-AP,Tier 1,,PLT-09;PLT-08;PLT-02
V-102521,Brackenridge Abrasives GmbH,,active,Corporation,766358959,710347306,US,Euro,NET30,3-way,Yes,Woman-Owned Small Business,brackenridge.abrasives@brackenridgeabr.com,CA-AP,Low,2028-10-26,PLT-11
V-102522,Netherfield Lubricants Corp,Netherfield Lubricants,On Hold,S-Corp,99-2109302,264310810,,GBP,Net 15,3-way,No,,netherfield.lubricants@netherfieldlub.com,EU-AP,Tier 2,,"PLT-02, PLT-10"
V-102523,Pemberton Foundry Corp,,active,LLC,35-2169500,477227251,,MXN,Due on receipt,none,FALSE,,pemberton.foundry@pembertonfou.com,,1,2026-08-16,PLT-01
V-102524,Rushcliffe Pneumatics LLC,Rushcliffe Pneumatics,Active,Corporation,59-4891304,289025267,CA,MXN,,3-way,no,,ap@rushcliffepne.com; rushcliffe.pneumatics@rushcliffepne.com,,Tier 1,03/21/2028,PLT-11;PLT-07;PLT-01
V-102525,Quarrington Fasteners LLC,Quarrington Fasteners,On Hold,,003487872,197612625,United Kingdom,USD,Net 15,2-way,False,,quarrington.fasteners@quarringtonfas.com,,Low,2027-12-11,PLT-04;PLT-10;PLT-06
V-102526,Farndale Machining Inc,,On Hold,LLC,761444952,261343463,United States,USD,Net 45,,1,VOSB,farndale.machining@farndalemac.com,,Tier 1,2027-08-20,
V-102527,Jarrow Calibration Inc,,Active,,479455776,894874757,US,usd,COD,Two-way,0,,jarrow.calibration@jarrowcal.com,UK-AP,Low,2027-10-03,"PLT-02, PLT-11"
V-102528,Netherfield Pneumatics S.A. de C.V.,Netherfield Pneumatics,On Hold,Sole Proprietor,13-2699188,879825234,GB,USD,Net 30,2-way,no,,netherfield.pneumatics@netherfieldpne.com,EU-AP,Tier 2,,PLT-02
V-100149,Hollingworth Hydraulics Co,Hollingworth Hydraulics,,Corporation,086713182,074328331,USA,USD,,2-way,TRUE,HUBZone,,US-AP,Tier 1,2026-06-05,PLT-08;PLT-07;PLT-06
V-102530,Thirlmere Packaging LLC,,Pending,S-Corp,286324703,866516097,US,EUR,Net 30,3 way,false,,thirlmere.packaging@thirlmerepac.com,,2,2026-08-14,PLT-05
V-102531,Lansdowne Springs PLC,Lansdowne Springs,Pending,Corporation,257419118,244428861,CA,USD,,3 way,FALSE,,lansdowne.springs@lansdownespr.com,US-AP,Medium,2026-06-12,"PLT-04, PLT-11"
V-102532,Brackenridge Coatings S.A. de C.V.,,active,LLC,341553037,540292220,United States,USD,Net 30,3-way,N,,brackenridge.coatings@brackenridgecoa.com,EU-AP,1,,PLT-08
V-102533,Elmswell Electrical GmbH,Elmswell Electrical,active,,98-3205665,949812733,CA,EUR,Net 45,3-way,false,,,EU-AP,3,09/09/2028,PLT-06;PLT-02;PLT-05
V-102534,Ashworth Lubricants Corp,Ashworth Lubricants,A,Partnership,96-9936762,730525470,US,,Net 30,3-way-direct,False,,ashworth.lubricants@ashworthlub.com,CA-AP,2,2027-01-01,
V-102535,Netherfield Fabrication Co,Netherfield Fabrication,inactive,S-Corp,,665558589,DE,USD,COD,3-way,T,MBE,netherfield.fabrication@netherfieldfab.com,CA-AP,1,2028-10-05,PLT-07
V-102536,Ingleby Logistics Co,Ingleby Logistics,,Non-Profit,68-0191229,245082418,US,USD,30 days,3 way,,,ingleby.logistics@inglebylog.com,EU-AP,1,05/07/2028,"PLT-09, PLT-06, PLT-04"
V-102537,Elmswell Fabrication GmbH,Elmswell Fabrication,Active,Corporation,28-0307147,953941260,USA,EUR,Net 60,2 Way Match,No,,,EU-AP,1,2027-12-12,PLT-06
V-102538,Culverton Valves Inc.,Culverton Valves,ACTIVE,S-Corp,66-7098500,442111370,USA,USD,Net 45,3-way,,,culverton.valves.culvertonval.com,US-AP,Tier 2,2028-10-25,PLT-05;PLT-09;PLT-07
V-102539,Jarrow Packaging GmbH,,,Corporation,28-0942890,394228907,GB,USD,Net 30,3-way-direct,False,,ap@jarrowpac.com; jarrow.packaging@jarrowpac.com,US-AP,Tier 1,,
V-102540,Grimsby Coatings Ltd.,,active,Limited Liability Company,,046620861,U.S.,USD,NET30,3 Way Match,false,,grimsby.coatings@grimsbycoa.com,EU-AP,Medium,2028-01-12,PLT-05;PLT-08
V-102541,Fairweather Pneumatics LLC,Fairweather Pneumatics,Active,Corporation,046999952,692234685,DE,USD,Net 45,3-way-direct,False,,ap@fairweatherpne.com; fairweather.pneumatics@fairweatherpne.com,CA-AP,1,,PLT-01;PLT-06;PLT-04;PLT-10
V-102542,Alderman Foundry Ltd.,,Active,LLC,67-8276580,155333297,United States,GBP,Net 60,3-way,TRUE,DBE,,US-AP,High,2028-03-21,PLT-10
V-102543,Saltburn Lubricants LLC,,draft,,44-2472129,96526320,USA,,Net 30,3-way,No,,saltburn.lubricants@saltburnlub.com,MX-AP,,2027-01-25,
V-102544,Rushcliffe Valves Ltd,,active,,71-8668540,823785828,Canada,USD,Net 45,2 way,Y,Woman-Owned Small Business,rushcliffe.valves@rushcliffeval.com,US-AP,Low,11/17/2028,PLT-11
V-102545,Fairweather Plating Inc,Fairweather Plating,A,LLC,447236945,,GB,Euro,Net 15,2-way,0,,fairweather.plating@fairweatherpla.com,,2,04/18/2027,PLT-10;PLT-08;PLT-07
V-102546,Yarborough Weldments Inc.,,,,12-0016834,473472811,Canada,USD,Net 60,3-way,TRUE,DBE,yarborough.weldments@yarboroughwel.com,MX-AP,Tier 1,08/25/2027,PLT-08
V-102547,Ashworth Calibration Ltd.,,On Hold,S-Corp,088134792,531887776,US,,Net 15,3-way,Yes,DBE,ashworth.calibration@ashworthcal.com,CA-AP,1,2026-11-23,PLT-11 / PLT-05
V-102548,Farndale Calibration PLC,Farndale Calibration,Active,Non-Profit,96-5366744,396993350,CA,USD,Net 30,2 way,False,,farndale.calibration@farndalecal.com,US-AP,Tier 1,2027-05-25,PLT-04;PLT-07
V-102549,Verwood Plating Inc,Verwood Plating,Inactive,Corporation,91-8840142,431936788,Deutschland,EUR,Net 15,3-way,F,,verwood.plating@verwoodpla.com,US-AP,3,03/08/2027,"PLT-10, PLT-01"
V-102550,Verwood Weldments GmbH,Verwood Weldments,active,S-Corp,,816785342,US,USD,Net 90,2-way,T,MBE,verwood.weldments@verwoodwel.com,,Tier 2,2028-09-24,PLT-08;PLT-10;PLT-07
V-102551,Lansdowne Electrical Corp,Lansdowne Electrical,active,S-Corp,00-4492892,746954584,US,,Net30,3 Way Match,Yes,MBE,lansdowne.electrical@lansdowneele.com,US-AP,2,,PLT-09;PLT-05;PLT-03;PLT-01
V-102552,Pemberton Valves PLC,Pemberton Valves,active,Corporation,89-3243835,899046773,US,Euro,Net 30,2-way,Yes,SDVOSB,ap@pembertonval.com; pemberton.valves@pembertonval.com,CA-AP,Tier 2,2028-05-27,PLT-08
V-102553,Verwood Bearings LLC,Verwood Bearings,active,Partnership,107918301,942975757,Canada,USD,Net 30,3-way-direct,Yes,MBE,,US-AP,Low,2027-05-12,PLT-07
V-102554,Eastgate Coatings Inc,Eastgate Coatings,active,Sole Prop,714787271,462021286,US,EUR,Due on receipt,,N,,eastgate.coatings@eastgatecoa.com,US-AP,Tier 3,12/07/2026,PLT-09;PLT-08
V-102555,Hollingworth Valves Corp,Hollingworth Valves,active,,,226394418,USA,CAD,Net 45,3 way,No,,hollingworth.valves@hollingworthval.com,US-AP,2,2028-05-18,PLT-03;PLT-09
V-102556,Oakhurst Gasket Ltd.,,Active,Partnership,,282146675,U.S.,,Net 45,2 Way Match,No,,oakhurst.gasket@oakhurstgas.com,CA-AP,Medium,2028-12-12,PLT-01
V-102557,Oakhurst Machining Ltd.,,inactive,Partnership,248142940,805551461,United Kingdom,EUR,Net 60,Two-way,,,oakhurst.machining@oakhurstmac.com,,Tier 2,2027-12-24,PLT-12
V-102558,Rushcliffe Foundry PLC,Rushcliffe Foundry,A,S-Corp,07-6786082,720635666,US,,Net 90,3 way,N,,rushcliffe.foundry@rushcliffefou.com,US-AP,1,03/23/2026,PLT-01
V-102559,Ingleby Castings Co,,,,440415838,677800581,,USD,Due on receipt,2-way,0,,ingleby.castings@inglebycas.com,MX-AP,1,2027-01-03,PLT-10;PLT-04
V-102560,Jarrow Calibration Co,Jarrow Calibration,Active,Partnership,475363821,524725273,DE,Euro,Net 45,None,,HUBZone,,CA-AP,3,2026-06-18,PLT-03;PLT-02
V-102561,Pemberton Calibration S.A. de C.V.,,I,Non-Profit,338011252,535025622,MX,USD,NET30,2-way,No,,pemberton.calibration@pembertoncal.com,,Low,,PLT-07;PLT-03
V-102562,Brackenridge Plating Inc.,,active,Sole Proprietor,17-7138067,190515740,Canada,USD,Net30,,Yes,WBE,brackenridge.plating.brackenridgepla.com,US-AP,Tier 1,2027-02-08,PLT-11
V-102563,Ashworth Foundry Inc.,Ashworth Foundry,Draft,LLC,969544146,467986333,Germany,USD,Net 60,,TRUE,WBE,ashworth.foundry@ashworthfou.com,CA-AP,Tier 1,,PLT-09
V-102564,Eastgate Forgings Inc,Eastgate Forgings,On Hold,Limited Liability Company,,492764475,MX,USD,Due on receipt,3-way,No,,eastgate.forgings@eastgatefor.com,US-AP,Medium,2026-04-01,PLT-09
V-102565,Kettleby Coatings Inc.,,active,Corporation,578907127,810962610,US,EUR,Net 30,None,F,,kettleby.coatings@kettlebycoa.com,US-AP,2,12/09/2027,PLT-01;PLT-10
V-102566,Oakhurst Extrusions Corp,Oakhurst Extrusions,On Hold,LLC,698316138,151150731,United States,USD,Immediate,None,no,,oakhurst.extrusions@oakhurstext.com,EU-AP,Tier 2,2027-05-06,PLT-11;PLT-08;PLT-07;PLT-05
V-102567,Ullswater Foundry Co,Ullswater Foundry,Active,LLC,93-7469828,03674785,DE,USD,COD,3-way-direct,0,,ullswater.foundry@ullswaterfou.com,EU-AP,2,2027-10-25,PLT-01;PLT-09
V-102568,Jarrow Seals Inc,Jarrow Seals,active,Corporation,544863644,571666716,,GBP,Immediate,2-way,,,jarrow.seals@jarrowsea.com,CA-AP,2,2027-12-03,PLT-09;PLT-05
V-102569,Verwood Tooling Co,Verwood Tooling,active,,66-5203249,995780888,,,Net 45,2 Way Match,0,,verwood.tooling@verwoodtoo.com,UK-AP,3,01/22/2027,PLT-08;PLT-10
V-102570,Pemberton Castings Ltd,,Pending,S-Corp,71-6494817,569001909,GB,USD,2/10 Net 30,,False,,pemberton.castings@pembertoncas.com,MX-AP,3,2028-02-10,PLT-06
V-100851,Brackenridge Gasket Inc,Brackenridge Gasket,Draft,Corporation,12-1565606,374725448,DE,,COD,none,No,,brackenridge.gasket@brackenridgegas.com,EU-AP,Tier 2,2026-10-04,PLT-07;PLT-04;PLT-01
V-102572,Culverton Packaging Inc.,Culverton Packaging,active,LLC,48-9639347,771219208,US,US Dollar,,3-way,,,culverton.packaging@culvertonpac.com,US-AP,Tier 3,2028-07-02,"PLT-09, PLT-04"
V-102573,Ullswater Weldments PLC,,active,Corporation,09-0580319,795347921,,USD,Net 45,2-way,,MBE,ullswater.weldments@ullswaterwel.com,EU-AP,Tier 2,,PLT-01
V-102574,Castleford Bearings Inc.,,active,Corporation,107630724,,US,CAD,2/10 Net 30,None,False,,castleford.bearings@castlefordbea.com,,3,,PLT-03
V-102575,Quarrington Bearings Co,Quarrington Bearings,Active,S-Corp,18-9321344,725582979,Mexico,USD,NET30,3-way,False,,quarrington.bearings@quarringtonbea.com,US-AP,,2028-11-14,PLT-02
V-102576,Yarborough Pneumatics Ltd.,,inactive,Corporation,44-4238075,832655549,US,,NET30,none,F,,ap@yarboroughpne.com; yarborough.pneumatics@yarboroughpne.com,,1,2026-03-09,"PLT-11, PLT-02"
V-102577,Elmswell Fasteners LLC,Elmswell Fasteners,Active,,38-2426318,361223309,Deutschland,USD,2/10 Net 30,2 Way Match,FALSE,,elmswell.fasteners@elmswellfas.com,EU-AP,,2028-01-20,PLT-08;PLT-05
V-102578,Wolverton Machining LLC,Wolverton Machining,draft,LLC,05-0573080,899459205,US,US Dollar,Net 60,,N,,wolverton.machining@wolvertonmac.com,US-AP,3,2026-11-06,PLT-11
V-102579,Lansdowne Gasket PLC,,active,Sole Proprietor,811263107,643940891,CA,USD,Net 90,2 way,F,,lansdowne.gasket@lansdownegas.com,MX-AP,2,04/19/2026,PLT-07 / PLT-04 / PLT-03
V-102580,Hollingworth Bearings Corp,Hollingworth Bearings,active,Corporation,58-8765680,171366625,US,CAD,NET30,3-way-direct,No,,hollingworth.bearings@hollingworthbea.com,US-AP,Tier 2,2026-01-21,
V-102581,Jarrow Calibration Corp,Jarrow Calibration,,S-Corp,050732727,404700869,Germany,,,3-way,YES,WOSB,jarrow.calibration@jarrowcal.com,CA-AP,Tier 1,2026-08-20,"PLT-02, PLT-07, PLT-06, PLT-11"
V-102582,Yarborough Extrusions S.A. de C.V.,Yarborough Extrusions,inactive,Corporation,038685610,781973009,Germany,USD,Net 15,3-way,FALSE,,ap@yarboroughext.com; yarborough.extrusions@yarboroughext.com,US-AP,3,2026-02-07,"PLT-11, PLT-10"
V-102583,Kettleby Extrusions Co,Kettleby Extrusions,ACTIVE,LLC,636797739,983765735,MX,MXN,Net 30,3-way,no,,,EU-AP,1,2028-01-11,PLT-11
V-102584,Alderman Coatings Inc,Alderman Coatings,inactive,Corporation,87-9461674,847791995,United States,EUR,Net 60,3-way-direct,0,,alderman.coatings@aldermancoa.com,US-AP,2,2028-02-14,PLT-08;PLT-03
V-102585,Draycott Plating Ltd,Draycott Plating,active,Sole Proprietor,928925100,175309587,U.S.,usd,Net 15,Two-way,No,,draycott.plating@draycottpla.com,US-AP,2,2027-01-21,PLT-03
V-102586,Culverton Valves S.A. de C.V.,Culverton Valves,Inactive,Sole Proprietor,350419124,,US,GBP,Net 30,3-way,false,,culverton.valves@culvertonval.com,US-AP,1,05/27/2026,PLT-02;PLT-05
V-102587,Jarrow Extrusions GmbH,,active,Corporation,90-6128216,495293864,CA,GBP,Net 30,3 Way Match,no,,jarrow.extrusions@jarrowext.com,US-AP,Low,2027-01-21,PLT-09;PLT-07;PLT-01
V-102588,Alderman Castings Inc,,Inactive,LLC,61-4488207,,US,EUR,Net 30,3-way-direct,1,MBE,alderman.castings@aldermancas.com,CA-AP,Low,,
V-102589,Quarrington Castings Ltd,,Active,LLC,540932750,582435122,CA,EUR,Net 60,3-way,N,,quarrington.castings@quarringtoncas.com,MX-AP,,2028-01-16,PLT-12;PLT-06;PLT-10
V-102590,Ashworth Fasteners Ltd,,active,,622548281,843671203,US,EUR,Net 30,2-way,False,,,US-AP,1,,PLT-02
V-102591,Elmswell Coatings Inc.,,On Hold,Sole Proprietor,660799519,833976912,United States,MXN,Net 15,None,True,Woman-Owned Small Business,elmswell.coatings@elmswellcoa.com,EU-AP,Tier 1,,PLT-02;PLT-06;PLT-12
V-102592,Eastgate Tooling S.A. de C.V.,Eastgate Tooling,Pending,Non-Profit,357106225,661069109,United Kingdom,USD,NET30,3-way,False,,eastgate.tooling@eastgatetoo.com,EU-AP,1,05/06/2027,PLT-12;PLT-09
V-102593,Yarborough Extrusions Ltd.,,A,S-Corp,07-5465765,668163301,Canada,USD,COD,Two-way,F,,yarborough.extrusions@yarboroughext.com,,3,2028-02-02,PLT-04
V-102594,Ashworth Seals Inc,Ashworth Seals,active,Partnership,84-1462187,783410520,US,US Dollar,Immediate,Two-way,N,,ashworth.seals@ashworthsea.com,UK-AP,Tier 2,2027-07-23,"PLT-03, PLT-01, PLT-02"
V-102595,Draycott Lubricants Ltd.,Draycott Lubricants,active,Sole Proprietor,469535501,175377884,CA,EUR,30 days,2-way,F,,draycott.lubricants@draycottlub.com,,1,2027-11-17,PLT-08;PLT-05;PLT-04;PLT-03
V-102596,Eastgate Seals PLC,,Active,Sole Proprietor,75-1191019,12-772-8278,MX,EUR,Net 30,3-way,No,,eastgate.seals@eastgatesea.com,MX-AP,Tier 2,2028-02-03,PLT-01;PLT-12;PLT-03
V-102597,Lansdowne Hydraulics Co,,active,Partnership,39-4343746,176522770,US,USD,Net 60,,false,,lansdowne.hydraulics@lansdownehyd.com,US-AP,2,2027-05-25,PLT-07;PLT-04;PLT-02
V-102598,Eastgate Gasket Ltd,Eastgate Gasket,active,Sole Proprietor,53-6544092,,DE,EUR,2/10 Net 30,2-way,False,,ap@eastgategas.com; eastgate.gasket@eastgategas.com,,3,03/08/2028,PLT-08
V-101888,Denholm Seals LLC,,Active,Corporation,025854495,326417406,US,USD,N30,3-way,false,,denholm.seals@denholmsea.com,US-AP,2,2027-02-16,PLT-09
V-102600,Netherfield Weldments PLC,,Active,Corporation,044109280,586036424,DE,GBP,Net 30,3-way,False,,netherfield.weldments@netherfieldwel.com,,Medium,2026-01-20,PLT-10;PLT-08
V-102601,Wolverton Calibration GmbH,,Draft,Corporation,49-8377739,520618231,US,USD,Net 30,none,Y,SDVOSB,wolverton.calibration@wolvertoncal.com,CA-AP,High,09/14/2028,PLT-08 / PLT-09
V-102602,Thirlmere Machining Ltd.,,A,Sole Proprietor,,936437807,US,USD,Net 30,3-way,False,,,UK-AP,Low,,PLT-10
V-102603,Saltburn Packaging Inc,Saltburn Packaging,active,Partnership,63-4948094,161024482,CA,EUR,Net 60,3 Way Match,yes,VOSB,saltburn.packaging@saltburnpac.com,,Tier 3,2026-11-10,PLT-12;PLT-05;PLT-01
V-102604,Verwood Gasket S.A. de C.V.,Verwood Gasket,Pending,S-Corp,29-4863688,824520091,CA,USD,Net 30,2 way,False,,ap@verwoodgas.com; verwood.gasket@verwoodgas.com,US-AP,Tier 2,2028-12-10,
V-102605,Quarrington Castings Corp,Quarrington Castings,inactive,LLC,994055736,40749119,U.S.,GBP,Net 30,3-way,true,MBE,,EU-AP,Medium,2028-01-01,PLT-03
V-102606,Thirlmere Machining Ltd.,Thirlmere Machining,active,Corporation,21-6577398,796288101,US,MXN,Net 30,3-way-direct,FALSE,,,,Tier 3,12/10/2028,"PLT-12, PLT-11"
V-102607,Brackenridge Coatings Corp,Brackenridge Coatings,active,Corporation,70-2838955,527228067,United States,Euro,,,No,,brackenridge.coatings.brackenridgecoa.com,EU-AP,Tier 3,2026-06-18,PLT-09
V-102608,Oakhurst Forgings Inc,Oakhurst Forgings,Active,Corporation,452869828,,MX,USD,NET30,2 Way Match,F,,oakhurst.forgings@oakhurstfor.com,EU-AP,Tier 3,2028-10-04,PLT-03;PLT-05;PLT-04;PLT-01
V-102609,Ashworth Foundry PLC,Ashworth Foundry,,Sole Prop,198669120,827252664,US,GBP,Net 30,Two-way,no,,ashworth.foundry.ashworthfou.com,EU-AP,Tier 2,2028-05-15,PLT-08;PLT-05
V-102610,Saltburn Machining Ltd.,Saltburn Machining,active,LLC,61-9416378,673916844,United Kingdom,EUR,Net 60,3 way,FALSE,,ap@saltburnmac.com; saltburn.machining@saltburnmac.com,US-AP,Medium,09/13/2027,PLT-07
V-102611,Castleford Hydraulics LLC,Castleford Hydraulics,active,Limited Liability Company,39-5245376,792801874,Deutschland,USD,Net 30,3-way,yes,SDVOSB,castleford.hydraulics@castlefordhyd.com,MX-AP,Low,,PLT-07
V-102612,Alderman Abrasives Corp,,active,Corporation,36-7815636,154914824,US,USD,Net 45,None,No,,alderman.abrasives@aldermanabr.com,CA-AP,3,2028-02-09,PLT-02;PLT-05;PLT-04;PLT-07
V-102613,Wolverton Extrusions GmbH,,active,S-Corp,23-2158375,250475168,,CAD,Net30,3-way,F,,wolverton.extrusions@wolvertonext.com,US-AP,Tier 2,02/06/2028,PLT-04;PLT-12
V-102614,Denholm Abrasives Inc,,,,,784176196,USA,USD,NET30,none,false,,denholm.abrasives@denholmabr.com,US-AP,Low,2026-04-09,PLT-04;PLT-08;PLT-06
V-102615,Eastgate Seals Co,,Pending,LLC,10-9576555,132088782,Mexico,USD,2/10 Net 30,2 way,false,,eastgate.seals@eastgatesea.com,US-AP,1,2026-05-26,"PLT-05, PLT-08"
V-102616,Jarrow Valves GmbH,Jarrow Valves,draft,Limited Liability Company,07-2370935,453123626,USA,GBP,30 days,3-way,F,,jarrow.valves@jarrowval.com,,3,2027-12-18,PLT-08
V-102617,Saltburn Plating Ltd.,Saltburn Plating,On Hold,LLC,189235479,52-639-2020,USA,USD,30 days,3-way,0,,saltburn.plating@saltburnpla.com,US-AP,Low,2027-01-25,PLT-06
V-102618,Elmswell Logistics Co,,A,Corporation,255247498,,Mexico,USD,Net 30,3-way-direct,FALSE,,elmswell.logistics@elmswelllog.com,,,,PLT-01
V-102619,Draycott Fabrication GmbH,Draycott Fabrication,Pending,Partnership,49-8817953,,USA,USD,,3-way,No,,draycott.fabrication@draycottfab.com,US-AP,,2026-02-23,PLT-01;PLT-03;PLT-06;PLT-12
V-102620,Saltburn Electrical Inc.,Saltburn Electrical,active,,287341525,546973549,United States,usd,Net 30,2-way,False,,saltburn.electrical@saltburnele.com,MX-AP,2,2026-07-25,PLT-05;PLT-06;PLT-02
V-102621,Wolverton Springs LLC,Wolverton Springs,Inactive,LLC,124397390,12757768,USA,usd,,3-way,,,,US-AP,2,2028-02-04,PLT-03;PLT-07
V-102622,Elmswell Pneumatics PLC,Elmswell Pneumatics,Pending,LLC,073533045,266304402,US,GBP,Net 90,2-way,False,,elmswell.pneumatics@elmswellpne.com,CA-AP,Tier 1,,PLT-07
V-102623,Jarrow Plating Ltd,,Active,Sole Prop,71-9777739,968972794,MX,CAD,Net 30,2 way,False,,jarrow.plating@jarrowpla.com,MX-AP,2,2027-11-26,PLT-12
V-102624,Alderman Lubricants LLC,,inactive,Corporation,21-7024628,661381248,,EUR,Net 15,none,,,alderman.lubricants@aldermanlub.com,US-AP,3,2028-05-27,PLT-05
V-102625,Oakhurst Coatings GmbH,Oakhurst Coatings,Inactive,S-Corp,811050033,958240749,Mexico,EUR,2/10 Net 30,3-way,no,,ap@oakhurstcoa.com; oakhurst.coatings@oakhurstcoa.com,,1,2028-05-27,PLT-07
V-102626,Kettleby Seals PLC,Kettleby Seals,Active,LLC,19-9325036,,Mexico,US Dollar,Net 30,3-way,F,,kettleby.seals@kettlebysea.com,MX-AP,Tier 1,2027-08-12,PLT-09;PLT-06
V-102627,Jarrow Electrical GmbH,,draft,LLC,529380277,805060487,GB,EUR,NET30,3 Way Match,N,,ap@jarrowele.com; jarrow.electrical@jarrowele.com,US-AP,,,PLT-06 / PLT-04
V-102628,Castleford Weldments Inc,,Active,LLC,661650457,742151374,,,Net 30,none,0,,castleford.weldments@castlefordwel.com,CA-AP,Tier 3,,PLT-07;PLT-03
V-102629,Quarrington Hydraulics LLC,Quarrington Hydraulics,active,LLC,12-5453430,830125449,Canada,CAD,Net 30,3-way,1,SDVOSB,quarrington.hydraulics@quarringtonhyd.com,US-AP,3,2028-03-06,"PLT-03, PLT-04"
V-102630,Ingleby Foundry S.A. de C.V.,Ingleby Foundry,Inactive,Partnership,155680780,421543333,GB,USD,,2-way,False,,ingleby.foundry@inglebyfou.com,US-AP,2,,PLT-03
V-102631,Jarrow Foundry S.A. de C.V.,,Pending,Corporation,82-2665232,29104150,CA,Euro,Net 90,Three way direct,F,,jarrow.foundry@jarrowfou.com,US-AP,Low,10/02/2028,"PLT-02, PLT-11"
V-102632,Grimsby Plating Ltd,Grimsby Plating,active,LLC,05-5566999,,United States,USD,Due on receipt,3-way,True,DBE,grimsby.plating@grimsbypla.com,EU-AP,Medium,01/10/2028,PLT-08;PLT-04
V-102633,Ballantyne Fasteners GmbH,Ballantyne Fasteners,Active,Partnership,104091364,837072566,US,GBP,Net 30,2-way,FALSE,,ballantyne.fasteners.ballantynefas.com,UK-AP,2,2027-07-14,PLT-09 / PLT-06 / PLT-02 / PLT-07
V-102634,Netherfield Abrasives Corp,Netherfield Abrasives,inactive,,,,United Kingdom,USD,2/10 Net 30,Two-way,FALSE,,netherfield.abrasives@netherfieldabr.com,,2,2026-06-02,
V-102635,Jarrow Packaging LLC,,Active,Non-Profit,79-5628737,479495480,US,,2/10 Net 30,3-way,T,Minority Business Enterprise,jarrow.packaging@jarrowpac.com,US-AP,Tier 1,,"PLT-06, PLT-09, PLT-07, PLT-01"
V-102636,Pemberton Forgings Co,Pemberton Forgings,Active,Corporation,719726330,709328670,Deutschland,USD,N30,3-way,False,,pemberton.forgings@pembertonfor.com,,1,2026-11-15,PLT-11
V-102637,Alderman Seals LLC,,Inactive,LLC,99-5502307,956004215,US,USD,Net 15,3-way,False,,alderman.seals@aldermansea.com,MX-AP,2,2028-07-23,"PLT-06, PLT-02, PLT-01"
V-102638,Ingleby Lubricants GmbH,Ingleby Lubricants,active,LLC,,921203970,Deutschland,USD,Net 30,,0,,ingleby.lubricants@inglebylub.com,UK-AP,3,2027-04-09,PLT-12;PLT-06;PLT-04
V-102639,Alderman Tooling S.A. de C.V.,Alderman Tooling,Active,S-Corp,915897939,623062366,Germany,USD,Net 15,3-way,false,MBE,alderman.tooling@aldermantoo.com,EU-AP,Medium,2027-03-28,PLT-09
V-102640,Kettleby Forgings PLC,Kettleby Forgings,Active,LLC,46-3739014,25654165,United States,EUR,Net 30,None,YES,SDVOSB,,UK-AP,2,2027-12-01,PLT-04;PLT-08;PLT-12
V-102641,Alderman Bearings PLC,Alderman Bearings,active,Corporation,16-9280047,175605799,United States,GBP,2/10 Net 30,3 way,no,,alderman.bearings@aldermanbea.com,US-AP,Tier 1,2028-12-22,PLT-12;PLT-04
V-102642,Oakhurst Fasteners LLC,Oakhurst Fasteners,active,,72-9464704,,US,,30 days,3 Way Match,False,,oakhurst.fasteners@oakhurstfas.com,US-AP,Low,2028-09-23,PLT-03
V-102643,Brackenridge Fabrication LLC,Brackenridge Fabrication,inactive,LLC,82-2438295,254103541,US,GBP,NET30,none,0,,brackenridge.fabrication@brackenridgefab.com,US-AP,,2026-06-13,PLT-03
V-102644,Marchmont Plating GmbH,,active,Corporation,315996835,561670081,,USD,Due on receipt,2-way,FALSE,,marchmont.plating@marchmontpla.com,US-AP,Tier 1,2026-07-19,
V-102645,Castleford Lubricants Inc,,Pending,Sole Proprietor,927773774,514796975,CA,CAD,Net 45,2-way,YES,MBE,castleford.lubricants.castlefordlub.com,CA-AP,1,2027-08-01,PLT-06;PLT-01
V-102646,Eastgate Machining Inc,,active,Corporation,35-8691128,716743654,US,USD,Net 60,2-way,F,,eastgate.machining@eastgatemac.com,CA-AP,2,2028-09-27,PLT-03;PLT-06;PLT-09;PLT-04
V-102647,Denholm Abrasives GmbH,,active,,238990992,202352612,US,USD,COD,3-way,No,,denholm.abrasives@denholmabr.com,US-AP,,2027-03-20,PLT-10;PLT-11;PLT-06;PLT-04
V-102648,Farndale Hydraulics Corp,Farndale Hydraulics,inactive,S-Corp,986645880,136924228,Canada,EUR,,3-way-direct,,WBE,farndale.hydraulics@farndalehyd.com,US-AP,2,2027-05-01,
V-102649,Marchmont Extrusions Inc,Marchmont Extrusions,Active,Partnership,848973668,751761491,US,USD,Net 90,2-way,false,,marchmont.extrusions@marchmontext.com,,High,08/23/2028,PLT-02;PLT-10;PLT-12
V-102650,Draycott Electrical LLC,Draycott Electrical,active,Corporation,19-5317560,141082093,USA,USD,Net 90,3-way,TRUE,DBE,draycott.electrical@draycottele.com,EU-AP,Tier 3,2028-02-15,PLT-04;PLT-02
V-102651,Netherfield Tooling PLC,,active,Sole Proprietor,20-8181077,463891724,US,USD,Net 15,3-way,N,,netherfield.tooling@netherfieldtoo.com,US-AP,1,2026-11-09,PLT-03
V-102652,Culverton Packaging PLC,Culverton Packaging,,Corporation,66-4102509,448762909,US,USD,Net 90,None,0,,culverton.packaging@culvertonpac.com,US-AP,Low,,PLT-08;PLT-12
V-102653,Culverton Electrical Corp,Culverton Electrical,active,Partnership,46-1990030,466737753,Deutschland,MXN,COD,3 Way Match,false,,,,2,,PLT-12;PLT-04
V-102654,Rushcliffe Pneumatics Inc,Rushcliffe Pneumatics,A,,371877456,691615982,US,USD,Net 15,2-way,,WBE,ap@rushcliffepne.com; rushcliffe.pneumatics@rushcliffepne.com,CA-AP,Low,,PLT-09
V-102655,Yarborough Coatings S.A. de C.V.,,active,,,021240485,US,CAD,Net 90,2-way,No,,yarborough.coatings.yarboroughcoa.com,UK-AP,3,2027-01-08,PLT-11
V-102656,Saltburn Calibration Co,Saltburn Calibration,active,Sole Prop,05-9684908,433616489,,USD,,None,0,,saltburn.calibration@saltburncal.com,UK-AP,Tier 2,2026-08-21,PLT-02
V-102657,Saltburn Springs S.A. de C.V.,Saltburn Springs,active,Corporation,12-6006315,810707502,USA,USD,Net 30,2 Way Match,false,,saltburn.springs@saltburnspr.com,,2,,PLT-09 / PLT-11 / PLT-02 / PLT-01
V-102658,Brackenridge Bearings Ltd.,Brackenridge Bearings,Active,LLC,450197225,512240850,MX,USD,Net 30,3-way-direct,N,,brackenridge.bearings@brackenridgebea.com,US-AP,High,,PLT-05;PLT-04
V-102659,Castleford Coatings Inc,Castleford Coatings,active,S-Corp,29-1300533,245005375,US,,Immediate,2 way,,,castleford.coatings@castlefordcoa.com,CA-AP,2,,PLT-04 / PLT-01
V-102660,Fairweather Foundry PLC,Fairweather Foundry,Draft,S-Corp,189440210,723290652,CA,USD,Net 30,none,Y,VOSB,fairweather.foundry@fairweatherfou.com,US-AP,2,2028-01-05,PLT-04;PLT-10;PLT-09
V-102661,Saltburn Calibration S.A. de C.V.,,A,Corporation,61-0885817,152348128,,USD,Net 90,2 Way Match,N,,saltburn.calibration@saltburncal.com,CA-AP,3,12/18/2026,"PLT-03, PLT-09, PLT-12"
V-102662,Jarrow Plating Ltd.,Jarrow Plating,active,Sole Proprietor,40-6175307,544844979,CA,USD,Net 30,3-way,F,,jarrow.plating@jarrowpla.com,US-AP,3,12/19/2026,
V-102663,Ingleby Castings GmbH,Ingleby Castings,active,LLC,,78-872-4290,GB,MXN,Net 15,Two-way,YES,WOSB,ingleby.castings@inglebycas.com,US-AP,,12/24/2028,PLT-08;PLT-04;PLT-07
V-102664,Alderman Gasket Ltd,Alderman Gasket,A,LLC,58-9900563,420292323,,CAD,Net 45,2-way,N,,alderman.gasket@aldermangas.com,UK-AP,2,2026-06-11,PLT-08
V-102665,Ballantyne Forgings Inc,Ballantyne Forgings,,Corporation,69-5067970,757828862,US,USD,Net 90,3-way-direct,False,,ap@ballantynefor.com; ballantyne.forgings@ballantynefor.com,EU-AP,2,2028-02-24,PLT-10
V-102666,Fairweather Tooling S.A. de C.V.,,Pending,Limited Liability Company,105800798,,,USD,Net 30,3-way,FALSE,,,UK-AP,Low,2028-12-28,PLT-07;PLT-08
V-102667,Alderman Weldments Ltd.,Alderman Weldments,,LLC,991169205,514220217,CA,USD,Net 30,none,no,,alderman.weldments@aldermanwel.com,US-AP,Medium,01/22/2026,"PLT-08, PLT-02"
V-102668,Thirlmere Calibration LLC,,Inactive,Corporation,22-4082136,800157827,Mexico,CAD,Net 60,3-way-direct,0,,thirlmere.calibration@thirlmerecal.com,EU-AP,3,2028-08-13,PLT-05;PLT-01
V-102669,Ingleby Seals Co,,draft,Corporation,336370947,809190768,Canada,USD,Net 30,2-way,,HUBZone,ap@inglebysea.com; ingleby.seals@inglebysea.com,US-AP,Medium,12/14/2028,"PLT-10, PLT-06, PLT-08, PLT-09"
V-102670,Fairweather Castings Co,Fairweather Castings,active,LLC,257115676,712096368,CA,CAD,Net 60,2 way,T,Woman-Owned Small Business,fairweather.castings.fairweathercas.com,US-AP,3,2027-07-10,PLT-07;PLT-05;PLT-09
V-102671,Elmswell Plating Corp,,inactive,Corporation,622416252,86-564-6942,CA,USD,Net 45,2-way,No,,elmswell.plating@elmswellpla.com,MX-AP,3,08/10/2026,PLT-12
V-102672,Ashworth Tooling Inc,Ashworth Tooling,Active,S-Corp,24-7767577,439396289,USA,EUR,Net 30,2-way,False,,ashworth.tooling@ashworthtoo.com,US-AP,Medium,2028-06-27,"PLT-02, PLT-08, PLT-07"
V-102673,Verwood Electrical S.A. de C.V.,Verwood Electrical,Inactive,Corporation,12-8512133,775040811,United States,Euro,Net 30,3-way,F,,verwood.electrical@verwoodele.com,US-AP,2,2026-06-11,PLT-01;PLT-07;PLT-11
V-102674,Lansdowne Machining Inc,Lansdowne Machining,inactive,Corporation,482771059,158544789,U.S.,USD,Net 30,2-way,N,,ap@lansdownemac.com; lansdowne.machining@lansdownemac.com,,1,,PLT-11;PLT-12
V-102675,Wolverton Fasteners Ltd.,,Active,,748138236,545777999,Deutschland,,Net 30,none,F,,wolverton.fasteners@wolvertonfas.com,,,2026-11-16,PLT-08;PLT-05
V-102676,Denholm Fasteners Co,,Active,Partnership,81-5167712,525230454,United States,CAD,NET30,Three way direct,N,,denholm.fasteners@denholmfas.com,EU-AP,3,02/10/2027,PLT-11;PLT-07;PLT-05;PLT-01
V-102677,Lansdowne Lubricants GmbH,Lansdowne Lubricants,inactive,Corporation,252711426,539519997,USA,,Net 60,3 Way Match,no,,lansdowne.lubricants@lansdownelub.com,EU-AP,1,2027-08-10,PLT-06
V-102678,Draycott Abrasives Ltd.,Draycott Abrasives,active,Corporation,435566192,502838084,USA,GBP,,3-way,Yes,DBE,ap@draycottabr.com; draycott.abrasives@draycottabr.com,,,2028-01-14,PLT-09;PLT-07
V-102679,Jarrow Forgings Inc.,,I,LLC,846454221,386501732,Canada,EUR,Net 90,3-way,F,,jarrow.forgings@jarrowfor.com,UK-AP,Medium,11/28/2028,"PLT-12, PLT-03, PLT-02"
V-102680,Wolverton Hydraulics GmbH,,active,LLC,40-4453958,862440132,United States,USD,Due on receipt,2-way,no,,wolverton.hydraulics@wolvertonhyd.com,EU-AP,Low,2027-06-19,PLT-03;PLT-06
V-102681,Lansdowne Weldments PLC,Lansdowne Weldments,Active,Partnership,45-0009853,119544222,US,USD,Net 30,2-way,No,,ap@lansdownewel.com; lansdowne.weldments@lansdownewel.com,EU-AP,,,"PLT-09, PLT-06"
V-102682,Netherfield Valves Ltd,Netherfield Valves,active,LLC,05-5110779,707111459,US,USD,Net 30,3 way,N,,netherfield.valves@netherfieldval.com,US-AP,,2026-08-16,PLT-06
V-102683,Eastgate Coatings Ltd,,ACTIVE,Corporation,20-4784505,804766226,MX,GBP,Net 90,,TRUE,DBE,ap@eastgatecoa.com; eastgate.coatings@eastgatecoa.com,MX-AP,Tier 2,2028-03-17,PLT-02;PLT-08;PLT-07
V-102684,Fairweather Packaging GmbH,Fairweather Packaging,active,Partnership,,730899890,U.S.,EUR,NET30,2-way,no,,fairweather.packaging@fairweatherpac.com,US-AP,Tier 2,,PLT-03;PLT-06
V-102685,Hollingworth Pneumatics Co,Hollingworth Pneumatics,draft,,614450192,561683396,,MXN,Net 60,3-way-direct,F,,hollingworth.pneumatics@hollingworthpne.com,CA-AP,Tier 1,2027-10-16,PLT-12;PLT-11
V-102686,Hollingworth Electrical S.A. de C.V.,,inactive,Sole Proprietor,,506959516,Mexico,USD,Net 30,3 Way Match,F,,hollingworth.electrical@hollingworthele.com,,Medium,02/12/2028,PLT-01;PLT-02
V-102687,Eastgate Valves Inc.,Eastgate Valves,active,,45-2338774,18-569-5826,US,USD,Net 15,3 way,Y,Woman-Owned Small Business,eastgate.valves@eastgateval.com,,1,2028-12-06,PLT-12;PLT-10
V-102688,Saltburn Hydraulics Ltd.,Saltburn Hydraulics,,Corporation,432717140,,DE,USD,Net 45,3-way,FALSE,,saltburn.hydraulics@saltburnhyd.com,US-AP,2,02/12/2028,"PLT-01, PLT-10, PLT-08, PLT-09"
V-102689,Ballantyne Extrusions S.A. de C.V.,Ballantyne Extrusions,Active,Corporation,400079903,201665109,United States,GBP,Net 30,3-way-direct,1,Woman-Owned Small Business,ballantyne.extrusions@ballantyneext.com,,Low,2026-02-24,PLT-11;PLT-04;PLT-12;PLT-02
V-102690,Pemberton Gasket Co,Pemberton Gasket,active,Corporation,39-3273196,163515136,MX,USD,2/10 Net 30,3-way-direct,N,,pemberton.gasket@pembertongas.com,US-AP,3,2027-11-16,
V-102691,Elmswell Coatings Inc.,Elmswell Coatings,Active,LLC,28-9383172,360204721,US,USD,Net 45,2-way,YES,WOSB,elmswell.coatings@elmswellcoa.com,US-AP,Medium,02/09/2028,PLT-12
V-102692,Ballantyne Packaging Corp,,active,LLC,05-6144362,,,EUR,Net 30,3-way-direct,No,,ap@ballantynepac.com; ballantyne.packaging@ballantynepac.com,US-AP,High,2027-04-03,
,Wolverton Lubricants Inc,,Inactive,Corporation,037828581,14917582,US,GBP,Immediate,Two-way,TRUE,MBE,ap@wolvertonlub.com; wolverton.lubricants@wolvertonlub.com,UK-AP,2,,PLT-05;PLT-07
V-102694,Saltburn Extrusions Corp,Saltburn Extrusions,active,Limited Liability Company,84-9092874,943186924,US,,Net 15,3 way,no,,saltburn.extrusions@saltburnext.com,MX-AP,2,11/23/2028,"PLT-11, PLT-09, PLT-07, PLT-06"
V-102695,Ballantyne Packaging LLC,Ballantyne Packaging,Pending,Partnership,32-0989372,933039991,USA,CAD,Net 90,3 Way Match,N,,ballantyne.packaging@ballantynepac.com,US-AP,2,2028-02-28,PLT-08;PLT-07;PLT-09
V-102696,Grimsby Tooling Ltd.,,active,Limited Liability Company,919711924,708678892,Mexico,EUR,Net 30,3-way,0,,grimsby.tooling@grimsbytoo.com,,Low,2027-08-18,"PLT-09, PLT-12, PLT-08, PLT-10"
V-102697,Thirlmere Castings Ltd,,Active,LLC,51-0716242,998000389,DE,GBP,Net 60,None,F,,thirlmere.castings@thirlmerecas.com,EU-AP,High,2026-04-10,PLT-12;PLT-02;PLT-03;PLT-05
V-102698,Castleford Weldments Co,,On Hold,Non-Profit,446705241,717521045,Deutschland,Euro,,None,No,,ap@castlefordwel.com; castleford.weldments@castlefordwel.com,CA-AP,,2027-11-27,"PLT-01, PLT-05, PLT-11, PLT-06"
V-102699,Pemberton Logistics Corp,Pemberton Logistics,active,S-Corp,42-8203750,325521549,CA,GBP,Net 30,3-way-direct,TRUE,Minority Business Enterprise,pemberton.logistics@pembertonlog.com,,2,02/21/2026,PLT-09 / PLT-05
V-102700,Yarborough Fasteners Ltd,Yarborough Fasteners,Active,,037624817,388543011,MX,USD,Net 90,3-way-direct,F,,yarborough.fasteners@yarboroughfas.com,CA-AP,2,2026-06-19,PLT-11
V-102701,Saltburn Fasteners GmbH,Saltburn Fasteners,Inactive,LLC,,176525448,United States,USD,Net 60,2-way,T,WOSB,saltburn.fasteners@saltburnfas.com,EU-AP,1,07/02/2027,PLT-10
V-102702,Farndale Extrusions S.A. de C.V.,Farndale Extrusions,inactive,Corporation,23-5903573,156920627,US,,Immediate,2-way,,,farndale.extrusions@farndaleext.com,CA-AP,3,10/05/2026,PLT-11;PLT-07
V-102703,Ingleby Packaging Co,Ingleby Packaging,Active,Non-Profit,99-7511273,561440887,Mexico,USD,Net 30,3-way,N,,ingleby.packaging@inglebypac.com,US-AP,Tier 1,,PLT-06
V-102704,Rushcliffe Hydraulics GmbH,,inactive,Sole Prop,246190010,900777369,US,USD,Due on receipt,2-way,N,,rushcliffe.hydraulics@rushcliffehyd.com,MX-AP,,2028-12-27,PLT-01
V-102705,Rushcliffe Weldments Co,Rushcliffe Weldments,active,LLC,80-7237155,761032963,United States,US Dollar,N30,3 way,TRUE,HUBZone,rushcliffe.weldments@rushcliffewel.com,US-AP,Low,04/23/2028,PLT-02;PLT-12;PLT-10
V-102706,Saltburn Electrical PLC,,Pending,Partnership,35-2457310,,USA,MXN,Net 30,3-way,1,SDVOSB,saltburn.electrical@saltburnele.com,UK-AP,2,2026-02-11,PLT-06
V-102707,Alderman Forgings Co,,active,,426589414,,United States,USD,Net 30,3 way,FALSE,,alderman.forgings@aldermanfor.com,UK-AP,Tier 2,,PLT-04
V-102708,Denholm Seals Ltd.,,Draft,Partnership,230082699,60089257,USA,,NET30,2 way,false,,denholm.seals@denholmsea.com,,High,,PLT-09;PLT-01;PLT-05
V-102709,Netherfield Machining Corp,Netherfield Machining,active,LLC,339413622,197124196,US,USD,Net 45,3 way,0,,netherfield.machining@netherfieldmac.com,EU-AP,Tier 3,2026-04-12,PLT-07;PLT-04;PLT-03;PLT-02
V-102710,Ballantyne Bearings Ltd.,Ballantyne Bearings,Active,S-Corp,83-0442917,02857398,US,Euro,Net 30,2-way,no,,ballantyne.bearings@ballantynebea.com,US-AP,3,07/18/2028,PLT-12;PLT-08
V-102711,Pemberton Gasket Corp,,Active,,988885930,874977180,USA,usd,Net 45,3-way,F,,pemberton.gasket@pembertongas.com,MX-AP,,2026-03-02,PLT-11
V-102712,Yarborough Fabrication GmbH,,active,Corporation,805974612,386430674,DE,Euro,Net 30,3-way,,,yarborough.fabrication@yarboroughfab.com,CA-AP,,,PLT-08
V-102713,Ashworth Valves LLC,Ashworth Valves,active,LLC,040988178,296874277,US,usd,Net 15,3-way,,,ashworth.valves@ashworthval.com,US-AP,Tier 2,02/12/2028,PLT-08;PLT-07;PLT-12
V-102714,Netherfield Hydraulics Inc.,,Pending,LLC,90-3576754,350044286,MX,USD,2/10 Net 30,3-way,No,,netherfield.hydraulics@netherfieldhyd.com,US-AP,3,2027-11-23,PLT-10
V-102715,Quarrington Castings Inc,,Pending,Limited Liability Company,06-2516227,350398956,CA,EUR,Net 30,2-way,T,DBE,quarrington.castings@quarringtoncas.com,,Tier 2,2026-09-11,PLT-08
V-102716,Farndale Bearings S.A. de C.V.,,active,S-Corp,11-3976274,160875716,United States,usd,NET30,2-way,no,,ap@farndalebea.com; farndale.bearings@farndalebea.com,,Tier 3,2028-07-16,PLT-12;PLT-04
V-102717,Netherfield Machining Corp,,active,Partnership,934175624,314492985,DE,USD,Immediate,,F,,netherfield.machining@netherfieldmac.com,US-AP,2,10/20/2028,PLT-06
V-102718,Eastgate Abrasives PLC,Eastgate Abrasives,On Hold,,844273563,260053788,Canada,CAD,,,no,,eastgate.abrasives@eastgateabr.com,US-AP,1,2026-06-06,PLT-02
V-102719,Alderman Hydraulics Co,,draft,Partnership,24-3840432,,MX,EUR,Net30,3-way-direct,no,,alderman.hydraulics@aldermanhyd.com,,2,2026-07-13,PLT-06
V-102720,Draycott Weldments S.A. de C.V.,Draycott Weldments,Draft,LLC,38-9439532,929314325,GB,MXN,Net 30,3-way,0,,draycott.weldments@draycottwel.com,,1,2026-01-27,PLT-12;PLT-01;PLT-06;PLT-09
V-102721,Verwood Foundry Ltd,Verwood Foundry,Pending,Non-Profit,624459658,328109820,Mexico,GBP,Net 60,3-way,False,,verwood.foundry@verwoodfou.com,US-AP,Low,,PLT-03;PLT-08
V-102722,Draycott Hydraulics Inc,Draycott Hydraulics,active,Limited Liability Company,46-1400127,,United States,GBP,Net 45,3-way,,VOSB,draycott.hydraulics@draycotthyd.com,CA-AP,2,2027-03-26,PLT-04;PLT-07
V-102723,Brackenridge Lubricants Ltd.,,I,Partnership,70-9242407,410450269,USA,MXN,,3-way,no,,brackenridge.lubricants@brackenridgelub.com,US-AP,3,2028-03-23,PLT-10;PLT-08
V-102724,Denholm Machining Co,,Active,S-Corp,672813056,513422188,Canada,USD,Net 45,2-way,false,,denholm.machining@denholmmac.com,EU-AP,,2027-08-16,PLT-08
V-102725,Farndale Electrical Ltd.,,active,,098997855,,Mexico,CAD,Net 30,none,N,,ap@farndaleele.com; farndale.electrical@farndaleele.com,,Tier 3,2027-05-22,PLT-09;PLT-10;PLT-05;PLT-11
V-102726,Quarrington Fasteners Corp,Quarrington Fasteners,active,,39-6097957,134897180,USA,EUR,Net 60,none,,MBE,quarrington.fasteners@quarringtonfas.com,EU-AP,Tier 3,12/25/2027,PLT-09 / PLT-04 / PLT-12
V-102727,Hollingworth Extrusions LLC,,inactive,Corporation,56-2348220,215150642,Canada,CAD,Net 30,3-way,N,,,CA-AP,1,2028-03-08,
V-102728,Farndale Lubricants Inc.,Farndale Lubricants,active,Corporation,430546890,791695471,United Kingdom,GBP,Net 45,2 way,0,,farndale.lubricants@farndalelub.com,EU-AP,Medium,2026-02-28,PLT-09
V-102729,Wolverton Machining Inc,Wolverton Machining,Active,LLC,440225721,987725734,United Kingdom,USD,Net 45,Three way direct,FALSE,,wolverton.machining@wolvertonmac.com,CA-AP,2,2028-10-10,PLT-03;PLT-06;PLT-11;PLT-10
V-102730,Brackenridge Valves Ltd.,Brackenridge Valves,inactive,Corporation,,974734213,US,usd,Net 30,3-way-direct,no,,brackenridge.valves@brackenridgeval.com,,Medium,2026-05-14,PLT-03
V-102731,Ashworth Calibration PLC,,active,Corporation,48-9800226,979111139,Canada,CAD,NET30,3-way,false,,ashworth.calibration@ashworthcal.com,,High,2026-11-24,PLT-06;PLT-11
V-102732,Farndale Castings Ltd,,active,LLC,81-1143133,457072832,MX,EUR,Net 30,3-way-direct,no,,farndale.castings@farndalecas.com,EU-AP,1,2027-06-20,"PLT-12, PLT-05"
V-102733,Jarrow Weldments PLC,Jarrow Weldments,A,Corporation,57-5801443,193429960,Germany,USD,Net 30,2 way,FALSE,,jarrow.weldments@jarrowwel.com,US-AP,Tier 1,2026-01-08,PLT-07
V-102734,Denholm Castings S.A. de C.V.,Denholm Castings,A,Corporation,719853364,788287830,US,USD,NET30,Two-way,,,denholm.castings.denholmcas.com,US-AP,3,12/27/2028,PLT-08
V-102735,Lansdowne Weldments S.A. de C.V.,Lansdowne Weldments,active,S-Corp,590061255,04-860-2361,US,GBP,Net 30,2-way,true,SDVOSB,lansdowne.weldments@lansdownewel.com,,,2027-07-12,"PLT-05, PLT-01, PLT-08, PLT-03"
V-102736,Draycott Foundry Ltd,,active,LLC,79-0000934,362307904,US,CAD,,None,False,,draycott.foundry@draycottfou.com,CA-AP,2,2028-10-24,PLT-07
V-102737,Oakhurst Bearings Co,,Inactive,S-Corp,47-7041632,850171819,GB,MXN,Net 30,3-way,no,,ap@oakhurstbea.com; oakhurst.bearings@oakhurstbea.com,US-AP,Tier 3,2027-08-01,
V-102738,Jarrow Valves Inc.,Jarrow Valves,active,Corporation,369542099,484912577,US,USD,Due on receipt,2-way,No,,jarrow.valves@jarrowval.com,US-AP,2,2026-03-03,
V-102739,Alderman Gasket S.A. de C.V.,,Draft,Sole Proprietor,718427601,533283888,US,USD,Net 30,3-way,false,,ap@aldermangas.com; alderman.gasket@aldermangas.com,US-AP,3,2027-08-05,PLT-07;PLT-11;PLT-10;PLT-06
V-102740,Jarrow Packaging LLC,,active,Sole Proprietor,14-5850419,605451976,MX,GBP,Net 30,3-way-direct,No,,jarrow.packaging@jarrowpac.com,US-AP,1,2028-09-09,
,Castleford Coatings Co,,inactive,Limited Liability Company,85-7103275,673208831,US,USD,Immediate,3-way,true,HUBZone,castleford.coatings.castlefordcoa.com,EU-AP,Tier 2,05/11/2027,
V-102742,Oakhurst Fabrication LLC,Oakhurst Fabrication,ACTIVE,Corporation,05-2070415,100003468,US,GBP,Net 30,None,false,,oakhurst.fabrication@oakhurstfab.com,US-AP,2,,PLT-03;PLT-06
V-102743,Fairweather Tooling Inc.,,active,Sole Prop,757471686,733880275,US,CAD,2/10 Net 30,2 way,,VOSB,,US-AP,3,07/01/2026,PLT-02
V-102744,Marchmont Electrical Co,Marchmont Electrical,inactive,,184282216,782622980,GB,USD,,2-way,FALSE,,marchmont.electrical@marchmontele.com,US-AP,3,2026-05-22,PLT-10;PLT-02;PLT-09
V-102745,Ullswater Calibration Ltd,Ullswater Calibration,active,Sole Proprietor,,697152247,CA,US Dollar,N30,none,False,,ullswater.calibration@ullswatercal.com,US-AP,1,2028-09-16,PLT-09
V-102746,Saltburn Machining Inc.,Saltburn Machining,active,Corporation,00-4641056,,US,usd,Net 30,3 way,no,,saltburn.machining@saltburnmac.com,,,2026-11-03,PLT-05
V-102747,Farndale Weldments Inc,Farndale Weldments,Active,Partnership,540100716,338713774,MX,USD,Due on receipt,3-way-direct,FALSE,,farndale.weldments@farndalewel.com,,2,,PLT-03
V-102748,Wolverton Tooling Inc,Wolverton Tooling,active,Corporation,34-8548507,727811057,USA,EUR,,3 way,Yes,MBE,wolverton.tooling@wolvertontoo.com,,1,2027-06-02,PLT-08
V-102749,Verwood Forgings LLC,Verwood Forgings,Active,Corporation,457876042,086235151,Germany,USD,2/10 Net 30,3-way,no,,verwood.forgings@verwoodfor.com,EU-AP,Tier 2,2028-08-11,PLT-05
V-102750,Oakhurst Tooling LLC,Oakhurst Tooling,active,S-Corp,058080949,416383318,US,GBP,Net 30,3-way,No,,oakhurst.tooling@oakhursttoo.com,US-AP,2,08/03/2028,PLT-12;PLT-10;PLT-01;PLT-09
V-102751,Ingleby Seals Ltd.,,active,Corporation,154837313,395098620,Germany,USD,Net 30,3-way,false,,ingleby.seals@inglebysea.com,MX-AP,3,03/03/2026,PLT-09
V-102752,Netherfield Plating Co,,A,Corporation,117826591,057665445,Deutschland,USD,NET30,3-way,false,,netherfield.plating@netherfieldpla.com,CA-AP,Tier 2,2028-07-04,PLT-03;PLT-11;PLT-08
V-102753,Castleford Foundry Inc,,active,Corporation,53-8757571,639994479,United States,USD,Net 45,2-way,true,Minority Business Enterprise,castleford.foundry@castlefordfou.com,CA-AP,Tier 2,,PLT-05;PLT-02
V-102754,Pemberton Forgings Ltd,Pemberton Forgings,inactive,Corporation,965044566,83888484,US,USD,,3-way,False,,pemberton.forgings@pembertonfor.com,US-AP,3,,PLT-03;PLT-11;PLT-09
V-102755,Farndale Hydraulics Ltd.,,inactive,Non-Profit,31-1565581,462608247,US,USD,Net 60,2-way,No,,farndale.hydraulics@farndalehyd.com,UK-AP,Tier 1,08/01/2028,"PLT-11, PLT-05"
V-102756,Fairweather Electrical Inc.,Fairweather Electrical,active,Corporation,72-7262941,,MX,USD,2/10 Net 30,3 way,,,fairweather.electrical@fairweatherele.com,US-AP,Low,,PLT-04;PLT-02;PLT-11;PLT-05
V-102757,Draycott Machining Corp,Draycott Machining,,Corporation,56-1656667,466978567,US,USD,Net 30,3-way,false,,draycott.machining@draycottmac.com,UK-AP,2,2028-06-15,PLT-03;PLT-01;PLT-11
V-102758,Brackenridge Foundry Corp,Brackenridge Foundry,active,Corporation,923304632,837514099,US,USD,Net 30,Two-way,N,,brackenridge.foundry@brackenridgefou.com,US-AP,Tier 3,2028-04-16,"PLT-02, PLT-12"
V-102759,Thirlmere Plating S.A. de C.V.,Thirlmere Plating,A,Partnership,288837194,,CA,CAD,Net 60,none,F,,thirlmere.plating@thirlmerepla.com,US-AP,2,2027-12-22,"PLT-03, PLT-07"
,Eastgate Bearings Ltd,,draft,LLC,52-3738054,774332772,USA,USD,Net 30,none,no,,eastgate.bearings@eastgatebea.com,CA-AP,1,12/28/2026,PLT-11 / PLT-01 / PLT-10
V-102761,Oakhurst Valves Inc.,Oakhurst Valves,inactive,Corporation,13-9288699,786339049,US,MXN,Net 30,Two-way,no,,oakhurst.valves@oakhurstval.com,US-AP,1,2026-09-09,PLT-11;PLT-07;PLT-01
V-102762,Marchmont Pneumatics Ltd,Marchmont Pneumatics,active,S-Corp,54-8009561,294262183,US,CAD,2/10 Net 30,2 way,FALSE,,marchmont.pneumatics@marchmontpne.com,US-AP,1,2028-10-14,PLT-11
V-102763,Eastgate Pneumatics PLC,Eastgate Pneumatics,active,LLC,63-4283620,11-946-2769,USA,MXN,Net 60,3-way,false,,eastgate.pneumatics@eastgatepne.com,,Tier 2,2026-12-07,PLT-11;PLT-01
V-102764,Pemberton Packaging Corp,,active,Partnership,25-4876164,,US,USD,Net 45,Three way direct,,,pemberton.packaging@pembertonpac.com,US-AP,2,01/09/2028,PLT-09 / PLT-02
V-102765,Kettleby Seals Ltd.,,Draft,,23-6775689,232274752,US,USD,Net 30,2-way,F,,,EU-AP,2,2027-05-21,PLT-08
V-102766,Kettleby Valves Ltd.,Kettleby Valves,active,LLC,54-6128950,789959685,US,usd,Net 30,,F,,,,1,02/12/2027,PLT-07;PLT-08;PLT-06
V-102767,Verwood Foundry Ltd,Verwood Foundry,Pending,Corporation,,062338405,MX,EUR,NET30,none,No,,verwood.foundry@verwoodfou.com,EU-AP,1,,"PLT-10, PLT-11, PLT-02"
V-102768,Culverton Coatings Inc,Culverton Coatings,ACTIVE,LLC,239708650,,United States,,COD,Two-way,True,MBE,culverton.coatings@culvertoncoa.com,MX-AP,1,2026-05-06,PLT-11 / PLT-05 / PLT-07
V-102769,Thirlmere Foundry LLC,,ACTIVE,LLC,,600724144,United States,USD,Net 45,3-way-direct,false,,thirlmere.foundry@thirlmerefou.com,EU-AP,2,09/16/2026,PLT-04
V-102770,Denholm Electrical LLC,,Draft,LLC,35-1705372,933875935,USA,EUR,Net 60,Three way direct,FALSE,,denholm.electrical@denholmele.com,CA-AP,3,2027-11-26,PLT-11
V-102771,Rushcliffe Fasteners Inc,Rushcliffe Fasteners,draft,LLC,28-3083337,,,USD,Net30,3 way,No,,rushcliffe.fasteners@rushcliffefas.com,,1,04/12/2026,PLT-03
V-102772,Grimsby Gasket Inc,,active,,,,CA,GBP,Net 15,None,N,,ap@grimsbygas.com; grimsby.gasket@grimsbygas.com,US-AP,Low,2027-06-16,PLT-05;PLT-10
V-102773,Draycott Lubricants S.A. de C.V.,Draycott Lubricants,On Hold,LLC,82-4342319,,US,USD,Net 45,3 way,Y,DBE,draycott.lubricants@draycottlub.com,US-AP,2,10/23/2027,PLT-08;PLT-02
V-102774,Marchmont Machining Co,Marchmont Machining,inactive,Corporation,22-2743157,249670024,,GBP,COD,3-way,False,,marchmont.machining@marchmontmac.com,EU-AP,Medium,11/20/2026,PLT-01;PLT-08
V-102775,Saltburn Lubricants Inc,Saltburn Lubricants,active,LLC,464933334,378416737,Mexico,USD,2/10 Net 30,2-way,N,,saltburn.lubricants@saltburnlub.com,UK-AP,Tier 2,2028-10-11,"PLT-03, PLT-02"
V-102776,Marchmont Springs Inc,,A,Non-Profit,99-6759307,90-465-7692,Deutschland,USD,2/10 Net 30,Two-way,yes,Minority Business Enterprise,,MX-AP,,2026-10-17,PLT-06;PLT-10
V-102777,Ullswater Springs Co,Ullswater Springs,Pending,Limited Liability Company,86-7417429,834248641,USA,USD,NET30,None,F,,ullswater.springs.ullswaterspr.com,CA-AP,Low,,PLT-09;PLT-01;PLT-08
V-102778,Castleford Calibration Inc.,,active,LLC,58-2041085,990944875,US,EUR,2/10 Net 30,2-way,no,,castleford.calibration@castlefordcal.com,US-AP,,2026-07-18,PLT-09 / PLT-10
V-102779,Castleford Abrasives S.A. de C.V.,Castleford Abrasives,draft,LLC,55-5098588,321105229,USA,USD,,,No,,castleford.abrasives@castlefordabr.com,,Tier 3,2027-05-06,PLT-08;PLT-11;PLT-09
V-102780,Castleford Abrasives Co,Castleford Abrasives,active,LLC,517662553,632701271,US,GBP,Net 45,3 way,False,,ap@castlefordabr.com; castleford.abrasives@castlefordabr.com,,1,2027-08-20,PLT-01
V-102781,Fairweather Pneumatics Ltd.,Fairweather Pneumatics,Active,Corporation,02-0900080,24060686,,US Dollar,Net 30,None,no,,fairweather.pneumatics@fairweatherpne.com,US-AP,2,,PLT-08
V-102782,Oakhurst Weldments Corp,Oakhurst Weldments,inactive,Corporation,29-9792634,681128335,Germany,GBP,Net 30,2 way,0,,oakhurst.weldments@oakhurstwel.com,US-AP,,,PLT-07;PLT-03
V-102783,Ingleby Abrasives Ltd.,Ingleby Abrasives,active,LLC,77-1353719,662429274,MX,USD,Net 30,Three way direct,no,,ingleby.abrasives@inglebyabr.com,EU-AP,Medium,2027-03-04,PLT-11
V-102784,Farndale Valves Inc.,,Active,Corporation,39-7814659,772709602,US,USD,Net 30,2 way,No,,farndale.valves@farndaleval.com,CA-AP,,,PLT-09;PLT-11;PLT-02;PLT-04
V-102785,Alderman Valves S.A. de C.V.,Alderman Valves,active,Sole Proprietor,63-3719578,770842482,CA,USD,30 days,3-way,F,,alderman.valves@aldermanval.com,US-AP,Medium,,PLT-11
V-102786,Culverton Hydraulics Ltd.,Culverton Hydraulics,Active,Sole Prop,301591881,51-020-6355,CA,EUR,Net 30,3-way,N,,culverton.hydraulics@culvertonhyd.com,US-AP,High,2028-09-15,PLT-12
V-102787,Denholm Fasteners Inc.,Denholm Fasteners,Active,,,93700681,United States,EUR,Immediate,,no,,denholm.fasteners@denholmfas.com,,1,2026-06-12,PLT-05;PLT-07
V-102788,Farndale Abrasives Inc,Farndale Abrasives,ACTIVE,LLC,34-0778777,898372833,DE,USD,Net30,none,YES,WBE,farndale.abrasives@farndaleabr.com,US-AP,Medium,,"PLT-04, PLT-11, PLT-09"
V-102789,Ashworth Weldments Inc,Ashworth Weldments,active,Partnership,,568201595,GB,EUR,Net 30,3 way,False,,ashworth.weldments@ashworthwel.com,US-AP,Low,05/20/2027,"PLT-06, PLT-02, PLT-01"
V-102790,Ballantyne Gasket Ltd.,,active,LLC,75-0931946,,USA,,Net 60,Three way direct,No,,ballantyne.gasket@ballantynegas.com,US-AP,Medium,,PLT-09;PLT-03
V-102791,Yarborough Weldments S.A. de C.V.,Yarborough Weldments,active,Partnership,79-5321121,,,EUR,Net 90,3-way,,,yarborough.weldments@yarboroughwel.com,,Medium,2028-12-06,PLT-10
V-102792,Alderman Tooling Corp,Alderman Tooling,Inactive,Sole Proprietor,033113159,355837590,Mexico,GBP,Net 60,2 way,false,,alderman.tooling@aldermantoo.com,US-AP,3,2027-08-01,PLT-02;PLT-12;PLT-08
V-102793,Eastgate Forgings LLC,Eastgate Forgings,Active,Limited Liability Company,33-5194145,,MX,USD,30 days,3-way,true,Minority Business Enterprise,eastgate.forgings@eastgatefor.com,US-AP,Medium,10/19/2026,"PLT-03, PLT-04"
V-102794,Netherfield Seals Corp,Netherfield Seals,active,Sole Proprietor,,650482108,CA,usd,Net 30,3 way,F,,netherfield.seals@netherfieldsea.com,US-AP,1,06/08/2027,"PLT-04, PLT-03"
V-102795,Wolverton Packaging LLC,,Pending,Limited Liability Company,48-8489095,,MX,,Net 30,3-way,False,,ap@wolvertonpac.com; wolverton.packaging@wolvertonpac.com,MX-AP,High,2026-09-03,PLT-12;PLT-11;PLT-09
V-102796,Verwood Forgings PLC,Verwood Forgings,On Hold,,58-7247833,527525559,US,USD,30 days,3 Way Match,F,,verwood.forgings@verwoodfor.com,,3,2026-11-22,"PLT-07, PLT-08"
V-102797,Castleford Lubricants Co,Castleford Lubricants,active,Corporation,956949437,680455816,Canada,,Net 60,None,FALSE,,castleford.lubricants@castlefordlub.com,US-AP,Low,2027-08-17,PLT-01;PLT-11;PLT-10
V-102798,Pemberton Valves Inc.,Pemberton Valves,inactive,LLC,92-6901093,986338584,US,USD,Net 30,3 way,F,,pemberton.valves@pembertonval.com,US-AP,Tier 1,07/26/2028,PLT-12
V-102799,Quarrington Hydraulics Inc.,Quarrington Hydraulics,active,Corporation,446553454,284887566,USA,USD,,3-way,,,quarrington.hydraulics@quarringtonhyd.com,,2,02/26/2027,PLT-08;PLT-05
V-102800,Quarrington Forgings S.A. de C.V.,,A,Partnership,787389711,948967891,US,,Net 30,3 Way Match,False,,quarrington.forgings@quarringtonfor.com,CA-AP,,2027-05-08,PLT-10
V-102801,Lansdowne Gasket Inc.,Lansdowne Gasket,active,S-Corp,12-6748327,,Mexico,USD,Net 60,3-way-direct,false,,,US-AP,Tier 2,,PLT-03;PLT-11
V-102802,Ullswater Extrusions Ltd,,Inactive,Corporation,94-7254077,481879494,US,USD,Net 45,2-way,N,,ap@ullswaterext.com; ullswater.extrusions@ullswaterext.com,EU-AP,3,2027-11-24,PLT-10;PLT-08;PLT-04
V-102803,Rushcliffe Hydraulics S.A. de C.V.,Rushcliffe Hydraulics,On Hold,,290704700,440538997,DE,EUR,COD,None,False,,ap@rushcliffehyd.com; rushcliffe.hydraulics@rushcliffehyd.com,US-AP,2,2028-11-27,PLT-09
V-102804,Oakhurst Fasteners PLC,,Pending,LLC,42-1648822,840933608,CA,USD,2/10 Net 30,2-way,True,Minority Business Enterprise,oakhurst.fasteners@oakhurstfas.com,US-AP,Tier 2,01/23/2028,
V-102805,Alderman Weldments Ltd.,,Active,LLC,467629996,723677743,US,USD,NET30,3-way,0,,alderman.weldments@aldermanwel.com,US-AP,1,2028-01-22,PLT-10
V-102806,Netherfield Calibration Inc.,Netherfield Calibration,Active,Non-Profit,35-3883977,395600299,Deutschland,USD,Net 30,none,0,,ap@netherfieldcal.com; netherfield.calibration@netherfieldcal.com,US-AP,3,2028-11-14,PLT-04
V-102807,Castleford Logistics S.A. de C.V.,Castleford Logistics,Active,LLC,85-9540677,793102646,US,USD,Net 30,3 Way Match,0,,castleford.logistics@castlefordlog.com,MX-AP,2,07/19/2026,PLT-07;PLT-09;PLT-11
V-102808,Grimsby Machining Ltd,Grimsby Machining,I,S-Corp,612700055,595693117,US,GBP,Net 30,,False,,grimsby.machining@grimsbymac.com,US-AP,Medium,2028-02-03,PLT-01
V-102809,Ballantyne Calibration GmbH,,draft,S-Corp,427469481,929004384,Germany,EUR,NET30,3-way-direct,False,,ballantyne.calibration@ballantynecal.com,US-AP,Tier 1,2026-09-20,PLT-06
V-102810,Lansdowne Gasket Co,,Active,,46-7418219,765546005,United States,USD,,,Y,Minority Business Enterprise,lansdowne.gasket@lansdownegas.com,MX-AP,High,10/26/2027,PLT-04;PLT-01
V-102811,Farndale Castings GmbH,Farndale Castings,Active,Corporation,14-5723592,834952347,US,USD,NET30,3-way,0,,farndale.castings@farndalecas.com,CA-AP,Tier 3,,
V-102812,Lansdowne Pneumatics Corp,,active,,03-0716643,787298044,USA,GBP,Net 60,2-way,Y,WBE,lansdowne.pneumatics@lansdownepne.com,US-AP,3,,PLT-10
V-102813,Castleford Logistics PLC,Castleford Logistics,active,Sole Proprietor,794429490,469881594,CA,usd,Net 60,none,TRUE,SDVOSB,castleford.logistics@castlefordlog.com,US-AP,2,2026-06-02,PLT-09
V-102814,Denholm Electrical PLC,,active,LLC,611183786,520420705,,USD,Net 30,,T,VOSB,denholm.electrical@denholmele.com,US-AP,Medium,2028-02-04,"PLT-11, PLT-01, PLT-09"
V-102815,Oakhurst Castings Ltd.,Oakhurst Castings,draft,Sole Proprietor,47-2775571,234927324,US,USD,Net 30,3 way,FALSE,,oakhurst.castings@oakhurstcas.com,UK-AP,1,2026-08-04,PLT-03;PLT-06;PLT-12
V-102816,Oakhurst Hydraulics Corp,Oakhurst Hydraulics,Pending,S-Corp,80-1501458,123944684,Canada,EUR,Net 90,3-way,F,,ap@oakhursthyd.com; oakhurst.hydraulics@oakhursthyd.com,MX-AP,,2027-01-06,PLT-04;PLT-09
V-102817,Yarborough Pneumatics S.A. de C.V.,Yarborough Pneumatics,active,LLC,307003957,836282548,USA,USD,30 days,2 way,yes,MBE,yarborough.pneumatics@yarboroughpne.com,,Tier 2,2026-02-27,PLT-09;PLT-11;PLT-05
V-102818,Oakhurst Bearings Ltd,Oakhurst Bearings,,Limited Liability Company,150181857,850557701,US,USD,NET30,3-way,N,,oakhurst.bearings@oakhurstbea.com,,3,2026-09-11,PLT-07;PLT-04
,Draycott Fasteners PLC,Draycott Fasteners,Active,Partnership,03-8502490,548929399,GB,USD,,Two-way,YES,VOSB,draycott.fasteners@draycottfas.com,MX-AP,1,2027-09-11,PLT-11
V-102820,Fairweather Fabrication GmbH,,active,Partnership,39-2376912,927221436,United States,GBP,Net 30,3-way,F,,fairweather.fabrication@fairweatherfab.com,US-AP,1,2028-01-18,"PLT-01, PLT-07"
V-102821,Fairweather Coatings S.A. de C.V.,,,Corporation,18-2917451,42948069,GB,USD,Net 60,2 Way Match,0,,fairweather.coatings@fairweathercoa.com,,1,2026-05-10,PLT-02 / PLT-08
V-102822,Eastgate Springs Ltd.,Eastgate Springs,active,Sole Proprietor,072936856,634793628,DE,USD,30 days,3-way,0,,eastgate.springs@eastgatespr.com,US-AP,3,06/19/2028,"PLT-04, PLT-05"
V-102823,Brackenridge Forgings Ltd.,,ACTIVE,Sole Proprietor,,56-619-2269,US,EUR,Net 15,2-way,N,,brackenridge.forgings@brackenridgefor.com,CA-AP,High,2028-06-09,PLT-08;PLT-06;PLT-12
V-102824,Ullswater Fasteners Inc,Ullswater Fasteners,Inactive,Partnership,76-9298263,746617721,,,Net 45,2-way,T,SDVOSB,ullswater.fasteners@ullswaterfas.com,,1,,PLT-01
V-102825,Oakhurst Forgings LLC,Oakhurst Forgings,active,Sole Proprietor,73-5330754,230403441,United States,usd,Net 30,None,no,,oakhurst.forgings@oakhurstfor.com,CA-AP,3,2027-02-14,"PLT-09, PLT-12, PLT-06, PLT-08"
V-102826,Eastgate Castings LLC,Eastgate Castings,Pending,Partnership,819927983,659543749,Germany,USD,Net 60,3 Way Match,False,,eastgate.castings@eastgatecas.com,CA-AP,2,2026-07-21,
V-102827,Ashworth Coatings Inc,Ashworth Coatings,active,Corporation,27-1752751,886372575,CA,USD,Net 45,2-way,Y,VOSB,,EU-AP,Medium,11/10/2028,PLT-06
V-102828,Fairweather Logistics PLC,,active,LLC,169823927,237541688,Canada,Euro,Net 90,,true,WBE,fairweather.logistics@fairweatherlog.com,US-AP,1,2027-05-28,PLT-02;PLT-05
V-102829,Grimsby Pneumatics Ltd.,Grimsby Pneumatics,active,Non-Profit,613575018,785549510,MX,USD,2/10 Net 30,,N,,grimsby.pneumatics@grimsbypne.com,UK-AP,,,PLT-04 / PLT-10
V-102830,Verwood Pneumatics Ltd.,Verwood Pneumatics,draft,Corporation,,477679600,US,EUR,30 days,none,false,,ap@verwoodpne.com; verwood.pneumatics@verwoodpne.com,US-AP,2,2026-09-02,PLT-08;PLT-07
V-102831,Yarborough Seals Inc.,,active,LLC,65-7200477,25824255,US,CAD,Net 60,3-way-direct,no,,yarborough.seals.yarboroughsea.com,,Tier 1,01/26/2027,PLT-07;PLT-12;PLT-03;PLT-11
V-102832,Alderman Lubricants Inc,,Inactive,S-Corp,904673477,770458169,MX,EUR,Net 90,3-way,No,,alderman.lubricants@aldermanlub.com,,2,2028-04-11,PLT-05;PLT-10;PLT-04;PLT-11
V-102833,Fairweather Calibration S.A. de C.V.,,draft,S-Corp,105679566,527898722,US,USD,Net 45,2 way,YES,MBE,fairweather.calibration@fairweathercal.com,UK-AP,3,2028-08-03,PLT-04;PLT-06
V-102834,Jarrow Plating S.A. de C.V.,Jarrow Plating,Active,,76-8312314,96-262-3091,,,Due on receipt,2-way,False,,jarrow.plating.jarrowpla.com,US-AP,2,2028-01-23,PLT-06 / PLT-07
V-102835,Ullswater Hydraulics PLC,,active,S-Corp,23-8939636,531104069,USA,EUR,2/10 Net 30,3-way,false,,ullswater.hydraulics@ullswaterhyd.com,US-AP,1,2028-07-18,PLT-06;PLT-12;PLT-02
V-102836,Lansdowne Gasket PLC,Lansdowne Gasket,active,S-Corp,59-6264162,945267688,United States,USD,N30,Two-way,false,,lansdowne.gasket@lansdownegas.com,,Tier 3,2028-07-05,PLT-12;PLT-08;PLT-02;PLT-04
V-102837,Grimsby Electrical Ltd,Grimsby Electrical,Pending,Sole Proprietor,,593987729,Germany,US Dollar,30 days,,FALSE,,ap@grimsbyele.com; grimsby.electrical@grimsbyele.com,CA-AP,1,2027-05-24,PLT-01;PLT-06
V-102838,Kettleby Fasteners LLC,Kettleby Fasteners,active,,607848945,982245327,US,USD,Net 30,3-way-direct,FALSE,,kettleby.fasteners@kettlebyfas.com,,Tier 3,04/14/2026,PLT-08
V-102839,Kettleby Extrusions Inc.,,active,,,581578652,United States,USD,Net 30,none,No,,kettleby.extrusions@kettlebyext.com,,,11/11/2028,PLT-07
V-102840,Jarrow Logistics Ltd.,Jarrow Logistics,active,Partnership,29-6424169,934249246,US,CAD,Net 45,3-way,No,,jarrow.logistics@jarrowlog.com,US-AP,1,08/02/2028,PLT-09;PLT-02
V-102841,Ballantyne Foundry Ltd,Ballantyne Foundry,active,S-Corp,662212287,993817599,GB,CAD,Net 45,3 Way Match,false,,ballantyne.foundry@ballantynefou.com,EU-AP,,05/22/2026,PLT-12 / PLT-06
V-102842,Ashworth Calibration Inc,,draft,,08-5930926,212677477,US,EUR,,2 way,no,,ashworth.calibration@ashworthcal.com,US-AP,Tier 3,06/14/2026,PLT-04;PLT-02
V-102843,Castleford Springs Inc,Castleford Springs,Inactive,Corporation,606615281,245057570,United States,Euro,Net 15,3-way,0,,castleford.springs@castlefordspr.com,US-AP,Tier 1,2027-01-23,PLT-02;PLT-09;PLT-12;PLT-04
V-102844,Quarrington Tooling Inc,Quarrington Tooling,inactive,Corporation,672115142,21509881,MX,usd,Immediate,3-way-direct,N,,ap@quarringtontoo.com; quarrington.tooling@quarringtontoo.com,US-AP,Tier 3,2027-02-23,
V-102845,Brackenridge Valves Ltd,Brackenridge Valves,,Corporation,77-5361352,207805414,US,,Net 60,Two-way,F,,brackenridge.valves@brackenridgeval.com,US-AP,Tier 3,2027-04-10,PLT-05;PLT-01;PLT-07;PLT-04
V-102846,Grimsby Fasteners Ltd.,Grimsby Fasteners,draft,S-Corp,24-3465860,214257076,US,MXN,Net 45,None,no,,grimsby.fasteners@grimsbyfas.com,US-AP,1,2027-04-20,"PLT-09, PLT-01, PLT-05"
V-102847,Yarborough Fabrication Co,Yarborough Fabrication,active,Partnership,73-3826913,,CA,USD,Net30,3 way,,,yarborough.fabrication@yarboroughfab.com,US-AP,1,06/14/2028,"PLT-01, PLT-07, PLT-06, PLT-02"
V-102848,Castleford Seals PLC,,Active,Limited Liability Company,19-7153070,974322268,US,USD,30 days,3-way,FALSE,,castleford.seals@castlefordsea.com,CA-AP,3,2027-05-10,PLT-01 / PLT-05
V-102849,Eastgate Lubricants GmbH,,Active,Corporation,37-3960745,358066347,U.S.,USD,,3-way,False,,eastgate.lubricants@eastgatelub.com,,Tier 3,12/10/2028,"PLT-02, PLT-01"
V-102850,Saltburn Forgings Ltd.,Saltburn Forgings,Pending,Sole Proprietor,502853505,,MX,USD,Net 90,3-way,no,,saltburn.forgings@saltburnfor.com,UK-AP,,2026-11-19,PLT-09;PLT-11
V-102851,Wolverton Abrasives LLC,,active,Corporation,28-2139252,120724069,MX,USD,Due on receipt,2 Way Match,1,Minority Business Enterprise,wolverton.abrasives@wolvertonabr.com,US-AP,3,2028-05-25,PLT-01;PLT-09;PLT-12
V-102852,Pemberton Extrusions Inc,Pemberton Extrusions,Active,,21-6751442,976512188,MX,usd,Net 45,,TRUE,Minority Business Enterprise,pemberton.extrusions@pembertonext.com,US-AP,1,12/18/2027,PLT-12
V-102853,Denholm Fasteners Ltd.,Denholm Fasteners,Pending,LLC,661350764,247339968,US,USD,Net 60,3 way,,,denholm.fasteners@denholmfas.com,,Tier 3,10/16/2028,"PLT-09, PLT-03, PLT-02"
V-102854,Alderman Forgings Inc.,Alderman Forgings,Active,S-Corp,177603945,549718984,,MXN,Net 15,Two-way,No,,alderman.forgings@aldermanfor.com,EU-AP,,05/10/2026,"PLT-09, PLT-04, PLT-03"
V-102855,Culverton Seals Ltd,,Active,Partnership,285052939,,DE,Euro,30 days,3-way-direct,No,,culverton.seals@culvertonsea.com,EU-AP,3,2026-08-11,"PLT-12, PLT-05, PLT-03"
V-102856,Alderman Fasteners PLC,Alderman Fasteners,A,LLC,53-9794158,61-939-2338,Canada,USD,30 days,none,no,,alderman.fasteners@aldermanfas.com,US-AP,Tier 1,2027-07-18,"PLT-03, PLT-05"
V-102857,Saltburn Springs Inc,Saltburn Springs,Active,LLC,20-1400193,602318988,MX,EUR,Net 30,Three way direct,N,,saltburn.springs@saltburnspr.com,UK-AP,High,2027-03-18,PLT-12;PLT-01;PLT-11
V-102858,Brackenridge Tooling GmbH,Brackenridge Tooling,Pending,Corporation,,260358317,US,CAD,Net 45,3-way,No,,,MX-AP,Medium,01/26/2026,"PLT-01, PLT-02, PLT-07"
V-102859,Ingleby Packaging PLC,Ingleby Packaging,active,Non-Profit,,000449752,GB,GBP,Net 45,none,YES,VOSB,ingleby.packaging.inglebypac.com,EU-AP,3,2027-11-05,PLT-04
V-102860,Oakhurst Tooling Inc.,Oakhurst Tooling,active,LLC,53-3348162,655796640,MX,,Net 60,,F,,oakhurst.tooling@oakhursttoo.com,US-AP,Tier 1,2026-05-22,PLT-09;PLT-11
V-102861,Verwood Springs Ltd,Verwood Springs,active,LLC,12-4372940,51-566-6012,U.S.,EUR,2/10 Net 30,3-way-direct,false,,verwood.springs@verwoodspr.com,CA-AP,Medium,2026-02-08,"PLT-10, PLT-07, PLT-06, PLT-03"
V-102862,Wolverton Abrasives Inc.,Wolverton Abrasives,Active,,033379277,575076058,Germany,GBP,Due on receipt,,,,wolverton.abrasives@wolvertonabr.com,MX-AP,,,PLT-07
V-102863,Yarborough Fabrication Corp,,Inactive,S-Corp,989575443,374164202,United States,Euro,Net 15,2-way,FALSE,,ap@yarboroughfab.com; yarborough.fabrication@yarboroughfab.com,US-AP,Medium,,PLT-12
V-102864,Hollingworth Plating Inc.,Hollingworth Plating,Pending,Corporation,,23108611,USA,CAD,Net 45,none,F,,hollingworth.plating@hollingworthpla.com,US-AP,3,2026-09-22,PLT-05
V-102865,Jarrow Foundry Ltd,Jarrow Foundry,active,Corporation,49-9245600,701744621,US,USD,Net 45,3-way,0,,jarrow.foundry@jarrowfou.com,US-AP,3,2027-06-05,PLT-05;PLT-07;PLT-10
V-102866,Grimsby Electrical Ltd,,Pending,Corporation,425350698,259740949,US,CAD,NET30,none,N,,grimsby.electrical@grimsbyele.com,CA-AP,Medium,06/08/2027,PLT-10
V-102867,Castleford Fabrication Ltd.,Castleford Fabrication,draft,Non-Profit,06-4927534,214386483,GB,MXN,Net 90,3 way,TRUE,WOSB,castleford.fabrication.castlefordfab.com,US-AP,1,,"PLT-02, PLT-10, PLT-11"
V-102868,Quarrington Foundry Inc.,Quarrington Foundry,active,Partnership,43-5879783,843478820,United States,MXN,Immediate,2 way,false,,ap@quarringtonfou.com; quarrington.foundry@quarringtonfou.com,US-AP,1,09/08/2026,PLT-10
V-102869,Lansdowne Fabrication Corp,,Pending,Sole Proprietor,287825500,294684610,United States,CAD,Net 45,3-way-direct,No,,ap@lansdownefab.com; lansdowne.fabrication@lansdownefab.com,EU-AP,Low,01/08/2028,PLT-07
V-102870,Netherfield Gasket Inc,Netherfield Gasket,active,Corporation,592558974,17-573-2717,USA,USD,NET30,2-way,T,SDVOSB,netherfield.gasket@netherfieldgas.com,MX-AP,3,2026-06-11,PLT-09;PLT-02;PLT-12
V-102871,Oakhurst Bearings Co,,,Corporation,496072224,439427770,CA,USD,Net 30,,F,,oakhurst.bearings@oakhurstbea.com,MX-AP,Medium,2028-05-05,PLT-08
V-102872,Draycott Castings Corp,Draycott Castings,Pending,LLC,08-9198279,74-733-8194,Mexico,,Immediate,2-way,false,,draycott.castings@draycottcas.com,US-AP,3,2027-11-23,PLT-05;PLT-06
V-102873,Pemberton Packaging PLC,Pemberton Packaging,On Hold,LLC,46-8449390,469857283,United States,CAD,Net 90,2 way,1,WOSB,pemberton.packaging@pembertonpac.com,US-AP,Tier 1,2027-07-09,PLT-08;PLT-04;PLT-05
V-102874,Ashworth Pneumatics Ltd,Ashworth Pneumatics,active,LLC,88-9953662,625257556,USA,USD,Net 30,,FALSE,,ashworth.pneumatics@ashworthpne.com,MX-AP,1,2026-01-04,PLT-01;PLT-08
V-102875,Rushcliffe Electrical Co,,inactive,Corporation,02-5434592,548699877,Canada,,Net30,2-way,no,,rushcliffe.electrical.rushcliffeele.com,MX-AP,Tier 3,01/16/2028,"PLT-02, PLT-05"
V-102876,Denholm Weldments S.A. de C.V.,Denholm Weldments,active,Corporation,00-5804985,615748198,Canada,US Dollar,Net 60,2-way,0,,ap@denholmwel.com; denholm.weldments@denholmwel.com,US-AP,,06/06/2026,PLT-09
V-102877,Rushcliffe Plating Inc,Rushcliffe Plating,Active,Corporation,61-5992291,,USA,EUR,Immediate,3-way-direct,YES,WOSB,,CA-AP,Medium,2028-07-16,PLT-09;PLT-04
V-102878,Jarrow Fasteners Ltd.,,active,Limited Liability Company,88-2840614,304376066,CA,EUR,Due on receipt,3 Way Match,true,Woman-Owned Small Business,jarrow.fasteners@jarrowfas.com,US-AP,1,2028-05-16,
V-102879,Grimsby Forgings PLC,Grimsby Forgings,Active,Corporation,817589145,171741456,US,USD,Net 60,None,FALSE,,grimsby.forgings@grimsbyfor.com,UK-AP,Low,,PLT-01;PLT-10
V-102880,Netherfield Fasteners Corp,,Active,Corporation,77-0615768,29-548-7425,GB,EUR,Net 15,3-way,TRUE,WOSB,netherfield.fasteners@netherfieldfas.com,US-AP,2,02/25/2028,PLT-05
V-102881,Verwood Abrasives PLC,Verwood Abrasives,active,,57-7226924,171505005,United Kingdom,EUR,,3-way,No,,verwood.abrasives@verwoodabr.com,UK-AP,Tier 1,09/26/2026,PLT-12;PLT-01;PLT-06
V-102882,Wolverton Valves Ltd.,,draft,Partnership,18-5653366,818180105,United States,CAD,2/10 Net 30,None,N,,wolverton.valves@wolvertonval.com,US-AP,Tier 1,01/23/2028,PLT-06;PLT-08;PLT-07;PLT-09
V-102883,Hollingworth Forgings PLC,Hollingworth Forgings,Active,LLC,21-0498438,597026804,DE,GBP,,,,WBE,hollingworth.forgings@hollingworthfor.com,MX-AP,3,2027-01-11,PLT-08
V-102884,Yarborough Tooling Ltd,,Active,Corporation,572696612,81690359,United States,USD,Net 30,2-way,false,,ap@yarboroughtoo.com; yarborough.tooling@yarboroughtoo.com,EU-AP,Tier 1,,"PLT-07, PLT-01, PLT-05"
V-102885,Ullswater Foundry Corp,Ullswater Foundry,Active,Sole Proprietor,49-0481925,194419475,US,USD,Net 30,3-way-direct,yes,Woman-Owned Small Business,ullswater.foundry@ullswaterfou.com,US-AP,Tier 1,2027-12-18,PLT-08
V-102886,Elmswell Springs Inc.,Elmswell Springs,active,,95-0506166,505616825,CA,EUR,NET30,,Y,MBE,,US-AP,1,2027-04-28,PLT-10;PLT-06;PLT-08
V-102887,Quarrington Lubricants Corp,,ACTIVE,Sole Proprietor,083204111,177771113,MX,USD,Net30,3 Way Match,,,quarrington.lubricants.quarringtonlub.com,UK-AP,3,12/26/2027,PLT-07
V-102888,Kettleby Electrical GmbH,Kettleby Electrical,Active,Corporation,54-5198150,,US,GBP,Net 45,3-way-direct,true,Minority Business Enterprise,kettleby.electrical@kettlebyele.com,,2,2028-06-24,PLT-06;PLT-07
V-102889,Yarborough Gasket Inc.,Yarborough Gasket,active,Non-Profit,14-5850584,391264427,Deutschland,USD,2/10 Net 30,3 way,0,,yarborough.gasket@yarboroughgas.com,EU-AP,3,2026-07-06,"PLT-11, PLT-08, PLT-09, PLT-05"
V-102890,Wolverton Lubricants Ltd.,Wolverton Lubricants,active,LLC,32-2903962,,Deutschland,GBP,Net 90,3-way,No,,wolverton.lubricants@wolvertonlub.com,UK-AP,2,2026-06-10,PLT-06
V-102891,Elmswell Valves PLC,Elmswell Valves,active,,46-4472190,164002278,DE,GBP,30 days,2-way,N,,elmswell.valves@elmswellval.com,EU-AP,1,2026-03-13,
V-102892,Saltburn Coatings Inc,Saltburn Coatings,inactive,Partnership,,572186060,,USD,Net 30,3 way,Yes,DBE,saltburn.coatings@saltburncoa.com,US-AP,2,2027-05-19,PLT-03
V-102893,Draycott Foundry S.A. de C.V.,,active,Corporation,47-7283261,312554947,Canada,usd,N30,3-way,No,,draycott.foundry@draycottfou.com,,Low,11/21/2027,PLT-03
V-102894,Grimsby Extrusions LLC,,Active,Partnership,11-2521743,813833083,US,USD,Net 15,3-way,0,,grimsby.extrusions@grimsbyext.com,EU-AP,1,2027-01-26,"PLT-04, PLT-05, PLT-10, PLT-07"
V-102895,Ullswater Fabrication LLC,,Draft,Corporation,65-2744838,141748438,Germany,USD,Due on receipt,2 way,FALSE,,ullswater.fabrication.ullswaterfab.com,CA-AP,3,2027-01-25,PLT-10;PLT-09
V-102896,Brackenridge Pneumatics PLC,,inactive,,91-9486471,389635585,United States,USD,Net 60,Two-way,FALSE,,brackenridge.pneumatics@brackenridgepne.com,US-AP,3,2028-03-17,PLT-02;PLT-07;PLT-06
V-102897,Ingleby Bearings LLC,,active,LLC,74-6588806,060196840,US,EUR,Net 30,3-way-direct,YES,MBE,ingleby.bearings@inglebybea.com,EU-AP,Medium,09/04/2026,
V-102898,Lansdowne Forgings S.A. de C.V.,,active,S-Corp,69-7800611,164146811,United States,MXN,Net 60,3 way,FALSE,,lansdowne.forgings@lansdownefor.com,EU-AP,2,,"PLT-05, PLT-12"
V-102899,Fairweather Machining Corp,,draft,,006855004,771920189,US,USD,Net 30,2 way,N,,fairweather.machining@fairweathermac.com,EU-AP,Tier 3,01/26/2027,PLT-03;PLT-02
V-102900,Denholm Electrical Ltd,Denholm Electrical,On Hold,Non-Profit,342891848,959829029,US,USD,Net 30,3 Way Match,TRUE,MBE,ap@denholmele.com; denholm.electrical@denholmele.com,US-AP,1,2027-09-14,PLT-06 / PLT-11 / PLT-08 / PLT-05
V-102901,Netherfield Hydraulics GmbH,Netherfield Hydraulics,draft,,,960310732,GB,Euro,N30,none,no,,netherfield.hydraulics@netherfieldhyd.com,,Low,2028-01-28,PLT-08
V-102902,Eastgate Gasket S.A. de C.V.,Eastgate Gasket,Active,Sole Prop,429412473,461426323,US,,Net 30,3-way-direct,TRUE,MBE,eastgate.gasket@eastgategas.com,US-AP,3,2026-12-24,PLT-10
V-102903,Ballantyne Plating PLC,Ballantyne Plating,Active,Sole Proprietor,70-7791214,892372327,GB,EUR,Net 15,Two-way,YES,MBE,ballantyne.plating@ballantynepla.com,US-AP,2,2028-03-16,"PLT-01, PLT-11"
V-102904,Castleford Extrusions Inc.,,Active,Corporation,035250482,867831330,GB,GBP,Net 30,none,Yes,HUBZone,,CA-AP,Tier 2,08/16/2026,"PLT-03, PLT-01, PLT-08"
V-102905,Lansdowne Fasteners LLC,Lansdowne Fasteners,Active,LLC,654354498,775589382,US,EUR,,3-way-direct,FALSE,,lansdowne.fasteners@lansdownefas.com,US-AP,2,,PLT-03;PLT-11
V-102906,Hollingworth Logistics GmbH,Hollingworth Logistics,Active,Partnership,08-2937178,476110785,USA,USD,Net 30,3-way,F,,hollingworth.logistics@hollingworthlog.com,US-AP,2,,
V-102907,Verwood Weldments S.A. de C.V.,Verwood Weldments,active,LLC,270391423,912229531,US,MXN,,2 way,false,,verwood.weldments@verwoodwel.com,US-AP,High,11/15/2027,PLT-03
V-102908,Yarborough Machining Inc,,active,,55-4901413,526487726,MX,US Dollar,N30,2-way,0,,yarborough.machining@yarboroughmac.com,US-AP,Tier 3,,PLT-03
V-102909,Saltburn Tooling Inc,Saltburn Tooling,active,S-Corp,275638369,564483621,USA,usd,Net 30,3-way,false,,saltburn.tooling@saltburntoo.com,US-AP,,2026-12-24,PLT-08;PLT-02;PLT-07
V-102910,Netherfield Extrusions Ltd,,On Hold,Sole Proprietor,30-1858280,816511256,USA,EUR,Net 30,3 way,F,,netherfield.extrusions@netherfieldext.com,US-AP,1,,"PLT-03, PLT-11"
V-102911,Rushcliffe Springs Inc.,Rushcliffe Springs,inactive,Limited Liability Company,399990282,611034072,US,USD,NET30,3 way,T,WOSB,rushcliffe.springs@rushcliffespr.com,,,2028-12-27,PLT-04;PLT-02
V-102912,Denholm Plating S.A. de C.V.,Denholm Plating,active,Limited Liability Company,22-2337429,176138149,US,,,3 Way Match,no,,denholm.plating@denholmpla.com,US-AP,2,2028-03-04,PLT-05
V-102913,Saltburn Fabrication PLC,Saltburn Fabrication,,LLC,,307013527,US,USD,Net 30,3-way-direct,FALSE,,saltburn.fabrication@saltburnfab.com,US-AP,Tier 3,2028-05-10,PLT-06;PLT-02;PLT-01;PLT-08
V-102914,Saltburn Seals Inc,Saltburn Seals,active,LLC,956668530,976008728,GB,CAD,Net 30,2-way,0,,ap@saltburnsea.com; saltburn.seals@saltburnsea.com,,Tier 3,2026-08-14,PLT-03
V-102915,Ballantyne Lubricants Inc.,,Pending,Corporation,50-4798426,582452297,DE,GBP,Net 30,3-way,False,,ballantyne.lubricants@ballantynelub.com,EU-AP,3,12/10/2027,"PLT-01, PLT-07"
V-102916,Castleford Calibration Ltd,Castleford Calibration,Inactive,Corporation,88-1664723,566102081,DE,MXN,Net 90,,FALSE,,castleford.calibration@castlefordcal.com,US-AP,Low,04/12/2028,PLT-12
V-102917,Thirlmere Fasteners Inc.,Thirlmere Fasteners,draft,Sole Proprietor,742733365,947232275,US,USD,Immediate,None,True,DBE,thirlmere.fasteners@thirlmerefas.com,CA-AP,Tier 1,2026-12-13,PLT-09
V-102918,Pemberton Coatings GmbH,Pemberton Coatings,active,LLC,32-5911281,563049192,CA,GBP,Net 90,3-way-direct,Y,HUBZone,pemberton.coatings@pembertoncoa.com,MX-AP,Medium,06/28/2026,PLT-03;PLT-09
V-102919,Alderman Machining Inc,Alderman Machining,inactive,Sole Prop,901615241,,US,,Net 30,none,,DBE,alderman.machining@aldermanmac.com,US-AP,2,,PLT-12
V-102920,Netherfield Pneumatics Ltd.,Netherfield Pneumatics,active,S-Corp,722648290,447270822,Canada,Euro,Net 30,3-way,0,,netherfield.pneumatics@netherfieldpne.com,CA-AP,1,2026-05-11,PLT-07;PLT-01;PLT-06
V-102921,Kettleby Coatings S.A. de C.V.,,draft,Sole Proprietor,42-6209076,643323339,GB,MXN,NET30,2-way,,Woman-Owned Small Business,kettleby.coatings@kettlebycoa.com,EU-AP,1,2028-03-06,PLT-10
V-102922,Verwood Hydraulics Ltd.,Verwood Hydraulics,active,Non-Profit,600063255,965212320,US,USD,Net 30,2 way,false,,verwood.hydraulics@verwoodhyd.com,MX-AP,Medium,2028-08-28,PLT-05
V-102923,Verwood Electrical Ltd.,Verwood Electrical,inactive,Corporation,672963442,617184519,US,USD,Net 90,2 way,F,,verwood.electrical.verwoodele.com,MX-AP,1,2027-11-14,PLT-03
V-102924,Jarrow Foundry LLC,,Draft,,19-0145652,,Canada,GBP,Net 30,2-way,no,,jarrow.foundry@jarrowfou.com,US-AP,2,12/17/2027,PLT-06
V-102925,Brackenridge Machining PLC,,active,Partnership,55-1200057,869129534,US,USD,Due on receipt,3 way,No,,brackenridge.machining@brackenridgemac.com,US-AP,2,2027-11-01,
V-102926,Ballantyne Packaging Co,,active,Sole Prop,89-4214578,957335040,CA,EUR,Net 60,Two-way,No,,ballantyne.packaging@ballantynepac.com,US-AP,2,2027-07-10,PLT-08;PLT-03;PLT-12
V-101794,Thirlmere Bearings LLC,Thirlmere Bearings,Pending,LLC,88-1566005,,United States,EUR,30 days,3-way,no,,thirlmere.bearings@thirlmerebea.com,CA-AP,High,,PLT-08 / PLT-09
V-102928,Kettleby Castings Ltd,Kettleby Castings,Pending,Corporation,20-8372735,450113879,CA,USD,N30,3-way,,,kettleby.castings@kettlebycas.com,US-AP,Tier 1,2028-09-23,PLT-04;PLT-05
V-102929,Ashworth Seals Inc,Ashworth Seals,active,,107102735,260871436,US,MXN,Net 30,2-way,T,DBE,ashworth.seals@ashworthsea.com,US-AP,2,,PLT-05
V-102930,Castleford Foundry S.A. de C.V.,Castleford Foundry,Active,,87-0461705,442706526,US,,,2-way,0,,castleford.foundry@castlefordfou.com,CA-AP,1,2028-09-14,PLT-08
V-102931,Brackenridge Lubricants Co,Brackenridge Lubricants,Active,Sole Proprietor,218556647,709361914,US,USD,2/10 Net 30,3-way,N,,brackenridge.lubricants@brackenridgelub.com,,3,2026-05-05,PLT-05
V-102932,Eastgate Bearings Corp,Eastgate Bearings,Active,Partnership,35-7235717,255890430,United States,USD,Net 45,3 way,F,HUBZone,eastgate.bearings@eastgatebea.com,US-AP,Low,2027-08-20,PLT-05
V-102933,Quarrington Foundry Inc,Quarrington Foundry,inactive,Corporation,778103889,399763762,GB,US Dollar,Due on receipt,2 way,0,,quarrington.foundry@quarringtonfou.com,,2,2027-05-01,PLT-04
V-102934,Ashworth Plating PLC,,draft,Sole Proprietor,22-7575574,10782117,CA,USD,Net 45,3-way-direct,false,,ashworth.plating@ashworthpla.com,US-AP,High,08/21/2026,PLT-09
V-102935,Lansdowne Coatings Ltd.,,active,,66-4618623,055986025,Mexico,USD,2/10 Net 30,2-way,1,Minority Business Enterprise,lansdowne.coatings@lansdownecoa.com,UK-AP,High,,
V-102936,Castleford Calibration GmbH,,active,LLC,54-0584189,80-673-6423,United States,EUR,Net 45,2-way,No,,castleford.calibration@castlefordcal.com,US-AP,2,01/04/2026,PLT-09;PLT-11;PLT-10
V-102937,Lansdowne Bearings Corp,Lansdowne Bearings,A,Sole Prop,030900416,49487231,U.S.,USD,,2-way,0,,,US-AP,3,11/10/2028,
V-102938,Fairweather Weldments Inc.,Fairweather Weldments,active,Partnership,58-5418808,766458596,Mexico,EUR,Net 30,2-way,False,,fairweather.weldments@fairweatherwel.com,US-AP,1,,PLT-04
V-102939,Brackenridge Weldments PLC,Brackenridge Weldments,inactive,S-Corp,68-9096937,708439608,US,USD,Net 30,none,yes,WBE,brackenridge.weldments@brackenridgewel.com,US-AP,Tier 1,2028-04-21,PLT-10;PLT-08
V-102940,Verwood Extrusions Ltd,Verwood Extrusions,Active,Sole Prop,75-9522972,914818485,U.S.,EUR,Net 30,3-way,true,Minority Business Enterprise,ap@verwoodext.com; verwood.extrusions@verwoodext.com,,Tier 2,2028-05-10,PLT-09
V-102941,Wolverton Weldments PLC,,active,S-Corp,49-2942398,660191126,United States,,2/10 Net 30,2 Way Match,0,,wolverton.weldments@wolvertonwel.com,CA-AP,1,2027-08-24,PLT-03
V-102942,Rushcliffe Fasteners GmbH,Rushcliffe Fasteners,Inactive,S-Corp,067843734,628697828,MX,EUR,Net 15,none,0,,rushcliffe.fasteners@rushcliffefas.com,MX-AP,,2028-01-09,PLT-04;PLT-01;PLT-02;PLT-10
V-102943,Verwood Valves S.A. de C.V.,Verwood Valves,active,Non-Profit,432741907,523163416,CA,EUR,Net 30,none,no,,ap@verwoodval.com; verwood.valves@verwoodval.com,UK-AP,2,11/21/2026,"PLT-01, PLT-03, PLT-07"
V-102944,Ballantyne Coatings Ltd,Ballantyne Coatings,Active,S-Corp,890196422,192319775,USA,USD,30 days,2-way,FALSE,,ballantyne.coatings@ballantynecoa.com,US-AP,Medium,2028-06-24,PLT-06
V-102945,Ballantyne Lubricants S.A. de C.V.,,active,LLC,005072327,541056296,Deutschland,USD,Immediate,Two-way,YES,HUBZone,ballantyne.lubricants@ballantynelub.com,CA-AP,2,2026-03-12,"PLT-09, PLT-02"
V-102946,Oakhurst Extrusions LLC,,Inactive,Partnership,50-9111037,790208365,Germany,USD,Net 30,none,no,,,US-AP,,08/09/2028,"PLT-06, PLT-05, PLT-07, PLT-04"
V-102947,Ashworth Lubricants GmbH,Ashworth Lubricants,I,S-Corp,739045025,44123015,US,USD,Net 60,none,1,MBE,ashworth.lubricants.ashworthlub.com,,High,2028-01-24,PLT-07;PLT-09;PLT-03;PLT-05
V-102948,Grimsby Hydraulics Ltd,,A,LLC,,714197491,US,USD,Net 30,,true,WBE,grimsby.hydraulics@grimsbyhyd.com,UK-AP,1,06/03/2026,PLT-01;PLT-08
V-102949,Lansdowne Seals GmbH,Lansdowne Seals,A,Corporation,,234506870,US,USD,Due on receipt,3-way-direct,False,,lansdowne.seals@lansdownesea.com,US-AP,2,,PLT-11 / PLT-12 / PLT-07
V-102950,Kettleby Fasteners Corp,Kettleby Fasteners,Active,LLC,453402050,470387627,US,MXN,,none,No,,kettleby.fasteners@kettlebyfas.com,EU-AP,Medium,2028-02-27,"PLT-04, PLT-12, PLT-11"
V-102951,Eastgate Foundry PLC,Eastgate Foundry,A,S-Corp,76-8532221,185640229,United Kingdom,USD,Net 15,2-way,N,,eastgate.foundry@eastgatefou.com,MX-AP,1,2026-07-14,PLT-01 / PLT-09
V-102952,Elmswell Packaging Ltd,Elmswell Packaging,A,Corporation,18-4645687,597041688,US,GBP,30 days,2-way,False,,elmswell.packaging@elmswellpac.com,UK-AP,2,2028-06-07,PLT-12;PLT-03;PLT-05
V-102953,Verwood Machining GmbH,,active,Corporation,709149314,634602828,CA,MXN,Net 60,Two-way,false,,verwood.machining@verwoodmac.com,CA-AP,2,2028-01-21,PLT-02;PLT-09;PLT-01
V-102954,Rushcliffe Forgings Inc.,Rushcliffe Forgings,Active,Sole Proprietor,86-5947307,927897160,US,MXN,Net 30,2 way,false,,rushcliffe.forgings@rushcliffefor.com,US-AP,High,2028-05-09,"PLT-09, PLT-07"
V-102955,Denholm Weldments Co,Denholm Weldments,Pending,Sole Proprietor,513984227,166243833,USA,,Net 15,2 Way Match,True,MBE,denholm.weldments@denholmwel.com,CA-AP,1,04/16/2027,PLT-08
V-102956,Eastgate Fasteners GmbH,Eastgate Fasteners,inactive,,640535555,980584099,DE,US Dollar,Net 90,3 Way Match,1,WBE,eastgate.fasteners@eastgatefas.com,US-AP,Tier 3,2028-02-16,PLT-06;PLT-10
,Thirlmere Gasket GmbH,Thirlmere Gasket,Active,Limited Liability Company,57-5489889,95-740-7962,USA,USD,COD,None,No,,ap@thirlmeregas.com; thirlmere.gasket@thirlmeregas.com,EU-AP,Tier 1,2028-11-17,PLT-06;PLT-02;PLT-09
V-102958,Ingleby Tooling Ltd,Ingleby Tooling,active,Limited Liability Company,77-7104635,427307884,Deutschland,USD,Net 15,2-way,no,,ingleby.tooling@inglebytoo.com,US-AP,,2028-07-01,PLT-08
V-102959,Netherfield Forgings LLC,Netherfield Forgings,active,Corporation,43-8852623,903650381,Mexico,US Dollar,NET30,2-way,no,,netherfield.forgings@netherfieldfor.com,US-AP,,07/21/2028,PLT-05;PLT-11
V-102960,Yarborough Logistics GmbH,Yarborough Logistics,Pending,Corporation,04-5896008,,GB,EUR,Net 30,3 Way Match,,HUBZone,yarborough.logistics@yarboroughlog.com,US-AP,Low,01/15/2027,PLT-04;PLT-07;PLT-06;PLT-11
V-102961,Fairweather Coatings Corp,Fairweather Coatings,inactive,,,960295158,US,usd,Net 60,2-way,False,,fairweather.coatings@fairweathercoa.com,CA-AP,,2027-12-17,PLT-05;PLT-06
V-102962,Ullswater Machining S.A. de C.V.,,Active,Corporation,28-5739658,,United States,MXN,30 days,2 Way Match,FALSE,,ullswater.machining@ullswatermac.com,CA-AP,1,,PLT-01
V-102963,Hollingworth Lubricants GmbH,,active,,,,CA,USD,Immediate,2-way,F,,hollingworth.lubricants@hollingworthlub.com,US-AP,1,2027-03-07,PLT-12;PLT-04;PLT-07;PLT-10
V-102964,Brackenridge Calibration Ltd,Brackenridge Calibration,On Hold,,,894995869,US,GBP,Net 30,3-way-direct,No,,brackenridge.calibration@brackenridgecal.com,,,03/16/2028,PLT-01
V-102965,Rushcliffe Foundry Inc,,A,Limited Liability Company,30-7053980,750173014,U.S.,USD,,3 way,no,,ap@rushcliffefou.com; rushcliffe.foundry@rushcliffefou.com,US-AP,Low,,PLT-12;PLT-10
V-102966,Pemberton Springs Corp,Pemberton Springs,Inactive,Partnership,805303583,,CA,,,,0,,,US-AP,Medium,2027-11-08,
V-102967,Kettleby Pneumatics Ltd,Kettleby Pneumatics,active,LLC,87-8637811,128038896,USA,USD,Net 60,3-way,False,,ap@kettlebypne.com; kettleby.pneumatics@kettlebypne.com,US-AP,Tier 1,2027-09-18,"PLT-12, PLT-08, PLT-04"
V-102968,Marchmont Foundry PLC,Marchmont Foundry,Active,Corporation,73-1767548,332581122,United States,US Dollar,Net 60,3-way,F,,ap@marchmontfou.com; marchmont.foundry@marchmontfou.com,EU-AP,3,2028-05-19,PLT-04
V-102969,Jarrow Gasket Inc,Jarrow Gasket,I,LLC,418640314,86243169,DE,,Net 45,3 way,yes,MBE,,US-AP,3,2026-04-21,
V-102970,Fairweather Machining Co,Fairweather Machining,active,Sole Proprietor,91-9105481,,US,GBP,Net 15,,1,Woman-Owned Small Business,fairweather.machining@fairweathermac.com,MX-AP,3,2027-11-27,
V-102971,Ashworth Gasket LLC,Ashworth Gasket,active,LLC,16-6894418,52899283,US,MXN,Net 45,2-way,False,,,US-AP,,08/26/2026,
V-102972,Farndale Packaging S.A. de C.V.,Farndale Packaging,Draft,Corporation,45-5385584,588785349,United States,USD,Net 30,3 Way Match,0,,farndale.packaging@farndalepac.com,US-AP,3,2027-12-20,PLT-04 / PLT-03
V-102973,Culverton Plating Corp,Culverton Plating,On Hold,Partnership,82-9739989,959246818,USA,USD,NET30,3-way,false,,culverton.plating@culvertonpla.com,EU-AP,Medium,11/25/2027,PLT-12;PLT-06
V-102974,Ingleby Weldments Inc.,,,LLC,047645095,172867595,Deutschland,USD,Net 30,3-way-direct,,,ingleby.weldments@inglebywel.com,US-AP,,2026-04-06,PLT-07;PLT-02;PLT-10
V-102975,Hollingworth Fabrication Corp,Hollingworth Fabrication,Active,Sole Proprietor,28-1235971,159071359,,CAD,Net 15,3 way,no,,hollingworth.fabrication@hollingworthfab.com,,1,2026-02-13,"PLT-04, PLT-11, PLT-06"
V-102976,Hollingworth Pneumatics Inc.,Hollingworth Pneumatics,Active,Corporation,,56-834-1434,US,MXN,Net30,2-way,false,,hollingworth.pneumatics@hollingworthpne.com,,Low,,
V-102977,Ashworth Valves S.A. de C.V.,Ashworth Valves,I,Corporation,70-0620163,277243394,US,USD,Net 60,2-way,True,WOSB,ashworth.valves.ashworthval.com,CA-AP,Medium,06/17/2027,"PLT-12, PLT-10, PLT-03"
V-102978,Lansdowne Plating Ltd.,,Active,Non-Profit,252258701,424669973,MX,USD,Net 30,2-way,N,,lansdowne.plating@lansdownepla.com,US-AP,Tier 2,,PLT-10;PLT-07
V-102979,Thirlmere Calibration S.A. de C.V.,Thirlmere Calibration,Active,LLC,65-4108947,670308098,CA,US Dollar,Net 30,3-way,0,,,,1,06/15/2026,PLT-04
V-102980,Ullswater Gasket S.A. de C.V.,Ullswater Gasket,inactive,LLC,73-4007088,894444060,USA,USD,Net 30,Two-way,False,,ullswater.gasket@ullswatergas.com,,3,2026-02-01,PLT-06;PLT-08;PLT-12;PLT-09
V-102981,Culverton Fasteners Inc.,Culverton Fasteners,ACTIVE,Corporation,61-2815173,38-017-0526,US,USD,Net 60,,N,,culverton.fasteners@culvertonfas.com,CA-AP,Tier 1,2026-04-13,PLT-07;PLT-01
V-102982,Yarborough Packaging Inc.,Yarborough Packaging,active,,35-2597165,201563272,Canada,,Net 30,None,F,,yarborough.packaging@yarboroughpac.com,CA-AP,Tier 2,03/05/2026,PLT-08
V-102983,Farndale Castings Inc,,On Hold,Corporation,54-2958493,455429191,Deutschland,USD,NET30,none,No,,farndale.castings@farndalecas.com,EU-AP,3,2026-06-19,"PLT-11, PLT-03"
V-102984,Pemberton Calibration Co,Pemberton Calibration,active,Partnership,99-2575328,585447627,United States,USD,Net 60,2-way,False,,pemberton.calibration@pembertoncal.com,UK-AP,Tier 1,11/12/2028,
V-102985,Pemberton Gasket S.A. de C.V.,,inactive,LLC,24-3428790,968869356,DE,USD,30 days,2-way,No,,pemberton.gasket@pembertongas.com,US-AP,1,2027-11-07,PLT-05
V-102986,Verwood Plating Corp,,Pending,Partnership,24-9306559,197122822,Germany,USD,Net 30,3-way-direct,F,,verwood.plating@verwoodpla.com,MX-AP,2,2027-08-04,"PLT-09, PLT-03, PLT-11"
V-102987,Draycott Valves Corp,Draycott Valves,inactive,Sole Proprietor,78-4453255,935043643,US,USD,Net 30,,False,,draycott.valves@draycottval.com,US-AP,,2026-02-17,PLT-03;PLT-10
V-102988,Verwood Gasket PLC,Verwood Gasket,active,Corporation,75-4683084,03414203,CA,MXN,Net 30,3-way,FALSE,,verwood.gasket@verwoodgas.com,US-AP,2,04/14/2026,"PLT-12, PLT-02"
V-102989,Quarrington Extrusions S.A. de C.V.,Quarrington Extrusions,Pending,Corporation,13-7909695,647653674,Germany,EUR,Net 45,3-way,False,,quarrington.extrusions@quarringtonext.com,,3,2027-02-17,"PLT-10, PLT-09, PLT-08"
V-102990,Elmswell Seals GmbH,,Active,LLC,49-2815495,624698636,Canada,USD,30 days,3-way,,,,,3,10/22/2027,PLT-12;PLT-04
V-102991,Farndale Weldments Ltd.,,active,LLC,013720558,628526335,US,EUR,Net 30,3 Way Match,false,,farndale.weldments@farndalewel.com,US-AP,1,,PLT-09
V-102992,Elmswell Extrusions LLC,Elmswell Extrusions,active,Partnership,65-0748601,471616853,Mexico,USD,Net 45,2 way,true,VOSB,elmswell.extrusions@elmswellext.com,US-AP,1,2027-09-09,"PLT-02, PLT-05, PLT-07, PLT-12"
V-102993,Verwood Abrasives Corp,,active,LLC,919708695,364730342,Deutschland,MXN,COD,3-way,true,HUBZone,verwood.abrasives@verwoodabr.com,CA-AP,Medium,2026-02-28,"PLT-02, PLT-08, PLT-11"
V-102994,Fairweather Calibration Co,Fairweather Calibration,Active,Corporation,40-0647327,716893720,USA,CAD,,3-way-direct,false,,,US-AP,Low,2028-06-12,PLT-02
V-102995,Denholm Fasteners LLC,,On Hold,Sole Prop,38-2288639,950265126,GB,USD,2/10 Net 30,2 Way Match,False,,denholm.fasteners@denholmfas.com,US-AP,1,09/05/2026,PLT-10;PLT-03
V-102996,Kettleby Abrasives S.A. de C.V.,Kettleby Abrasives,Active,Corporation,682477637,631787250,DE,US Dollar,COD,2-way,False,,kettleby.abrasives@kettlebyabr.com,,Tier 1,2027-10-25,"PLT-01, PLT-10"
V-102997,Thirlmere Hydraulics Co,Thirlmere Hydraulics,active,Sole Prop,705936013,831268937,USA,usd,Net 45,3-way,false,,thirlmere.hydraulics@thirlmerehyd.com,,Tier 2,11/14/2026,
,Jarrow Electrical S.A. de C.V.,Jarrow Electrical,active,Sole Prop,808792396,323353778,Germany,USD,Net 30,2 way,false,,jarrow.electrical@jarrowele.com,US-AP,,2028-06-17,PLT-05;PLT-03
V-102999,Lansdowne Electrical Ltd.,Lansdowne Electrical,Active,Corporation,751811993,272614566,CA,US Dollar,Net 30,2 way,no,,lansdowne.electrical@lansdowneele.com,,,2027-02-19,PLT-07;PLT-10;PLT-06
V-103000,Saltburn Calibration Inc.,Saltburn Calibration,active,Partnership,69-1021062,746202594,US,USD,Net 60,None,FALSE,,saltburn.calibration@saltburncal.com,US-AP,,06/06/2027,"PLT-08, PLT-04, PLT-02, PLT-03"
V-103001,Rushcliffe Hydraulics PLC,,On Hold,Corporation,656412518,978015965,USA,EUR,Net 45,3-way-direct,0,,rushcliffe.hydraulics.rushcliffehyd.com,,,2027-05-23,PLT-04;PLT-10;PLT-03
V-103002,Lansdowne Fabrication PLC,,Active,S-Corp,13-6863573,316795150,United States,USD,NET30,2 Way Match,0,,ap@lansdownefab.com; lansdowne.fabrication@lansdownefab.com,US-AP,1,,PLT-12
V-103003,Quarrington Extrusions GmbH,Quarrington Extrusions,active,Sole Proprietor,73-2521423,33253326,United States,USD,Net 30,2 way,no,,quarrington.extrusions@quarringtonext.com,US-AP,Tier 1,,PLT-02
V-103004,Pemberton Gasket GmbH,,active,Corporation,61-6466130,54162030,USA,EUR,Due on receipt,none,F,,pemberton.gasket.pembertongas.com,MX-AP,3,2026-08-09,PLT-08;PLT-07
V-103005,Denholm Valves Co,Denholm Valves,Inactive,,,283100836,US,USD,,3-way-direct,YES,MBE,denholm.valves@denholmval.com,UK-AP,Tier 1,,PLT-08 / PLT-01
V-103006,Ashworth Plating Corp,,A,Corporation,19-5152406,,United Kingdom,USD,NET30,2-way,Yes,HUBZone,ashworth.plating@ashworthpla.com,EU-AP,,2026-07-05,PLT-02;PLT-08;PLT-03
V-103007,Eastgate Fabrication GmbH,,Active,Corporation,790045304,915244922,US,,Net 45,2-way,,,eastgate.fabrication.eastgatefab.com,US-AP,3,2026-01-02,PLT-11
V-103008,Elmswell Fabrication Co,,Active,LLC,91-6965355,725544506,CA,USD,Net 30,3-way,,SDVOSB,elmswell.fabrication@elmswellfab.com,US-AP,2,2026-12-27,PLT-12
V-103009,Netherfield Hydraulics GmbH,,active,Corporation,581065195,815155036,USA,USD,,2 way,false,,netherfield.hydraulics@netherfieldhyd.com,US-AP,Low,,PLT-08;PLT-03
V-103010,Pemberton Fabrication GmbH,Pemberton Fabrication,active,Corporation,111620286,739412413,US,USD,Due on receipt,3 way,YES,WBE,pemberton.fabrication@pembertonfab.com,US-AP,2,2028-05-19,"PLT-12, PLT-05, PLT-08"
V-103011,Wolverton Forgings S.A. de C.V.,Wolverton Forgings,Inactive,LLC,,90-368-9072,CA,Euro,NET30,3-way,0,,wolverton.forgings@wolvertonfor.com,CA-AP,2,2027-03-18,"PLT-03, PLT-06"
V-103012,Denholm Machining Co,,Active,Corporation,80-8117521,533277875,CA,EUR,Net 15,Two-way,N,,denholm.machining.denholmmac.com,CA-AP,3,2026-10-13,PLT-11
V-103013,Pemberton Fasteners Inc.,Pemberton Fasteners,active,Partnership,95-9399302,759027774,CA,usd,Net 15,3-way,N,Woman-Owned Small Business,pemberton.fasteners.pembertonfas.com,CA-AP,2,2027-03-26,PLT-09
V-103014,Grimsby Seals PLC,Grimsby Seals,Inactive,Corporation,47-1714906,76759614,Deutschland,CAD,Due on receipt,3-way-direct,No,,grimsby.seals@grimsbysea.com,US-AP,Low,06/08/2027,"PLT-03, PLT-10, PLT-08"
V-103015,Ballantyne Extrusions PLC,Ballantyne Extrusions,Inactive,LLC,05-8629091,,United States,CAD,Net 45,2 way,False,,,MX-AP,,2026-07-02,"PLT-01, PLT-06, PLT-12"
V-103016,Draycott Valves GmbH,,active,Sole Proprietor,65-7133858,302074221,USA,USD,Net 30,3-way,No,,draycott.valves@draycottval.com,US-AP,Medium,,PLT-04
V-103017,Marchmont Packaging Inc,,A,LLC,465900943,093161189,United States,USD,Net30,3-way,false,,marchmont.packaging@marchmontpac.com,MX-AP,1,2028-04-24,PLT-11
V-103018,Saltburn Valves Ltd,Saltburn Valves,I,LLC,21-7885360,958107186,US,CAD,Net30,,No,,saltburn.valves.saltburnval.com,US-AP,2,,PLT-10
V-103019,Yarborough Pneumatics Inc.,,Pending,,56-5766165,977494591,DE,US Dollar,Net 30,3-way,True,SDVOSB,yarborough.pneumatics@yarboroughpne.com,US-AP,Medium,2028-07-14,"PLT-12, PLT-02"
V-103020,Fairweather Packaging Inc,,active,Corporation,65-7118847,581365585,MX,USD,Due on receipt,2-way,no,,fairweather.packaging@fairweatherpac.com,EU-AP,1,,PLT-01
V-103021,Kettleby Bearings Co,Kettleby Bearings,Active,,240198373,578427748,US,USD,Net 30,3-way-direct,F,,kettleby.bearings@kettlebybea.com,US-AP,High,02/28/2028,PLT-03;PLT-02;PLT-09;PLT-06
V-103022,Farndale Fasteners Ltd.,Farndale Fasteners,Draft,Sole Proprietor,11-3752741,246039680,CA,GBP,COD,2-way,F,,ap@farndalefas.com; farndale.fasteners@farndalefas.com,,2,2028-11-12,PLT-04
V-103023,Pemberton Castings Inc,,Active,Non-Profit,287947811,511985727,Deutschland,US Dollar,Net 30,3-way,false,,pemberton.castings@pembertoncas.com,EU-AP,Tier 1,11/13/2026,PLT-01 / PLT-12 / PLT-06
V-103024,Fairweather Fabrication PLC,,inactive,Limited Liability Company,68-1155935,516673455,US,MXN,Net 30,3-way,yes,Woman-Owned Small Business,fairweather.fabrication@fairweatherfab.com,MX-AP,2,2026-04-02,PLT-07;PLT-01
V-103025,Fairweather Tooling S.A. de C.V.,Fairweather Tooling,Inactive,Non-Profit,680571452,609033761,CA,CAD,Due on receipt,3 Way Match,Yes,VOSB,fairweather.tooling@fairweathertoo.com,US-AP,3,2028-09-16,PLT-11;PLT-08
V-103026,Oakhurst Bearings PLC,Oakhurst Bearings,inactive,LLC,570764519,628016700,Mexico,Euro,,None,no,,oakhurst.bearings.oakhurstbea.com,CA-AP,3,,PLT-01;PLT-02
V-103027,Draycott Foundry S.A. de C.V.,Draycott Foundry,active,LLC,572082050,56-062-0362,Canada,,N30,2-way,True,WOSB,draycott.foundry@draycottfou.com,MX-AP,3,2027-04-13,
V-103028,Quarrington Gasket Inc,,active,Corporation,93-4886043,796866578,CA,MXN,NET30,3-way,True,HUBZone,ap@quarringtongas.com; quarrington.gasket@quarringtongas.com,US-AP,Tier 3,,PLT-05;PLT-08
V-103029,Ashworth Fasteners Inc.,,active,Corporation,894556945,594335575,US,USD,2/10 Net 30,3 way,F,,ashworth.fasteners@ashworthfas.com,US-AP,2,2028-09-14,"PLT-02, PLT-03"
V-103030,Yarborough Plating Inc,,A,LLC,71-6776581,518590446,US,GBP,Net 30,,N,,yarborough.plating@yarboroughpla.com,MX-AP,Tier 3,05/21/2027,PLT-12
V-103031,Thirlmere Extrusions Corp,,I,Corporation,97-8569360,58308775,MX,GBP,Immediate,3 way,N,,thirlmere.extrusions@thirlmereext.com,,2,2026-07-18,PLT-09;PLT-12
V-103032,Kettleby Foundry GmbH,,active,Corporation,54-5449702,438051481,GB,EUR,NET30,2-way,YES,DBE,kettleby.foundry@kettlebyfou.com,US-AP,High,05/18/2027,"PLT-12, PLT-09"
V-103033,Wolverton Seals Ltd.,Wolverton Seals,active,Corporation,,601078757,USA,USD,Net 30,3-way,true,WOSB,wolverton.seals@wolvertonsea.com,US-AP,Low,11/21/2028,PLT-03 / PLT-10
V-103034,Brackenridge Castings GmbH,Brackenridge Castings,Active,Partnership,26-9394748,731831059,CA,Euro,,None,False,,brackenridge.castings.brackenridgecas.com,EU-AP,Low,2026-03-18,
V-103035,Quarrington Fabrication S.A. de C.V.,Quarrington Fabrication,Active,LLC,984062108,01850683,DE,USD,Net 30,3 Way Match,0,,quarrington.fabrication.quarringtonfab.com,US-AP,,2027-09-14,"PLT-10, PLT-04, PLT-07, PLT-03"
V-103036,Denholm Bearings Inc,Denholm Bearings,draft,Non-Profit,62-4094784,332882604,United Kingdom,USD,Due on receipt,3-way,No,,denholm.bearings@denholmbea.com,US-AP,Tier 3,2026-02-17,PLT-01;PLT-07
V-103037,Rushcliffe Valves Ltd.,,Inactive,LLC,850857349,763952286,MX,MXN,NET30,none,FALSE,,rushcliffe.valves@rushcliffeval.com,US-AP,Tier 2,2026-07-27,PLT-08
V-103038,Castleford Coatings Inc.,Castleford Coatings,Active,Non-Profit,922745220,,US,MXN,Net 45,none,0,,castleford.coatings@castlefordcoa.com,US-AP,,2028-02-09,PLT-11;PLT-01;PLT-03
V-103039,Netherfield Electrical GmbH,Netherfield Electrical,Active,LLC,185216161,885116245,USA,EUR,COD,3-way,False,,ap@netherfieldele.com; netherfield.electrical@netherfieldele.com,US-AP,3,,"PLT-11, PLT-09"
V-103040,Saltburn Gasket LLC,Saltburn Gasket,active,Corporation,826090636,132596975,United States,USD,Net 30,3-way,No,,saltburn.gasket@saltburngas.com,MX-AP,Low,2028-02-03,"PLT-07, PLT-10"
V-103041,Kettleby Coatings Ltd.,Kettleby Coatings,Active,Corporation,36-6330427,968225994,United States,USD,,3-way,N,,kettleby.coatings@kettlebycoa.com,MX-AP,1,2028-08-15,PLT-11;PLT-07
,Farndale Springs S.A. de C.V.,,active,,,601671820,United Kingdom,EUR,Net 30,3-way-direct,F,,farndale.springs.farndalespr.com,US-AP,1,2026-06-02,PLT-12;PLT-03;PLT-09;PLT-06
V-103043,Draycott Pneumatics Inc.,Draycott Pneumatics,Inactive,LLC,,376786426,GB,USD,,none,F,,draycott.pneumatics@draycottpne.com,US-AP,Low,,PLT-08;PLT-11;PLT-01
V-103044,Lansdowne Extrusions Inc,Lansdowne Extrusions,Pending,Corporation,833591615,477072401,Germany,USD,Immediate,3-way,false,,ap@lansdowneext.com; lansdowne.extrusions@lansdowneext.com,CA-AP,Medium,2026-09-20,PLT-02
V-103045,Quarrington Castings PLC,Quarrington Castings,Active,Non-Profit,116182927,135968558,USA,EUR,Net 45,3-way-direct,False,,ap@quarringtoncas.com; quarrington.castings@quarringtoncas.com,MX-AP,1,2026-08-05,"PLT-06, PLT-07"
V-103046,Lansdowne Coatings Co,Lansdowne Coatings,inactive,Partnership,10-8461813,814616538,US,GBP,Net 30,2-way,1,Woman-Owned Small Business,lansdowne.coatings@lansdownecoa.com,,2,2027-04-20,PLT-06
V-103047,Denholm Springs Inc.,Denholm Springs,draft,LLC,581419829,,Canada,USD,COD,2-way,1,WOSB,denholm.springs@denholmspr.com,,2,2027-06-08,PLT-10;PLT-08
V-103048,Saltburn Plating GmbH,,Pending,LLC,731869969,82027111,Germany,CAD,,3 way,No,,saltburn.plating@saltburnpla.com,US-AP,1,2026-07-01,PLT-03;PLT-08
V-103049,Hollingworth Forgings Ltd,,Active,Partnership,53-3784607,318458788,USA,GBP,30 days,3-way,TRUE,HUBZone,hollingworth.forgings@hollingworthfor.com,,Tier 3,2026-09-15,PLT-04
V-103050,Ingleby Springs Inc.,,On Hold,LLC,28-1266520,555697181,Mexico,GBP,Net 45,3 way,0,,ingleby.springs@inglebyspr.com,CA-AP,Low,01/19/2028,PLT-07
V-103051,Marchmont Fasteners Inc,Marchmont Fasteners,draft,Non-Profit,526206496,,USA,,N30,3 Way Match,FALSE,,marchmont.fasteners@marchmontfas.com,,Medium,2026-08-28,PLT-07
V-103052,Grimsby Machining S.A. de C.V.,Grimsby Machining,A,Corporation,671701277,,United States,USD,Net 90,Three way direct,,Minority Business Enterprise,grimsby.machining@grimsbymac.com,US-AP,1,2026-05-21,PLT-10;PLT-01
V-103053,Draycott Springs Inc.,,Pending,,512242132,714601839,Mexico,GBP,Net30,3-way,F,,,UK-AP,Low,2028-05-04,PLT-01
V-103054,Eastgate Calibration GmbH,,Inactive,Partnership,02-3228662,646690945,DE,USD,NET30,Three way direct,,,ap@eastgatecal.com; eastgate.calibration@eastgatecal.com,CA-AP,,,PLT-10;PLT-05
V-103055,Jarrow Foundry GmbH,,Active,LLC,90-9048219,285527108,US,USD,Net 30,2-way,F,,jarrow.foundry@jarrowfou.com,EU-AP,1,2026-10-05,PLT-02;PLT-09
V-103056,Brackenridge Logistics LLC,,,Partnership,936551916,20-934-1968,United States,USD,Net 30,3-way,,,brackenridge.logistics@brackenridgelog.com,US-AP,Low,2027-06-23,PLT-09;PLT-07;PLT-08
V-103057,Fairweather Fabrication GmbH,,A,Corporation,,767438584,,MXN,Net 45,3-way,0,,,EU-AP,2,2028-07-10,"PLT-07, PLT-01, PLT-02, PLT-09"
V-103058,Ashworth Electrical S.A. de C.V.,,active,Partnership,,977795878,U.S.,MXN,,3 Way Match,True,HUBZone,ashworth.electrical.ashworthele.com,CA-AP,Medium,2027-11-12,PLT-10;PLT-03;PLT-04
V-103059,Ashworth Valves S.A. de C.V.,,Active,Corporation,844806556,343820338,USA,USD,Immediate,2 way,N,,ashworth.valves@ashworthval.com,US-AP,1,2028-06-04,"PLT-01, PLT-09, PLT-10, PLT-02"
V-103060,Hollingworth Packaging Inc.,Hollingworth Packaging,active,LLC,,,US,GBP,Net 30,3-way,YES,Woman-Owned Small Business,hollingworth.packaging@hollingworthpac.com,,2,09/13/2026,PLT-05;PLT-01
V-103061,Alderman Tooling PLC,,Pending,Corporation,773782299,883676099,United States,USD,Net 30,none,No,,alderman.tooling@aldermantoo.com,EU-AP,1,2027-02-04,PLT-06;PLT-03;PLT-07;PLT-09
V-103062,Quarrington Calibration Co,,Draft,S-Corp,699155949,928621287,CA,USD,30 days,3 Way Match,no,,quarrington.calibration@quarringtoncal.com,US-AP,Tier 1,2026-09-22,PLT-11;PLT-08;PLT-03
V-103063,Eastgate Gasket PLC,Eastgate Gasket,active,S-Corp,22-7978377,902567224,Mexico,USD,Due on receipt,2-way,No,,eastgate.gasket@eastgategas.com,,Low,02/27/2027,"PLT-03, PLT-11"
V-103064,Hollingworth Logistics Ltd.,,active,,029963935,510789398,GB,USD,Net 60,Three way direct,no,,hollingworth.logistics@hollingworthlog.com,,1,2028-11-05,PLT-12 / PLT-01 / PLT-06
V-103065,Ashworth Calibration S.A. de C.V.,Ashworth Calibration,Active,,34-8044225,04-927-7492,United States,MXN,Immediate,None,F,,ashworth.calibration@ashworthcal.com,US-AP,1,2026-07-09,PLT-10
V-103066,Culverton Fasteners Corp,,active,Non-Profit,73-2103486,826080780,United States,EUR,30 days,3-way,False,,culverton.fasteners@culvertonfas.com,CA-AP,,12/07/2026,"PLT-12, PLT-01"
V-103067,Rushcliffe Forgings Inc.,,Active,S-Corp,27-6897300,047380610,CA,USD,Net 30,3-way,No,,ap@rushcliffefor.com; rushcliffe.forgings@rushcliffefor.com,US-AP,High,04/11/2027,
V-103068,Ullswater Packaging Inc,Ullswater Packaging,Pending,Partnership,70-9379801,939091796,United States,USD,Due on receipt,2-way,No,,ullswater.packaging@ullswaterpac.com,UK-AP,Low,2026-01-23,PLT-03
V-103069,Draycott Forgings S.A. de C.V.,Draycott Forgings,inactive,S-Corp,38-3216042,789829774,Mexico,USD,Net 45,2-way,F,,draycott.forgings@draycottfor.com,US-AP,Medium,2028-11-21,PLT-07;PLT-04
V-103070,Kettleby Weldments Co,Kettleby Weldments,A,Corporation,80-9510730,577087239,US,MXN,Net 15,2 Way Match,False,,,MX-AP,Medium,2028-09-20,
V-103071,Lansdowne Hydraulics Co,Lansdowne Hydraulics,Inactive,Corporation,60-2502590,,Germany,USD,Net30,3 way,0,,lansdowne.hydraulics@lansdownehyd.com,CA-AP,2,2028-09-21,PLT-02;PLT-10;PLT-01
V-103072,Yarborough Valves Co,Yarborough Valves,Active,Sole Proprietor,56-4086510,167946370,US,EUR,Net 45,2-way,false,,yarborough.valves@yarboroughval.com,UK-AP,Tier 3,2027-05-20,PLT-01;PLT-06
V-103073,Pemberton Valves Co,Pemberton Valves,Active,S-Corp,242623092,101598399,USA,,Net 30,,N,,pemberton.valves.pembertonval.com,MX-AP,2,2026-02-10,PLT-07 / PLT-06 / PLT-02
V-103074,Ullswater Foundry LLC,,On Hold,Corporation,679188513,725187999,USA,CAD,Net30,Three way direct,F,,ullswater.foundry.ullswaterfou.com,US-AP,Tier 1,2027-02-01,PLT-06;PLT-08
V-103075,Wolverton Pneumatics S.A. de C.V.,Wolverton Pneumatics,Pending,,26-9426096,515018077,MX,USD,2/10 Net 30,3 way,FALSE,,wolverton.pneumatics@wolvertonpne.com,EU-AP,3,01/15/2028,PLT-11
V-103076,Elmswell Valves Ltd,Elmswell Valves,Active,Corporation,83-4099959,737120855,MX,EUR,Due on receipt,,T,Woman-Owned Small Business,elmswell.valves@elmswellval.com,MX-AP,3,2027-11-18,PLT-01;PLT-08
V-103077,Hollingworth Gasket LLC,,On Hold,Corporation,62-7724183,,US,CAD,,2 way,false,,hollingworth.gasket@hollingworthgas.com,UK-AP,Low,12/28/2026,"PLT-11, PLT-05, PLT-04, PLT-09"
V-103078,Oakhurst Lubricants PLC,,Active,Corporation,379835301,30337505,CA,,Net 30,3-way,F,,oakhurst.lubricants@oakhurstlub.com,UK-AP,Medium,2026-11-13,"PLT-06, PLT-02"
V-103079,Ingleby Coatings PLC,,Pending,S-Corp,180719345,406370918,DE,USD,NET30,3-way,0,,ingleby.coatings@inglebycoa.com,MX-AP,Medium,08/05/2027,PLT-12
V-103080,Grimsby Extrusions Ltd.,Grimsby Extrusions,,Corporation,344176493,552170296,United Kingdom,Euro,Net 45,none,False,,ap@grimsbyext.com; grimsby.extrusions@grimsbyext.com,,Tier 3,04/07/2026,PLT-07 / PLT-10 / PLT-11
V-103081,Fairweather Forgings Ltd.,,active,Corporation,06-9141560,564576433,DE,US Dollar,Net 90,None,1,Minority Business Enterprise,fairweather.forgings@fairweatherfor.com,UK-AP,1,2026-11-07,"PLT-03, PLT-01, PLT-11"
V-103082,Eastgate Gasket PLC,Eastgate Gasket,inactive,Sole Proprietor,81-7789825,120124717,MX,USD,Net 30,None,N,,eastgate.gasket@eastgategas.com,US-AP,1,2026-12-19,PLT-12;PLT-10;PLT-05
V-103083,Oakhurst Pneumatics LLC,Oakhurst Pneumatics,Active,Corporation,53-5057413,138625211,US,USD,Net 90,none,False,,oakhurst.pneumatics@oakhurstpne.com,US-AP,2,03/12/2026,PLT-07;PLT-04;PLT-12;PLT-01
V-103084,Oakhurst Hydraulics Ltd,Oakhurst Hydraulics,A,LLC,,857328202,US,USD,Net 45,3-way,F,,oakhurst.hydraulics@oakhursthyd.com,US-AP,High,2027-01-02,PLT-03
V-103085,Ingleby Electrical Inc,,active,,84-5963928,172028436,DE,USD,Net 15,2-way,N,,,,,01/15/2028,
V-103086,Brackenridge Weldments Inc.,,active,LLC,96-3434422,,US,USD,2/10 Net 30,none,0,,ap@brackenridgewel.com; brackenridge.weldments@brackenridgewel.com,,,2027-03-02,PLT-07
V-103087,Kettleby Machining Inc,Kettleby Machining,Draft,S-Corp,018549496,148261308,United States,USD,Net 45,2-way,True,Woman-Owned Small Business,kettleby.machining@kettlebymac.com,US-AP,High,2026-08-23,
V-103088,Elmswell Pneumatics PLC,,active,LLC,548343364,842311116,US,USD,Net30,,F,,elmswell.pneumatics@elmswellpne.com,EU-AP,1,2027-10-03,PLT-04
V-103089,Draycott Pneumatics LLC,Draycott Pneumatics,active,Corporation,52-9173956,218033523,Germany,CAD,2/10 Net 30,2-way,N,,draycott.pneumatics@draycottpne.com,US-AP,2,,PLT-10;PLT-05
V-103090,Rushcliffe Bearings Co,Rushcliffe Bearings,A,Partnership,12-0840847,284950622,United States,EUR,Immediate,2 way,no,,rushcliffe.bearings@rushcliffebea.com,US-AP,,07/27/2027,PLT-12
V-103091,Alderman Seals S.A. de C.V.,Alderman Seals,Active,Non-Profit,88-3467546,172385326,US,EUR,NET30,3-way,YES,WOSB,alderman.seals@aldermansea.com,MX-AP,1,2027-11-21,"PLT-12, PLT-03"
V-103092,Hollingworth Fasteners Inc,,Active,Partnership,11-1574770,431328424,United States,CAD,Immediate,,N,,hollingworth.fasteners@hollingworthfas.com,US-AP,1,,PLT-10;PLT-12;PLT-04
V-103093,Grimsby Foundry Inc,Grimsby Foundry,active,S-Corp,53-2932863,233088399,US,USD,Net 60,3-way,No,,grimsby.foundry@grimsbyfou.com,US-AP,1,09/18/2028,PLT-02;PLT-11
V-103094,Verwood Lubricants PLC,Verwood Lubricants,active,Partnership,252501593,293898012,United States,USD,Net 45,Three way direct,Yes,Minority Business Enterprise,ap@verwoodlub.com; verwood.lubricants@verwoodlub.com,CA-AP,High,2028-02-02,PLT-05
V-103095,Thirlmere Gasket Ltd.,Thirlmere Gasket,Pending,Sole Prop,23-0016609,971458880,MX,USD,Net 60,None,0,,thirlmere.gasket@thirlmeregas.com,US-AP,,2026-07-15,
V-103096,Draycott Gasket LLC,,Pending,Sole Prop,42-0777231,328911129,US,usd,2/10 Net 30,Three way direct,,,draycott.gasket@draycottgas.com,MX-AP,2,2026-07-01,PLT-02 / PLT-11 / PLT-03
V-103097,Brackenridge Coatings PLC,Brackenridge Coatings,active,Partnership,47-8973382,979805044,US,usd,Net 30,3 way,F,,brackenridge.coatings@brackenridgecoa.com,US-AP,Tier 2,2027-01-26,
V-103098,Pemberton Bearings S.A. de C.V.,,active,Sole Proprietor,207144079,762852138,United Kingdom,USD,NET30,3-way,F,,pemberton.bearings@pembertonbea.com,CA-AP,3,2026-05-25,"PLT-01, PLT-04"
V-103099,Fairweather Logistics Inc.,Fairweather Logistics,draft,Corporation,50-3258125,323912533,US,EUR,Immediate,3-way,No,,ap@fairweatherlog.com; fairweather.logistics@fairweatherlog.com,MX-AP,2,04/28/2027,PLT-11;PLT-08;PLT-12
V-103100,Wolverton Seals Ltd.,Wolverton Seals,A,Partnership,50-9509722,942965597,U.S.,MXN,Net 30,3-way,true,WBE,wolverton.seals@wolvertonsea.com,US-AP,Medium,,PLT-01
V-103101,Verwood Machining GmbH,,Draft,Corporation,12-8744140,430423098,U.S.,USD,Net 30,3-way,,,verwood.machining@verwoodmac.com,MX-AP,2,2026-05-14,PLT-04;PLT-09;PLT-11;PLT-02
V-103102,Alderman Valves Inc.,Alderman Valves,active,,20-0123078,57-681-6881,US,USD,Net 45,3 way,F,,alderman.valves@aldermanval.com,,3,2026-05-05,PLT-10
V-103103,Kettleby Weldments Ltd.,,,LLC,74-9486184,70891457,United States,EUR,Net 30,Three way direct,True,WBE,kettleby.weldments@kettlebywel.com,UK-AP,Tier 1,01/05/2027,PLT-08
V-103104,Jarrow Plating Co,Jarrow Plating,Active,Sole Proprietor,,324534596,,USD,Net 30,2-way,FALSE,,jarrow.plating.jarrowpla.com,EU-AP,3,,"PLT-10, PLT-07, PLT-08, PLT-12"
V-103105,Fairweather Foundry Corp,Fairweather Foundry,ACTIVE,LLC,73-9197537,,United States,USD,Net 45,none,True,Woman-Owned Small Business,fairweather.foundry@fairweatherfou.com,,Low,2026-01-20,PLT-07;PLT-09
V-103106,Farndale Plating Ltd,,active,Corporation,607583570,988820433,US,USD,NET30,3 way,false,,farndale.plating@farndalepla.com,US-AP,Medium,2027-04-15,PLT-04
V-103107,Ashworth Pneumatics Co,Ashworth Pneumatics,Active,S-Corp,09-9386616,84526057,GB,USD,Net 30,3 way,,,ashworth.pneumatics@ashworthpne.com,US-AP,2,,PLT-06;PLT-11;PLT-07
V-103108,Culverton Logistics Ltd,Culverton Logistics,active,Corporation,162526884,42211475,Mexico,GBP,Net 15,2 Way Match,TRUE,WOSB,culverton.logistics@culvertonlog.com,MX-AP,1,2028-10-17,
V-103109,Pemberton Extrusions Ltd,Pemberton Extrusions,active,Sole Prop,18-0354834,301571106,US,USD,Net 60,3-way,FALSE,,pemberton.extrusions@pembertonext.com,US-AP,,09/19/2027,PLT-10
V-103110,Ashworth Hydraulics Ltd,,active,LLC,15-2070564,843987060,DE,usd,Net 45,3-way,False,,ashworth.hydraulics.ashworthhyd.com,US-AP,Medium,2028-09-08,PLT-07
V-103111,Farndale Fabrication GmbH,Farndale Fabrication,ACTIVE,Corporation,82-3624743,713394157,,EUR,Due on receipt,2-way,FALSE,,farndale.fabrication@farndalefab.com,MX-AP,High,2026-09-17,PLT-03
V-103112,Verwood Gasket Corp,,A,,196004195,,Canada,USD,Net 45,2 way,,WOSB,verwood.gasket@verwoodgas.com,,2,2028-02-20,PLT-07;PLT-09
V-103113,Oakhurst Lubricants GmbH,Oakhurst Lubricants,Active,Corporation,255568961,174905201,United States,EUR,Due on receipt,3-way,F,,oakhurst.lubricants@oakhurstlub.com,US-AP,,2027-10-09,PLT-06
V-103114,Jarrow Hydraulics Ltd.,,active,,145603865,90942155,MX,USD,Net 60,3-way,,,jarrow.hydraulics@jarrowhyd.com,US-AP,2,2028-04-03,PLT-05
V-103115,Ballantyne Calibration S.A. de C.V.,,Inactive,Non-Profit,823216212,530613812,CA,EUR,NET30,2-way,No,,ballantyne.calibration@ballantynecal.com,MX-AP,Low,2026-05-21,"PLT-12, PLT-09"
V-103116,Oakhurst Pneumatics Inc,,active,,86-9909675,108367142,US,USD,Net 30,3-way,Yes,Minority Business Enterprise,oakhurst.pneumatics@oakhurstpne.com,EU-AP,Low,2026-12-07,PLT-08
V-103117,Ballantyne Gasket Corp,Ballantyne Gasket,Inactive,,34-8599650,425730456,Mexico,usd,NET30,2-way,false,,ballantyne.gasket@ballantynegas.com,EU-AP,3,2028-05-25,PLT-10
V-103118,Quarrington Valves Co,Quarrington Valves,Active,Partnership,000588039,343431929,Mexico,USD,Net 45,3-way,FALSE,,quarrington.valves@quarringtonval.com,EU-AP,Low,2026-10-13,PLT-10
V-103119,Rushcliffe Logistics LLC,,,Corporation,65-1496826,519101778,USA,USD,Net30,2-way,FALSE,,rushcliffe.logistics@rushcliffelog.com,US-AP,1,2028-07-24,PLT-06
V-103120,Castleford Foundry PLC,Castleford Foundry,Draft,LLC,31-4029653,843757373,US,USD,N30,3-way,N,,castleford.foundry@castlefordfou.com,CA-AP,1,,PLT-10
