MRN,Last Name,First Name,DOB,Sex,Email,Insurance,Member #,Coverage Start,Coverage End,Allergies,SSN,Problem List
204000,Thorne,Bjorn,1990-08-20,M,bjorn.thorne@example.com,Humana,H8484689,2024-02-27,,Latex,900-29-3366,E11.9; I10
204001,Aguilar,Nora,1955-12-31,F,,United Healthcare,93730915,2023-02-17,,,,I10
204002,Petrov,Anya,2002-02-21,F,anya.petrov@example.com,Humana,H5883732,2023-12-04,,Sulfa drugs; NSAIDs,900-13-3108,
204003,Petrov,Luz,1983-11-26,Female,luz.petrov@mail.example.net,Aetna,W2803590,2024-12-21,,NSAIDs; Peanuts,900-96-3557,I10
204004,Kowalski,Haruki,1957-11-08,M,haruki.kowalski@example.org,BCBS TX,ZGP7553074,2023-07-05,,Penicillin; Sulfa drugs,900-84-7239,I10
204005,Vasquez,Chidi,2018-09-02,M,chidi.vasquez@example.com,UHC,93554577,2025-03-09,,,900-86-3872,
204006,Osei,Anya,2013-07-03,F,,Blue Cross Blue Shield of Texas,ZGP3438001,2026-05-08,,,,I10
204007,Petrov,Ruben,1952-07-19,M,ruben.petrov@example.com,Humana,H9623743,2024-03-03,,Penicillin; Sulfa drugs,900-88-6456,
204008,Delacroix,Cordelia,2007-08-15,F,cordelia.delacroix@mail.example.net,Blue Cross Blue Shield of Texas,ZGP9336753,2026-04-23,2026-06-10,,900-18-4058,I10
204009,Halvorsen,Cordelia,1985-06-03,F,,UHC,91085787,2025-04-17,,,900-18-2410,I10
204010,Ionescu,Adriana,2011-11-18,F,,United Healthcare,97955138,2025-06-27,2026-09-29,"Latex, Penicillin",900-18-6880,I10
204011,Escobar,Naledi,1966-05-29,F,naledi.escobar@example.org,BCBS TX,ZGP9780294,2024-09-04,,Shellfish,900-27-9021,E11.9; I10
204012,Whitfield,Vera,2023-04-10,F,,Blue Cross Blue Shield of Texas,ZGP9532472,2024-05-02,2025-10-04,PCN,900-82-3223,I10; J45.909
204013,Halvorsen,Julien,1931-01-31,M,julien.halvorsen@example.com,BCBS TX,ZGP4648350,2026-03-06,,NKDA,900-54-1298,E11.9; I10; J45.909
204014,Halvorsen,Bjorn,1980-10-10,MALE,,Medicare,1EG41296761,2026-03-29,2027-07-01,Penicillin; Sulfa drugs,900-42-7646,
204015,Marchetti,Ximena,1990-09-29,F,ximena.marchetti@example.com,Blue Cross Blue Shield of Texas,ZGP9124917,2025-05-23,,Penicillin; Sulfa drugs,900-12-1339,
204016,Alvarez,Sigrid,2008-01-17,F,sigrid.alvarez@example.com,UHC,91024990,2024-11-12,,Penicillin; Peanuts; Latex,900-79-9532,J45.909
204017,Lindqvist,Thanh,2020-11-23,F,thanh.lindqvist@example.com,United Healthcare,95814081,2023-12-29,,"Latex, Penicillin",900-61-4955,
204018,Ridley,Adriana,1981-02-15,F,adriana.ridley@example.com,UHC,94565580,2024-04-19,,,900-38-9741,
204019,Castellanos,Luz,1960-04-09,F,luz.castellanos@mail.example.net,Cigna,U6345908,2026-01-25,,NKDA,900-78-2200,J45.909
204020,Castellanos,Giulia,1992-07-02,f,giulia.castellanos@example.com,UHC,93740940,2025-07-16,,,900-28-1571,E11.9; I10
204021,Novotny,Kwame,1944-08-17,M,kwame.novotny@mail.example.net,Self Pay,,,,NKDA,900-82-8964,I10; J45.909
204022,Escobar,Femi,1983-12-19,X,femi.escobar@example.com,United Healthcare,99855771,2024-06-13,,Penicillin,,E11.9; I10
204023,Nguyen,Ximena,1961-04-22,Female,ximena.nguyen@example.com,United Healthcare,92392859,2025-07-07,,,900-51-1532,E11.9; I10; J45.909
204024,Castellanos,Mateo,1948-04-05,MALE,mateo.castellanos@mail.example.net,Blue Cross Blue Shield of Texas,ZGP8765234,2026-03-02,,Penicillin,900-50-7110,E11.9; I10
204025,Sandoval,Beatriz,1973-06-25,F,beatriz.sandoval@example.com,Blue Cross Blue Shield of Texas,ZGP2437559,2024-10-17,,Sulfa drugs; NSAIDs,900-36-4838,E11.9
204026,Novotny,Elsa,1937-02-11,F,,Medicare,1EG48510231,2023-02-07,,,900-56-9359,I10
204027,Kowalski,Cordelia,1935-02-24,F,cordelia.kowalski@mail.example.net,Humana,H6826228,2024-12-25,,,900-36-4240,
204028,Whitfield,Ines,1941-06-08,F,ines.whitfield@example.com,Self Pay,,,,NSAIDs; Peanuts,900-91-2301,I10; J45.909
204029,Achebe,Elsa,2014-10-25,F,elsa.achebe@example.com,BCBS TX,ZGP8438634,2025-07-10,,Penicillin,900-78-9228,
204030,Delacroix,Rosa,1960-10-26,F,rosa.delacroix@example.org,UHC,99786611,2023-06-08,,Penicillin,900-54-3271,
204031,Ridley,Margot,2012-01-19,Female,margot.ridley@example.com,Blue Cross Blue Shield of Texas,ZGP6430064,2024-07-27,,,900-44-4656,J45.909
204032,Baptiste,Haruki,1944-05-07,MALE,,Aetna,W3622172,2024-07-20,,,900-13-7661,
204033,Bergstrom,Naledi,2010-04-07,Female,naledi.bergstrom@example.org,Blue Cross Blue Shield of Texas,ZGP2885853,2024-06-07,,,900-86-5435,I10
204034,Fitzgerald,Chidi,1957-01-30,M,chidi.fitzgerald@example.com,Medicare,1EG46412265,2026-02-02,,Peanuts; Shellfish,900-99-7605,
204035,Delacroix,Sigrid,1934-12-05,F,,UHC,97120865,2023-09-07,,,900-98-3088,
204036,Vasquez,Femi,1939-05-31,MALE,femi.vasquez@example.com,Medicare,1EG46360436,2023-06-02,,,900-16-2006,I10
204037,Osei,Sigrid,1995-03-14,Female,,Humana,H8031315,2025-04-10,2027-09-09,NKDA,900-27-5396,I10
204038,Ramirez,Mateo,1961-08-31,M,mateo.ramirez@example.com,United Healthcare,98911495,2025-07-01,,Sulfa drugs; NSAIDs,900-26-2253,E11.9; I10
204039,Achebe,Sigrid,2020-09-24,F,sigrid.achebe@example.com,Humana,H6834634,2024-10-21,,Penicillin,900-77-1894,I10
204040,Ridley,Kwame,1974-11-29,m,kwame.ridley@example.org,Self Pay,,,,Penicillin,900-78-6194,I10
204041,Yamada,Femi,1971-07-09,M,,UHC,97068485,2025-04-03,,NKDA,900-42-4395,
204042,Vasquez,Alden,1946-08-22,m,alden.vasquez@example.com,Cigna,U4313138,2026-02-03,,PCN,900-42-9108,I10; J45.909
204043,Kowalski,Haruki,1993-09-05,M,haruki.kowalski@example.com,UHC,91391545,2025-04-22,,,900-79-4896,I10
204044,Ionescu,Cordelia,1969-09-07,F,cordelia.ionescu@example.com,United Healthcare,94739231,2024-08-04,,,900-89-2473,E11.9
204045,Vasquez,Luz,6/16/86,Female,,Medicare,1EG45433874,2023-08-13,,Shellfish,900-40-5476,I10
204046,Castellanos,Emile,2014-09-13,M,emile.castellanos@example.com,United Healthcare,93996594,2025-10-03,,,,E11.9; I10; J45.909
204047,Petrov,Femi,2000-06-25,M,femi.petrov@example.com,Blue Cross Blue Shield of Texas,ZGP3741678,2023-03-01,,Peanuts; Shellfish,900-45-2255,E11.9; I10
204048,Alvarez,Camila,2000-08-14,U,camila.alvarez@mail.example.net,United Healthcare,94381706,2025-11-03,,Shellfish,900-93-8937,E11.9; I10
204049,Delacroix,Nora,5/9/41,F,nora.delacroix@mail.example.net,Aetna,W9340123,2023-03-27,,,,
204050,Baptiste,Piotr,1941-08-23,M,piotr.baptiste@example.com,Aetna,W1020792,2025-07-06,,Latex,900-21-7791,I10
204051,Ferreira,Alden,2006-05-18,M,alden.ferreira@example.com,Medicare,1EG45305597,2023-09-29,,Contrast dye; Latex,900-35-5231,I10
204052,Kowalski,Everett,2013-07-25,M,,Blue Cross Blue Shield of Texas,ZGP9953796,2024-07-26,2024-09-29,,900-92-7876,E11.9
204053,Petrov,Emile,1941-02-23,M,emile.petrov@example.com,Medicare,1EG47695009,2023-06-12,,Latex,900-16-1722,E11.9
204054,Whitfield,Julien,2013-12-27,M,julien.whitfield@example.org,Cigna,U5096148,2025-08-13,,NKDA,900-97-8680,I10
204055,Yamada,Cordelia,1991-12-29,f,cordelia.yamada@example.com,UHC,93969994,2025-10-03,,,900-46-3826,E11.9
204056,Marchetti,Wendell,2006-08-22,m,wendell.marchetti@example.com,Aetna,W4896353,2023-05-11,,NSAIDs; Peanuts,,
204057,Marchetti,Mateo,1941-09-05,M,mateo.marchetti@example.com,Medicare,1EG47225132,2023-08-28,,Contrast dye; Latex,900-99-6946,I10
204058,Ionescu,Beatriz,1950-01-21,F,beatriz.ionescu@example.org,Medicare,1EG42474052,2024-02-21,,Penicillin; Sulfa drugs,900-29-3751,J45.909
204059,Sandoval,Camila,4/27/18,Female,camila.sandoval@mail.example.net,Cigna,U1651087,2023-07-10,,NSAIDs; Peanuts,900-48-7143,
204060,Sandoval,Cordelia,1974-11-25,F,cordelia.sandoval@example.com,Medicare,1EG45459339,2025-04-12,,,,E11.9
204061,Petrov,Emile,1973-05-02,,emile.petrov@example.com,Medicare,1EG43542505,2025-01-09,,,900-61-1309,I10
204062,Castellanos,Beatriz,1979-11-22,Female,beatriz.castellanos@example.com,Medicare,1EG42243424,2023-12-14,,NSAIDs; Peanuts,900-59-2231,E11.9; I10; J45.909
204063,Petrov,Ines,2015-04-17,F,ines.petrov@example.com,United Healthcare,91529237,2024-03-27,,Penicillin; Peanuts; Latex,900-68-9226,
204064,Delacroix,Kwame,2008-08-13,M,kwame.delacroix@example.com,Humana,H7568808,2023-07-31,,NKDA,,J45.909
204065,Moreau,Thanh,2018-10-16,F,thanh.moreau@example.com,Cigna,U9665726,2023-07-04,,Sulfa drugs; NSAIDs,900-55-9662,I10
204066,Mbeki,Sigrid,1991-09-12,F,sigrid.mbeki@example.com,BCBS TX,ZGP7695437,2023-10-12,,PCN,900-80-1958,E11.9; I10
204067,Nguyen,Naledi,1999-01-27,F,naledi.nguyen@example.com,United Healthcare,92456487,2025-03-08,,PCN,900-87-7354,
204068,Petrov,Kwame,1961-10-30,m,,Aetna,W3494989,2023-11-12,,,900-89-9013,E11.9; I10; J45.909
204069,Thorne,Wendell,1986-03-28,M,,UHC,98926813,2024-05-07,2024-11-20,,900-63-9572,J45.909
204070,Halvorsen,Ruben,1961-07-14,M,ruben.halvorsen@example.com,Blue Cross Blue Shield of Texas,ZGP4300148,2025-08-26,,,900-45-3981,I10
204071,Ferreira,Giulia,1939-11-16,F,,Blue Cross Blue Shield of Texas,ZGP1730502,2026-01-15,,NKDA,,E11.9; I10
204072,Escobar,Cordelia,1936-11-05,F,,United Healthcare,94893106,2025-12-12,2026-05-20,,900-63-8112,E11.9; I10
204073,Moreau,Chidi,1996-05-22,M,chidi.moreau@mail.example.net,Aetna,W1040519,2024-12-10,,,900-11-3286,
204074,Fitzgerald,Wendell,2014-11-15,M,,BCBS TX,ZGP6096524,2024-01-30,,Peanuts; Shellfish,900-61-5241,
204075,Escobar,Julien,1938-01-30,M,julien.escobar@mail.example.net,Cigna,U5309079,2024-06-02,2025-11-04,Penicillin,900-91-6870,E11.9
204076,Moreau,Adriana,1951-05-20,Female,,Medicare,1EG43226637,2023-08-11,,"Latex, Penicillin",900-48-7691,E11.9; I10
204077,Fitzgerald,Mateo,1952-12-01,M,,Cigna,U4259706,2025-03-11,,Penicillin; Sulfa drugs,900-32-6128,E11.9
204078,Hollis,Haruki,1951-12-20,M,haruki.hollis@example.org,Medicare,1EG41052061,2023-06-15,,Contrast dye; Latex,900-46-6919,E11.9; I10; J45.909
204079,Baptiste,Bjorn,1971-12-30,MALE,bjorn.baptiste@example.com,Medicare,1EG41495032,2025-06-25,,NSAIDs; Peanuts,900-33-6524,
204080,Fitzgerald,Ximena,1933-08-05,F,ximena.fitzgerald@example.com,Self Pay,,,,NKDA,900-71-7682,E11.9; I10
204081,Marchetti,Wendell,1993-01-18,M,wendell.marchetti@example.com,Blue Cross Blue Shield of Texas,ZGP4533818,2026-01-23,,NKDA,900-18-9466,
204082,Achebe,Chidi,1995-06-17,M,chidi.achebe@mail.example.net,Self Pay,,,,Contrast dye; Latex,,I10
204083,Alvarez,Haruki,1962-01-31,M,haruki.alvarez@example.org,Humana,H9971185,2023-06-18,,NSAIDs; Peanuts,900-69-5697,E11.9; I10
204084,Alvarez,Piotr,1969-06-28,M,piotr.alvarez@example.com,Cigna,U9586110,2026-03-12,,Shellfish,,
204085,Vasquez,Kwame,1977-05-25,M,kwame.vasquez@mail.example.net,United Healthcare,91074935,2024-01-07,,NKDA,900-96-8913,J45.909
204086,Bergstrom,Ruben,1975-12-11,M,ruben.bergstrom@example.org,AETNA,W9885658,2024-05-30,2025-08-19,Penicillin,900-49-6318,
204087,Ramirez,Nora,1998-05-14,F,nora.ramirez@example.com,Aetna,W8688539,2025-01-02,,Contrast dye; Latex,900-77-7672,E11.9; I10
204088,Alvarez,,12/28/60,MALE,,Medicare,1EG49877681,2023-06-18,,,900-36-9114,E11.9
204089,Whitfield,Vera,1986-09-17,Female,vera.whitfield@mail.example.net,Blue Cross Blue Shield of Texas,ZGP1732865,2024-03-28,,,900-12-5728,E11.9
204090,Sandoval,Naledi,5/20/42,F,naledi.sandoval@example.com,BCBS TX,ZGP6983000,2023-06-01,,Penicillin,,E11.9; I10
204091,Novotny,Everett,1936-09-06,M,everett.novotny@mail.example.net,Medicare,1EG44238632,2026-01-07,,,900-88-1443,E11.9
204092,Ferreira,Everett,1979-09-08,M,everett.ferreira@example.com,Medicare,1EG42257419,2026-05-04,,Shellfish,900-59-4870,
204093,Mbeki,Elsa,6/19/56,F,elsa.mbeki@example.com,Self Pay,,,,,900-69-5318,E11.9; I10; J45.909
204094,Baptiste,Wendell,2000-10-04,M,wendell.baptiste@example.com,UHC,97778252,2024-07-30,,Penicillin; Sulfa drugs,900-16-2164,I10
204095,Okafor,Haruki,1982-05-18,M,,United Healthcare,94502085,2025-09-14,,Penicillin,900-96-6955,
204096,Moreau,Haruki,1963-01-01,MALE,haruki.moreau@example.com,Humana,H7903371,2024-01-20,,NKDA,900-82-2634,
204097,Fitzgerald,Emile,2020-05-01,m,emile.fitzgerald@example.com,Blue Cross Blue Shield of Texas,ZGP3756745,2024-10-12,2026-01-28,NKDA,,I10
204098,Aguilar,Emile,10/24/12,M,emile.aguilar@example.com,BCBS TX,ZGP3558866,2024-03-19,,NKDA,900-14-8754,
204099,Bergstrom,Julien,1987-06-04,M,julien.bergstrom@example.com,Humana,H7599600,2025-08-16,,,900-42-5419,
204100,Ionescu,Camila,1999-02-12,Female,camila.ionescu@mail.example.net,Medicare,1EG43437141,2026-01-01,,"Latex, Penicillin",900-42-6437,I10; J45.909
204101,Lindqvist,Piotr,1938-01-09,M,,UHC,99356553,2024-04-20,,,900-68-3377,
204102,Osei,Bjorn,1991-06-24,M,bjorn.osei@example.org,AETNA,W7606566,2024-12-23,,Sulfa drugs; NSAIDs,900-86-3387,
204103,Achebe,Alden,1934-10-29,MALE,alden.achebe@mail.example.net,United Healthcare,98169343,2025-10-11,2027-10-08,NKDA,900-22-4708,E11.9
204104,Halvorsen,Ximena,9/4/00,F,ximena.halvorsen@mail.example.net,Self Pay,,,,Sulfa drugs; NSAIDs,900-74-3176,E11.9; I10
204105,Sandoval,Everett,1976-06-30,M,,Blue Cross Blue Shield of Texas,ZGP7379230,2024-09-24,,,900-59-1578,
204106,Ferreira,Cordelia,1987-11-19,f,,Blue Cross Blue Shield of Texas,ZGP2740654,2025-09-08,,,900-89-7300,
204107,Aguilar,Adriana,2022-11-10,F,,BCBS TX,ZGP5673966,2025-08-22,2027-09-28,,900-93-7713,
204108,Lindqvist,Bjorn,1938-10-07,M,bjorn.lindqvist@mail.example.net,United Healthcare,94023551,2025-06-25,,Latex,900-40-1824,E11.9; I10
204109,Lindqvist,Ruben,1932-01-16,m,ruben.lindqvist@example.com,Medicare,1EG41464784,2025-02-06,,Sulfa drugs; NSAIDs,900-79-3096,I10
204110,Ferreira,Alden,1954-11-23,M,alden.ferreira@example.com,Medicare,1EG47861157,2023-01-04,,Shellfish,900-33-8875,
204111,Aguilar,Sigrid,1966-09-02,F,,Humana,H6581794,2025-01-06,,Penicillin; Sulfa drugs,900-51-1629,E11.9
204112,Fitzgerald,Camila,11/16/17,Non-binary,,Aetna,W7763116,2025-08-18,2026-10-10,Penicillin,900-57-1772,J45.909
204113,Baptiste,Nora,1956-11-17,X,nora.baptiste@example.com,Humana,H7726166,2023-11-17,,Sulfa drugs; NSAIDs,,
204114,Moreau,Emile,2001-10-07,MALE,,Aetna,W1324217,2023-10-07,,NKDA,900-85-2374,J45.909
204115,Sandoval,Piotr,1999-06-03,M,,Aetna,W6196825,2024-09-25,,,900-80-4554,I10
204116,Halvorsen,Cordelia,1989-01-12,F,cordelia.halvorsen@example.com,United Healthcare,94172741,2024-05-03,,NKDA,900-71-6048,E11.9
204117,Sandoval,Ruben,1943-04-11,M,ruben.sandoval@example.com,UHC,91057143,2023-09-18,,"Latex, Penicillin",900-15-8948,E11.9; I10
204118,Moreau,Everett,1980-07-06,MALE,everett.moreau@example.com,Blue Cross Blue Shield of Texas,ZGP6211919,2025-01-11,,PCN,900-39-2342,
204119,Achebe,Kwame,1985-11-19,,,Self Pay,,,,NKDA,900-46-9858,E11.9; I10; J45.909
204120,Fitzgerald,Ines,1983-12-27,F,ines.fitzgerald@example.com,Aetna,W6820606,2026-02-02,,,900-95-1837,
204121,Osei,Thanh,1988-10-24,F,thanh.osei@example.com,United Healthcare,91993953,2023-03-08,,,900-36-7629,
204122,Ramirez,Naledi,1989-10-05,F,,United Healthcare,98099829,2023-12-29,,Shellfish,900-54-5999,E11.9; I10
204123,Escobar,Chidi,1951-10-14,M,chidi.escobar@example.com,BCBS TX,ZGP8937069,2024-02-19,,Latex,900-97-9231,J45.909
204124,Nguyen,Alden,1980-06-07,m,alden.nguyen@example.com,Aetna,W1137137,2024-04-04,,Penicillin,900-24-4600,E11.9
204125,Mbeki,Julien,1977-12-29,M,,Aetna,W2074603,2023-06-21,,NKDA,900-87-5242,
204126,Nguyen,Ximena,1964-03-11,F,ximena.nguyen@mail.example.net,BCBS TX,ZGP6457858,2025-03-31,,NKDA,900-66-2169,I10; J45.909
204127,Aguilar,Cordelia,12/9/76,F,cordelia.aguilar@example.com,Cigna,U3909183,2026-05-11,,,900-40-1316,E11.9
204128,Fitzgerald,Everett,1936-10-16,M,everett.fitzgerald@mail.example.net,United Healthcare,94217969,2025-04-15,,NKDA,,E11.9; I10; J45.909
204129,Bergstrom,Wendell,2/28/71,M,wendell.bergstrom@mail.example.net,Self Pay,,,,PCN,,I10
204130,Yamada,Alden,1998-01-23,M,alden.yamada@example.com,United Healthcare,99685607,2023-11-30,,,900-18-2128,
204131,Petrov,Julien,1985-09-21,M,,United Healthcare,99626992,2023-08-08,,,900-68-1228,E11.9; I10
204132,Baptiste,Anya,4/30/91,F,anya.baptiste@example.com,Medicare,1EG41250111,2024-02-14,,,900-69-7064,J45.909
204133,Hollis,Adriana,1932-10-28,F,adriana.hollis@example.com,BCBS TX,ZGP4508050,2023-03-23,,NKDA,900-18-2807,
204134,Okafor,Kwame,2015-10-08,M,kwame.okafor@example.org,AETNA,W9971645,2025-04-23,,,900-96-1113,
204135,Mbeki,Rosa,2012-06-07,F,,Blue Cross Blue Shield of Texas,ZGP9263550,2026-06-27,,Shellfish,,I10
204136,Novotny,Ximena,2001-06-08,F,ximena.novotny@example.com,Self Pay,,,,Penicillin,900-10-2338,
204137,Thorne,Mateo,1977-02-28,M,,United Healthcare,98549552,2024-12-29,,NKDA,900-28-3865,
204138,Aguilar,Alden,1956-03-31,M,alden.aguilar@example.com,UHC,95367615,2023-01-01,,NKDA,900-94-2570,
204139,Bergstrom,Adriana,11/27/66,F,adriana.bergstrom@example.com,BCBS TX,ZGP1149951,2024-07-19,,Sulfa drugs; NSAIDs,900-81-5290,
204140,Bergstrom,Julien,1979-04-25,M,julien.bergstrom@example.org,Blue Cross Blue Shield of Texas,ZGP7472526,2023-04-24,,Latex,900-90-7495,E11.9; I10; J45.909
204141,Lindqvist,Haruki,1951-03-31,M,haruki.lindqvist@example.com,Medicare,1EG41641835,2025-06-07,,"Latex, Penicillin",900-38-6986,E11.9; I10
204142,Kowalski,Adriana,1933-02-02,F,adriana.kowalski@example.com,UHC,91364992,2026-03-07,,NSAIDs; Peanuts,900-61-8214,
204143,Achebe,Adriana,1965-03-07,F,adriana.achebe@example.com,Aetna,W3271114,2023-03-12,,,900-81-3681,I10
204144,Delacroix,Ximena,2000-01-12,F,ximena.delacroix@example.com,AETNA,W7341395,2023-12-29,,,900-23-4154,E11.9
204145,Yamada,Emile,1990-04-11,M,emile.yamada@example.com,Aetna,W6275253,2023-01-18,,,900-83-3446,E11.9
204146,Escobar,Bjorn,1997-08-10,MALE,,Blue Cross Blue Shield of Texas,ZGP1469643,2024-04-24,,Peanuts; Shellfish,,I10
204147,Aguilar,Everett,1954-01-01,M,,Medicare,1EG49362389,2024-06-17,,"Latex, Penicillin",900-42-9512,I10
204148,Castellanos,Femi,2013-06-17,M,femi.castellanos@example.com,Medicare,1EG43963796,2023-09-09,,PCN,900-72-7338,E11.9
204149,Ridley,Rosa,1937-12-10,Female,,United Healthcare,99097263,2024-05-04,2025-05-18,NKDA,,E11.9; I10
204150,Mbeki,Piotr,1938-10-17,M,piotr.mbeki@,Blue Cross Blue Shield of Texas,ZGP7978800,2026-05-06,,,900-48-3910,I10
204151,Kowalski,Camila,1973-12-05,F,camila.kowalski@example.com,Self Pay,,,,NKDA,900-48-8348,
204152,Ramirez,Cordelia,1981-08-20,F,cordelia.ramirez@mail.example.net,Medicare,1EG44186680,2026-04-28,2027-12-28,Contrast dye; Latex,,
204153,Ferreira,Rosa,1935-08-06,F,rosa.ferreira@mail.example.net,Blue Cross Blue Shield of Texas,ZGP5762287,2025-01-11,,Shellfish,900-83-4311,I10; J45.909
204154,Yamada,Bjorn,1990-12-14,M,bjorn.yamada@example.com,Blue Cross Blue Shield of Texas,ZGP4421886,2023-01-22,,Penicillin; Sulfa drugs,900-16-6253,
204155,Osei,Kwame,1/20/58,M,kwame.osei@example.org,Blue Cross Blue Shield of Texas,ZGP3782650,2025-05-27,,,900-82-9856,I10
204156,Escobar,Rosa,1942-12-12,F,rosa.escobar@example.com,BCBS TX,ZGP3462304,2023-11-17,2025-04-06,NKDA,900-20-5634,
204157,Yamada,Sigrid,1959-05-07,f,sigrid.yamada@mail.example.net,Blue Cross Blue Shield of Texas,ZGP5166699,2026-01-23,,Penicillin,900-45-2943,I10
204158,Vasquez,Ruben,2001-06-09,m,ruben.vasquez@example.com,BCBS TX,ZGP3301347,2026-05-19,2028-05-06,PCN,,
204159,Achebe,Chidi,2009-02-18,M,chidi.achebe@example.com,BCBS TX,ZGP1522836,2023-01-13,,Penicillin; Sulfa drugs,900-45-7010,I10
204160,Lindqvist,Everett,1945-10-17,,everett.lindqvist@example.com,Blue Cross Blue Shield of Texas,ZGP5778686,2024-07-15,,Penicillin,900-59-2088,E11.9; I10
204161,Okafor,Camila,5/2/71,F,camila.okafor@mail.example.net,AETNA,W6980285,2026-04-01,,Peanuts; Shellfish,900-35-2436,
204162,Ionescu,Ines,3/10/08,F,ines.ionescu@example.com,Self Pay,,,,Penicillin; Sulfa drugs,900-45-9735,I10; J45.909
204163,Ridley,Piotr,8/14/41,M,piotr.ridley@example.com,Blue Cross Blue Shield of Texas,ZGP9858397,2025-12-02,,,900-68-2109,I10
204164,Okafor,Femi,1939-12-08,M,femi.okafor@mail.example.net,Aetna,W8589838,2024-07-22,,,900-95-1469,E11.9; I10; J45.909
204165,Petrov,Julien,1992-05-30,M,julien.petrov@example.com,Blue Cross Blue Shield of Texas,ZGP9376058,2023-01-05,,NSAIDs; Peanuts,900-29-7572,E11.9; I10
204166,Fitzgerald,Ximena,1969-06-25,f,ximena.fitzgerald@mail.example.net,United Healthcare,94349076,2025-02-20,,Sulfa drugs; NSAIDs,,I10
204167,Bergstrom,Ximena,1983-09-20,F,ximena.bergstrom@example.com,United Healthcare,98514928,2023-06-17,2023-09-19,,900-30-9166,
204168,Mbeki,Mateo,1989-05-06,M,,Aetna,W1277287,2026-06-06,,Sulfa drugs; NSAIDs,900-95-1411,
204169,Thorne,Margot,1989-05-01,f,margot.thorne@example.com,United Healthcare,98470814,2025-04-12,,Penicillin,900-52-3278,J45.909
204170,Aguilar,Haruki,1952-10-13,M,haruki.aguilar@,United Healthcare,95101974,2024-04-17,,NKDA,900-83-8968,J45.909
204171,Ridley,Piotr,2008-10-09,M,piotr.ridley@mail.example.net,Medicare,1EG47161280,2023-02-13,,Penicillin; Sulfa drugs,900-63-8947,I10
204172,Novotny,Julien,1964-08-06,MALE,julien.novotny@example.org,AETNA,W8963553,2023-09-04,2023-12-04,PCN,900-60-3106,I10
204173,Aguilar,Haruki,2016-09-12,M,haruki.aguilar@mail.example.net,United Healthcare,97731551,2024-02-07,2025-01-27,PCN,900-20-2469,
204174,Ionescu,Nora,2017-10-27,U,nora.ionescu@example.com,Humana,H2461139,2023-10-23,,,900-23-2239,
204175,Whitfield,Camila,2014-04-09,F,camila.whitfield@example.org,United Healthcare,93895084,2025-09-03,,PCN,900-80-6518,
204176,Nguyen,Julien,2004-05-14,M,julien.nguyen@example.org,BCBS TX,ZGP4989217,2025-09-19,,Penicillin,,E11.9
204177,Fitzgerald,Anya,1965-03-01,Female,anya.fitzgerald@mail.example.net,UHC,91575489,2026-01-12,,Sulfa drugs; NSAIDs,900-20-4316,
204178,Vasquez,Margot,1959-10-26,F,margot.vasquez@example.com,Aetna,W8870756,2026-06-10,,NKDA,,
204179,Bergstrom,Piotr,1972-10-12,M,piotr.bergstrom@example.com,Cigna,U5112959,2025-05-26,,,900-86-8054,
204180,Alvarez,Nora,1988-08-16,F,nora.alvarez@example.org,Medicare,1EG47546000,2025-12-06,,Shellfish,900-98-5677,E11.9
204181,Ridley,Femi,8/26/13,m,,Blue Cross Blue Shield of Texas,ZGP1149202,2023-06-29,,,900-99-9877,
204182,Osei,Rosa,1960-08-17,F,rosa.osei@example.com,AETNA,W3903101,2024-10-20,2027-04-04,,900-73-3154,
204183,Escobar,Camila,1966-10-03,F,,Aetna,W8098036,2023-09-19,,Penicillin,900-66-3325,E11.9
204184,Moreau,Anya,1960-09-21,F,anya.moreau@example.com,Blue Cross Blue Shield of Texas,ZGP9772318,2026-06-07,,,900-97-1799,E11.9
204185,Alvarez,Anya,1/15/55,Female,anya.alvarez@example.com,UHC,98688928,2025-05-05,,Penicillin,900-11-6451,
204186,Moreau,Elsa,1945-03-28,F,elsa.moreau@example.com,Cigna,U7826903,2023-11-15,,Penicillin; Sulfa drugs,900-47-5376,I10
204187,Hollis,Haruki,1998-11-10,M,haruki.hollis@mail.example.net,Aetna,W4933034,2025-03-25,,,900-40-1676,E11.9; I10
204188,Alvarez,Nora,1945-10-09,F,nora.alvarez@example.com,Humana,H7361302,2025-11-04,,,900-32-8404,I10
204189,Delacroix,Vera,10/11/73,F,vera.delacroix@example.com,Blue Cross Blue Shield of Texas,ZGP7557676,2024-11-11,,NKDA,900-55-1855,E11.9; I10
204190,Aguilar,Ximena,1956-06-10,F,ximena.aguilar@mail.example.net,Aetna,W7816784,2023-06-13,,Penicillin; Sulfa drugs,900-37-5998,E11.9
204191,Ramirez,Adriana,1964-05-26,F,adriana.ramirez@example.com,Aetna,W5695417,2025-10-15,,Shellfish,900-38-5428,E11.9; I10
204192,Fitzgerald,Emile,1973-07-18,M,emile.fitzgerald@example.com,United Healthcare,94573938,2023-05-24,2025-04-25,,900-79-4278,J45.909
204193,Ramirez,Naledi,1959-05-17,F,,UHC,96189839,2025-03-23,,Sulfa drugs; NSAIDs,900-12-2878,J45.909
204194,Nguyen,Thanh,2021-03-19,F,,Aetna,W6298393,2023-08-21,,NKDA,,
204195,Marchetti,Giulia,1938-06-13,f,giulia.marchetti@example.com,Medicare,1EG49427900,2025-10-16,,Peanuts; Shellfish,900-93-5509,I10; J45.909
204196,Halvorsen,Camila,2017-05-15,Female,,Medicare,1EG49148477,2025-02-27,,Sulfa drugs; NSAIDs,900-89-7263,
204197,Alvarez,Vera,1991-02-08,Female,,United Healthcare,93918958,2025-09-29,,,900-21-1754,I10
204198,Fitzgerald,Wendell,1992-09-19,M,wendell.fitzgerald@example.com,United Healthcare,93356258,2024-06-12,2024-12-06,,,E11.9; I10
204199,Petrov,Kwame,2009-04-08,MALE,kwame.petrov@example.com,United Healthcare,92444591,2025-08-02,,,900-88-7263,
204200,Yamada,Piotr,1992-06-10,MALE,piotr.yamada@example.com,Cigna,U1096957,2024-08-01,,,,I10; J45.909
204201,Bergstrom,Thanh,1952-02-28,F,thanh.bergstrom@example.org,Aetna,W7224452,2026-04-30,2027-06-12,Sulfa drugs; NSAIDs,900-53-3608,E11.9
204202,Baptiste,Beatriz,1944-07-07,Female,beatriz.baptiste@mail.example.net,BCBS TX,ZGP9384886,2024-01-01,,"Latex, Penicillin",900-30-4274,E11.9; I10
204203,Osei,Elsa,2018-05-12,F,elsa.osei@mail.example.net,Cigna,U7453403,2025-03-12,,NSAIDs; Peanuts,900-52-6798,E11.9
204204,Delacroix,Adriana,1994-08-03,F,,Cigna,U6333296,2023-08-22,2024-04-23,,900-81-5115,I10; J45.909
204205,Novotny,Julien,1989-08-04,M,julien.novotny@example.com,Humana,H3783689,2023-10-26,2024-04-25,PCN,900-45-1652,E11.9
204206,Bergstrom,Margot,1956-04-09,F,,Cigna,U2044212,2025-07-03,,Contrast dye; Latex,900-91-6753,E11.9; I10
204207,Achebe,Julien,1970-11-22,MALE,,Cigna,U5387809,2025-06-25,,NKDA,,
204208,Thorne,Everett,1953-12-11,M,,Self Pay,,,,Latex,900-29-6943,E11.9
204209,Mbeki,Thanh,1937-10-15,Female,,Medicare,1EG41838269,2025-08-31,,NKDA,900-64-3084,I10
204210,Yamada,Bjorn,1956-06-28,M,bjorn.yamada@example.com,Blue Cross Blue Shield of Texas,ZGP4530185,2025-01-31,,Peanuts; Shellfish,900-50-4929,
204211,Mbeki,Femi,4/13/73,M,,Self Pay,,,,Penicillin,900-57-5056,I10; J45.909
204212,Delacroix,Margot,1959-08-08,F,margot.delacroix@example.com,Aetna,W9273525,2025-09-04,,Penicillin; Peanuts; Latex,900-60-2133,
204213,Escobar,Vera,2001-06-26,F,vera.escobar@example.com,Blue Cross Blue Shield of Texas,ZGP3645713,2025-03-25,,NKDA,900-19-7100,J45.909
204214,Castellanos,Haruki,1973-11-16,MALE,haruki.castellanos@mail.example.net,Cigna,U4825936,2026-04-09,,Penicillin; Sulfa drugs,900-53-1290,
204215,Novotny,Thanh,1938-06-02,F,thanh.novotny@mail.example.net,Blue Cross Blue Shield of Texas,ZGP4801568,2026-01-15,,Peanuts; Shellfish,900-94-7527,
204216,Ferreira,Adriana,2018-05-06,F,adriana.ferreira@example.com,Aetna,W5600295,2025-01-23,,Sulfa drugs; NSAIDs,900-94-6113,
204217,Nguyen,Ruben,2015-06-11,MALE,ruben.nguyen@mail.example.net,Blue Cross Blue Shield of Texas,ZGP2604115,2023-10-27,,Penicillin,900-85-3440,
204218,Escobar,Emile,1963-12-21,MALE,,Blue Cross Blue Shield of Texas,ZGP5265198,2024-12-22,,Penicillin; Sulfa drugs,,E11.9; I10; J45.909
204219,Alvarez,Vera,2012-03-09,Female,,AETNA,W5033345,2024-12-11,2027-02-27,Penicillin,900-82-5376,E11.9
204220,Hollis,Anya,1960-05-12,f,anya.hollis@example.org,Self Pay,,,,NSAIDs; Peanuts,900-31-9773,I10
204221,Ridley,Piotr,2018-07-14,M,piotr.ridley@example.org,Blue Cross Blue Shield of Texas,ZGP7009937,2026-05-23,,,900-95-8007,
204222,Castellanos,Thanh,2023-02-28,Female,thanh.castellanos@example.com,Blue Cross Blue Shield of Texas,ZGP6242871,2024-01-16,,NSAIDs; Peanuts,,
204223,Aguilar,Anya,2004-10-11,F,,Medicare,1EG45622174,2026-04-24,,Penicillin; Sulfa drugs,900-29-2077,E11.9
204224,Hollis,Ruben,1931-07-28,M,ruben.hollis@,Medicare,1EG45793935,2025-05-04,,Penicillin; Peanuts; Latex,900-16-5594,E11.9
204225,Escobar,Anya,1942-04-07,F,anya.escobar@example.org,Medicare,1EG47107134,2024-06-09,,"Latex, Penicillin",900-58-5422,E11.9; I10
204226,Okafor,Nora,1944-07-19,F,nora.okafor@example.com,United Healthcare,96097887,2023-01-21,,NKDA,,
204227,Ionescu,Bjorn,1982-12-01,MALE,bjorn.ionescu@example.com,United Healthcare,97487339,2023-03-02,,,900-89-5047,I10; J45.909
204228,Ionescu,Cordelia,2014-09-09,F,cordelia.ionescu@example.org,Medicare,1EG47281264,2024-09-16,2025-06-23,PCN,,E11.9; I10
204229,Hollis,Julien,1945-02-03,M,julien.hollis@example.com,Aetna,W6726452,2023-07-26,,,,E11.9; I10
204230,Novotny,Femi,2001-04-10,M,femi.novotny@mail.example.net,Humana,H5048641,2023-01-08,,Shellfish,900-76-2637,E11.9; I10
204231,Alvarez,Everett,1987-10-21,M,everett.alvarez@example.com,Blue Cross Blue Shield of Texas,ZGP2613682,2024-11-09,,NKDA,900-48-2943,I10
204232,Achebe,Adriana,1956-07-20,F,adriana.achebe@mail.example.net,Blue Cross Blue Shield of Texas,ZGP5839178,2025-03-16,,,900-53-9754,J45.909
204233,Moreau,Haruki,1947-12-08,M,haruki.moreau@mail.example.net,Blue Cross Blue Shield of Texas,ZGP7852054,2025-09-03,2026-07-11,,900-15-5630,
204234,Novotny,Cordelia,1973-11-10,F,cordelia.novotny@mail.example.net,Blue Cross Blue Shield of Texas,ZGP7787470,2026-03-23,,Penicillin,,E11.9; I10; J45.909
204235,Ramirez,Camila,1971-08-20,F,camila.ramirez@mail.example.net,Blue Cross Blue Shield of Texas,ZGP1641490,2024-09-02,,Penicillin,900-98-1701,E11.9
204236,Okafor,Ximena,1960-04-25,F,ximena.okafor@example.com,Blue Cross Blue Shield of Texas,ZGP4959038,2023-07-18,,NKDA,,
204237,Achebe,Ruben,1942-12-25,Non-binary,ruben.achebe@example.com,Cigna,U6368742,2024-02-20,,,900-13-3277,E11.9; I10; J45.909
204238,Baptiste,Luz,1953-02-26,F,luz.baptiste@example.com,Aetna,W6168378,2024-10-10,,"Latex, Penicillin",900-19-7787,E11.9; I10; J45.909
204239,Petrov,Chidi,1949-07-25,M,,Self Pay,,,,Penicillin; Sulfa drugs,900-57-8774,
204240,Novotny,Thanh,2009-12-02,Female,thanh.novotny@mail.example.net,Humana,H7375368,2024-11-26,,,900-15-3005,I10; J45.909
204241,Okafor,Sigrid,1955-04-21,F,sigrid.okafor@example.com,United Healthcare,98593350,2026-05-13,,Penicillin; Sulfa drugs,900-95-2317,E11.9; I10; J45.909
204242,Bergstrom,Vera,2015-06-01,U,vera.bergstrom@mail.example.net,United Healthcare,92642013,2025-12-05,,Contrast dye; Latex,900-72-1006,I10
204243,Okafor,Nora,1996-09-12,Female,nora.okafor@example.com,Self Pay,,,,Penicillin; Peanuts; Latex,900-51-8131,E11.9
204244,Yamada,Elsa,1967-12-20,F,elsa.yamada@example.com,United Healthcare,93725321,2025-09-22,,,900-29-8887,J45.909
204245,Sandoval,Emile,2017-02-17,U,,Self Pay,,,,Penicillin,,
204246,Vasquez,Femi,1992-11-25,M,femi.vasquez@mail.example.net,UHC,96068367,2025-12-01,,NSAIDs; Peanuts,900-82-6694,
204247,Alvarez,Margot,2022-07-08,F,margot.alvarez@mail.example.net,Blue Cross Blue Shield of Texas,ZGP3152670,2025-08-10,,Peanuts; Shellfish,900-36-5797,
204248,Halvorsen,Alden,2006-01-04,M,alden.halvorsen@mail.example.net,United Healthcare,95163841,2023-11-27,,NSAIDs; Peanuts,,I10; J45.909
204249,Aguilar,Mateo,1933-07-19,M,mateo.aguilar@example.com,Cigna,U2106909,2024-06-25,,,900-22-5977,
204250,Ionescu,Cordelia,2021-06-09,U,cordelia.ionescu@example.com,BCBS TX,ZGP7502860,2023-12-19,,Penicillin,900-97-7935,E11.9
204251,Achebe,Wendell,2022-05-18,M,wendell.achebe@example.com,Medicare,1EG48286407,2025-11-02,,Peanuts; Shellfish,900-89-9976,E11.9; I10
204252,Osei,Sigrid,1957-05-04,F,,United Healthcare,99638209,2025-05-17,,Penicillin; Sulfa drugs,900-89-4643,I10; J45.909
204253,Fitzgerald,Vera,1933-02-13,F,vera.fitzgerald@example.com,Humana,H3966898,2023-08-28,,Shellfish,900-35-6985,
204254,Alvarez,Giulia,1984-03-18,F,giulia.alvarez@example.com,Self Pay,,,,"Latex, Penicillin",900-11-3107,E11.9; I10; J45.909
204255,Alvarez,Rosa,1972-01-04,F,rosa.alvarez@example.com,Humana,H9627359,2026-04-08,,,900-81-3264,
204256,Halvorsen,Rosa,1948-04-20,F,rosa.halvorsen@example.com,Blue Cross Blue Shield of Texas,ZGP8154092,2023-03-29,,Penicillin; Sulfa drugs,,E11.9; I10; J45.909
204257,Whitfield,Piotr,6/26/10,M,piotr.whitfield@mail.example.net,UHC,95207238,2023-08-27,,Peanuts; Shellfish,900-35-5067,
204258,Fitzgerald,Wendell,2/4/41,M,wendell.fitzgerald@example.org,Cigna,U7062192,2023-11-20,,Contrast dye; Latex,900-46-3949,I10
204259,Nguyen,Chidi,1935-11-24,MALE,,Cigna,U8158388,2025-12-15,,Shellfish,900-39-9995,E11.9
204260,Vasquez,Rosa,1953-12-02,F,rosa.vasquez@mail.example.net,Aetna,W8225258,2025-11-14,,Penicillin; Sulfa drugs,900-88-7509,E11.9
204261,Delacroix,Anya,10/20/53,F,anya.delacroix@example.com,Aetna,W2072952,2023-04-18,,,900-91-8162,J45.909
204262,Ridley,Femi,1950-06-09,M,femi.ridley@example.com,Blue Cross Blue Shield of Texas,ZGP6595301,2025-02-10,,NKDA,900-74-5381,I10; J45.909
204263,Osei,Vera,2017-02-05,f,,Humana,H9529209,2026-03-23,,PCN,900-13-5945,
204264,Whitfield,Giulia,1997-07-14,F,giulia.whitfield@example.com,Cigna,U9477378,2024-03-18,,,900-24-1889,I10; J45.909
204265,Whitfield,Ines,1946-10-01,F,ines.whitfield@example.com,UHC,99533730,2026-06-18,,,900-74-3295,I10
204266,Lindqvist,Sigrid,1962-10-20,Female,sigrid.lindqvist@mail.example.net,Medicare,1EG43213078,2026-02-10,,NKDA,900-85-8638,I10
204267,Whitfield,Adriana,1987-11-04,F,adriana.whitfield@example.com,Cigna,U3788629,2023-04-17,,,,
204268,Fitzgerald,Ximena,1931-01-03,F,ximena.fitzgerald@example.com,Self Pay,,,,,900-84-2219,
204269,Ferreira,Everett,1990-11-19,M,,Humana,H6322619,2024-01-16,,Peanuts; Shellfish,900-69-1421,E11.9
204270,Castellanos,Beatriz,1982-11-06,F,beatriz.castellanos@example.com,Aetna,W8292965,2025-10-08,,NKDA,900-13-4322,
204271,Yamada,Ruben,1981-11-14,M,ruben.yamada@example.com,AETNA,W9457673,2025-05-06,,Sulfa drugs; NSAIDs,900-66-8645,I10
204272,Hollis,Julien,1963-03-21,M,julien.hollis@example.org,Self Pay,,,,Peanuts; Shellfish,900-75-2542,
204273,Achebe,Femi,1995-11-27,,femi.achebe@example.com,UHC,93869362,2023-05-29,,Penicillin; Sulfa drugs,900-61-1015,
204274,Hollis,Adriana,5/10/65,Female,adriana.hollis@mail.example.net,Cigna,U8505023,2023-03-24,,Sulfa drugs; NSAIDs,900-56-9560,E11.9
204275,Baptiste,Vera,1957-09-09,F,,Medicare,1EG46544865,2025-01-09,2027-04-12,Penicillin; Peanuts; Latex,900-29-3359,
204276,Petrov,Luz,2004-07-11,Female,luz.petrov@example.com,Medicare,1EG42031240,2024-05-15,,Peanuts; Shellfish,900-55-5726,
204277,Whitfield,Cordelia,2017-03-02,F,cordelia.whitfield@example.com,Humana,H3013846,2026-04-18,,Contrast dye; Latex,900-21-4555,
204278,Lindqvist,Elsa,1999-02-12,,elsa.lindqvist@example.com,United Healthcare,92868679,2025-07-24,2025-12-09,,900-69-6990,I10
204279,Nguyen,Cordelia,8/8/40,F,cordelia.nguyen@example.com,BCBS TX,ZGP9696936,2025-04-11,,"Latex, Penicillin",900-80-6968,
204280,Ferreira,Elsa,2024-07-30,Female,elsa.ferreira@example.com,United Healthcare,91925105,2025-12-29,,Shellfish,900-50-6155,E11.9
204281,Castellanos,Camila,2014-12-03,F,,United Healthcare,91086020,2024-08-26,,,,
204282,Aguilar,Beatriz,5/22/88,f,beatriz.aguilar@example.com,Aetna,W1061409,2023-04-06,,,,
204283,Bergstrom,Nora,1968-09-26,F,nora.bergstrom@example.com,BCBS TX,ZGP5457858,2025-04-01,,PCN,900-20-4261,
204284,Yamada,Margot,1961-06-16,F,margot.yamada@example.com,Blue Cross Blue Shield of Texas,ZGP3259677,2023-04-12,,Penicillin,900-70-2403,I10
204285,Delacroix,Giulia,1960-09-06,F,giulia.delacroix@example.com,Aetna,W4813246,2026-05-23,,Penicillin; Sulfa drugs,900-57-1895,I10
204286,Lindqvist,Everett,1994-06-20,U,,United Healthcare,92132619,2026-03-17,,Penicillin,900-83-6618,E11.9; I10
204287,Ramirez,Margot,2/2/44,F,margot.ramirez@example.com,Medicare,1EG49722586,2023-08-20,,NKDA,900-37-7035,E11.9
204288,Kowalski,Emile,1983-04-12,M,emile.kowalski@example.org,BCBS TX,ZGP1445654,2023-02-13,,,900-77-1023,
204289,Kowalski,Naledi,1942-06-03,F,naledi.kowalski@example.com,Aetna,W6472911,2023-05-15,2025-05-14,Sulfa drugs; NSAIDs,900-96-9169,
204290,Ridley,Sigrid,1978-11-04,F,sigrid.ridley@example.com,Humana,H5252361,2024-06-03,2026-01-09,Penicillin,900-86-8209,
204291,Mbeki,Anya,2000-11-10,F,,Blue Cross Blue Shield of Texas,ZGP5551009,2025-06-28,,NKDA,900-55-7425,I10
204292,Whitfield,Ines,1977-08-08,Female,ines.whitfield@example.org,Aetna,W2222838,2025-11-01,,Penicillin,900-94-7780,
204293,Whitfield,Femi,9/19/75,m,femi.whitfield@mail.example.net,Cigna,U4059063,2026-04-27,,Penicillin,900-80-2595,E11.9
204294,Mbeki,Alden,2014-04-13,M,alden.mbeki@mail.example.net,UHC,97245799,2024-01-15,2024-11-23,NKDA,900-72-1269,E11.9; I10
204295,Moreau,Julien,2004-07-12,M,julien.moreau@example.com,Blue Cross Blue Shield of Texas,ZGP3638987,2024-07-17,,,900-73-8533,E11.9
204296,Ferreira,Rosa,1939-01-24,Female,rosa.ferreira@mail.example.net,UHC,97002698,2025-06-26,,Shellfish,900-17-4760,
204297,Nguyen,Thanh,1948-12-05,F,thanh.nguyen@mail.example.net,BCBS TX,ZGP6487624,2024-10-11,,Penicillin; Peanuts; Latex,900-82-2991,I10
204298,Nguyen,Mateo,1983-10-31,MALE,mateo.nguyen@example.com,Medicare,1EG45722011,2023-08-03,,Penicillin; Peanuts; Latex,900-10-5208,
204299,Okafor,Luz,1941-04-18,Female,luz.okafor@example.com,Cigna,U1580328,2025-06-30,,Penicillin,900-67-9448,I10
204300,Kowalski,Adriana,11/8/14,Female,adriana.kowalski@example.com,Blue Cross Blue Shield of Texas,ZGP9550671,2025-10-28,2026-03-19,,900-39-9110,E11.9
204301,Yamada,Piotr,2019-10-05,M,piotr.yamada@example.com,Medicare,1EG48067158,2024-08-05,,NKDA,900-79-2803,
204302,Yamada,Chidi,2022-05-27,M,chidi.yamada@example.com,Aetna,W9266998,2025-04-17,,Latex,900-62-7985,E11.9; I10
204303,Baptiste,Ines,2012-07-30,Female,,Aetna,W1437122,2025-03-16,,,900-20-8125,E11.9
204304,Marchetti,Ruben,2023-06-17,X,ruben.marchetti@example.com,Aetna,W9735897,2023-11-13,,,,I10
204305,Novotny,Kwame,1991-12-25,M,,UHC,93614774,2024-10-13,2027-02-08,Penicillin,900-33-9957,E11.9
204306,Novotny,Wendell,1969-07-25,m,wendell.novotny@mail.example.net,Blue Cross Blue Shield of Texas,ZGP3605603,2025-08-24,,Penicillin; Sulfa drugs,900-64-7853,I10; J45.909
204307,Kowalski,Alden,1989-08-16,M,,Aetna,W6222707,2024-06-07,2025-04-30,Penicillin; Sulfa drugs,900-43-9933,J45.909
204308,Baptiste,Elsa,2005-10-26,F,,Blue Cross Blue Shield of Texas,ZGP4828551,2023-11-29,,Penicillin; Sulfa drugs,,E11.9; I10
204309,Moreau,Adriana,1966-07-05,F,adriana.moreau@mail.example.net,Humana,H3571752,2023-04-30,,Peanuts; Shellfish,900-31-3165,I10
204310,Petrov,Emile,2009-05-16,M,emile.petrov@mail.example.net,Blue Cross Blue Shield of Texas,ZGP9073462,2026-06-01,2028-02-28,Penicillin; Peanuts; Latex,900-18-9137,
204311,Petrov,Giulia,1964-06-06,f,giulia.petrov@mail.example.net,Medicare,1EG47658927,2025-02-09,,Penicillin,900-58-9716,I10
204312,Vasquez,Sigrid,1977-01-11,F,sigrid.vasquez@example.org,United Healthcare,93122347,2023-05-18,,,,J45.909
204313,Delacroix,Elsa,1998-03-15,F,elsa.delacroix@example.com,UHC,91336682,2023-11-22,,Contrast dye; Latex,900-45-3657,E11.9
204314,Castellanos,Femi,6/12/76,MALE,femi.castellanos@example.com,United Healthcare,92217584,2023-07-11,,Penicillin; Sulfa drugs,900-82-8520,I10
204315,Novotny,Alden,2009-11-15,Non-binary,alden.novotny@example.com,AETNA,W2617924,2024-12-21,,,,I10; J45.909
204316,Hollis,Rosa,1937-04-30,f,rosa.hollis@example.com,Humana,H6675091,2023-07-20,,Sulfa drugs; NSAIDs,900-53-7723,E11.9
204317,Aguilar,Vera,1948-12-31,Female,vera.aguilar@example.com,BCBS TX,ZGP5709958,2025-07-09,,Sulfa drugs; NSAIDs,900-68-6338,I10
204318,Baptiste,Luz,1979-04-06,F,luz.baptiste@example.com,Blue Cross Blue Shield of Texas,ZGP2479191,2023-07-12,,Penicillin; Peanuts; Latex,900-20-7465,E11.9
204319,Fitzgerald,Julien,2016-02-05,m,julien.fitzgerald@example.com,Medicare,1EG41248985,2023-08-25,,Penicillin; Peanuts; Latex,900-94-9715,E11.9; I10
204320,Thorne,Julien,1958-02-01,M,,Blue Cross Blue Shield of Texas,ZGP9179651,2024-08-10,,Contrast dye; Latex,900-72-3829,I10
204321,Sandoval,Ximena,1978-03-07,F,ximena.sandoval@example.com,UHC,96400529,2025-06-11,,Penicillin; Peanuts; Latex,900-30-4277,
204322,Aguilar,Beatriz,1969-08-16,F,beatriz.aguilar@example.com,Self Pay,,,,,,I10
204323,Sandoval,Ines,1942-01-26,Female,,United Healthcare,96962702,2023-06-05,,PCN,900-48-1869,E11.9
204324,Ramirez,Camila,1964-02-25,Female,,Humana,H4385482,2023-07-16,,NKDA,900-80-7981,
204325,Novotny,Emile,1955-02-03,M,emile.novotny@mail.example.net,Medicare,1EG44605440,2023-04-16,,,900-51-1149,
204326,Delacroix,Elsa,1982-04-09,F,elsa.delacroix@example.com,Aetna,W1733240,2023-08-13,,NKDA,,I10; J45.909
204327,Moreau,Julien,1988-11-25,MALE,julien.moreau@mail.example.net,BCBS TX,ZGP4879539,2024-05-21,,,900-99-9211,E11.9; I10; J45.909
204328,Nguyen,Piotr,10/10/54,MALE,piotr.nguyen@mail.example.net,Blue Cross Blue Shield of Texas,ZGP8995095,2024-12-25,,,900-22-4064,E11.9; I10; J45.909
204329,Ridley,Piotr,1986-03-24,MALE,piotr.ridley@example.com,Blue Cross Blue Shield of Texas,ZGP8034001,2024-04-08,,,,I10
204330,Marchetti,Luz,1967-12-19,F,luz.marchetti@mail.example.net,Medicare,1EG47774732,2024-01-26,2025-06-01,Penicillin; Sulfa drugs,900-84-7777,
204331,Bergstrom,Piotr,2008-10-13,M,piotr.bergstrom@mail.example.net,UHC,95315807,2024-12-30,,NKDA,900-73-7059,E11.9
204332,Ramirez,Alden,1971-06-17,M,,Aetna,W2214605,2023-03-26,,,,E11.9; I10
204333,Delacroix,Femi,1985-08-31,M,,Medicare,1EG42535626,2026-02-10,,Latex,900-13-4196,
204334,Sandoval,Thanh,2010-01-22,F,,Humana,H3700553,2023-10-24,2023-02-02,,900-56-6266,
204335,Novotny,Chidi,2019-05-17,M,chidi.novotny@example.com,United Healthcare,99527604,2024-06-06,2026-08-13,NSAIDs; Peanuts,900-46-2091,E11.9; I10
204336,Halvorsen,Luz,2009-11-10,Female,luz.halvorsen@,Self Pay,,,,,,E11.9
204337,Marchetti,Camila,1938-02-23,F,camila.marchetti@example.com,Self Pay,,,,Penicillin; Sulfa drugs,900-52-9928,
204338,Aguilar,Ximena,1990-05-10,F,ximena.aguilar@example.com,Blue Cross Blue Shield of Texas,ZGP2098573,2023-07-27,,,900-52-7076,I10
204339,Vasquez,Luz,1991-03-21,Non-binary,luz.vasquez@example.org,BCBS TX,ZGP6500048,2023-01-28,,,900-25-8165,I10
204340,Yamada,Mateo,1976-11-26,m,mateo.yamada@example.org,Medicare,1EG41565347,2026-06-14,,Penicillin,900-38-2540,E11.9; I10
204341,Fitzgerald,Vera,1977-10-07,F,vera.fitzgerald@example.com,Blue Cross Blue Shield of Texas,ZGP4582998,2023-11-04,,,900-55-1700,E11.9; I10
204342,Bergstrom,Anya,2/5/22,F,,Medicare,1EG44745581,2023-04-14,,Penicillin,900-97-3649,I10
204343,Kowalski,Kwame,2023-10-14,M,kwame.kowalski@example.com,Blue Cross Blue Shield of Texas,ZGP1957006,2023-01-02,,Shellfish,900-63-7023,E11.9; I10; J45.909
204344,Okafor,Thanh,2005-01-28,Female,,UHC,95527133,2024-01-26,,,900-81-6191,I10
204345,Ferreira,Bjorn,2013-02-20,MALE,bjorn.ferreira@example.com,UHC,91981136,2025-09-11,,Sulfa drugs; NSAIDs,900-34-3348,E11.9; I10
204346,Ionescu,Rosa,1990-06-05,Female,rosa.ionescu@example.com,Medicare,1EG46351068,2023-05-17,,,900-41-3780,
204347,Thorne,Elsa,1988-01-12,Female,elsa.thorne@mail.example.net,Aetna,W6288336,2024-03-20,,,900-82-2781,
204348,Lindqvist,Vera,5/13/92,F,vera.lindqvist@example.com,Cigna,U7825103,2024-06-18,,NSAIDs; Peanuts,900-30-5401,
204349,Aguilar,Alden,1931-05-03,M,alden.aguilar@example.com,Blue Cross Blue Shield of Texas,ZGP7784430,2024-03-06,,NKDA,900-31-9141,
204350,Ridley,Chidi,1957-11-13,M,chidi.ridley@example.com,AETNA,W2040966,2026-06-14,,"Latex, Penicillin",900-26-3108,E11.9
204351,Kowalski,Margot,1967-12-04,F,margot.kowalski@mail.example.net,Medicare,1EG41186722,2023-06-25,,NKDA,900-19-6397,E11.9; I10; J45.909
204352,Vasquez,Adriana,1944-06-29,F,adriana.vasquez@mail.example.net,United Healthcare,93247265,2026-05-02,2026-11-02,NSAIDs; Peanuts,900-38-2122,I10
204353,Hollis,Piotr,1966-09-28,M,,Blue Cross Blue Shield of Texas,ZGP1107430,2023-09-21,,,900-87-3047,J45.909
204354,Escobar,Rosa,1947-12-27,F,rosa.escobar@example.com,BCBS TX,ZGP8159235,2024-02-13,,,900-28-4291,J45.909
204355,Lindqvist,Everett,2021-05-30,m,everett.lindqvist@mail.example.net,Aetna,W4690303,2024-09-02,,PCN,900-30-9749,
204356,Bergstrom,Nora,1963-04-08,Female,,UHC,98888979,2026-04-03,,Penicillin; Sulfa drugs,900-21-3377,I10
204357,Osei,Wendell,2024-06-16,M,wendell.osei@mail.example.net,Medicare,1EG45489871,2026-03-19,,Peanuts; Shellfish,900-46-7850,E11.9; I10
204358,Bergstrom,Camila,2019-08-02,Female,camila.bergstrom@mail.example.net,Cigna,U4481448,2025-08-10,,,900-15-9506,E11.9
204359,Moreau,Bjorn,2009-06-07,M,bjorn.moreau@example.com,UHC,98945398,2025-08-24,,,900-75-1002,J45.909
204360,Ionescu,Luz,1991-06-03,F,luz.ionescu@mail.example.net,BCBS TX,ZGP1141826,2026-05-14,,PCN,900-20-6002,I10; J45.909
204361,Achebe,Mateo,2011-05-31,M,mateo.achebe@example.org,Medicare,1EG43382562,2025-11-23,,,,J45.909
204362,Lindqvist,Margot,5/30/17,F,margot.lindqvist@mail.example.net,Humana,H9906853,2025-01-07,2026-08-30,,900-40-1402,E11.9; I10
204363,Thorne,Alden,1983-02-02,MALE,alden.thorne@example.com,Cigna,U5989644,2025-04-07,,"Latex, Penicillin",900-11-9034,
204364,Baptiste,Luz,2012-10-12,Female,luz.baptiste@example.com,BCBS TX,ZGP2202399,2025-11-30,,PCN,900-14-3295,
204365,Osei,Anya,1951-06-02,Non-binary,,BCBS TX,ZGP1970087,2024-07-04,,Penicillin; Sulfa drugs,900-55-7598,
204366,Halvorsen,Julien,1960-05-29,M,julien.halvorsen@example.org,United Healthcare,96102953,2023-02-19,,,900-45-2567,E11.9
204367,Hollis,Thanh,1931-03-29,F,thanh.hollis@example.com,Cigna,U4751382,2024-03-19,,Sulfa drugs; NSAIDs,900-92-3089,E11.9; I10
204368,Marchetti,Margot,1936-04-17,F,,United Healthcare,92848332,2024-06-14,,,,
204369,Petrov,Margot,1933-05-31,F,margot.petrov@example.com,United Healthcare,99699682,2024-06-14,,NKDA,900-91-6784,
204370,Fitzgerald,Emile,1995-09-17,M,emile.fitzgerald@example.org,UHC,94691825,2023-07-23,,"Latex, Penicillin",900-47-2444,E11.9; I10
204371,Ferreira,Ruben,1/3/14,M,ruben.ferreira@mail.example.net,Cigna,U7898352,2025-02-05,,PCN,900-29-8580,
204372,Halvorsen,Emile,2001-09-05,M,emile.halvorsen@mail.example.net,Self Pay,,,,,900-12-8812,E11.9; I10
204373,Baptiste,Luz,1972-09-22,F,luz.baptiste@example.com,United Healthcare,93236967,2025-12-31,2028-03-03,Sulfa drugs; NSAIDs,900-35-1309,
204374,Lindqvist,Bjorn,1949-01-22,M,bjorn.lindqvist@example.com,Blue Cross Blue Shield of Texas,ZGP2519145,2023-06-14,,Penicillin; Peanuts; Latex,900-71-5388,I10
204375,Mbeki,Wendell,2000-02-04,M,wendell.mbeki@example.com,Medicare,1EG49232699,2026-05-14,,Penicillin; Sulfa drugs,900-96-6910,
204376,Bergstrom,Ximena,1936-07-14,F,ximena.bergstrom@example.com,Cigna,U4326472,2025-11-18,,Peanuts; Shellfish,900-96-8096,
204377,Nguyen,Bjorn,1968-02-20,MALE,bjorn.nguyen@example.com,United Healthcare,91761863,2023-11-17,,Penicillin; Sulfa drugs,900-74-6276,I10
204378,Halvorsen,Kwame,1989-10-18,MALE,kwame.halvorsen@example.com,Aetna,W9567481,2024-11-09,,,900-80-5897,
204379,Castellanos,Thanh,1975-09-30,F,thanh.castellanos@,Medicare,1EG45411580,2025-02-08,,,900-97-2710,E11.9; I10; J45.909
204380,Nguyen,Margot,1947-08-24,F,margot.nguyen@example.org,Self Pay,,,,Penicillin; Sulfa drugs,900-83-2459,I10
204381,Lindqvist,Thanh,1995-09-22,F,thanh.lindqvist@mail.example.net,UHC,93033702,2025-04-15,,Peanuts; Shellfish,900-51-6807,J45.909
204382,Hollis,Sigrid,2020-12-14,F,sigrid.hollis@example.com,Blue Cross Blue Shield of Texas,ZGP2050046,2023-08-29,,,,E11.9; I10
204383,Nguyen,Rosa,2005-02-01,Female,rosa.nguyen@example.com,AETNA,W4563128,2026-06-17,2026-07-24,,,I10; J45.909
204384,Alvarez,Piotr,1953-01-19,M,piotr.alvarez@mail.example.net,Blue Cross Blue Shield of Texas,ZGP2352843,2025-04-29,2027-04-28,Penicillin,900-91-7555,I10
204385,Delacroix,Piotr,1965-08-03,M,,Self Pay,,,,,900-45-5957,
204386,Fitzgerald,Bjorn,1955-09-14,MALE,bjorn.fitzgerald@example.com,Humana,H2360491,2023-12-09,,,900-28-1709,
204387,Vasquez,Alden,1956-08-15,m,alden.vasquez@example.org,Cigna,U6026727,2023-02-02,,,900-44-4155,I10
204388,Bergstrom,Anya,1951-07-22,F,anya.bergstrom@mail.example.net,Medicare,1EG44348577,2024-05-24,2024-07-16,,900-47-9681,E11.9
204389,Castellanos,Thanh,1953-03-22,F,thanh.castellanos@,United Healthcare,93673940,2025-02-16,,NKDA,900-48-2702,
204390,Osei,Ximena,10/24/80,F,ximena.osei@example.com,Blue Cross Blue Shield of Texas,ZGP1942920,2025-10-09,,Penicillin; Sulfa drugs,,
204391,Nguyen,Margot,1938-10-27,F,,Medicare,1EG46337201,2023-06-23,,Sulfa drugs; NSAIDs,,
204392,Alvarez,Luz,1933-08-22,F,luz.alvarez@example.com,UHC,98306609,2025-03-17,,NKDA,,
204393,Bergstrom,Thanh,1995-08-29,F,thanh.bergstrom@example.com,AETNA,W8084494,2026-05-09,,,900-59-4193,
204394,Halvorsen,Femi,1961-12-19,M,femi.halvorsen@example.com,United Healthcare,93766746,2023-02-03,,Latex,,I10; J45.909
204395,Baptiste,Beatriz,1951-04-21,F,beatriz.baptiste@example.com,BCBS TX,ZGP3207638,2025-10-25,,,900-77-8063,J45.909
204396,Castellanos,Chidi,1988-06-28,M,chidi.castellanos@example.com,Cigna,U8611215,2023-06-25,,Penicillin,900-46-1102,J45.909
204397,Escobar,Piotr,1939-03-13,M,piotr.escobar@mail.example.net,Blue Cross Blue Shield of Texas,ZGP5089283,2023-01-27,,Shellfish,900-95-4476,
204398,Moreau,Wendell,1970-12-07,M,wendell.moreau@example.org,Humana,H1179243,2024-08-14,,,900-39-6296,E11.9; I10; J45.909
204399,Sandoval,Piotr,1999-01-07,M,piotr.sandoval@mail.example.net,Aetna,W1818252,2023-07-29,,PCN,900-55-1410,E11.9
204400,Mbeki,Rosa,2013-08-05,F,rosa.mbeki@example.com,Blue Cross Blue Shield of Texas,ZGP1665326,2026-04-10,,,900-59-3312,I10
204401,Okafor,Anya,1956-01-29,f,anya.okafor@example.com,Cigna,U4114287,2024-06-21,,Penicillin,900-72-7838,
204402,Castellanos,Elsa,1950-07-16,Female,elsa.castellanos@mail.example.net,United Healthcare,95822086,2025-04-19,,,900-65-3770,
204403,Kowalski,Margot,1963-08-24,F,margot.kowalski@example.com,Blue Cross Blue Shield of Texas,ZGP9118008,2023-09-29,,Penicillin,900-37-9634,I10
204404,Lindqvist,Mateo,1966-07-05,MALE,mateo.lindqvist@mail.example.net,Medicare,1EG42093949,2023-01-07,,NKDA,900-74-4616,I10
204405,Castellanos,Nora,1945-08-07,F,nora.castellanos@example.org,United Healthcare,98555068,2024-12-04,2026-09-08,,900-27-9326,E11.9; I10; J45.909
204406,Yamada,Alden,1975-05-29,M,,Blue Cross Blue Shield of Texas,ZGP4409358,2025-12-28,,"Latex, Penicillin",900-82-8466,
204407,Halvorsen,Cordelia,1953-01-31,F,cordelia.halvorsen@example.com,BCBS TX,ZGP5497641,2023-09-04,,"Latex, Penicillin",900-87-1420,E11.9
204408,Yamada,Cordelia,1971-10-28,F,cordelia.yamada@example.com,Blue Cross Blue Shield of Texas,ZGP6762341,2024-07-05,,,900-67-2194,E11.9; I10
204409,Whitfield,Thanh,1979-05-16,F,thanh.whitfield@example.com,AETNA,W4900013,2025-12-26,,NKDA,900-84-4758,
204410,Vasquez,Wendell,1934-06-29,MALE,wendell.vasquez@example.org,Blue Cross Blue Shield of Texas,ZGP7757309,2025-11-05,,Penicillin; Sulfa drugs,900-32-1962,E11.9
204411,Novotny,Femi,1985-08-26,M,femi.novotny@,Medicare,1EG43108840,2024-05-18,2026-09-01,,900-97-1824,J45.909
204412,Aguilar,Emile,1989-10-05,M,emile.aguilar@mail.example.net,Blue Cross Blue Shield of Texas,ZGP4078931,2023-12-14,2024-11-02,,900-60-8902,E11.9
204413,Okafor,Luz,2022-08-09,Female,luz.okafor@example.com,Self Pay,,,,,900-78-2037,E11.9; I10
204414,Sandoval,Camila,1932-12-04,Female,,BCBS TX,ZGP9084149,2024-02-02,,Sulfa drugs; NSAIDs,900-78-3962,
204415,Delacroix,Margot,1954-12-09,Female,margot.delacroix@mail.example.net,Medicare,1EG44582026,2025-09-20,,Penicillin,,
204416,Aguilar,Bjorn,1994-10-16,M,,Aetna,W7581373,2024-02-07,,,900-68-1153,J45.909
204042,Halvorsen,Anya,9/23/64,F,anya.halvorsen@example.com,Aetna,W1241521,2023-08-12,,,900-86-9084,
204418,Moreau,Piotr,1952-12-25,M,piotr.moreau@example.com,Blue Cross Blue Shield of Texas,ZGP6513652,2026-06-02,,,900-38-2217,I10
204419,Escobar,Kwame,1966-11-05,M,kwame.escobar@example.com,United Healthcare,95005903,2025-03-10,,,900-84-1449,J45.909
204420,Novotny,Bjorn,2008-07-01,MALE,bjorn.novotny@example.com,United Healthcare,98144550,2026-01-27,2026-04-15,Penicillin,900-86-1093,E11.9; I10; J45.909
204421,Hollis,Emile,1966-12-03,M,emile.hollis@example.org,Humana,H5421848,2025-08-06,,NKDA,900-86-8170,E11.9; I10
204422,Vasquez,Emile,1936-02-13,M,emile.vasquez@example.com,Medicare,1EG44665907,2023-03-07,,Penicillin; Sulfa drugs,,E11.9
204423,Aguilar,Luz,1941-02-22,F,,Aetna,W3109561,2023-09-17,,NKDA,900-84-2137,E11.9
204424,Ferreira,Elsa,1978-04-24,f,elsa.ferreira@mail.example.net,Aetna,W4312373,2023-05-24,,Penicillin,900-58-4054,J45.909
204425,Castellanos,Wendell,1961-12-05,M,wendell.castellanos@mail.example.net,UHC,98439318,2024-11-22,2027-02-04,Penicillin; Sulfa drugs,900-41-9742,E11.9
204426,Halvorsen,Chidi,1/5/89,m,chidi.halvorsen@example.com,Blue Cross Blue Shield of Texas,ZGP3587460,2025-05-19,,,900-69-6749,E11.9
204427,Whitfield,Anya,2016-05-13,F,anya.whitfield@example.org,Blue Cross Blue Shield of Texas,ZGP5114774,2025-06-29,2026-04-11,,,
204428,Lindqvist,Adriana,1993-05-02,F,adriana.lindqvist@example.com,Medicare,1EG43696528,2023-03-08,,Penicillin; Sulfa drugs,900-69-4532,
204429,Ferreira,Nora,1989-08-18,Female,nora.ferreira@example.com,Medicare,1EG43754825,2024-04-11,,,900-66-3821,E11.9; I10
204430,Ionescu,Anya,1934-06-24,F,anya.ionescu@example.com,Blue Cross Blue Shield of Texas,ZGP3438965,2025-09-26,,,900-29-5902,
204431,Ramirez,Haruki,1989-04-15,M,haruki.ramirez@mail.example.net,United Healthcare,92849502,2023-12-02,,NSAIDs; Peanuts,900-11-6616,
204432,Moreau,Naledi,1939-09-12,F,naledi.moreau@example.com,UHC,99173559,2025-03-30,,,900-18-9249,
204433,Ferreira,Bjorn,1949-03-29,M,bjorn.ferreira@mail.example.net,BCBS TX,ZGP7662243,2023-04-08,,Peanuts; Shellfish,,
204434,Novotny,Femi,1970-06-01,M,femi.novotny@example.org,Humana,H2627034,2025-09-19,,Penicillin; Sulfa drugs,900-10-2325,E11.9; I10
204435,Delacroix,Elsa,1958-03-03,F,elsa.delacroix@mail.example.net,Humana,H6690093,2024-04-14,,Contrast dye; Latex,900-85-5064,
204436,Moreau,Thanh,1974-03-13,Female,thanh.moreau@example.com,Blue Cross Blue Shield of Texas,ZGP4245216,2026-03-31,,,900-71-3884,E11.9
204437,Castellanos,Luz,1998-05-22,Female,luz.castellanos@example.com,Medicare,1EG43543735,2026-03-10,,NKDA,,E11.9
204438,Bergstrom,Elsa,1941-01-09,F,,BCBS TX,ZGP7536915,2025-02-28,,Penicillin,900-82-3418,I10
204439,Novotny,Giulia,1948-04-10,Non-binary,giulia.novotny@,UHC,91957412,2024-12-13,,Latex,900-15-7593,
204440,Thorne,Haruki,1976-09-06,M,haruki.thorne@example.com,Medicare,1EG49740049,2026-06-05,,NSAIDs; Peanuts,900-46-3150,I10
204441,Escobar,Luz,1957-08-14,Female,luz.escobar@mail.example.net,Aetna,W6050336,2024-12-04,,,900-91-1460,
204442,Yamada,Ines,1940-02-13,F,ines.yamada@example.com,Cigna,U8711578,2025-10-13,2028-03-03,,900-92-7459,
204443,Bergstrom,Elsa,2013-03-12,F,elsa.bergstrom@example.com,BCBS TX,ZGP4763589,2025-05-10,,,900-15-4378,
204444,Ridley,Margot,2015-11-09,F,,Medicare,1EG44289751,2023-08-10,2024-08-03,Latex,900-62-6810,
204445,Achebe,Luz,2011-07-25,F,luz.achebe@example.com,Blue Cross Blue Shield of Texas,ZGP2629093,2025-07-26,2026-11-16,NKDA,900-70-1201,E11.9; I10
204446,Vasquez,Ximena,1980-12-14,F,ximena.vasquez@mail.example.net,Cigna,U3053778,2024-12-04,,"Latex, Penicillin",,I10
204447,Vasquez,Ximena,8/5/36,F,ximena.vasquez@example.com,Blue Cross Blue Shield of Texas,ZGP4697122,2023-08-26,,"Latex, Penicillin",900-68-6264,I10
204448,Halvorsen,Femi,1961-10-31,M,,Aetna,W4632236,2023-11-07,,,900-79-8426,I10
204449,Marchetti,Haruki,1945-05-30,M,haruki.marchetti@example.com,Aetna,W1783294,2024-08-19,,,900-70-5418,I10
204450,Ridley,Sigrid,1976-06-11,F,sigrid.ridley@mail.example.net,Medicare,1EG48114036,2024-09-12,,Latex,,
204451,Ridley,Rosa,9/24/68,F,,Cigna,U1205832,2024-04-03,,Penicillin; Sulfa drugs,900-13-4452,
204452,Mbeki,Kwame,11/2/03,M,kwame.mbeki@example.org,Cigna,U3664047,2024-12-26,,,,I10
204453,Moreau,Bjorn,5/24/76,M,bjorn.moreau@example.com,Blue Cross Blue Shield of Texas,ZGP7251445,2023-09-05,2023-11-25,Penicillin; Sulfa drugs,900-60-1084,
204454,Moreau,Margot,11/14/96,F,margot.moreau@example.com,Cigna,U1551268,2023-06-01,,Latex,900-43-2026,
204455,Thorne,Mateo,1994-08-11,M,mateo.thorne@example.com,Humana,H3156905,2025-11-12,,NKDA,900-28-6386,
204456,Petrov,Mateo,2024-12-30,M,mateo.petrov@example.com,Medicare,1EG43480382,2023-05-06,,,900-55-3309,I10
204457,Delacroix,Rosa,10/7/65,F,rosa.delacroix@example.com,Self Pay,,,,,900-45-6940,I10
204458,Nguyen,Ximena,1978-12-02,,,Blue Cross Blue Shield of Texas,ZGP1504942,2023-11-27,,NKDA,,
204459,Mbeki,Everett,2022-08-09,M,everett.mbeki@example.com,Aetna,W8971364,2024-10-16,,,,E11.9
204460,Yamada,Ruben,1959-03-10,M,ruben.yamada@example.com,UHC,98489818,2023-01-16,,Sulfa drugs; NSAIDs,900-29-1504,
204461,Escobar,Naledi,1991-09-04,F,naledi.escobar@example.com,United Healthcare,93679250,2023-11-17,,NKDA,900-28-3019,
204462,Marchetti,Ruben,2021-08-17,M,ruben.marchetti@example.com,Aetna,W9921898,2024-10-10,,Peanuts; Shellfish,900-27-4695,
204463,Sandoval,Giulia,1944-06-18,F,giulia.sandoval@mail.example.net,Blue Cross Blue Shield of Texas,ZGP9589529,2025-06-29,,,,E11.9
204464,Halvorsen,Adriana,2003-11-21,F,adriana.halvorsen@example.com,BCBS TX,ZGP1854281,2023-08-14,,Penicillin,900-66-5717,J45.909
204465,Ferreira,Julien,1975-03-24,M,julien.ferreira@mail.example.net,Cigna,U1033247,2023-07-16,,,900-39-1397,E11.9
204466,Whitfield,Rosa,2016-09-13,F,rosa.whitfield@mail.example.net,United Healthcare,99087598,2023-02-27,,Penicillin; Sulfa drugs,900-54-6733,E11.9; I10
204467,Aguilar,Beatriz,1988-02-12,F,beatriz.aguilar@example.org,Humana,H1794628,2024-03-25,,Peanuts; Shellfish,900-33-9576,I10
204468,Sandoval,Nora,1976-01-29,f,nora.sandoval@example.com,United Healthcare,99915125,2025-01-31,,,900-12-9673,
204469,Ramirez,Nora,2008-07-14,F,nora.ramirez@example.com,Blue Cross Blue Shield of Texas,ZGP3186382,2023-07-06,,,900-88-9358,I10
204470,Okafor,Naledi,1968-04-16,F,naledi.okafor@example.com,Humana,H7838191,2023-09-16,,,900-42-9184,I10
204471,Yamada,Anya,1980-12-07,Female,anya.yamada@example.com,Blue Cross Blue Shield of Texas,ZGP6658188,2023-12-29,2025-10-06,Penicillin; Peanuts; Latex,900-76-5795,
204472,Ionescu,Mateo,1971-04-04,m,mateo.ionescu@example.com,Humana,H1118497,2024-01-12,2025-11-03,"Latex, Penicillin",900-52-9837,E11.9; I10
204473,Bergstrom,Luz,2009-12-29,F,luz.bergstrom@example.com,Humana,H8799022,2023-10-30,,NKDA,900-92-9481,I10; J45.909
204474,Petrov,Camila,4/6/71,F,camila.petrov@example.com,Blue Cross Blue Shield of Texas,ZGP3787240,2023-06-12,2024-05-02,Latex,900-98-5120,J45.909
204475,Halvorsen,Wendell,2/6/38,M,wendell.halvorsen@example.org,Aetna,W9636117,2025-09-07,,NKDA,900-78-5150,
204476,Petrov,Camila,8/1/71,F,camila.petrov@example.com,UHC,97148567,2023-07-21,,Sulfa drugs; NSAIDs,900-11-1166,
204477,Yamada,Camila,1960-11-23,F,camila.yamada@example.com,United Healthcare,97686356,2023-06-10,2025-02-16,,900-68-4017,E11.9
204478,Vasquez,Cordelia,1986-06-20,F,cordelia.vasquez@example.org,Cigna,U1291517,2025-06-30,,,900-17-3146,I10
204479,Baptiste,Sigrid,1941-10-16,F,sigrid.baptiste@mail.example.net,Medicare,1EG47387137,2024-06-18,,Penicillin; Sulfa drugs,900-96-3603,
204480,Aguilar,Femi,2018-07-19,M,femi.aguilar@example.com,Self Pay,,,,"Latex, Penicillin",900-56-9998,E11.9
204481,Ridley,Ruben,1990-01-01,MALE,ruben.ridley@example.com,Aetna,W4416943,2025-03-25,2024-12-26,,900-78-1283,J45.909
204482,Castellanos,Everett,1934-08-20,M,everett.castellanos@mail.example.net,Medicare,1EG47907041,2024-02-14,,Penicillin; Sulfa drugs,900-78-5040,
204483,Vasquez,Thanh,1950-07-09,F,thanh.vasquez@example.org,Aetna,W5212568,2024-01-06,,NSAIDs; Peanuts,900-41-1420,I10; J45.909
204484,Mbeki,Margot,1988-03-16,Female,margot.mbeki@mail.example.net,Medicare,1EG42062355,2025-09-13,,,900-66-3263,I10
204485,Nguyen,Margot,2007-01-22,F,margot.nguyen@mail.example.net,Aetna,W7028032,2024-06-04,,Peanuts; Shellfish,,
204486,Yamada,Nora,2020-12-04,F,nora.yamada@mail.example.net,Cigna,U9430369,2025-02-11,2025-06-29,,900-22-9260,I10
204487,Moreau,Haruki,6/23/83,U,haruki.moreau@example.com,United Healthcare,91289095,2024-05-20,,Peanuts; Shellfish,900-93-9749,I10; J45.909
204488,Fitzgerald,Kwame,2003-03-07,M,kwame.fitzgerald@example.com,Cigna,U5436955,2024-12-28,,Penicillin; Sulfa drugs,900-50-5188,
204489,Kowalski,Julien,2/7/47,M,julien.kowalski@mail.example.net,BCBS TX,ZGP1886766,2024-02-29,,Contrast dye; Latex,900-99-7642,
204490,Marchetti,Anya,1967-02-06,F,,Blue Cross Blue Shield of Texas,ZGP7633998,2025-07-29,,PCN,900-22-7083,E11.9
204491,Baptiste,Sigrid,1999-01-10,,sigrid.baptiste@example.com,Aetna,W8450765,2024-08-31,,Penicillin; Sulfa drugs,,I10
204492,Okafor,Nora,1942-12-01,Female,,BCBS TX,ZGP4425161,2024-11-18,,Penicillin,,
204493,Okafor,Nora,2015-02-12,f,nora.okafor@mail.example.net,Blue Cross Blue Shield of Texas,ZGP4660289,2023-10-08,,NSAIDs; Peanuts,900-85-5236,E11.9; I10; J45.909
204494,Vasquez,Julien,1986-06-17,M,,UHC,94064144,2024-11-12,,NSAIDs; Peanuts,900-49-8002,E11.9; I10
204495,Okafor,Rosa,2013-03-13,F,rosa.okafor@example.com,Cigna,U6562402,2024-05-19,,,900-50-8292,
204496,Yamada,Chidi,10/28/97,M,,AETNA,W9551959,2023-08-17,,NKDA,900-99-4343,
204497,Ionescu,Piotr,1993-08-29,M,piotr.ionescu@example.com,BCBS TX,ZGP4210339,2023-08-26,,Penicillin,,E11.9; I10; J45.909
204498,Moreau,Luz,2006-03-14,F,luz.moreau@example.com,United Healthcare,94560923,2024-08-15,2025-12-21,Latex,,
204499,Vasquez,Camila,1943-09-26,F,camila.vasquez@mail.example.net,Self Pay,,,,,900-70-9930,
204500,Halvorsen,Cordelia,5/8/66,F,,United Healthcare,97580719,2025-02-09,,,900-86-1743,
204501,Achebe,Bjorn,6/11/99,M,bjorn.achebe@example.com,Aetna,W1949615,2024-04-18,,NKDA,,E11.9
204502,Novotny,Cordelia,1934-05-08,F,cordelia.novotny@mail.example.net,Medicare,1EG48623788,2023-05-15,,Penicillin; Sulfa drugs,900-96-1666,
204503,Aguilar,Alden,8/2/50,M,alden.aguilar@example.com,Medicare,1EG45379327,2023-03-28,,Penicillin; Sulfa drugs,900-26-9820,I10
204504,Kowalski,Ximena,1934-08-28,Female,ximena.kowalski@example.com,Cigna,U1210661,2023-07-04,,Contrast dye; Latex,900-10-8177,I10
204505,Whitfield,Ines,2010-08-08,Female,ines.whitfield@mail.example.net,Blue Cross Blue Shield of Texas,ZGP3746594,2023-02-08,,NKDA,,I10
204506,Hollis,Camila,2019-10-29,F,,Cigna,U3629640,2026-03-25,2027-04-03,"Latex, Penicillin",900-26-8629,E11.9
204507,Ridley,Elsa,1965-04-05,F,elsa.ridley@example.com,United Healthcare,93402635,2026-03-29,,NSAIDs; Peanuts,900-19-6971,E11.9; I10
204508,Ferreira,Adriana,1993-11-06,F,adriana.ferreira@mail.example.net,Cigna,U8426363,2025-07-23,2023-04-29,Latex,900-30-4535,I10
204509,Osei,Ines,1936-09-14,F,,Medicare,1EG48785382,2023-02-24,,,900-59-2430,
204510,Marchetti,Thanh,1962-07-22,F,thanh.marchetti@example.com,UHC,96851146,2024-12-20,,Latex,900-30-1705,I10
204511,Lindqvist,Naledi,1951-01-03,F,naledi.lindqvist@mail.example.net,Cigna,U9034245,2025-10-29,,,900-69-9439,J45.909
204512,Fitzgerald,Ines,6/25/67,F,ines.fitzgerald@example.com,Aetna,W6525883,2025-04-09,,Penicillin; Sulfa drugs,,E11.9
204513,Yamada,Femi,1961-04-22,M,femi.yamada@mail.example.net,Humana,H4532145,2023-07-29,,NKDA,900-49-3560,I10
204514,Thorne,Giulia,1993-07-05,F,giulia.thorne@example.com,United Healthcare,92491237,2026-05-27,,Penicillin; Peanuts; Latex,900-61-8956,E11.9
204515,Baptiste,Femi,1985-04-26,M,,United Healthcare,91902416,2026-05-13,,,900-10-8687,J45.909
204516,Castellanos,Sigrid,2001-04-29,F,,Aetna,W3421776,2024-07-13,,PCN,900-38-7645,
204517,Vasquez,Nora,1997-03-21,U,nora.vasquez@example.org,BCBS TX,ZGP4048909,2025-11-29,2027-04-12,Penicillin; Peanuts; Latex,900-29-1207,E11.9; I10; J45.909
204518,Ridley,Naledi,1/11/70,F,,Humana,H2005032,2026-06-27,2026-10-03,Sulfa drugs; NSAIDs,,E11.9
204519,Lindqvist,Emile,2008-04-13,MALE,emile.lindqvist@mail.example.net,Cigna,U9251565,2023-12-24,,NKDA,900-32-2938,I10
204520,Ferreira,Luz,2/5/67,Female,luz.ferreira@example.org,Self Pay,,,,"Latex, Penicillin",900-97-2867,J45.909
204521,Hollis,Nora,1991-06-13,F,nora.hollis@example.com,Blue Cross Blue Shield of Texas,ZGP8193289,2023-10-11,2026-03-22,NKDA,900-30-9177,
204522,Aguilar,Cordelia,1995-05-06,F,cordelia.aguilar@mail.example.net,AETNA,W5437437,2026-03-13,,,900-91-7735,E11.9
204523,Vasquez,Naledi,3/10/59,F,naledi.vasquez@example.org,Self Pay,,,,,900-62-7144,E11.9
204524,Delacroix,Piotr,1963-10-07,M,piotr.delacroix@example.com,Humana,H9472881,2024-01-18,,NSAIDs; Peanuts,900-16-2261,I10; J45.909
204525,Petrov,Femi,1987-03-28,M,femi.petrov@mail.example.net,United Healthcare,93231358,2024-07-14,,,900-62-6953,I10
204526,Okafor,Ximena,2005-07-22,Female,ximena.okafor@example.com,Cigna,U6591760,2023-06-29,,"Latex, Penicillin",900-61-5180,J45.909
204527,Thorne,Femi,1982-03-08,M,femi.thorne@example.com,UHC,97771983,2025-07-13,,Sulfa drugs; NSAIDs,,I10
204528,Lindqvist,Ines,1996-10-21,F,ines.lindqvist@mail.example.net,Medicare,1EG48872492,2024-09-20,2026-07-29,Peanuts; Shellfish,900-53-3813,E11.9
204529,Baptiste,Mateo,2022-06-23,M,mateo.baptiste@mail.example.net,Self Pay,,,,Sulfa drugs; NSAIDs,,I10
204530,Petrov,Anya,1981-12-01,F,anya.petrov@example.org,Blue Cross Blue Shield of Texas,ZGP7885689,2024-01-27,2025-07-10,,900-30-2816,J45.909
204531,Ridley,Anya,2015-05-23,,anya.ridley@example.com,Medicare,1EG43650683,2023-12-03,,,900-88-2901,
204532,Aguilar,Nora,2005-03-01,f,nora.aguilar@mail.example.net,Blue Cross Blue Shield of Texas,ZGP3674816,2024-07-19,,,900-32-4654,I10
204533,Lindqvist,Camila,1978-11-05,F,camila.lindqvist@mail.example.net,Cigna,U4927280,2025-11-09,,Peanuts; Shellfish,900-27-2420,I10
204534,Delacroix,Ruben,1931-05-30,M,ruben.delacroix@example.org,Blue Cross Blue Shield of Texas,ZGP6462333,2024-12-31,,Latex,900-64-3138,J45.909
204535,Aguilar,Julien,2020-11-18,MALE,julien.aguilar@example.com,United Healthcare,97842921,2023-12-18,,,,E11.9
204536,Hollis,Camila,2019-09-02,F,camila.hollis@example.org,Self Pay,,,,Sulfa drugs; NSAIDs,900-20-6481,I10; J45.909
204537,Nguyen,Everett,2020-06-02,M,everett.nguyen@example.com,Medicare,1EG49022612,2023-08-29,2025-06-27,,900-29-4169,
204538,Bergstrom,Margot,1979-01-21,F,margot.bergstrom@mail.example.net,Blue Cross Blue Shield of Texas,ZGP4734280,2023-06-08,,Peanuts; Shellfish,900-15-2212,
204539,Okafor,Beatriz,1976-11-22,F,beatriz.okafor@example.com,Humana,H1299770,2023-02-22,,Contrast dye; Latex,900-13-5143,
204540,Okafor,Luz,2005-08-15,F,,BCBS TX,ZGP6254281,2026-01-14,,Penicillin; Peanuts; Latex,900-44-6556,E11.9; I10
204541,Lindqvist,Rosa,1988-12-26,U,rosa.lindqvist@example.org,Cigna,U2920758,2024-11-29,,,,E11.9
204542,Fitzgerald,Sigrid,1939-01-21,F,sigrid.fitzgerald@example.com,United Healthcare,95120360,2025-10-02,,Contrast dye; Latex,,E11.9
204543,Thorne,Vera,2011-06-26,F,vera.thorne@example.org,Medicare,1EG46042707,2024-02-14,,Sulfa drugs; NSAIDs,900-94-4842,E11.9
204544,Okafor,Naledi,2007-11-02,F,naledi.okafor@mail.example.net,United Healthcare,92463413,2025-06-09,,Penicillin; Peanuts; Latex,900-36-4045,E11.9; I10
204545,Escobar,Everett,1995-12-22,M,everett.escobar@example.com,Blue Cross Blue Shield of Texas,ZGP9854678,2024-09-08,,,900-40-6346,E11.9; I10
204546,Novotny,Wendell,6/10/13,M,wendell.novotny@mail.example.net,Blue Cross Blue Shield of Texas,ZGP1393216,2024-05-01,2025-04-26,Contrast dye; Latex,900-28-6599,E11.9; I10
204547,Delacroix,Alden,1939-03-05,M,alden.delacroix@mail.example.net,Cigna,U1017090,2025-10-11,,Sulfa drugs; NSAIDs,900-22-3712,I10
204548,Petrov,Vera,1963-08-18,Female,vera.petrov@example.com,Blue Cross Blue Shield of Texas,ZGP8670469,2023-12-04,,Penicillin,900-57-5295,
204549,Whitfield,Elsa,1952-05-23,F,elsa.whitfield@example.com,United Healthcare,97576417,2025-06-04,,Penicillin,,
204550,Mbeki,Nora,1990-09-02,F,nora.mbeki@example.com,BCBS TX,ZGP2075325,2025-03-02,2026-07-28,,900-92-6622,E11.9
204551,Bergstrom,Sigrid,2011-11-04,F,sigrid.bergstrom@example.com,Blue Cross Blue Shield of Texas,ZGP7524736,2025-06-13,,Penicillin; Peanuts; Latex,900-47-5398,E11.9
204552,Vasquez,Ines,1950-12-28,F,ines.vasquez@example.com,UHC,92298480,2023-10-11,2023-12-09,,900-67-9616,I10
204553,Moreau,Sigrid,1981-07-03,F,sigrid.moreau@example.com,Cigna,U8516721,2026-06-29,,,,I10
204554,Alvarez,Alden,1981-09-29,M,alden.alvarez@,Blue Cross Blue Shield of Texas,ZGP3403125,2025-03-30,,,900-30-8781,E11.9; I10
204555,Hollis,Everett,1948-10-18,MALE,everett.hollis@mail.example.net,Humana,H8201412,2024-12-13,,Penicillin,900-68-8536,I10
204556,Thorne,Kwame,1998-08-24,M,kwame.thorne@example.com,Cigna,U8026019,2026-02-25,,Penicillin,900-17-6906,I10
204557,Halvorsen,Piotr,1939-04-27,MALE,piotr.halvorsen@mail.example.net,Medicare,1EG49014938,2024-07-31,,Penicillin; Sulfa drugs,900-96-1080,J45.909
204558,Alvarez,Emile,1980-04-29,M,emile.alvarez@example.com,United Healthcare,98905863,2025-11-26,,,900-53-5114,J45.909
204559,Delacroix,Margot,2002-03-22,F,margot.delacroix@example.com,Medicare,1EG45678673,2024-11-10,,Penicillin; Sulfa drugs,900-20-8329,E11.9; I10
204560,Marchetti,Cordelia,1994-02-27,F,cordelia.marchetti@example.org,Medicare,1EG41270119,2023-05-28,,,900-18-9792,E11.9
204561,Ionescu,Ines,2009-12-10,F,ines.ionescu@example.com,Blue Cross Blue Shield of Texas,ZGP9961627,2024-06-18,2026-11-29,NKDA,900-92-8900,I10
204562,Petrov,Naledi,1998-06-22,F,naledi.petrov@,United Healthcare,93798674,2024-02-23,,NKDA,900-57-1835,I10
204563,Baptiste,Alden,4/29/59,M,,United Healthcare,91798907,2023-07-19,,Penicillin; Sulfa drugs,900-62-5256,
204564,Escobar,Rosa,1992-07-11,F,,Aetna,W5543236,2025-06-23,,NKDA,900-85-8261,I10; J45.909
204565,Osei,Cordelia,1/26/91,F,cordelia.osei@example.com,Blue Cross Blue Shield of Texas,ZGP7637451,2023-01-06,,Penicillin,900-41-6668,J45.909
204566,Sandoval,Haruki,7/24/86,MALE,haruki.sandoval@example.com,Medicare,1EG44357494,2025-04-25,,NKDA,900-31-8371,J45.909
204567,Kowalski,Ximena,1936-10-29,U,ximena.kowalski@example.com,Medicare,1EG42313101,2025-02-05,,,900-52-2217,
204568,Vasquez,Camila,2000-07-24,Non-binary,camila.vasquez@mail.example.net,Blue Cross Blue Shield of Texas,ZGP4353645,2024-08-27,,NKDA,,E11.9; I10; J45.909
204569,Novotny,Luz,2024-05-02,F,,Aetna,W9690939,2024-06-05,,,900-33-3043,E11.9; I10
204570,Achebe,Sigrid,12/26/90,F,sigrid.achebe@example.com,UHC,94692320,2023-07-25,,"Latex, Penicillin",900-23-1512,
204571,Mbeki,Alden,2013-11-29,M,alden.mbeki@example.com,Humana,H9645239,2024-10-22,,Peanuts; Shellfish,900-93-7979,J45.909
204572,Nguyen,Piotr,1988-08-04,m,piotr.nguyen@example.com,Medicare,1EG47467542,2023-10-08,,Latex,900-20-5801,J45.909
204573,Baptiste,Naledi,1962-04-27,F,naledi.baptiste@example.com,Aetna,W9214603,2025-09-20,,NKDA,,E11.9; I10
204574,Okafor,Haruki,1942-12-24,M,haruki.okafor@mail.example.net,Aetna,W8162392,2025-01-10,,,900-53-7150,
204575,Okafor,Luz,2009-01-06,F,luz.okafor@example.org,Aetna,W7631151,2024-07-22,,,900-83-3682,I10
204576,Ramirez,Anya,1965-04-08,Female,anya.ramirez@example.org,Cigna,U9029037,2024-08-16,2025-10-19,,900-67-7219,I10
204577,Alvarez,Margot,2003-01-15,U,margot.alvarez@example.com,Cigna,U7114199,2023-08-16,,"Latex, Penicillin",900-89-8398,
204578,Lindqvist,Rosa,1953-04-14,F,rosa.lindqvist@example.com,UHC,97108503,2025-08-13,2026-01-14,Peanuts; Shellfish,900-27-9755,E11.9; I10
204579,Vasquez,Thanh,1/23/15,F,thanh.vasquez@example.com,Aetna,W7373702,2023-08-07,,PCN,900-69-3855,J45.909
204580,Mbeki,Adriana,1933-07-30,f,adriana.mbeki@example.com,United Healthcare,95189355,2026-01-16,,,900-26-8096,E11.9
204581,Ferreira,Beatriz,7/9/47,F,,Self Pay,,,,Peanuts; Shellfish,900-39-7368,E11.9
204582,Hollis,Emile,1936-03-09,M,emile.hollis@example.org,Aetna,W3049999,2026-04-13,2028-01-25,Penicillin; Peanuts; Latex,900-53-5598,I10
204583,Alvarez,Bjorn,1933-04-10,M,bjorn.alvarez@example.com,Blue Cross Blue Shield of Texas,ZGP3939190,2024-10-01,,,,E11.9
204584,Halvorsen,Giulia,1953-01-23,F,,Aetna,W6814381,2025-04-24,,Penicillin; Sulfa drugs,900-27-1220,E11.9; I10
204585,Mbeki,Alden,1931-07-19,M,alden.mbeki@example.com,Humana,H6942438,2026-06-18,,PCN,,E11.9
204586,Sandoval,Haruki,2018-05-08,X,haruki.sandoval@example.org,Cigna,U2727945,2025-04-24,,Penicillin,900-17-9005,
204587,Alvarez,Piotr,1954-06-10,M,piotr.alvarez@example.com,Medicare,1EG47693104,2025-10-26,,NSAIDs; Peanuts,900-19-1571,
204588,Petrov,Wendell,1954-11-14,MALE,,Medicare,1EG41897634,2025-09-19,,"Latex, Penicillin",,E11.9
204589,Ferreira,Sigrid,1957-04-22,U,sigrid.ferreira@mail.example.net,Medicare,1EG42158932,2024-10-15,,"Latex, Penicillin",900-24-2371,J45.909
204590,Bergstrom,Kwame,1962-08-03,M,kwame.bergstrom@example.com,Medicare,1EG45681413,2024-09-16,,Latex,900-93-6581,
204591,Nguyen,Anya,2019-03-21,F,anya.nguyen@example.com,Aetna,W3453642,2023-06-28,,Shellfish,,
204592,Bergstrom,Haruki,2005-04-17,Non-binary,haruki.bergstrom@example.org,BCBS TX,ZGP7545605,2023-06-28,,,900-32-7004,I10
204593,Sandoval,Ruben,8/15/90,M,ruben.sandoval@example.org,Humana,H2200824,2023-04-08,,,900-61-9775,
204594,Osei,Cordelia,1958-10-18,F,cordelia.osei@example.org,Humana,H9841106,2023-11-09,,Shellfish,900-68-3070,J45.909
204595,Ferreira,Everett,1999-03-31,M,everett.ferreira@example.com,Cigna,U1631492,2025-10-29,,PCN,,
204596,Sandoval,Rosa,1969-08-17,F,rosa.sandoval@example.com,United Healthcare,98954173,2023-06-24,2025-03-20,Sulfa drugs; NSAIDs,,
204597,Bergstrom,Beatriz,2004-11-10,F,,BCBS TX,ZGP7297158,2024-06-16,,Penicillin,900-11-1882,E11.9
204598,Yamada,Cordelia,1965-03-12,F,cordelia.yamada@mail.example.net,Medicare,1EG42653969,2025-11-24,,Penicillin; Sulfa drugs,900-66-9725,
204599,Baptiste,Luz,2021-10-16,F,luz.baptiste@mail.example.net,Blue Cross Blue Shield of Texas,ZGP6003167,2025-02-11,,Contrast dye; Latex,,E11.9
204600,Fitzgerald,Cordelia,1946-02-19,F,cordelia.fitzgerald@example.com,Aetna,W9335942,2024-12-03,,,900-85-5322,E11.9; I10
204601,Thorne,Chidi,1961-10-18,M,chidi.thorne@mail.example.net,UHC,92099945,2026-04-08,,Sulfa drugs; NSAIDs,,E11.9
204602,Ridley,Piotr,1955-11-05,M,piotr.ridley@mail.example.net,UHC,92817531,2026-05-30,,Peanuts; Shellfish,900-64-3762,
204603,Petrov,Bjorn,1997-08-21,m,,Medicare,1EG46435201,2025-07-25,,NKDA,900-33-2214,
204604,Okafor,Julien,2005-07-28,M,,Cigna,U7410537,2025-02-04,,Penicillin; Sulfa drugs,900-32-1239,
204605,Castellanos,Bjorn,1965-09-15,M,bjorn.castellanos@mail.example.net,United Healthcare,98262408,2026-03-18,,,900-27-3500,
204606,Moreau,Julien,1991-04-15,M,julien.moreau@example.com,Self Pay,,,,PCN,900-93-6341,I10
204607,Ridley,Cordelia,1967-10-27,Female,cordelia.ridley@example.com,AETNA,W8452744,2024-05-09,,"Latex, Penicillin",900-50-1602,
204608,Alvarez,Margot,1935-06-17,F,margot.alvarez@mail.example.net,BCBS TX,ZGP6759578,2024-05-13,,NKDA,900-85-2212,I10; J45.909
204609,Mbeki,Julien,1961-02-27,MALE,julien.mbeki@mail.example.net,United Healthcare,94153465,2024-03-28,,Shellfish,,
204610,Castellanos,Chidi,1993-12-14,M,,Medicare,1EG42584473,2024-03-21,,Penicillin,900-29-4494,
204611,Delacroix,Sigrid,1978-02-18,F,sigrid.delacroix@example.com,United Healthcare,92033630,2024-04-20,,NKDA,,E11.9; I10
204612,Alvarez,Ximena,1953-02-01,F,ximena.alvarez@example.org,Aetna,W6242169,2023-05-11,,Sulfa drugs; NSAIDs,900-50-3433,
204613,Thorne,Chidi,1949-12-01,MALE,chidi.thorne@example.com,AETNA,W6400854,2024-10-17,,PCN,900-22-5990,
204614,Nguyen,Elsa,1938-10-31,f,elsa.nguyen@example.org,Blue Cross Blue Shield of Texas,ZGP8607926,2025-04-15,,NKDA,900-34-2357,I10
204615,Ionescu,Ines,2004-10-08,F,ines.ionescu@example.com,Self Pay,,,,Shellfish,,
204616,Nguyen,Bjorn,1999-11-16,M,bjorn.nguyen@example.com,Humana,H3608580,2024-03-06,,NKDA,900-67-1931,E11.9; I10
204617,Bergstrom,Camila,1950-12-17,F,camila.bergstrom@example.com,United Healthcare,97312235,2023-07-16,,,900-35-8573,I10
204618,Vasquez,Vera,5/14/62,Non-binary,vera.vasquez@mail.example.net,UHC,92708063,2025-08-10,,PCN,900-57-7262,I10
204619,Osei,Ruben,1980-12-12,M,ruben.osei@example.com,Cigna,U1999355,2024-08-09,,Sulfa drugs; NSAIDs,900-13-6298,
204620,Escobar,Naledi,2015-09-19,F,naledi.escobar@example.com,Self Pay,,,,PCN,900-12-6469,I10
204621,Moreau,Vera,1977-05-18,Female,vera.moreau@example.com,United Healthcare,92525040,2025-11-17,,NKDA,900-88-2734,I10; J45.909
204622,Bergstrom,Alden,1942-06-18,M,alden.bergstrom@example.org,BCBS TX,ZGP7076337,2024-01-22,,Penicillin,900-55-9776,J45.909
204623,Baptiste,Emile,1960-10-04,Non-binary,,Blue Cross Blue Shield of Texas,ZGP1691614,2024-12-15,,PCN,900-31-2543,
204624,Petrov,Haruki,1941-11-13,MALE,haruki.petrov@example.com,Blue Cross Blue Shield of Texas,ZGP1545762,2026-03-07,,Penicillin; Peanuts; Latex,900-17-3923,E11.9
204625,Ionescu,Emile,1949-05-23,U,emile.ionescu@example.com,UHC,97048435,2025-01-09,,Penicillin,900-27-9555,E11.9
204626,Halvorsen,Naledi,2017-03-28,F,naledi.halvorsen@mail.example.net,Blue Cross Blue Shield of Texas,ZGP2572097,2023-02-09,,,900-24-1323,
204627,Achebe,Adriana,1979-09-08,F,adriana.achebe@example.com,United Healthcare,96273514,2024-09-16,,Penicillin; Sulfa drugs,900-11-4906,E11.9
204628,Achebe,Adriana,2000-09-17,F,adriana.achebe@example.com,UHC,92703944,2024-08-07,,Latex,900-18-2167,E11.9; I10
204629,Marchetti,Julien,8/4/93,M,,Aetna,W3725010,2026-05-31,,PCN,900-52-4187,
204630,Petrov,Alden,1950-02-10,M,alden.petrov@example.com,UHC,92290826,2024-11-06,,,900-28-6132,I10; J45.909
204631,Ionescu,Julien,1954-04-17,M,julien.ionescu@example.com,Self Pay,,,,Shellfish,900-35-3397,J45.909
204632,Sandoval,Femi,2004-11-10,M,femi.sandoval@example.com,United Healthcare,96438090,2023-02-19,,,,I10
204633,Petrov,Nora,1940-04-30,F,nora.petrov@example.com,Aetna,W1155366,2023-11-12,,,900-99-9810,E11.9
204634,Escobar,Femi,1962-07-12,M,femi.escobar@example.com,BCBS TX,ZGP2482324,2026-03-23,,NKDA,900-81-4168,E11.9
204635,Lindqvist,Luz,1972-03-22,F,luz.lindqvist@example.com,Cigna,U7778850,2026-04-29,,Penicillin; Sulfa drugs,900-62-1760,I10
204636,Ridley,Everett,1945-12-26,M,everett.ridley@example.org,BCBS TX,ZGP3458842,2025-06-11,,NKDA,900-20-3178,I10; J45.909
204637,Novotny,Everett,1942-02-03,M,everett.novotny@example.com,Blue Cross Blue Shield of Texas,ZGP6069402,2025-07-20,,Penicillin,900-47-9121,
204638,Lindqvist,Luz,1961-03-31,F,luz.lindqvist@mail.example.net,Humana,H6501068,2023-07-16,,,900-70-5739,I10
204639,Delacroix,Nora,1999-05-05,Female,,Humana,H2809573,2025-08-10,,,900-34-4711,I10
204640,Achebe,Haruki,1986-08-23,M,haruki.achebe@example.org,Humana,H3853732,2025-09-23,2027-04-29,Latex,900-77-4997,E11.9; I10
204641,Marchetti,Wendell,1999-12-22,M,wendell.marchetti@example.com,Aetna,W4881489,2024-07-13,,Penicillin; Peanuts; Latex,900-12-7812,
204642,Novotny,Mateo,1976-09-10,MALE,mateo.novotny@mail.example.net,Aetna,W6928237,2024-03-10,,,900-43-2599,E11.9; I10; J45.909
204643,Fitzgerald,Mateo,10/15/57,M,mateo.fitzgerald@example.com,United Healthcare,95114818,2025-10-01,,Shellfish,,I10
204644,Thorne,Kwame,2018-09-19,M,kwame.thorne@example.com,United Healthcare,92582109,2023-03-11,,,900-64-7334,I10
204645,Baptiste,Bjorn,7/13/12,M,bjorn.baptiste@example.com,Blue Cross Blue Shield of Texas,ZGP1847523,2025-10-10,,Penicillin; Sulfa drugs,900-45-9121,
204646,Alvarez,Ines,8/20/22,F,ines.alvarez@example.com,Humana,H6990908,2023-01-09,,NKDA,900-41-7073,E11.9
204647,Petrov,Ruben,1940-09-04,M,ruben.petrov@mail.example.net,Aetna,W5827776,2024-04-04,,NSAIDs; Peanuts,900-10-7293,I10; J45.909
204648,Bergstrom,Julien,1943-04-22,X,,BCBS TX,ZGP2803344,2025-11-19,,Peanuts; Shellfish,900-88-2106,
204649,Halvorsen,Cordelia,1963-06-06,F,cordelia.halvorsen@mail.example.net,Medicare,1EG43271464,2024-07-24,2024-11-21,Penicillin; Sulfa drugs,900-36-4707,E11.9; I10; J45.909
204650,Thorne,Nora,1964-04-08,F,nora.thorne@mail.example.net,Aetna,W2232462,2026-06-26,,Peanuts; Shellfish,900-52-1334,
204651,Delacroix,Margot,2014-04-15,Female,,Self Pay,,,,,900-51-7585,
204652,Okafor,Luz,4/26/17,f,luz.okafor@example.com,Blue Cross Blue Shield of Texas,ZGP6769502,2024-06-22,,,900-94-1647,I10
204653,Castellanos,Alden,1979-07-13,M,alden.castellanos@example.org,Aetna,W5219177,2024-10-11,,PCN,900-79-6615,I10; J45.909
204654,Yamada,Mateo,2011-02-28,MALE,,Humana,H4604464,2025-11-10,,NKDA,900-59-9419,
204655,Halvorsen,Mateo,1954-05-27,M,mateo.halvorsen@example.com,BCBS TX,ZGP3348140,2025-06-15,,Shellfish,900-90-5458,E11.9; I10; J45.909
204656,Moreau,Naledi,1966-11-08,F,naledi.moreau@example.org,Blue Cross Blue Shield of Texas,ZGP7938731,2025-12-14,,,900-52-4285,E11.9; I10
204657,Lindqvist,Luz,1949-06-03,F,luz.lindqvist@example.com,Cigna,U4038815,2025-11-28,,Sulfa drugs; NSAIDs,900-34-6751,J45.909
204658,Whitfield,Vera,2/22/43,F,vera.whitfield@example.com,Aetna,W1710518,2025-07-23,,Penicillin; Sulfa drugs,900-82-1773,E11.9; I10
204659,Lindqvist,Emile,2008-12-09,MALE,emile.lindqvist@example.org,Medicare,1EG45562280,2024-02-13,,NKDA,900-97-3820,E11.9
204660,Moreau,Wendell,1936-05-09,MALE,wendell.moreau@mail.example.net,Aetna,W1320529,2023-04-28,,Penicillin; Peanuts; Latex,900-62-6856,E11.9
204661,Kowalski,Sigrid,1974-07-27,F,,UHC,97198252,2023-12-08,2024-02-29,Penicillin; Peanuts; Latex,900-57-5327,
204662,Ramirez,Sigrid,1963-02-22,F,,Cigna,U2899696,2024-01-23,,Peanuts; Shellfish,900-51-6695,I10
204663,Ferreira,Emile,10/26/71,M,emile.ferreira@example.com,Aetna,W2431569,2023-09-09,,,900-25-5431,
204664,Kowalski,Haruki,7/1/08,M,haruki.kowalski@mail.example.net,United Healthcare,95479720,2023-07-09,,NKDA,900-56-3236,
204665,Aguilar,Vera,2024-04-27,F,vera.aguilar@example.org,Self Pay,,,,,900-63-5227,E11.9
204666,Hollis,Beatriz,1957-06-12,F,beatriz.hollis@mail.example.net,Medicare,1EG44021556,2024-01-16,,Contrast dye; Latex,900-59-4347,I10
204667,Lindqvist,Rosa,1941-04-15,F,rosa.lindqvist@example.org,Humana,H8378914,2025-08-17,,Sulfa drugs; NSAIDs,900-44-8509,
204668,Aguilar,Margot,2018-03-08,F,margot.aguilar@example.com,Blue Cross Blue Shield of Texas,ZGP2868941,2025-12-16,,Peanuts; Shellfish,900-17-7348,I10
204669,Baptiste,Vera,2015-08-18,F,vera.baptiste@example.com,Medicare,1EG43623242,2024-10-22,,NKDA,900-15-2164,E11.9
204670,Ferreira,Chidi,2023-05-14,M,chidi.ferreira@example.com,Medicare,1EG42620582,2024-04-25,,PCN,900-79-5050,E11.9; I10
204671,Novotny,Beatriz,2018-11-24,F,,Aetna,W6219371,2024-10-23,,Sulfa drugs; NSAIDs,900-70-1537,J45.909
204672,Whitfield,Bjorn,2005-03-26,M,bjorn.whitfield@mail.example.net,Blue Cross Blue Shield of Texas,ZGP7027673,2025-01-17,,Latex,,
204673,Osei,Luz,1977-12-19,U,,United Healthcare,99468811,2024-06-09,2025-12-28,Contrast dye; Latex,900-34-5153,
204674,Okafor,Chidi,2015-06-05,M,chidi.okafor@example.com,Cigna,U7759622,2024-08-29,,Shellfish,900-24-4203,
204675,Delacroix,Mateo,1943-01-23,MALE,mateo.delacroix@example.com,Blue Cross Blue Shield of Texas,ZGP9809161,2025-11-27,,PCN,900-10-6613,
204676,Achebe,Giulia,8/14/52,F,,Medicare,1EG47375066,2026-05-21,,Peanuts; Shellfish,900-65-8362,
204677,Ramirez,Ximena,1945-09-06,Female,,Self Pay,,,,,900-95-9938,I10
204678,Fitzgerald,Emile,1952-10-06,M,,Humana,H2632757,2024-08-14,,Penicillin,900-66-3654,I10; J45.909
204679,Baptiste,Emile,2011-03-17,MALE,,Blue Cross Blue Shield of Texas,ZGP2691716,2025-01-10,,Peanuts; Shellfish,900-74-2102,E11.9; I10; J45.909
204680,Fitzgerald,Mateo,1997-12-01,M,,Blue Cross Blue Shield of Texas,ZGP5009613,2026-05-21,,,900-56-7594,E11.9
204681,Kowalski,Ximena,2004-06-02,F,ximena.kowalski@example.com,United Healthcare,95703301,2025-04-10,,,900-93-9677,J45.909
204682,Kowalski,Anya,2011-04-03,F,anya.kowalski@example.com,BCBS TX,ZGP7890170,2026-02-17,,"Latex, Penicillin",900-29-4279,
204683,Nguyen,Camila,1959-03-11,F,camila.nguyen@mail.example.net,United Healthcare,94040800,2023-05-02,,Penicillin; Sulfa drugs,900-18-1522,J45.909
204684,Marchetti,Emile,2000-05-28,MALE,emile.marchetti@example.org,Blue Cross Blue Shield of Texas,ZGP3297863,2025-10-03,,NKDA,900-11-4407,
204685,Thorne,Alden,1973-03-23,M,alden.thorne@example.com,Humana,H7230602,2024-02-02,2024-04-08,,900-53-3030,E11.9
204686,Escobar,Beatriz,2019-08-19,F,,Cigna,U2903782,2025-02-20,2026-05-10,,900-14-4391,
204687,Ramirez,Piotr,1995-09-10,m,piotr.ramirez@example.org,Aetna,W7454646,2024-06-08,,Penicillin; Sulfa drugs,900-39-2685,I10
204688,Yamada,Rosa,1973-12-05,F,rosa.yamada@example.com,Aetna,W1536496,2024-01-01,2025-06-22,"Latex, Penicillin",900-40-4725,
204689,Osei,Chidi,1937-06-05,m,chidi.osei@example.com,United Healthcare,93764365,2025-08-01,2027-04-02,Penicillin; Sulfa drugs,900-47-3832,E11.9; I10
204690,Novotny,Giulia,1956-02-21,F,giulia.novotny@,BCBS TX,ZGP1949925,2024-10-13,,,900-77-4386,J45.909
204691,Kowalski,Kwame,5/28/34,M,,Aetna,W8793306,2026-01-29,2024-12-06,Penicillin; Sulfa drugs,900-99-3233,E11.9
204692,Ferreira,Kwame,1967-12-19,M,kwame.ferreira@mail.example.net,Blue Cross Blue Shield of Texas,ZGP5151735,2023-02-19,,,,J45.909
204693,Marchetti,Vera,1975-11-13,F,vera.marchetti@example.org,Self Pay,,,,"Latex, Penicillin",900-55-6555,E11.9
204694,Okafor,Camila,1990-01-28,F,camila.okafor@mail.example.net,Self Pay,,,,Sulfa drugs; NSAIDs,900-67-4954,J45.909
204695,Baptiste,Emile,1952-12-04,m,emile.baptiste@mail.example.net,United Healthcare,93266911,2025-04-23,,Penicillin,900-60-2770,E11.9; I10
204696,Petrov,Julien,1943-02-09,M,julien.petrov@mail.example.net,Medicare,1EG48579447,2025-01-21,,,,
204697,Petrov,Ruben,1984-12-11,M,ruben.petrov@example.com,Cigna,U4723970,2026-03-19,,,900-37-9205,
204698,Lindqvist,Kwame,2022-10-13,m,kwame.lindqvist@example.com,AETNA,W5383753,2025-04-24,,Contrast dye; Latex,900-22-3330,E11.9
204699,Marchetti,Camila,1951-10-06,F,,Self Pay,,,,,900-12-6405,I10
204700,Vasquez,Giulia,4/23/69,F,,Aetna,W9635155,2025-01-17,,Shellfish,900-34-9738,I10
204701,Fitzgerald,Alden,10/22/23,M,,United Healthcare,98543872,2023-01-15,,,900-90-3252,E11.9; I10
204702,Castellanos,Kwame,1938-03-05,M,kwame.castellanos@mail.example.net,Humana,H6280720,2023-01-01,,,,
204703,Halvorsen,Giulia,1952-03-06,X,giulia.halvorsen@example.com,Blue Cross Blue Shield of Texas,ZGP9712854,2023-07-01,,Shellfish,,E11.9; I10
204704,Kowalski,Luz,2013-08-15,,luz.kowalski@example.com,Blue Cross Blue Shield of Texas,ZGP7217737,2024-11-11,,Penicillin,900-16-7813,
204705,Osei,Wendell,1981-01-14,M,wendell.osei@example.com,Blue Cross Blue Shield of Texas,ZGP2903282,2025-11-18,,NKDA,900-12-8480,
204706,Mbeki,Kwame,3/19/79,M,kwame.mbeki@example.com,Medicare,1EG48247173,2023-04-29,,,900-55-5361,
204707,Thorne,Anya,1953-11-25,X,anya.thorne@mail.example.net,Blue Cross Blue Shield of Texas,ZGP4639886,2025-01-26,2025-12-06,NSAIDs; Peanuts,900-79-8655,I10
204708,Okafor,Naledi,1969-08-06,F,naledi.okafor@example.com,AETNA,W7249136,2023-05-17,,NKDA,900-28-8116,I10; J45.909
204709,Sandoval,Ruben,1971-04-17,M,,Aetna,W5295788,2024-02-05,,Latex,900-14-3076,E11.9
204710,Aguilar,Alden,1988-08-13,M,alden.aguilar@mail.example.net,Humana,H4435672,2025-11-05,,Penicillin; Sulfa drugs,900-60-3376,
204711,Petrov,Julien,1967-12-12,M,julien.petrov@example.com,Aetna,W4482046,2025-10-29,,PCN,900-10-7212,E11.9
204712,Kowalski,Mateo,1959-10-11,M,mateo.kowalski@example.com,Self Pay,,,,,900-68-7281,J45.909
204713,Moreau,Mateo,1953-07-25,M,mateo.moreau@mail.example.net,Cigna,U6364153,2026-04-21,2027-05-28,Peanuts; Shellfish,900-72-7272,I10
204714,Ridley,Ines,2002-12-21,F,ines.ridley@example.com,United Healthcare,97836239,2026-05-02,,Contrast dye; Latex,900-55-8309,
204715,Bergstrom,Adriana,1936-05-28,f,adriana.bergstrom@example.com,Medicare,1EG41184676,2026-02-11,,,,E11.9
204716,Vasquez,Sigrid,1939-12-19,Female,sigrid.vasquez@example.com,Humana,H9601834,2023-04-27,,Latex,900-89-5984,I10
204717,Ferreira,Piotr,1968-05-08,MALE,piotr.ferreira@example.com,BCBS TX,ZGP3038059,2024-11-28,,NSAIDs; Peanuts,900-19-2014,I10
204718,Thorne,Anya,1990-09-29,F,,Blue Cross Blue Shield of Texas,ZGP5651811,2024-12-14,,Penicillin; Sulfa drugs,900-24-7744,
204719,Aguilar,Adriana,1948-05-30,F,adriana.aguilar@mail.example.net,Blue Cross Blue Shield of Texas,ZGP7682512,2025-02-06,2025-08-27,Contrast dye; Latex,900-52-3740,E11.9; I10
204720,Okafor,Emile,8/28/98,M,,Blue Cross Blue Shield of Texas,ZGP9159752,2023-03-19,,NSAIDs; Peanuts,900-73-2552,E11.9; I10
204721,Novotny,Ines,1934-01-19,Female,ines.novotny@example.com,BCBS TX,ZGP7159607,2024-12-12,,Penicillin; Sulfa drugs,900-42-8155,I10
204722,Whitfield,Piotr,1993-07-20,M,piotr.whitfield@example.com,Blue Cross Blue Shield of Texas,ZGP2213551,2023-06-24,,Shellfish,900-75-2301,E11.9; I10; J45.909
204723,Yamada,Alden,1962-09-20,M,alden.yamada@example.com,Cigna,U3558542,2024-03-27,,Peanuts; Shellfish,,E11.9; I10; J45.909
204724,Alvarez,Wendell,1976-08-19,M,wendell.alvarez@example.com,Cigna,U2427590,2024-04-01,,PCN,900-46-8495,E11.9
204725,Ferreira,Adriana,1977-09-29,F,,Medicare,1EG46979207,2025-09-02,,,900-91-5881,I10; J45.909
204726,Kowalski,Chidi,2024-05-11,m,chidi.kowalski@example.com,BCBS TX,ZGP1023991,2023-03-18,,NKDA,900-91-4588,I10; J45.909
204727,Yamada,Beatriz,1991-04-05,F,beatriz.yamada@mail.example.net,Self Pay,,,,NSAIDs; Peanuts,900-58-7685,E11.9; I10
204728,Ridley,Margot,2016-02-14,F,margot.ridley@example.com,BCBS TX,ZGP8474167,2024-05-12,,Penicillin; Sulfa drugs,900-52-2781,J45.909
204729,Vasquez,Vera,2022-05-26,F,vera.vasquez@example.com,Blue Cross Blue Shield of Texas,ZGP2173169,2025-06-06,,,,I10
204730,Baptiste,Camila,9/4/77,U,camila.baptiste@mail.example.net,UHC,93450720,2023-05-07,,Latex,900-75-7667,J45.909
204731,Novotny,Ines,1993-12-17,X,,Humana,H8741155,2023-04-15,2021-09-07,"Latex, Penicillin",900-91-1796,I10
204732,Whitfield,Chidi,2004-09-18,M,chidi.whitfield@mail.example.net,United Healthcare,93516490,2024-10-20,2025-03-26,Contrast dye; Latex,900-65-1265,I10
204733,Yamada,Beatriz,1988-02-04,Female,beatriz.yamada@mail.example.net,UHC,94621247,2025-06-28,,NKDA,900-31-7868,
204734,Marchetti,Cordelia,1935-01-18,F,cordelia.marchetti@example.com,Cigna,U2657743,2023-02-04,,,900-15-3516,E11.9
204735,Ramirez,Chidi,1933-12-23,M,chidi.ramirez@example.com,Aetna,W6005274,2024-02-11,,Sulfa drugs; NSAIDs,900-94-4785,E11.9
204736,Achebe,Nora,3/15/07,F,nora.achebe@mail.example.net,Humana,H7469225,2023-05-31,,,900-34-6224,
204737,Okafor,Emile,10/29/67,M,,United Healthcare,92005233,2023-01-03,2023-05-11,NKDA,900-91-4225,
204738,Ramirez,Emile,1947-07-17,M,emile.ramirez@example.com,United Healthcare,92334620,2023-12-25,,Peanuts; Shellfish,,I10
204739,Escobar,Piotr,2023-07-27,M,piotr.escobar@example.com,United Healthcare,92660191,2024-02-29,,NSAIDs; Peanuts,,J45.909
204740,Okafor,Margot,2002-06-15,F,,BCBS TX,ZGP7189959,2026-05-17,,Peanuts; Shellfish,900-13-2316,J45.909
204741,Yamada,Margot,1983-02-13,F,margot.yamada@example.com,United Healthcare,98548602,2024-04-02,,Penicillin,900-72-4360,J45.909
204742,Novotny,Thanh,1993-11-07,F,thanh.novotny@example.com,Cigna,U8659787,2024-09-17,,Latex,900-43-5231,
204743,Yamada,Thanh,1993-12-20,F,,BCBS TX,ZGP4465088,2023-05-14,,Latex,900-85-5939,I10
204744,Fitzgerald,Mateo,4/27/21,M,mateo.fitzgerald@example.org,Medicare,1EG46613490,2025-04-10,,Penicillin; Sulfa drugs,900-66-2272,I10
204745,Okafor,Anya,2021-01-08,F,anya.okafor@mail.example.net,Aetna,W5167621,2026-01-12,2027-11-05,Peanuts; Shellfish,900-54-1776,J45.909
204746,Ionescu,Luz,1986-07-15,X,luz.ionescu@example.com,Self Pay,,,,Peanuts; Shellfish,900-87-2723,E11.9
204747,Mbeki,Femi,7/15/05,m,femi.mbeki@example.org,Blue Cross Blue Shield of Texas,ZGP6419195,2023-05-30,,NSAIDs; Peanuts,900-91-2394,
204748,Ridley,Everett,1995-06-04,m,everett.ridley@example.com,Blue Cross Blue Shield of Texas,ZGP2058390,2023-08-07,,Shellfish,900-46-9820,E11.9; I10
204749,Moreau,Emile,1962-04-09,M,emile.moreau@example.com,Humana,H9251935,2023-05-16,,NKDA,900-86-3206,
204750,Yamada,Sigrid,1955-01-05,Female,sigrid.yamada@example.com,Cigna,U4387325,2023-12-17,2025-11-05,Penicillin; Peanuts; Latex,900-15-8058,E11.9; I10
204751,Ridley,Julien,1/8/32,M,julien.ridley@example.org,UHC,92718172,2024-12-25,,Latex,900-40-9965,
204752,Aguilar,Ximena,1962-12-23,F,,Aetna,W7439599,2025-07-28,,Peanuts; Shellfish,900-47-4134,I10
204753,Whitfield,Haruki,1949-01-20,M,,BCBS TX,ZGP5179941,2024-06-12,,,900-14-3785,J45.909
204754,Whitfield,Naledi,1982-10-04,F,,United Healthcare,97912628,2026-06-25,2026-08-09,,900-66-7432,I10
204755,Okafor,Haruki,1958-02-22,MALE,haruki.okafor@example.com,Aetna,W5446960,2026-06-02,,NKDA,900-64-4008,E11.9; I10
204756,Aguilar,Margot,1979-01-17,F,margot.aguilar@example.com,AETNA,W4535424,2025-07-15,2025-01-03,Peanuts; Shellfish,900-36-5232,
204757,Ramirez,Giulia,1933-12-12,F,,Self Pay,,,,,,
204758,Novotny,Margot,1945-09-27,Female,margot.novotny@mail.example.net,Medicare,1EG46815758,2026-01-17,,Sulfa drugs; NSAIDs,900-26-8061,
204759,Halvorsen,Luz,7/13/63,F,luz.halvorsen@example.com,UHC,96919492,2023-09-04,2024-03-05,,900-20-3758,I10; J45.909
204760,Ferreira,Ximena,1994-05-17,F,,Blue Cross Blue Shield of Texas,ZGP4255241,2026-03-11,,Penicillin; Sulfa drugs,,E11.9
204761,Delacroix,Bjorn,1990-04-04,M,bjorn.delacroix@example.com,Blue Cross Blue Shield of Texas,ZGP2049727,2025-09-03,,NKDA,900-31-1233,
204762,Ridley,Julien,1968-11-24,M,julien.ridley@example.com,Aetna,W3933884,2024-09-19,,,900-85-3611,E11.9
204763,Nguyen,Rosa,1997-07-31,Female,,Aetna,W7867274,2023-10-10,,,900-27-1858,
204764,Petrov,Naledi,1978-04-29,Female,naledi.petrov@,United Healthcare,95439807,2026-02-16,,,900-55-7223,
204765,Kowalski,Haruki,1957-06-14,MALE,haruki.kowalski@mail.example.net,Blue Cross Blue Shield of Texas,ZGP5958229,2023-03-18,,Penicillin,900-46-7979,
204766,Halvorsen,Elsa,8/23/70,F,elsa.halvorsen@example.com,UHC,95633538,2025-08-27,,,900-83-4022,I10
204767,Ridley,Rosa,2013-04-17,F,rosa.ridley@example.com,United Healthcare,99059042,2024-09-08,,Peanuts; Shellfish,,J45.909
204768,Kowalski,Nora,11/2/39,F,nora.kowalski@example.com,BCBS TX,ZGP7046268,2023-01-21,,Peanuts; Shellfish,900-69-2207,
204769,Baptiste,Wendell,1979-11-17,M,wendell.baptiste@mail.example.net,Self Pay,,,,NKDA,900-57-2852,E11.9
204770,Lindqvist,Kwame,1992-08-11,M,kwame.lindqvist@,Aetna,W6032562,2024-09-22,,,900-29-9475,E11.9
204771,Yamada,Adriana,1963-07-12,U,adriana.yamada@mail.example.net,Blue Cross Blue Shield of Texas,ZGP8843970,2023-03-13,,Latex,900-80-1461,E11.9; I10
204772,Halvorsen,Bjorn,1975-12-27,M,bjorn.halvorsen@example.com,Aetna,W4900349,2023-03-20,,Penicillin; Sulfa drugs,900-78-2338,
204773,Hollis,Everett,5/7/17,m,everett.hollis@mail.example.net,Aetna,W3937253,2023-04-01,,,900-98-8978,I10
204774,Nguyen,Bjorn,1981-01-29,M,,Cigna,U9971897,2023-01-08,,NKDA,900-76-6112,E11.9; I10
204775,Achebe,Ruben,1982-12-19,MALE,ruben.achebe@example.org,BCBS TX,ZGP2628632,2024-05-25,,Contrast dye; Latex,900-53-6781,E11.9
204776,Vasquez,Rosa,1960-05-03,F,rosa.vasquez@,Aetna,W8669217,2025-08-18,,Latex,900-66-3573,J45.909
204777,Vasquez,Margot,1955-05-29,F,margot.vasquez@example.org,Aetna,W9143604,2023-02-02,,NKDA,900-87-8856,E11.9
204778,Achebe,Bjorn,2008-09-11,M,bjorn.achebe@example.com,Cigna,U6859500,2024-08-27,,,900-88-8986,
204779,Ionescu,Anya,1993-09-09,F,,Blue Cross Blue Shield of Texas,ZGP6232784,2025-10-10,,Peanuts; Shellfish,900-73-3365,E11.9
204780,Halvorsen,Haruki,1997-06-05,M,haruki.halvorsen@example.org,BCBS TX,ZGP7007533,2025-10-02,,NKDA,900-62-2997,E11.9
204781,Vasquez,Anya,1992-01-24,Female,anya.vasquez@example.com,Cigna,U4233569,2026-03-16,,Penicillin; Sulfa drugs,900-56-2499,
204782,Yamada,Camila,1942-02-11,F,camila.yamada@mail.example.net,United Healthcare,95764529,2025-07-30,,Peanuts; Shellfish,900-37-7512,I10
204783,Aguilar,Rosa,1944-01-29,F,,Blue Cross Blue Shield of Texas,ZGP1428438,2023-11-27,,Contrast dye; Latex,900-59-8087,
204784,Petrov,Piotr,1988-03-31,M,piotr.petrov@example.com,United Healthcare,91797148,2025-07-08,,NKDA,900-54-4775,I10
204785,Novotny,Piotr,2000-10-22,M,piotr.novotny@mail.example.net,United Healthcare,95713475,2023-01-31,2023-10-23,,900-48-8041,
204786,Novotny,Giulia,1940-01-07,F,,United Healthcare,91934218,2023-01-22,,,900-19-4018,E11.9
204787,Castellanos,Piotr,2013-04-15,M,piotr.castellanos@example.com,United Healthcare,95325054,2025-11-29,2026-08-22,,900-68-1880,
204788,Okafor,Wendell,1982-04-07,M,,AETNA,W1830930,2023-09-10,,,900-46-1004,
204789,Vasquez,Luz,1991-04-01,F,luz.vasquez@,Blue Cross Blue Shield of Texas,ZGP5782499,2025-10-18,,,900-60-7915,J45.909
204790,Ferreira,Anya,1950-10-28,F,,Medicare,1EG49703542,2024-04-19,,Penicillin,900-66-9749,
204791,Vasquez,Ximena,6/7/65,F,ximena.vasquez@example.com,United Healthcare,93955636,2023-03-22,,Sulfa drugs; NSAIDs,900-43-8979,I10
204792,Ferreira,Rosa,1994-01-05,F,rosa.ferreira@example.com,United Healthcare,93138523,2025-08-11,,Contrast dye; Latex,900-13-1320,E11.9
204793,Moreau,Giulia,1963-04-06,Female,giulia.moreau@example.com,Self Pay,,,,PCN,900-20-5117,
204794,Aguilar,Alden,1944-08-10,M,alden.aguilar@mail.example.net,Cigna,U7911583,2024-07-20,,Latex,900-21-6845,I10; J45.909
204795,Alvarez,Thanh,1980-05-28,F,,Cigna,U3490939,2023-09-15,,Penicillin,900-65-5910,
204796,Vasquez,Margot,2006-08-03,F,margot.vasquez@example.org,Medicare,1EG44293277,2025-12-09,,,900-83-1909,E11.9; I10
204797,Bergstrom,Vera,1933-06-28,f,vera.bergstrom@mail.example.net,Medicare,1EG46413275,2024-07-10,,,900-14-5100,I10
204798,Ferreira,Julien,1965-01-27,MALE,julien.ferreira@mail.example.net,Medicare,1EG45556132,2023-11-11,,,900-11-6465,I10; J45.909
204799,Ramirez,Emile,1959-12-18,M,emile.ramirez@mail.example.net,Aetna,W4091324,2024-12-09,,NKDA,900-96-4255,J45.909
204800,Bergstrom,Bjorn,1959-12-01,M,,Cigna,U9416766,2026-05-04,,Shellfish,900-26-4840,I10
204801,Yamada,Haruki,1936-02-02,M,haruki.yamada@example.com,Aetna,W1883620,2023-11-22,,Sulfa drugs; NSAIDs,900-38-4337,E11.9; I10; J45.909
204802,Aguilar,Everett,1980-10-17,M,everett.aguilar@example.com,Cigna,U7048769,2023-12-19,2024-04-12,Penicillin; Sulfa drugs,,E11.9
204803,Nguyen,Beatriz,9/18/08,Female,beatriz.nguyen@mail.example.net,Blue Cross Blue Shield of Texas,ZGP8539849,2024-07-15,,NKDA,900-72-2804,E11.9; I10; J45.909
204804,Osei,Vera,12/9/50,F,vera.osei@example.com,Aetna,W8603272,2024-03-04,,,900-87-7665,I10
204805,Delacroix,Ines,1960-02-29,Female,ines.delacroix@example.com,Humana,H7952738,2024-08-16,,"Latex, Penicillin",900-29-8257,I10
204806,Halvorsen,Piotr,1955-11-14,M,piotr.halvorsen@mail.example.net,Aetna,W9173963,2024-11-29,,,900-14-4569,I10
204807,Ridley,Femi,1959-01-02,M,femi.ridley@example.com,Self Pay,,,,,900-17-7367,E11.9
204808,Ridley,Chidi,1997-11-13,M,chidi.ridley@example.com,Medicare,1EG43065950,2024-07-21,,Penicillin; Sulfa drugs,900-11-3403,E11.9; I10; J45.909
204809,Alvarez,Piotr,5/13/88,m,piotr.alvarez@example.com,Blue Cross Blue Shield of Texas,ZGP5744411,2024-03-24,,NKDA,,I10; J45.909
204810,Osei,Anya,1954-01-19,f,anya.osei@example.com,Blue Cross Blue Shield of Texas,ZGP4028394,2024-07-13,2025-05-11,Peanuts; Shellfish,900-88-7441,E11.9; I10
204811,Halvorsen,Chidi,2013-09-20,M,chidi.halvorsen@example.com,United Healthcare,92203668,2025-09-19,,Penicillin; Sulfa drugs,900-20-7879,
204812,Achebe,Mateo,11/23/54,X,mateo.achebe@example.com,United Healthcare,95014363,2025-05-09,,,900-20-2973,E11.9
204813,Novotny,Haruki,1975-05-12,MALE,haruki.novotny@example.com,Self Pay,,,,NKDA,900-91-2609,E11.9; I10; J45.909
204814,Baptiste,Giulia,8/25/03,F,giulia.baptiste@example.com,BCBS TX,ZGP9150724,2023-06-17,,Penicillin,900-28-7430,E11.9; I10
204815,Novotny,Ximena,6/9/55,F,,Medicare,1EG43518120,2024-11-20,,Penicillin; Sulfa drugs,900-52-2915,I10; J45.909
204816,Thorne,Chidi,8/7/05,m,,United Healthcare,93714747,2025-01-03,,,900-68-1208,I10; J45.909
204817,Nguyen,Kwame,7/19/11,M,kwame.nguyen@example.com,Cigna,U7872404,2024-03-31,,,900-32-2932,E11.9; I10
204818,Petrov,Thanh,1957-04-16,Female,,Self Pay,,,,,900-81-3122,J45.909
204819,Okafor,Naledi,10/11/59,F,naledi.okafor@example.com,Blue Cross Blue Shield of Texas,ZGP6114925,2024-09-09,2026-06-14,Shellfish,900-75-1738,I10
204820,Achebe,Luz,1950-04-22,Female,luz.achebe@example.com,Humana,H3433113,2026-01-14,,Penicillin,900-54-7461,I10
204821,Osei,Emile,1938-06-10,M,emile.osei@example.com,United Healthcare,92837821,2024-01-27,2023-08-16,NSAIDs; Peanuts,900-52-5908,E11.9
204822,Ramirez,Chidi,1947-07-18,M,chidi.ramirez@example.com,Humana,H6925258,2024-11-26,,,900-68-7691,
204823,Bergstrom,Sigrid,1943-09-20,Female,sigrid.bergstrom@example.com,Medicare,1EG42060656,2024-07-14,,Penicillin; Sulfa drugs,900-23-2109,E11.9
204824,Hollis,Ximena,1992-11-19,f,ximena.hollis@example.com,AETNA,W1190601,2024-01-29,,Penicillin; Sulfa drugs,,E11.9
204825,Achebe,Margot,2011-10-09,F,margot.achebe@mail.example.net,Blue Cross Blue Shield of Texas,ZGP9247647,2023-08-15,,Penicillin; Sulfa drugs,900-15-6500,E11.9; I10
204826,Okafor,Everett,1947-09-29,M,everett.okafor@example.com,Cigna,U7986211,2025-08-26,,PCN,900-25-7596,J45.909
204827,Achebe,Haruki,11/6/76,M,haruki.achebe@example.com,Self Pay,,,,NKDA,900-80-4015,E11.9
204828,Thorne,Rosa,1979-08-23,Non-binary,rosa.thorne@example.com,Medicare,1EG48414861,2026-06-09,2026-09-24,NKDA,900-68-3024,
204829,Ferreira,Chidi,1970-06-02,M,,UHC,98851269,2025-04-14,,Penicillin; Peanuts; Latex,900-61-8294,E11.9; I10
204830,Marchetti,Emile,1946-11-01,M,emile.marchetti@example.com,BCBS TX,ZGP3335944,2025-03-03,,NKDA,900-38-1856,I10
204831,Ramirez,Adriana,1978-11-03,F,,United Healthcare,95918083,2024-11-27,,Penicillin,900-71-1766,
204832,Yamada,Nora,1947-03-10,F,nora.yamada@mail.example.net,Medicare,1EG46083490,2025-05-30,2026-10-21,,900-81-5712,E11.9
204833,Delacroix,Piotr,1994-03-29,M,piotr.delacroix@mail.example.net,Cigna,U9949560,2024-04-09,,Penicillin,900-60-2107,
204834,Castellanos,Femi,11/15/42,M,femi.castellanos@mail.example.net,Medicare,1EG43841559,2025-05-24,,Penicillin,900-99-1653,J45.909
204835,Ridley,Vera,1932-04-04,F,vera.ridley@mail.example.net,Medicare,1EG41029557,2024-08-25,,NKDA,900-90-3948,
204836,Castellanos,Haruki,5/9/47,M,haruki.castellanos@mail.example.net,Medicare,1EG44071042,2023-06-19,,Penicillin; Sulfa drugs,900-34-9453,J45.909
204837,Osei,Vera,1958-08-08,F,vera.osei@mail.example.net,Self Pay,,,,NKDA,900-16-2461,E11.9; I10
204838,Delacroix,Rosa,1937-12-20,f,rosa.delacroix@example.com,Cigna,U7699634,2024-08-23,,,900-10-6310,I10
204839,Delacroix,Cordelia,1973-11-08,U,cordelia.delacroix@example.com,United Healthcare,95089477,2023-10-04,,Penicillin; Sulfa drugs,900-83-9674,E11.9; I10
204840,Ridley,Cordelia,1970-03-12,F,cordelia.ridley@example.com,Medicare,1EG49707330,2026-01-04,,Peanuts; Shellfish,,J45.909
204841,Kowalski,Ruben,1988-11-15,M,ruben.kowalski@example.org,Medicare,1EG45903989,2023-03-15,,NKDA,900-55-4747,
204842,Hollis,Mateo,1970-03-28,M,mateo.hollis@example.org,Cigna,U3514594,2025-01-25,,Penicillin,900-63-8509,J45.909
204843,Lindqvist,Elsa,2011-08-28,F,elsa.lindqvist@mail.example.net,Blue Cross Blue Shield of Texas,ZGP1248589,2025-05-30,,Penicillin,,E11.9
204844,Mbeki,Luz,1988-10-05,F,luz.mbeki@mail.example.net,Self Pay,,,,Latex,900-91-7632,
204845,Baptiste,Everett,1988-11-28,M,everett.baptiste@example.com,Self Pay,,,,Penicillin; Sulfa drugs,900-98-9215,
204846,Fitzgerald,Sigrid,2021-11-05,F,,BCBS TX,ZGP4525722,2023-04-05,,Peanuts; Shellfish,900-44-2341,I10
204847,Sandoval,Haruki,1935-10-31,M,haruki.sandoval@example.org,Aetna,W9108986,2025-01-02,2026-11-23,,900-80-8439,
204848,Vasquez,Haruki,1961-12-25,m,haruki.vasquez@mail.example.net,Aetna,W4302527,2025-03-11,2026-02-05,,900-63-3055,E11.9; I10
204849,Sandoval,Camila,1961-05-15,F,camila.sandoval@example.com,Humana,H4645837,2025-08-02,2024-10-27,NKDA,,
204850,Moreau,Chidi,1991-08-22,M,chidi.moreau@example.org,Blue Cross Blue Shield of Texas,ZGP8513285,2024-07-09,,Shellfish,900-29-6409,
204851,Nguyen,Beatriz,1966-09-16,F,beatriz.nguyen@example.org,Cigna,U5099246,2026-06-16,,,900-61-4300,
204852,Baptiste,Ximena,1993-01-05,F,ximena.baptiste@mail.example.net,BCBS TX,ZGP4561478,2024-08-17,,Peanuts; Shellfish,900-95-9729,J45.909
204853,Castellanos,Ruben,11/14/05,MALE,ruben.castellanos@example.com,Aetna,W9758609,2024-10-02,,,900-15-6362,J45.909
204854,Mbeki,Ximena,10/28/93,F,ximena.mbeki@example.com,Blue Cross Blue Shield of Texas,ZGP6460517,2026-05-09,,,900-34-4257,I10
204855,Ferreira,Piotr,1985-10-14,M,piotr.ferreira@example.org,Cigna,U6015206,2025-02-16,,Penicillin,900-48-1185,
204856,Mbeki,Elsa,2020-06-05,Female,,United Healthcare,99384646,2024-02-23,,,900-48-7007,E11.9; I10
204857,Moreau,Anya,1935-12-26,f,anya.moreau@example.com,Self Pay,,,,NKDA,900-67-2965,E11.9
204858,Delacroix,Sigrid,1934-01-07,F,sigrid.delacroix@mail.example.net,United Healthcare,97321509,2026-05-02,,Sulfa drugs; NSAIDs,900-39-9554,E11.9
204859,Mbeki,Everett,2/10/08,M,everett.mbeki@example.com,UHC,99707975,2025-11-09,,,900-37-6217,I10
204860,Vasquez,Adriana,2018-06-16,F,,Cigna,U6650312,2023-07-13,,Penicillin,900-96-6223,I10
204861,Hollis,Haruki,1954-09-13,M,haruki.hollis@example.org,BCBS TX,ZGP9858682,2025-07-10,,,900-26-9599,E11.9
204862,Halvorsen,Femi,1952-01-26,M,femi.halvorsen@example.com,Aetna,W5523245,2025-10-29,,Penicillin; Sulfa drugs,900-21-6200,I10
204863,Yamada,Kwame,2014-03-10,MALE,kwame.yamada@example.com,Cigna,U3502762,2026-01-27,,Penicillin; Peanuts; Latex,900-72-8078,E11.9; I10
204864,Moreau,Sigrid,1958-03-01,Female,sigrid.moreau@example.com,AETNA,W3883388,2026-02-12,,,900-35-7662,
204865,Okafor,Ximena,1933-04-28,F,ximena.okafor@mail.example.net,Medicare,1EG44885238,2024-10-30,,Penicillin,900-17-2757,I10; J45.909
204866,Osei,Margot,2023-02-10,f,margot.osei@example.com,Medicare,1EG44933842,2023-10-11,,,900-83-8500,E11.9; I10
204867,Mbeki,Everett,1977-07-06,M,everett.mbeki@example.com,UHC,92927285,2025-03-14,,Penicillin,900-33-2194,E11.9
204868,Castellanos,Ruben,2020-05-06,MALE,ruben.castellanos@mail.example.net,United Healthcare,98043251,2025-01-10,,,900-34-6178,I10
204869,Ridley,Rosa,1932-01-12,f,rosa.ridley@mail.example.net,Cigna,U1748728,2025-07-31,,NSAIDs; Peanuts,900-77-1016,I10
204870,Fitzgerald,Nora,1990-01-26,F,nora.fitzgerald@example.com,BCBS TX,ZGP8537303,2025-12-28,,NKDA,,E11.9; I10; J45.909
204871,Novotny,Kwame,1996-02-21,MALE,kwame.novotny@example.com,Medicare,1EG45502620,2025-05-14,2027-04-13,,900-79-5932,E11.9
204872,Bergstrom,Adriana,1947-02-21,F,adriana.bergstrom@mail.example.net,BCBS TX,ZGP6923605,2023-02-07,2023-08-20,Penicillin; Sulfa drugs,900-88-2239,I10
204873,Vasquez,Wendell,1968-09-04,MALE,wendell.vasquez@example.com,UHC,93086482,2024-03-26,,,,
204874,Castellanos,Anya,1944-07-16,F,anya.castellanos@example.com,Self Pay,,,,,900-65-5062,E11.9
204875,Sandoval,Alden,2009-04-20,M,alden.sandoval@example.com,Humana,H8596834,2023-11-21,,Penicillin,900-41-1495,
204876,Petrov,Mateo,1948-05-19,M,mateo.petrov@example.com,Aetna,W4218303,2024-04-04,,Latex,900-57-1184,I10
204877,Bergstrom,Femi,2022-10-29,m,femi.bergstrom@example.com,United Healthcare,99061237,2024-10-19,,Sulfa drugs; NSAIDs,900-69-6910,E11.9; I10
204878,Alvarez,Emile,12/1/17,MALE,emile.alvarez@mail.example.net,United Healthcare,92486149,2025-03-16,,Penicillin; Peanuts; Latex,900-89-6853,
204879,Okafor,Kwame,1943-05-21,M,kwame.okafor@mail.example.net,Blue Cross Blue Shield of Texas,ZGP2279992,2024-12-11,,"Latex, Penicillin",,J45.909
204880,Lindqvist,Emile,1978-01-04,M,,Aetna,W3643661,2026-05-25,,,900-67-4343,I10
204881,Delacroix,Ximena,11/5/60,F,,Cigna,U9388725,2023-02-12,,Peanuts; Shellfish,900-34-3459,
204882,Fitzgerald,Anya,1950-01-15,F,,Medicare,1EG42872412,2023-02-23,,NKDA,900-18-2255,E11.9
204883,Delacroix,Haruki,1949-06-30,M,,Medicare,1EG46813170,2026-03-23,,Penicillin; Sulfa drugs,900-37-9815,E11.9; I10
204884,Bergstrom,Beatriz,1994-09-14,F,beatriz.bergstrom@example.com,AETNA,W4325756,2025-04-07,,,,E11.9; I10
204885,Novotny,Sigrid,2000-06-25,F,sigrid.novotny@,Cigna,U3422470,2026-03-16,,NKDA,900-65-4103,I10
204886,Okafor,Kwame,1963-07-16,M,kwame.okafor@example.com,United Healthcare,94393498,2023-12-03,,,900-60-5046,E11.9
204887,Ramirez,Emile,2007-11-16,m,emile.ramirez@example.com,Self Pay,,,,,900-79-6580,
204888,Escobar,Luz,2023-12-13,F,luz.escobar@mail.example.net,Aetna,W3629063,2025-01-02,,NKDA,900-48-1130,E11.9
204889,Hollis,Giulia,2004-06-03,F,giulia.hollis@example.com,Aetna,W3728435,2025-10-17,,,900-36-1692,E11.9; I10; J45.909
204890,Aguilar,Emile,1985-10-09,M,emile.aguilar@example.com,UHC,93749478,2025-11-06,,NKDA,900-85-6074,E11.9; I10
204891,Castellanos,Naledi,2003-08-09,F,naledi.castellanos@mail.example.net,UHC,99049183,2025-06-17,,Latex,900-63-9471,E11.9
204892,Thorne,Ines,2005-02-28,F,ines.thorne@example.com,Aetna,W8856337,2024-03-09,,Penicillin; Sulfa drugs,900-52-6086,E11.9
204893,Nguyen,Anya,1972-10-27,f,anya.nguyen@mail.example.net,United Healthcare,96650115,2024-02-14,,NKDA,900-30-6308,E11.9; I10
204894,Ramirez,Haruki,10/2/89,M,haruki.ramirez@example.org,Medicare,1EG46444699,2024-09-04,,PCN,900-13-1669,I10
204895,Aguilar,Kwame,1983-09-02,M,kwame.aguilar@example.com,United Healthcare,91968326,2024-01-13,,,900-13-7389,E11.9; I10
204896,Sandoval,Kwame,1972-11-04,m,kwame.sandoval@example.com,Blue Cross Blue Shield of Texas,ZGP1671604,2025-11-03,,NKDA,900-64-8928,
204897,Marchetti,Rosa,1954-09-11,F,rosa.marchetti@example.com,Blue Cross Blue Shield of Texas,ZGP1662195,2023-04-19,2023-06-22,,900-69-6488,E11.9; I10; J45.909
204898,Ferreira,Kwame,2014-12-28,M,kwame.ferreira@example.org,Medicare,1EG48896145,2026-03-09,,Sulfa drugs; NSAIDs,900-43-9829,
204899,Mbeki,Kwame,2015-10-26,M,kwame.mbeki@example.org,United Healthcare,94119069,2026-05-13,,,900-21-2058,E11.9; I10; J45.909
204900,Aguilar,Haruki,1957-09-12,m,haruki.aguilar@example.com,Medicare,1EG45742038,2025-01-22,,Peanuts; Shellfish,900-74-7735,
204901,Ionescu,Piotr,1955-01-26,M,piotr.ionescu@example.com,Blue Cross Blue Shield of Texas,ZGP7687356,2026-05-31,,,900-84-6235,I10
204902,Baptiste,Thanh,10/2/93,F,thanh.baptiste@example.com,BCBS TX,ZGP5888234,2023-03-12,,,900-95-7745,
204903,Whitfield,Kwame,2014-07-24,M,kwame.whitfield@example.com,Aetna,W8145777,2023-12-19,,NKDA,900-52-9245,
204904,Castellanos,Kwame,1935-08-16,U,,BCBS TX,ZGP1551987,2023-03-31,,Penicillin; Sulfa drugs,900-56-4260,E11.9
204905,Petrov,Ines,1953-06-19,F,,Aetna,W1649259,2024-08-23,2026-02-18,Penicillin; Sulfa drugs,,
204906,Baptiste,Nora,2007-10-31,F,nora.baptiste@example.org,Blue Cross Blue Shield of Texas,ZGP2024372,2024-04-16,2024-11-05,,,
204907,Castellanos,Margot,2010-01-14,Female,margot.castellanos@example.org,UHC,93775926,2025-02-21,,NSAIDs; Peanuts,900-20-4527,
204908,Petrov,Luz,1980-10-18,F,,Blue Cross Blue Shield of Texas,ZGP7347864,2025-08-22,,Penicillin; Peanuts; Latex,,E11.9; I10; J45.909
204909,Mbeki,Anya,2007-01-04,F,anya.mbeki@example.com,Aetna,W9509516,2026-02-06,2026-11-19,,900-30-5359,
204910,Aguilar,Elsa,2023-05-03,F,,Medicare,1EG49350476,2023-12-20,,Penicillin,900-23-6242,E11.9
204911,Osei,Camila,2024-05-05,F,camila.osei@example.org,UHC,97740064,2024-07-18,,Sulfa drugs; NSAIDs,900-34-9751,I10
204912,Achebe,Thanh,7/3/69,F,,Aetna,W8770358,2025-02-02,,Sulfa drugs; NSAIDs,,I10
204913,Escobar,Vera,1950-04-28,F,vera.escobar@example.com,United Healthcare,97323483,2024-07-24,,NKDA,900-58-9290,J45.909
204914,Ionescu,Julien,8/2/02,M,julien.ionescu@mail.example.net,Cigna,U2011606,2023-07-18,2025-12-06,Penicillin,900-81-2167,I10
204915,Ferreira,Ximena,1935-09-10,F,ximena.ferreira@example.com,Cigna,U1041650,2023-02-22,,NSAIDs; Peanuts,900-40-3626,I10
204916,Osei,Adriana,1945-02-06,f,,UHC,92371070,2023-08-05,,NKDA,900-77-3993,
204917,Kowalski,Camila,9/2/10,Female,camila.kowalski@mail.example.net,United Healthcare,98431989,2023-11-01,,,900-77-1892,I10
204918,Delacroix,Elsa,1971-11-16,Female,elsa.delacroix@mail.example.net,Self Pay,,,,Penicillin; Sulfa drugs,900-10-4679,J45.909
204919,Thorne,Chidi,1979-02-01,MALE,chidi.thorne@example.org,Aetna,W2746111,2025-09-11,,,900-75-7851,E11.9
204920,Whitfield,Femi,2004-08-07,M,femi.whitfield@example.com,Cigna,U6933693,2024-03-30,2026-04-11,,900-97-8247,
204921,Fitzgerald,Nora,2016-11-12,F,nora.fitzgerald@mail.example.net,Self Pay,,,,NSAIDs; Peanuts,900-82-3217,I10; J45.909
204922,Sandoval,Bjorn,1983-05-29,M,bjorn.sandoval@example.org,Humana,H4700350,2024-06-15,,Peanuts; Shellfish,900-37-8280,E11.9; I10
204923,Ionescu,Haruki,1955-05-16,M,haruki.ionescu@example.com,BCBS TX,ZGP8638524,2026-04-03,2026-05-07,Penicillin; Sulfa drugs,900-24-5499,I10; J45.909
204924,Bergstrom,Sigrid,1969-06-02,F,,BCBS TX,ZGP5734043,2023-07-07,,PCN,900-92-6851,E11.9; I10
204925,Lindqvist,Thanh,2012-04-24,Female,thanh.lindqvist@mail.example.net,Aetna,W3037240,2026-03-15,,,,E11.9
204926,Sandoval,Sigrid,1963-04-30,F,sigrid.sandoval@example.com,Cigna,U9076771,2025-06-05,,,900-84-3440,
204927,Bergstrom,Vera,1985-11-30,F,vera.bergstrom@mail.example.net,Medicare,1EG47591246,2025-08-05,,NKDA,900-81-9932,E11.9; I10
204928,Okafor,Ines,2024-05-24,F,ines.okafor@example.com,Self Pay,,,,,,I10; J45.909
204929,Whitfield,Ines,7/9/71,F,ines.whitfield@mail.example.net,AETNA,W4192391,2023-05-01,2023-06-16,Peanuts; Shellfish,900-67-2363,
204930,Ferreira,Anya,2011-03-23,F,anya.ferreira@example.com,Blue Cross Blue Shield of Texas,ZGP2240875,2024-11-01,,PCN,900-44-8568,I10; J45.909
204931,Achebe,Julien,1951-06-16,M,julien.achebe@example.com,Blue Cross Blue Shield of Texas,ZGP5848371,2025-07-04,,Sulfa drugs; NSAIDs,900-48-5348,
204932,Aguilar,Naledi,1960-08-22,Female,naledi.aguilar@mail.example.net,Self Pay,,,,,900-28-2678,
204933,Yamada,Luz,2004-03-08,F,luz.yamada@example.org,Medicare,1EG44568670,2024-11-13,,NKDA,900-22-8918,I10
204934,Kowalski,Emile,2011-11-13,m,emile.kowalski@example.com,AETNA,W3855821,2023-05-31,,NSAIDs; Peanuts,900-26-3112,E11.9
204935,Castellanos,Femi,2015-10-08,MALE,femi.castellanos@example.org,Cigna,U2569475,2023-08-14,,NKDA,,
204936,Sandoval,Beatriz,9/7/92,F,beatriz.sandoval@example.com,Blue Cross Blue Shield of Texas,ZGP2230988,2023-01-26,,Penicillin; Sulfa drugs,900-93-7516,
204937,Novotny,Femi,1956-02-12,M,femi.novotny@mail.example.net,Humana,H2767708,2023-03-30,,Sulfa drugs; NSAIDs,900-93-5726,
204938,Petrov,Piotr,9/30/31,M,piotr.petrov@example.com,Self Pay,,,,PCN,,
204939,Aguilar,Piotr,1938-02-03,M,piotr.aguilar@example.com,Humana,H7729906,2023-08-02,,Penicillin; Sulfa drugs,900-91-6303,E11.9
204940,Hollis,Margot,9/26/09,Female,margot.hollis@example.com,AETNA,W8443281,2023-02-06,,,900-31-9663,
204941,Sandoval,Thanh,1960-04-26,X,,Self Pay,,,,"Latex, Penicillin",900-14-2839,I10
204942,Petrov,Kwame,1967-09-13,M,kwame.petrov@example.com,AETNA,W3918947,2025-01-16,,PCN,900-82-5215,
204943,Ferreira,Luz,6/15/39,F,luz.ferreira@example.org,UHC,93811904,2024-11-09,,Peanuts; Shellfish,900-57-5432,I10
204944,Okafor,Piotr,2001-04-30,M,piotr.okafor@mail.example.net,Medicare,1EG46054292,2023-09-06,2025-03-24,NKDA,900-19-6549,I10
204945,Ferreira,Anya,2007-05-31,Female,anya.ferreira@example.com,AETNA,W2966643,2024-11-20,,Penicillin,900-97-2733,I10
204946,Baptiste,Giulia,7/21/20,F,giulia.baptiste@mail.example.net,United Healthcare,96941254,2023-01-04,,,900-93-3971,I10; J45.909
204947,Delacroix,Julien,2021-12-01,M,julien.delacroix@example.com,Cigna,U9439266,2023-07-13,,Shellfish,,I10
204948,Achebe,Anya,1945-04-24,Female,anya.achebe@example.org,Medicare,1EG42065262,2024-01-29,,Penicillin,900-91-7796,E11.9
204949,Novotny,Haruki,1952-09-09,M,,Cigna,U8589693,2023-07-17,,Penicillin; Sulfa drugs,900-47-3967,
204950,Sandoval,Giulia,2007-09-11,F,giulia.sandoval@example.com,Blue Cross Blue Shield of Texas,ZGP8743484,2023-05-03,2023-11-11,Penicillin; Sulfa drugs,900-91-3354,
204951,Escobar,Julien,1948-10-08,m,julien.escobar@mail.example.net,Self Pay,,,,Peanuts; Shellfish,900-61-3230,
204952,Ramirez,Anya,1968-11-23,F,anya.ramirez@example.com,Humana,H3005088,2024-09-30,,NKDA,900-62-9329,
204953,Achebe,Adriana,11/20/73,F,adriana.achebe@example.com,Medicare,1EG46428502,2026-03-15,,PCN,900-68-5445,E11.9
204954,Novotny,Thanh,1944-11-02,F,thanh.novotny@example.com,UHC,98595176,2025-06-03,,Sulfa drugs; NSAIDs,900-74-9228,E11.9; I10; J45.909
204955,Castellanos,Beatriz,1937-04-25,F,beatriz.castellanos@example.com,Medicare,1EG46569526,2024-02-24,,Penicillin,900-88-8799,
204956,Yamada,Ruben,2004-07-03,MALE,ruben.yamada@example.com,Self Pay,,,,NKDA,900-14-5678,E11.9
204957,Nguyen,Camila,1975-06-02,f,camila.nguyen@example.com,Medicare,1EG49924417,2025-08-29,,,900-10-3324,E11.9; I10
204958,Bergstrom,Margot,1942-02-02,F,margot.bergstrom@example.com,Blue Cross Blue Shield of Texas,ZGP4190903,2023-11-02,2025-05-30,NKDA,900-24-4330,I10; J45.909
204959,Halvorsen,Kwame,2006-01-26,M,,Medicare,1EG48342939,2026-05-07,,,,E11.9; I10; J45.909
204960,Whitfield,Beatriz,1972-07-03,F,,Blue Cross Blue Shield of Texas,ZGP7352921,2025-04-02,,Penicillin,900-69-4884,E11.9
204961,Ridley,Bjorn,1997-01-20,M,,BCBS TX,ZGP7755059,2024-04-20,,"Latex, Penicillin",900-84-6759,E11.9; I10; J45.909
204962,Nguyen,Giulia,1953-09-16,f,,BCBS TX,ZGP8835609,2026-03-04,,Penicillin,900-46-9461,I10; J45.909
204963,Nguyen,Giulia,1931-04-01,Female,giulia.nguyen@example.com,BCBS TX,ZGP1496274,2024-12-30,,,900-48-5254,E11.9; I10
204964,Achebe,Nora,1992-01-03,F,nora.achebe@mail.example.net,Medicare,1EG47615724,2023-01-16,2024-10-09,,900-39-6362,E11.9; I10
204965,Yamada,Bjorn,11/19/81,M,bjorn.yamada@example.com,Self Pay,,,,Peanuts; Shellfish,900-31-3722,J45.909
204966,Sandoval,Cordelia,2010-01-24,F,cordelia.sandoval@mail.example.net,United Healthcare,91208194,2025-09-05,2028-01-25,"Latex, Penicillin",900-76-6363,
204967,Whitfield,Anya,10/9/16,f,anya.whitfield@mail.example.net,United Healthcare,97082533,2025-09-30,,Penicillin,,I10
204968,Ridley,Thanh,7/23/64,F,thanh.ridley@example.com,Medicare,1EG43861255,2025-05-28,,Peanuts; Shellfish,900-55-3738,E11.9; I10
204969,Thorne,Naledi,1963-04-03,F,naledi.thorne@example.com,UHC,93825148,2024-12-04,,Latex,900-34-8037,E11.9
204970,Achebe,Femi,1/28/19,M,femi.achebe@example.com,Cigna,U8007017,2024-03-29,2024-05-09,,,
204971,Kowalski,Nora,1947-08-18,F,nora.kowalski@mail.example.net,Medicare,1EG47163078,2025-09-22,,,900-85-7997,
204972,Ionescu,Ximena,2014-05-10,F,ximena.ionescu@mail.example.net,United Healthcare,91798575,2023-06-20,,NSAIDs; Peanuts,900-79-7799,
204973,Mbeki,Margot,2023-05-17,F,margot.mbeki@example.com,Humana,H9544571,2023-09-07,,Penicillin; Peanuts; Latex,900-47-6757,J45.909
204974,Kowalski,Naledi,7/13/40,F,,Aetna,W1355518,2025-02-10,,Shellfish,900-39-9721,I10; J45.909
204975,Okafor,Camila,1996-04-09,Female,,Blue Cross Blue Shield of Texas,ZGP8862171,2025-09-16,,Shellfish,900-62-9453,
204976,Fitzgerald,Adriana,1974-09-15,F,adriana.fitzgerald@example.com,Aetna,W4262557,2024-11-26,,NKDA,900-14-1284,J45.909
204977,Aguilar,Naledi,1990-07-20,F,,Aetna,W5675986,2025-09-09,,Penicillin,900-73-7051,I10
204978,Lindqvist,Vera,1958-08-02,F,vera.lindqvist@mail.example.net,UHC,91621306,2026-05-01,,,,E11.9
204979,Fitzgerald,Vera,1983-11-13,F,vera.fitzgerald@example.com,United Healthcare,95830714,2023-03-11,,,900-24-6503,
204980,Ferreira,Luz,1969-02-28,F,luz.ferreira@example.com,BCBS TX,ZGP6027378,2025-08-21,,NSAIDs; Peanuts,,E11.9; I10
204981,Mbeki,Chidi,1962-02-23,M,chidi.mbeki@example.com,Self Pay,,,,,900-89-7273,I10
204982,Ferreira,Adriana,1993-02-17,Female,adriana.ferreira@example.com,United Healthcare,93715410,2024-04-09,,Penicillin; Sulfa drugs,900-91-7297,E11.9; I10
204983,Ferreira,Ines,2001-02-09,Female,ines.ferreira@example.com,Aetna,W5387920,2025-11-06,,Penicillin,900-11-2555,
204984,Mbeki,Vera,1986-10-07,F,vera.mbeki@example.org,AETNA,W5342923,2023-10-25,,,900-89-5292,E11.9
204985,Ferreira,Ruben,2007-12-05,M,ruben.ferreira@example.com,Humana,H9332252,2024-02-11,,Penicillin; Sulfa drugs,,E11.9; I10
204986,Osei,Bjorn,1933-10-13,M,bjorn.osei@example.com,Medicare,1EG45630486,2023-02-11,2023-07-19,PCN,900-37-6252,I10
204987,Petrov,Julien,2019-12-23,M,julien.petrov@mail.example.net,Aetna,W2737730,2025-03-17,,,900-61-9264,
204988,Escobar,Mateo,1947-11-16,M,mateo.escobar@example.com,Aetna,W4348834,2023-03-30,,PCN,,J45.909
204989,Whitfield,Anya,1981-11-17,F,anya.whitfield@example.org,Aetna,W4884551,2026-02-04,2027-11-23,,900-86-1049,
204990,Achebe,Haruki,1975-11-07,M,haruki.achebe@example.com,Cigna,U1531998,2026-04-11,,Latex,900-17-1613,
204991,Bergstrom,Luz,1950-04-23,F,luz.bergstrom@example.com,Aetna,W6385319,2023-09-09,,Shellfish,900-47-5831,E11.9; I10
204992,Achebe,Beatriz,1997-07-16,F,beatriz.achebe@example.com,Cigna,U8584067,2024-04-05,,Penicillin,,E11.9; I10
204993,Castellanos,Elsa,1937-10-07,F,elsa.castellanos@example.com,United Healthcare,95258543,2023-04-13,,Penicillin,900-82-7818,E11.9; I10
204994,Nguyen,Ines,1931-08-15,F,ines.nguyen@example.com,Aetna,W1120914,2024-10-13,2026-02-07,Contrast dye; Latex,900-78-9280,E11.9; I10
204995,Novotny,Ximena,1948-11-13,F,ximena.novotny@example.com,AETNA,W8371716,2023-05-30,,,,
204996,Castellanos,Ruben,2001-07-24,M,ruben.castellanos@example.com,Blue Cross Blue Shield of Texas,ZGP2894886,2025-11-19,,Penicillin,900-38-4098,
204997,Nguyen,Camila,1941-11-20,F,camila.nguyen@mail.example.net,Self Pay,,,,"Latex, Penicillin",900-84-3005,
204998,Halvorsen,Femi,1991-08-13,M,femi.halvorsen@mail.example.net,Humana,H8341339,2025-02-28,,,900-69-5038,
204999,Yamada,Anya,1955-12-13,F,anya.yamada@example.com,United Healthcare,97460692,2026-06-04,,Penicillin,900-54-9147,I10
205000,Halvorsen,Beatriz,1967-10-22,F,,Aetna,W1151064,2025-04-30,,Penicillin,900-68-7689,
205001,Bergstrom,Thanh,1934-01-27,F,,United Healthcare,97539895,2024-12-29,,Sulfa drugs; NSAIDs,900-41-7294,
205002,Delacroix,Beatriz,2005-05-01,F,,Medicare,1EG47831436,2023-11-18,,Sulfa drugs; NSAIDs,,
205003,Ridley,Camila,1997-07-18,F,camila.ridley@mail.example.net,Self Pay,,,,Penicillin,900-23-9416,E11.9
205004,Halvorsen,Mateo,1973-08-26,M,mateo.halvorsen@example.com,Humana,H6513501,2023-04-30,,NKDA,900-62-3066,
205005,Vasquez,Naledi,1944-09-01,F,,Aetna,W1131108,2025-03-10,2025-05-09,NKDA,,I10
205006,Escobar,Femi,11/12/01,M,femi.escobar@example.com,Medicare,1EG41898864,2024-06-10,,Penicillin,900-67-3698,E11.9; I10
205007,Ramirez,Bjorn,2015-06-14,M,bjorn.ramirez@example.com,Self Pay,,,,Penicillin,900-82-4863,I10
205008,Aguilar,Julien,1948-06-29,M,julien.aguilar@example.com,Medicare,1EG41469645,2024-09-25,2026-02-10,,900-93-1656,
205009,Lindqvist,Wendell,1949-08-08,m,wendell.lindqvist@example.com,Cigna,U3142659,2025-04-04,,Peanuts; Shellfish,900-35-5285,I10; J45.909
205010,Kowalski,Chidi,8/23/56,M,chidi.kowalski@mail.example.net,United Healthcare,99080681,2025-03-13,,,900-67-2340,I10
205011,Bergstrom,Giulia,2008-05-25,F,giulia.bergstrom@mail.example.net,United Healthcare,99178467,2023-11-23,,Contrast dye; Latex,,
205012,Yamada,Naledi,1951-04-14,F,naledi.yamada@example.com,Self Pay,,,,Latex,,E11.9; I10
205013,Vasquez,Cordelia,1999-08-28,X,cordelia.vasquez@example.com,Cigna,U1585534,2024-07-08,,NSAIDs; Peanuts,,E11.9
205014,Marchetti,Mateo,2023-04-01,M,mateo.marchetti@example.com,Cigna,U8759128,2025-09-08,,NSAIDs; Peanuts,900-69-8853,E11.9; I10
205015,Aguilar,Bjorn,2008-05-14,M,bjorn.aguilar@mail.example.net,UHC,95853526,2024-05-02,,,900-64-1001,E11.9
205016,Osei,Margot,2005-05-28,F,margot.osei@example.com,Medicare,1EG42548430,2025-01-27,,,900-14-3146,J45.909
205017,Achebe,Piotr,2023-01-16,M,,Humana,H8222762,2026-03-12,,"Latex, Penicillin",900-65-9637,I10
205018,Baptiste,Giulia,2020-02-17,F,giulia.baptiste@example.com,United Healthcare,99171269,2023-12-08,2024-09-08,NKDA,900-86-3903,
205019,Alvarez,Bjorn,2011-03-31,,,UHC,96150327,2025-04-28,,,900-91-9713,
205020,Marchetti,Thanh,1991-04-20,Female,thanh.marchetti@example.com,Medicare,1EG45585376,2023-03-12,,Penicillin,900-87-2358,I10
205021,Petrov,Adriana,7/8/32,F,,Medicare,1EG45220511,2025-12-25,,Sulfa drugs; NSAIDs,900-39-3530,
205022,Okafor,Rosa,1936-06-16,F,rosa.okafor@mail.example.net,Aetna,W1357290,2025-09-30,,,900-68-5358,I10
205023,Bergstrom,Beatriz,2003-11-26,F,,Cigna,U4659564,2025-08-24,,Shellfish,,I10
205024,Marchetti,Naledi,9/22/89,F,naledi.marchetti@example.com,Self Pay,,,,Penicillin,900-43-2188,I10; J45.909
205025,Hollis,Camila,1958-11-26,f,camila.hollis@example.com,Cigna,U7416377,2025-04-15,2027-03-08,Penicillin; Sulfa drugs,900-70-7273,E11.9; I10; J45.909
205026,Halvorsen,Julien,1950-09-30,M,julien.halvorsen@example.com,Aetna,W3896556,2025-07-03,,NSAIDs; Peanuts,,
205027,Novotny,Ximena,1969-01-01,F,ximena.novotny@example.org,Aetna,W4311013,2024-02-03,,NKDA,,I10; J45.909
205028,Moreau,Cordelia,1956-10-26,Female,cordelia.moreau@example.com,Blue Cross Blue Shield of Texas,ZGP3196071,2023-01-18,,,900-12-8480,
205029,Alvarez,Rosa,10/16/39,F,rosa.alvarez@mail.example.net,United Healthcare,92356703,2023-12-20,,,900-57-3254,
205030,Kowalski,Ruben,1994-11-04,MALE,ruben.kowalski@example.com,AETNA,W1790969,2024-07-23,,Sulfa drugs; NSAIDs,900-78-6699,
205031,Lindqvist,Ximena,1995-01-21,F,ximena.lindqvist@,United Healthcare,92591503,2024-07-03,,,900-84-9828,J45.909
205032,Nguyen,Ximena,1945-09-27,F,ximena.nguyen@mail.example.net,United Healthcare,92393866,2024-09-08,,,900-82-3112,E11.9; I10
205033,Ramirez,Giulia,1938-09-26,F,giulia.ramirez@example.org,Medicare,1EG48710114,2024-12-27,,NKDA,900-26-6883,
205034,Osei,Adriana,1934-07-12,Female,,Medicare,1EG44648115,2023-11-08,,Penicillin; Sulfa drugs,900-59-3379,I10
205035,Marchetti,Ruben,6/12/63,MALE,ruben.marchetti@example.com,United Healthcare,95070658,2026-05-01,,PCN,900-47-8223,E11.9
205036,Bergstrom,Chidi,2019-03-27,M,chidi.bergstrom@mail.example.net,Humana,H6238632,2023-11-05,,,,I10
205037,Ridley,Camila,2013-08-13,F,camila.ridley@mail.example.net,Blue Cross Blue Shield of Texas,ZGP8199465,2023-03-31,,,900-11-7953,E11.9; I10
205038,Escobar,Wendell,1967-06-19,M,wendell.escobar@,Medicare,1EG46589940,2026-01-15,,NKDA,900-81-8901,E11.9
205039,Bergstrom,Kwame,1987-04-27,MALE,kwame.bergstrom@example.com,Self Pay,,,,,900-95-8160,E11.9; I10
205040,Osei,Bjorn,1969-10-21,M,bjorn.osei@example.com,Aetna,W8942066,2024-04-28,,Penicillin; Peanuts; Latex,900-42-7868,E11.9
205041,Yamada,Margot,2021-02-16,F,margot.yamada@example.com,Medicare,1EG48362151,2023-01-22,,"Latex, Penicillin",900-31-7844,I10
205042,Aguilar,Cordelia,1983-02-24,F,cordelia.aguilar@example.com,Blue Cross Blue Shield of Texas,ZGP6145031,2024-10-14,,Penicillin,900-22-7950,E11.9; I10
205043,Kowalski,Beatriz,1970-06-14,F,beatriz.kowalski@mail.example.net,United Healthcare,91807498,2025-01-02,,Contrast dye; Latex,900-86-8973,
205044,Ramirez,Camila,2016-09-23,U,camila.ramirez@,Medicare,1EG49769100,2026-03-27,,Peanuts; Shellfish,900-88-3958,J45.909
205045,Vasquez,Luz,1957-02-01,F,luz.vasquez@mail.example.net,Aetna,W6212476,2024-02-15,,Contrast dye; Latex,900-73-4165,I10
205046,Ridley,Sigrid,1986-09-15,F,sigrid.ridley@example.com,Medicare,1EG46466291,2023-06-10,,Sulfa drugs; NSAIDs,900-38-7206,
205047,Moreau,Bjorn,2020-04-08,M,bjorn.moreau@example.com,Self Pay,,,,NKDA,900-93-2510,I10; J45.909
205048,Halvorsen,Cordelia,12/26/12,Female,cordelia.halvorsen@example.com,Cigna,U7877789,2025-04-22,,Shellfish,900-85-3119,
205049,Thorne,Beatriz,1977-12-13,F,beatriz.thorne@example.com,Self Pay,,,,PCN,900-50-3403,
205050,Ionescu,Everett,1968-04-30,M,everett.ionescu@example.com,United Healthcare,93542421,2024-11-08,,Penicillin,900-62-2076,J45.909
205051,Ridley,Luz,1968-12-06,X,luz.ridley@example.com,United Healthcare,93265006,2025-09-29,,Penicillin,900-52-9583,E11.9
205052,Sandoval,Adriana,1954-03-09,Female,adriana.sandoval@mail.example.net,Aetna,W1250894,2025-09-28,,,900-58-4350,E11.9
205053,Baptiste,Chidi,2/23/60,M,chidi.baptiste@example.com,Aetna,W2134312,2023-03-14,,Peanuts; Shellfish,900-48-1317,E11.9; I10
205054,Lindqvist,Ines,1980-10-13,F,ines.lindqvist@example.com,Cigna,U8302952,2025-11-03,,Penicillin,900-18-8264,J45.909
205055,Novotny,Ruben,1933-05-23,MALE,ruben.novotny@example.com,Aetna,W8109305,2025-10-25,,Penicillin; Peanuts; Latex,900-40-7161,
205056,Thorne,Ines,1981-12-30,F,ines.thorne@mail.example.net,Medicare,1EG48237244,2025-02-25,,NKDA,900-16-8203,I10
205057,Ferreira,Bjorn,2007-12-24,M,bjorn.ferreira@example.com,BCBS TX,ZGP5456842,2024-08-21,,Penicillin; Sulfa drugs,900-85-3357,I10; J45.909
205058,Thorne,Kwame,1931-11-02,Non-binary,kwame.thorne@mail.example.net,United Healthcare,99005553,2023-05-27,,Sulfa drugs; NSAIDs,900-54-4692,
205059,Thorne,Sigrid,2000-06-12,F,sigrid.thorne@example.com,Blue Cross Blue Shield of Texas,ZGP4167295,2026-06-11,,Penicillin,900-83-6793,
205060,Thorne,Beatriz,1945-07-26,F,beatriz.thorne@mail.example.net,Self Pay,,,,Penicillin,900-97-7869,J45.909
205061,Ramirez,Kwame,1965-02-04,M,kwame.ramirez@example.com,BCBS TX,ZGP5409149,2023-04-17,2025-08-12,NKDA,,I10
205062,Moreau,Everett,2012-10-03,M,everett.moreau@example.com,BCBS TX,ZGP4295501,2023-12-19,,PCN,900-64-3362,I10
205063,Novotny,Wendell,2009-03-06,M,wendell.novotny@example.com,Aetna,W1920766,2025-07-24,,,900-68-8441,
205064,Ramirez,Anya,12/19/84,F,anya.ramirez@example.com,Cigna,U7978380,2024-08-28,,Sulfa drugs; NSAIDs,900-91-3015,
205065,Aguilar,Kwame,1992-05-24,MALE,kwame.aguilar@example.com,Medicare,1EG45729609,2023-01-02,,,900-98-4778,
205066,Kowalski,Elsa,1950-12-26,f,elsa.kowalski@mail.example.net,Aetna,W2171806,2025-07-08,,,,E11.9
205067,Aguilar,Cordelia,2022-02-20,F,,Humana,H3139537,2024-03-18,,,900-34-3171,
205068,Sandoval,Giulia,2015-10-01,F,,UHC,97603549,2025-06-14,2023-10-17,Penicillin,900-85-8719,E11.9
205069,Yamada,Adriana,1990-02-10,F,adriana.yamada@mail.example.net,BCBS TX,ZGP1103565,2026-04-10,2026-12-11,,,
205070,Petrov,Ines,2004-11-19,U,,Aetna,W3957184,2023-12-02,,Sulfa drugs; NSAIDs,900-28-1180,J45.909
205071,Novotny,Camila,1997-04-27,F,camila.novotny@example.com,Blue Cross Blue Shield of Texas,ZGP1675192,2026-01-04,,,900-17-4262,
205072,Baptiste,Nora,1964-02-18,F,nora.baptiste@example.com,Self Pay,,,,NKDA,900-15-7237,
205073,Novotny,Anya,1978-10-30,Female,anya.novotny@example.org,Cigna,U4264829,2024-03-12,,Contrast dye; Latex,,E11.9; I10; J45.909
205074,Hollis,Mateo,2012-05-26,MALE,mateo.hollis@example.com,Blue Cross Blue Shield of Texas,ZGP2500741,2025-10-18,,Latex,900-55-1907,I10
205075,Ferreira,Thanh,1945-06-15,F,thanh.ferreira@example.com,Medicare,1EG44915758,2025-05-30,2026-06-18,Penicillin,900-12-9397,E11.9; I10
205076,Hollis,Adriana,1939-05-20,F,adriana.hollis@example.com,Medicare,1EG42901406,2025-07-21,,PCN,900-93-3739,I10
205077,Novotny,Giulia,2018-03-18,F,giulia.novotny@mail.example.net,United Healthcare,97659220,2023-08-19,2025-06-30,NKDA,900-24-9083,E11.9; I10; J45.909
205078,Bergstrom,Emile,2011-04-25,M,,United Healthcare,92072308,2023-06-13,,,900-63-3439,E11.9
205079,Castellanos,Kwame,1978-04-15,M,,UHC,91047570,2026-04-22,,Penicillin,900-35-1661,J45.909
205080,Novotny,Rosa,1939-01-13,F,rosa.novotny@mail.example.net,United Healthcare,97743164,2024-09-13,,,900-98-9797,I10
205081,Thorne,Haruki,1991-05-28,M,haruki.thorne@example.com,Medicare,1EG47783232,2023-02-28,,Sulfa drugs; NSAIDs,,E11.9; I10
205082,Alvarez,Emile,1968-11-17,,emile.alvarez@mail.example.net,Medicare,1EG46991991,2023-12-14,,,900-81-2278,E11.9; I10
205083,Delacroix,Alden,9/9/08,M,alden.delacroix@example.com,AETNA,W6895065,2025-02-15,,NKDA,900-85-4263,J45.909
205084,Novotny,Anya,2005-02-22,Female,anya.novotny@example.com,UHC,95000003,2025-06-02,,NKDA,900-89-3526,E11.9
205085,Novotny,Mateo,2010-03-19,MALE,mateo.novotny@example.com,Cigna,U4082462,2024-08-18,,PCN,900-60-2963,I10
205086,Ferreira,Julien,2011-02-05,M,julien.ferreira@example.com,Medicare,1EG48661092,2024-03-25,,Penicillin; Peanuts; Latex,,I10
205087,Okafor,Haruki,2005-11-24,M,haruki.okafor@example.com,Cigna,U6342282,2023-10-19,,,900-87-1343,
205088,Bergstrom,Giulia,2006-10-10,F,giulia.bergstrom@mail.example.net,Aetna,W9195580,2023-10-27,,NSAIDs; Peanuts,900-43-2919,
205089,Lindqvist,Haruki,1976-02-03,MALE,,Blue Cross Blue Shield of Texas,ZGP3151412,2024-01-28,,Latex,900-72-1595,
205090,Aguilar,Emile,2010-01-02,MALE,,Medicare,1EG45777221,2023-12-05,,PCN,900-53-2392,I10
205091,Fitzgerald,Wendell,1948-11-21,m,wendell.fitzgerald@mail.example.net,Blue Cross Blue Shield of Texas,ZGP8769775,2023-03-20,,NKDA,900-73-1532,
205092,Sandoval,Elsa,1991-03-29,F,elsa.sandoval@example.com,UHC,99350397,2025-08-17,,Sulfa drugs; NSAIDs,900-13-9686,I10
205093,Nguyen,Vera,1932-08-06,F,vera.nguyen@example.com,Blue Cross Blue Shield of Texas,ZGP4469260,2025-12-14,,NKDA,,I10
205094,Marchetti,Anya,2000-10-04,Female,anya.marchetti@example.com,Humana,H4716270,2024-07-20,,NKDA,900-37-2761,
205095,Mbeki,Beatriz,1963-02-27,F,beatriz.mbeki@example.com,Medicare,1EG48013765,2024-11-10,,NSAIDs; Peanuts,900-99-9792,
205096,Mbeki,Rosa,1989-05-13,F,rosa.mbeki@mail.example.net,Blue Cross Blue Shield of Texas,ZGP7805941,2024-04-15,,NKDA,900-49-6715,
205097,Osei,Vera,1970-02-04,F,,Medicare,1EG48287993,2023-05-18,,,900-50-5416,E11.9
205098,Okafor,Beatriz,1953-01-26,Female,beatriz.okafor@example.com,Cigna,U2987423,2023-10-10,,Penicillin; Sulfa drugs,900-33-8379,J45.909
205099,Lindqvist,Rosa,2022-09-13,Non-binary,,Medicare,1EG49680418,2023-01-30,,,900-49-5636,I10
205100,Moreau,Luz,2005-12-20,X,luz.moreau@example.com,Medicare,1EG41347582,2025-07-07,,Contrast dye; Latex,900-82-6710,E11.9
205101,Escobar,Julien,2016-05-17,M,julien.escobar@example.com,Medicare,1EG41342407,2026-03-12,,,900-75-8055,E11.9
205102,Novotny,Naledi,2000-11-15,f,naledi.novotny@example.com,Blue Cross Blue Shield of Texas,ZGP8101589,2025-10-19,,Penicillin,900-75-2799,E11.9; I10; J45.909
205103,Kowalski,Nora,1982-04-04,Female,nora.kowalski@example.com,BCBS TX,ZGP5272943,2023-04-21,,Latex,900-31-7271,I10
205104,Moreau,Wendell,1981-01-14,M,wendell.moreau@mail.example.net,Blue Cross Blue Shield of Texas,ZGP6445363,2024-12-16,,,900-27-5173,J45.909
205105,Escobar,Julien,1990-01-10,,julien.escobar@example.com,United Healthcare,92929114,2025-12-17,2027-04-09,Sulfa drugs; NSAIDs,900-99-8529,
205106,Petrov,Emile,1951-10-01,MALE,emile.petrov@example.org,Self Pay,,,,Peanuts; Shellfish,900-40-2634,
205107,Kowalski,Luz,1940-08-13,F,luz.kowalski@example.com,UHC,93916874,2026-05-20,2027-07-07,,900-95-4295,
205108,Whitfield,Julien,2/28/07,M,julien.whitfield@mail.example.net,United Healthcare,99520485,2025-01-10,,Peanuts; Shellfish,900-22-7051,
205109,Whitfield,Ximena,2003-10-26,F,ximena.whitfield@example.com,Aetna,W4354794,2024-03-13,2025-07-30,Sulfa drugs; NSAIDs,900-65-4232,
205110,Novotny,Alden,2011-02-07,M,alden.novotny@mail.example.net,Aetna,W2707982,2026-01-29,,Penicillin,900-61-6043,E11.9; I10
205111,Bergstrom,Naledi,2017-09-16,F,naledi.bergstrom@mail.example.net,United Healthcare,98666055,2024-01-11,2026-03-18,NKDA,900-29-2685,
205112,Novotny,Piotr,1985-12-25,M,piotr.novotny@example.com,Humana,H8314546,2024-10-15,,Peanuts; Shellfish,900-14-3246,
205113,Sandoval,Adriana,2003-06-30,F,,AETNA,W9831093,2025-06-02,,Penicillin; Sulfa drugs,900-93-8457,E11.9; I10
205114,Ionescu,Kwame,1939-05-01,,,Humana,H9071271,2024-06-21,,,900-15-8438,
205115,Ridley,Julien,11/19/74,MALE,julien.ridley@example.com,Blue Cross Blue Shield of Texas,ZGP7440496,2023-11-19,,,900-94-1992,I10
205116,Petrov,Naledi,1959-06-03,F,naledi.petrov@example.org,Medicare,1EG45405688,2023-05-21,,Sulfa drugs; NSAIDs,900-68-8571,E11.9; I10
205117,Lindqvist,Alden,1993-04-24,M,alden.lindqvist@,Aetna,W4051884,2024-03-04,2026-02-05,Peanuts; Shellfish,900-23-6199,I10
205118,Ionescu,Emile,2014-01-08,M,emile.ionescu@mail.example.net,Aetna,W3459280,2024-05-28,,Contrast dye; Latex,900-48-3519,
205119,Ionescu,Luz,1948-10-20,F,luz.ionescu@example.com,United Healthcare,96099464,2023-08-26,,,900-44-5425,E11.9
205120,Hollis,Cordelia,1996-06-22,F,,Self Pay,,,,,900-53-2128,J45.909
205121,Bergstrom,Nora,6/19/53,F,nora.bergstrom@example.com,Humana,H5165118,2023-11-12,,Latex,900-35-3668,E11.9
205122,Whitfield,Rosa,1955-11-24,F,rosa.whitfield@example.org,Blue Cross Blue Shield of Texas,ZGP7963320,2024-06-19,2025-07-23,,900-75-7856,
205123,Hollis,Vera,2018-01-12,F,vera.hollis@mail.example.net,Cigna,U9343109,2025-03-19,,,900-80-8537,I10
205124,Novotny,Ruben,1967-05-09,M,ruben.novotny@example.com,Aetna,W4053765,2023-03-06,,,,I10
205125,Vasquez,Haruki,1989-09-06,M,haruki.vasquez@example.com,BCBS TX,ZGP7185923,2024-02-22,,NKDA,900-61-9776,I10; J45.909
205126,Castellanos,Emile,2010-05-20,M,emile.castellanos@example.com,Medicare,1EG47412666,2023-08-09,2025-06-24,,900-98-5525,
205127,Escobar,Mateo,1954-06-10,M,mateo.escobar@mail.example.net,Aetna,W1807167,2025-06-02,,,900-78-3430,E11.9
205128,Kowalski,Kwame,1936-04-18,M,kwame.kowalski@example.com,Humana,H7140838,2025-06-18,,Penicillin,900-62-2747,
205129,Kowalski,Nora,1960-09-13,F,nora.kowalski@mail.example.net,BCBS TX,ZGP3871546,2025-05-14,,Penicillin; Peanuts; Latex,900-45-9070,
205130,Yamada,Wendell,1981-12-17,m,,Aetna,W5843770,2024-02-09,,NSAIDs; Peanuts,900-13-2177,I10
205131,Thorne,Mateo,2001-01-09,M,mateo.thorne@mail.example.net,Medicare,1EG43529441,2026-05-02,2026-10-18,NSAIDs; Peanuts,900-63-1346,E11.9
205132,Ionescu,Sigrid,1974-09-14,F,sigrid.ionescu@example.com,Aetna,W1697004,2024-02-13,,,900-40-4564,
205133,Alvarez,Ximena,1978-04-14,F,ximena.alvarez@example.com,Medicare,1EG42816556,2023-12-19,,Sulfa drugs; NSAIDs,900-63-9849,I10
205134,Marchetti,Emile,1998-07-20,M,emile.marchetti@example.com,Medicare,1EG48157286,2025-01-04,,NSAIDs; Peanuts,900-57-3363,E11.9; I10; J45.909
205135,Lindqvist,Nora,1996-08-02,F,nora.lindqvist@example.com,Self Pay,,,,Contrast dye; Latex,900-28-1774,E11.9; I10
205136,Bergstrom,Piotr,1983-12-05,M,piotr.bergstrom@example.com,Medicare,1EG43448495,2025-10-15,,,900-10-4541,I10
205137,Fitzgerald,Julien,1979-04-30,M,julien.fitzgerald@example.com,Aetna,W1337559,2023-06-30,,Penicillin,900-99-8867,
205138,Castellanos,Sigrid,1976-08-20,Non-binary,sigrid.castellanos@example.com,Humana,H1180131,2026-04-21,,,900-32-4220,
205139,Moreau,Ines,1995-06-22,f,,Medicare,1EG44920439,2023-10-28,,NKDA,900-28-7195,E11.9
205140,Yamada,Naledi,2021-11-27,Female,naledi.yamada@mail.example.net,Aetna,W8956914,2025-09-20,,NKDA,900-12-9693,I10; J45.909
205141,Baptiste,Luz,1954-05-11,F,,Cigna,U6018996,2025-06-01,,,900-57-7980,E11.9
205142,Vasquez,Thanh,1933-03-16,F,thanh.vasquez@example.com,Medicare,1EG49680156,2024-11-24,,Penicillin; Sulfa drugs,900-21-4705,E11.9
205143,Ridley,Femi,1971-02-11,M,femi.ridley@example.com,Humana,H9504873,2024-05-17,,Latex,900-92-2445,J45.909
205144,Mbeki,Everett,1954-10-26,M,everett.mbeki@example.com,Blue Cross Blue Shield of Texas,ZGP8009860,2023-01-11,,NKDA,900-89-3052,E11.9
205145,Halvorsen,Luz,1934-04-07,F,luz.halvorsen@mail.example.net,Self Pay,,,,Penicillin; Sulfa drugs,900-40-7629,
205146,Escobar,Margot,1938-05-18,F,,Self Pay,,,,Penicillin,900-76-1225,E11.9; I10; J45.909
205147,Baptiste,Bjorn,1985-05-11,M,bjorn.baptiste@example.org,Self Pay,,,,NKDA,900-60-6792,E11.9
205148,Lindqvist,Anya,1/11/62,F,,Medicare,1EG42193980,2024-02-21,,,900-93-4494,
205149,Bergstrom,Beatriz,1934-08-15,F,beatriz.bergstrom@example.com,Aetna,W7657926,2024-12-29,2025-10-27,Latex,900-41-2610,I10
205150,Ferreira,Ruben,1955-04-08,M,,Humana,H2879290,2023-09-08,,NKDA,900-28-8394,I10
205151,Baptiste,Giulia,1989-07-13,f,giulia.baptiste@example.com,Aetna,W4011597,2025-10-29,,NKDA,900-31-4623,
205152,Ridley,Sigrid,10/19/92,F,sigrid.ridley@example.com,United Healthcare,91836237,2025-12-06,,NKDA,900-99-6543,E11.9; I10; J45.909
205153,Mbeki,Thanh,1979-05-27,F,thanh.mbeki@example.com,AETNA,W3070099,2024-11-28,,,900-14-7463,E11.9
205154,Ionescu,Elsa,2022-10-04,F,elsa.ionescu@example.com,Blue Cross Blue Shield of Texas,ZGP2131289,2024-06-02,,Penicillin; Sulfa drugs,900-97-9655,E11.9
205155,Halvorsen,Emile,1945-04-29,M,emile.halvorsen@example.org,Self Pay,,,,Contrast dye; Latex,900-55-7099,E11.9; I10
205156,Nguyen,Alden,1971-05-02,M,,United Healthcare,96836678,2024-01-09,,NKDA,900-89-3636,E11.9; I10; J45.909
205157,Bergstrom,Bjorn,1987-11-26,M,bjorn.bergstrom@example.org,Aetna,W7437948,2024-01-14,,PCN,900-51-1237,I10
205158,Moreau,Mateo,1976-01-08,M,mateo.moreau@example.com,Blue Cross Blue Shield of Texas,ZGP1293294,2026-01-28,,NKDA,900-16-8689,I10
205159,Bergstrom,Mateo,9/10/32,M,mateo.bergstrom@example.com,Medicare,1EG44731817,2025-06-08,,"Latex, Penicillin",900-87-6416,J45.909
205160,Okafor,Piotr,1982-07-16,M,piotr.okafor@mail.example.net,Blue Cross Blue Shield of Texas,ZGP7362651,2023-09-12,,PCN,900-65-2609,E11.9
205161,Yamada,Giulia,2002-04-25,F,giulia.yamada@mail.example.net,Medicare,1EG48157573,2024-09-19,,,900-18-4201,
205162,Sandoval,Mateo,1981-04-25,M,mateo.sandoval@example.com,AETNA,W8248128,2024-06-16,,"Latex, Penicillin",900-22-6774,J45.909
205163,Thorne,Alden,2007-08-08,M,alden.thorne@example.com,Blue Cross Blue Shield of Texas,ZGP6451249,2025-07-08,,,900-27-1630,
205164,Novotny,Everett,4/11/42,M,everett.novotny@mail.example.net,Blue Cross Blue Shield of Texas,ZGP7646848,2024-05-24,,,,I10
205165,Bergstrom,Ximena,3/17/69,F,ximena.bergstrom@example.org,Aetna,W2688640,2025-06-01,2027-04-01,Latex,900-93-3766,
205166,Ionescu,Sigrid,2010-12-03,Female,sigrid.ionescu@example.com,Blue Cross Blue Shield of Texas,ZGP2405225,2025-07-07,,Penicillin,900-86-1068,E11.9
205167,Marchetti,Rosa,2/18/15,F,rosa.marchetti@example.com,UHC,96863564,2024-01-17,,Shellfish,900-37-5309,
205168,Vasquez,Haruki,1999-10-19,M,haruki.vasquez@mail.example.net,AETNA,W9592355,2023-01-29,,Latex,900-71-2357,
205169,Yamada,Ximena,6/20/41,U,ximena.yamada@example.com,United Healthcare,95655477,2024-12-02,,,900-34-4102,
205170,Yamada,Kwame,1935-08-02,M,kwame.yamada@example.com,Humana,H1158547,2024-06-17,,Peanuts; Shellfish,900-99-7323,
205171,Okafor,Nora,1/17/84,F,nora.okafor@mail.example.net,Humana,H8640659,2025-06-18,,,900-41-5539,E11.9; I10
205172,Aguilar,Alden,2006-11-20,MALE,alden.aguilar@example.com,Aetna,W8664557,2025-06-16,,,,I10; J45.909
205173,Mbeki,Ximena,12/12/44,Female,ximena.mbeki@mail.example.net,Medicare,1EG48296971,2023-11-03,,,900-76-6393,E11.9
205174,Petrov,Cordelia,1965-10-15,F,cordelia.petrov@example.com,Self Pay,,,,Penicillin; Sulfa drugs,900-14-5229,E11.9; I10
205175,Lindqvist,Camila,1981-09-12,F,,Blue Cross Blue Shield of Texas,ZGP8269287,2023-09-06,,Penicillin,900-73-8366,
205176,Marchetti,Kwame,1937-07-21,M,kwame.marchetti@example.com,BCBS TX,ZGP7463181,2023-06-13,,Sulfa drugs; NSAIDs,900-15-4606,I10; J45.909
205177,Petrov,Kwame,1943-09-15,m,kwame.petrov@mail.example.net,Aetna,W6136182,2025-01-04,,,900-11-8215,
205178,Yamada,Adriana,1959-12-28,Female,adriana.yamada@example.com,Aetna,W8238291,2026-05-18,2026-11-23,Sulfa drugs; NSAIDs,900-11-6804,J45.909
205179,Delacroix,Beatriz,1986-01-07,F,beatriz.delacroix@example.com,Blue Cross Blue Shield of Texas,ZGP8386172,2025-07-10,,PCN,900-80-1012,I10
205180,Castellanos,Chidi,2000-08-06,M,chidi.castellanos@example.com,United Healthcare,99164544,2024-02-21,,Penicillin; Peanuts; Latex,900-51-5092,E11.9
205181,Mbeki,Ines,1934-02-25,,ines.mbeki@mail.example.net,Aetna,W1682983,2025-10-01,,,900-22-1488,E11.9; I10
205182,Ridley,Bjorn,1970-03-05,M,bjorn.ridley@example.com,BCBS TX,ZGP8159430,2023-02-17,,,900-45-2653,E11.9; I10
205183,Halvorsen,Nora,1964-02-25,F,nora.halvorsen@example.com,Aetna,W6625778,2025-05-26,,Penicillin; Sulfa drugs,900-35-2424,E11.9
205184,Fitzgerald,Margot,2016-06-22,F,margot.fitzgerald@example.org,BCBS TX,ZGP9159473,2023-06-27,,Sulfa drugs; NSAIDs,900-44-3921,E11.9; I10
205185,Halvorsen,Ines,1965-03-13,F,ines.halvorsen@example.com,Medicare,1EG48762425,2024-03-01,,Penicillin; Sulfa drugs,900-70-1302,
205186,Thorne,Piotr,1998-03-17,M,piotr.thorne@example.com,Aetna,W7620110,2025-02-25,,Shellfish,900-13-1646,
205187,Okafor,Ruben,1945-01-21,M,ruben.okafor@mail.example.net,BCBS TX,ZGP1057942,2025-10-03,,Penicillin; Sulfa drugs,900-71-4091,
205188,Delacroix,Thanh,1967-02-19,F,thanh.delacroix@example.com,Aetna,W4085650,2023-12-27,,,900-66-4212,E11.9
205189,Mbeki,Ruben,11/18/11,M,ruben.mbeki@example.org,Medicare,1EG42662269,2024-03-16,,Sulfa drugs; NSAIDs,,E11.9
205190,Ferreira,Everett,2001-05-10,M,everett.ferreira@example.com,Medicare,1EG48428918,2026-01-23,,,900-24-6568,
205191,Nguyen,Vera,1989-06-05,F,vera.nguyen@example.com,Medicare,1EG45281012,2025-08-09,2025-09-22,Penicillin; Peanuts; Latex,900-12-8598,
205192,Ridley,Everett,1990-04-15,M,everett.ridley@example.com,BCBS TX,ZGP2881916,2023-06-21,,NKDA,900-98-4671,I10
205193,Marchetti,Thanh,2019-03-22,F,,Self Pay,,,,,900-13-9880,I10; J45.909
205194,Ridley,Haruki,2022-11-16,M,haruki.ridley@example.com,BCBS TX,ZGP1592326,2023-06-26,,Contrast dye; Latex,900-65-2949,E11.9; I10
205195,Achebe,Sigrid,1977-01-14,F,sigrid.achebe@example.com,United Healthcare,98595179,2023-08-26,,,900-92-2985,I10
205196,Okafor,Ines,2003-03-21,F,,Blue Cross Blue Shield of Texas,ZGP4564844,2026-05-07,2028-10-16,Shellfish,,
205197,Whitfield,Ruben,1966-06-01,M,ruben.whitfield@mail.example.net,Blue Cross Blue Shield of Texas,ZGP8233740,2025-06-25,,,,J45.909
205198,Fitzgerald,Anya,1994-07-08,F,anya.fitzgerald@example.com,United Healthcare,91479022,2025-03-22,,Penicillin,900-67-1725,I10
205199,Okafor,Naledi,1976-02-06,F,naledi.okafor@example.org,Medicare,1EG42006527,2023-07-08,2024-11-26,Sulfa drugs; NSAIDs,900-63-9324,E11.9
205200,Osei,Piotr,1939-02-05,M,,Medicare,1EG41388299,2024-04-18,,Latex,900-61-3715,J45.909
205201,Alvarez,Adriana,1949-05-26,F,,AETNA,W1916593,2025-01-11,,Penicillin; Sulfa drugs,900-71-9687,I10
205202,Ferreira,Luz,1993-04-19,f,luz.ferreira@example.com,Humana,H7844125,2025-09-21,,Shellfish,,I10; J45.909
205203,Ridley,Camila,1961-05-20,Female,camila.ridley@example.com,United Healthcare,93380101,2026-05-08,,Penicillin,900-63-1069,I10
205204,Sandoval,Alden,1981-02-09,M,alden.sandoval@mail.example.net,Aetna,W5891572,2026-05-19,,,,I10; J45.909
205205,Okafor,Everett,2010-04-12,M,everett.okafor@example.com,United Healthcare,97579661,2024-08-10,,Penicillin,900-59-3950,J45.909
205206,Escobar,Haruki,1934-01-08,m,haruki.escobar@mail.example.net,Blue Cross Blue Shield of Texas,ZGP8683367,2023-02-11,,,,I10
205207,Alvarez,Haruki,1980-01-04,m,haruki.alvarez@example.com,Blue Cross Blue Shield of Texas,ZGP3435079,2024-09-22,,Peanuts; Shellfish,900-94-8169,I10
205208,Bergstrom,Luz,1998-08-23,F,,Blue Cross Blue Shield of Texas,ZGP7090860,2025-12-17,2027-01-15,Penicillin; Peanuts; Latex,,
205209,Yamada,Giulia,2000-07-25,Female,giulia.yamada@example.com,Blue Cross Blue Shield of Texas,ZGP4029656,2025-10-14,,Penicillin,900-37-9144,E11.9
205210,Halvorsen,Cordelia,1977-02-25,Female,,United Healthcare,91661973,2024-03-09,,NKDA,900-90-6143,
205211,Ridley,Nora,1975-01-10,F,nora.ridley@example.com,Aetna,W6607748,2026-06-13,,Sulfa drugs; NSAIDs,900-94-3700,E11.9
205212,Mbeki,Bjorn,1981-10-12,M,,Cigna,U2507467,2023-09-11,2025-04-21,,900-97-5973,E11.9
205213,Marchetti,Femi,1952-03-01,M,femi.marchetti@example.com,Aetna,W3251690,2023-09-03,,NKDA,900-79-4943,I10
205214,Novotny,Nora,1979-12-20,f,nora.novotny@example.com,Cigna,U4447969,2023-11-15,,Penicillin; Sulfa drugs,900-16-4708,E11.9
205215,Okafor,Camila,1980-09-28,F,camila.okafor@example.com,Aetna,W1281155,2025-02-22,2026-09-21,,900-28-5128,I10
205216,Nguyen,Julien,1935-10-14,M,julien.nguyen@example.org,Medicare,1EG47897134,2025-01-27,,NSAIDs; Peanuts,900-66-5171,E11.9; I10; J45.909
205217,Ferreira,Vera,1997-10-24,F,vera.ferreira@example.com,UHC,95163550,2025-10-12,,Penicillin; Sulfa drugs,900-78-9019,
205218,Ferreira,Haruki,1940-10-26,M,,Blue Cross Blue Shield of Texas,ZGP3127126,2025-07-05,,NKDA,900-51-2662,E11.9
205219,Castellanos,Margot,1962-02-22,F,margot.castellanos@mail.example.net,Cigna,U7498167,2023-07-31,,Shellfish,900-43-9566,E11.9; I10
205220,Bergstrom,Chidi,1967-12-24,M,chidi.bergstrom@mail.example.net,Cigna,U7191860,2025-08-20,,Contrast dye; Latex,900-37-3104,
205221,Lindqvist,Cordelia,2009-12-07,F,cordelia.lindqvist@mail.example.net,UHC,94602129,2026-05-31,,NKDA,900-95-4651,
205222,Petrov,Ruben,2013-02-07,M,ruben.petrov@example.com,Blue Cross Blue Shield of Texas,ZGP8136951,2026-06-11,,,900-62-2572,E11.9
205223,Achebe,Vera,11/18/72,Female,vera.achebe@example.com,United Healthcare,97840691,2025-05-17,,,900-73-3869,I10
205224,Marchetti,Rosa,1951-02-17,X,rosa.marchetti@mail.example.net,Aetna,W7562664,2023-06-28,,"Latex, Penicillin",900-66-7780,
205225,Ionescu,Kwame,2009-04-19,U,kwame.ionescu@example.org,Medicare,1EG44045470,2024-03-12,,,,E11.9; I10
205226,Halvorsen,Emile,2014-08-10,M,emile.halvorsen@example.com,Cigna,U1847004,2024-05-09,,PCN,,I10
205227,Aguilar,Piotr,4/2/91,M,piotr.aguilar@example.com,Humana,H1251110,2026-02-17,,,900-15-6206,
205228,Achebe,Elsa,1991-05-29,F,elsa.achebe@example.com,United Healthcare,96474813,2026-06-17,,NKDA,900-49-2549,
205229,Petrov,Mateo,1982-08-04,M,,Medicare,1EG45376254,2023-06-21,,Penicillin,900-73-3952,I10
205230,Osei,Julien,5/12/88,M,julien.osei@example.com,Medicare,1EG44530560,2023-12-09,,NSAIDs; Peanuts,900-84-7178,I10
205231,Baptiste,Femi,1931-02-28,M,,Medicare,1EG48923085,2026-01-26,,Penicillin; Sulfa drugs,900-77-7335,E11.9; I10
205232,Yamada,Nora,2005-01-22,F,nora.yamada@,BCBS TX,ZGP1333416,2023-03-30,,Peanuts; Shellfish,,I10
205233,Lindqvist,Everett,3/3/04,M,everett.lindqvist@mail.example.net,Humana,H2284619,2025-04-19,,NKDA,900-56-7551,
205234,Aguilar,Giulia,1979-12-07,F,giulia.aguilar@example.com,BCBS TX,ZGP8263772,2025-04-25,,Contrast dye; Latex,900-70-1726,E11.9
205235,Novotny,Naledi,1997-01-03,F,naledi.novotny@example.org,Medicare,1EG43987189,2025-11-21,,NKDA,,
205236,Delacroix,Ruben,1963-10-25,M,ruben.delacroix@example.com,BCBS TX,ZGP4114360,2026-01-03,,Sulfa drugs; NSAIDs,900-76-3944,
205237,Okafor,Cordelia,1979-08-17,f,cordelia.okafor@mail.example.net,Blue Cross Blue Shield of Texas,ZGP1953750,2025-04-22,,,900-40-1605,
205238,Bergstrom,Everett,2004-03-17,M,everett.bergstrom@example.com,Medicare,1EG43061529,2024-06-14,,NKDA,900-39-2940,
205239,Hollis,Cordelia,2015-04-01,F,,AETNA,W9264647,2025-12-07,,Penicillin,900-31-2901,E11.9; I10
205240,Nguyen,Cordelia,2011-09-05,F,cordelia.nguyen@example.com,AETNA,W3162128,2025-01-02,,NKDA,,
205241,Kowalski,Nora,2001-04-26,F,,Blue Cross Blue Shield of Texas,ZGP8171130,2024-01-09,,,900-25-5579,I10
205242,Castellanos,Adriana,1975-12-15,F,adriana.castellanos@example.com,Cigna,U5827735,2024-02-01,,"Latex, Penicillin",900-37-6758,E11.9
205243,Vasquez,Elsa,1962-11-21,F,elsa.vasquez@example.com,Aetna,W1153436,2024-02-05,2024-04-28,,900-69-5792,I10
205244,Nguyen,Bjorn,1948-12-08,M,,Blue Cross Blue Shield of Texas,ZGP1237805,2023-11-10,,NKDA,,I10
205245,Ionescu,Ines,1963-12-25,F,ines.ionescu@mail.example.net,Self Pay,,,,Peanuts; Shellfish,,
205246,Yamada,Haruki,1968-01-19,M,haruki.yamada@example.com,Medicare,1EG47966651,2025-11-23,,Latex,,E11.9; I10
205247,Osei,Elsa,1973-07-31,F,,Medicare,1EG47052690,2024-12-02,,,900-56-9444,
205248,Petrov,Elsa,1978-05-12,F,,Humana,H3469729,2024-03-21,,Penicillin,900-20-4172,E11.9; I10; J45.909
205249,Osei,Alden,1/24/56,MALE,alden.osei@example.com,Humana,H7213176,2023-04-18,2023-06-17,Contrast dye; Latex,900-17-2999,E11.9; I10; J45.909
205250,Mbeki,Anya,2002-10-03,F,,Aetna,W9265097,2023-06-27,,Latex,900-93-3049,E11.9; I10
205251,Osei,Femi,1999-05-27,U,femi.osei@example.com,BCBS TX,ZGP8288506,2023-04-15,2025-06-29,,900-10-5689,E11.9
205252,Yamada,Elsa,2003-08-28,F,,BCBS TX,ZGP1367484,2025-10-25,,Penicillin; Peanuts; Latex,900-70-4272,
205253,Thorne,Wendell,1963-05-16,M,,UHC,96164350,2023-10-31,,PCN,,I10
205254,Osei,Sigrid,1932-01-23,F,,Blue Cross Blue Shield of Texas,ZGP7892621,2024-08-03,,Penicillin; Sulfa drugs,,E11.9
205255,Thorne,Emile,1955-10-17,M,emile.thorne@example.com,Humana,H2120956,2025-08-18,,NKDA,900-47-8935,E11.9
205256,Whitfield,Mateo,1959-12-23,M,mateo.whitfield@example.com,Self Pay,,,,,900-67-5991,I10; J45.909
205257,Whitfield,Margot,1947-01-02,F,,Self Pay,,,,NKDA,,E11.9; I10
205258,Fitzgerald,Luz,1935-09-22,F,luz.fitzgerald@example.com,Blue Cross Blue Shield of Texas,ZGP6682964,2023-04-02,,,900-90-5135,E11.9
205259,Kowalski,Femi,1950-05-24,M,femi.kowalski@mail.example.net,Medicare,1EG48175994,2025-08-07,,Penicillin; Sulfa drugs,,E11.9
205260,Marchetti,Camila,1951-04-15,F,camila.marchetti@example.org,Self Pay,,,,,900-64-6499,
205261,Thorne,Cordelia,1966-05-05,F,,Blue Cross Blue Shield of Texas,ZGP5969535,2025-11-23,,,900-89-9898,E11.9; I10
205262,Fitzgerald,Camila,2005-01-11,F,,United Healthcare,99367525,2025-01-22,,Penicillin; Peanuts; Latex,900-65-2094,E11.9; I10
205263,Lindqvist,Naledi,2002-01-16,F,naledi.lindqvist@mail.example.net,Aetna,W2799574,2026-05-17,,Penicillin,900-84-5297,
205264,Petrov,Piotr,2003-08-20,M,piotr.petrov@example.com,Medicare,1EG43651913,2023-07-18,,,900-28-7229,J45.909
205265,Baptiste,Beatriz,3/20/03,,beatriz.baptiste@mail.example.net,Blue Cross Blue Shield of Texas,ZGP4452340,2024-07-24,,NKDA,900-31-2195,
205266,Achebe,Julien,1998-09-01,M,julien.achebe@example.org,Blue Cross Blue Shield of Texas,ZGP5482135,2024-09-12,,Penicillin,900-40-5547,E11.9
205267,Nguyen,Piotr,1985-11-17,MALE,piotr.nguyen@example.com,Cigna,U2970070,2025-01-12,,,900-19-5179,E11.9; I10
205268,Escobar,Vera,7/30/88,F,vera.escobar@example.com,BCBS TX,ZGP7490698,2025-04-28,,NKDA,900-88-5771,E11.9; I10; J45.909
205269,Lindqvist,Julien,1983-06-19,M,julien.lindqvist@example.org,Aetna,W2225787,2023-01-28,,,900-92-4089,I10
205270,Alvarez,Adriana,2021-02-14,F,adriana.alvarez@example.com,Self Pay,,,,NSAIDs; Peanuts,900-57-2467,I10
205271,Escobar,Ruben,2016-03-29,M,ruben.escobar@example.com,United Healthcare,95117536,2025-12-05,2026-02-10,,900-18-5573,
205272,Marchetti,Sigrid,1997-12-25,F,sigrid.marchetti@example.org,AETNA,W2521460,2024-04-12,,NKDA,900-84-9409,I10
205273,Ionescu,Sigrid,8/5/00,F,sigrid.ionescu@example.com,Aetna,W8659650,2023-01-13,,,,J45.909
205274,Delacroix,Elsa,1/8/39,F,elsa.delacroix@example.com,Aetna,W1891580,2025-02-11,,,900-28-3205,E11.9; I10; J45.909
205275,Yamada,Everett,2019-04-29,M,everett.yamada@example.org,Aetna,W8291208,2026-02-19,,,900-88-6808,I10
205276,Alvarez,Ximena,1975-10-19,F,ximena.alvarez@example.com,Blue Cross Blue Shield of Texas,ZGP3368608,2023-05-13,,NKDA,900-72-2246,I10
205277,Yamada,Adriana,1949-03-21,Female,adriana.yamada@example.com,Medicare,1EG41618181,2025-01-27,,NKDA,900-16-6856,E11.9
205278,Fitzgerald,Ines,2007-04-19,F,,UHC,93378645,2024-01-21,,,900-88-3211,E11.9
205279,Achebe,Haruki,12/13/67,M,haruki.achebe@example.com,AETNA,W9163373,2025-08-05,,,,J45.909
205280,Halvorsen,Margot,1986-02-09,Female,margot.halvorsen@mail.example.net,AETNA,W6261063,2024-08-20,,,900-72-7130,
205281,Ridley,Ines,1986-03-04,F,,AETNA,W2466804,2023-10-16,,Peanuts; Shellfish,,E11.9; I10; J45.909
205282,Vasquez,Femi,1980-09-23,MALE,femi.vasquez@mail.example.net,United Healthcare,92876070,2023-04-17,,NSAIDs; Peanuts,900-91-4965,E11.9; I10
205283,Yamada,Sigrid,1961-03-21,F,sigrid.yamada@example.com,Blue Cross Blue Shield of Texas,ZGP6349825,2024-07-09,,,900-25-7246,J45.909
205284,Petrov,Giulia,1962-12-05,F,giulia.petrov@example.com,Aetna,W7441851,2024-09-26,,Latex,900-84-6892,J45.909
205285,Baptiste,Elsa,2009-03-29,F,,Aetna,W5347412,2026-05-02,,Penicillin,900-61-6452,
205286,Bergstrom,Nora,1974-07-15,f,nora.bergstrom@example.com,United Healthcare,97224016,2023-06-19,,NKDA,900-73-4369,
205287,Alvarez,Emile,2006-08-06,M,emile.alvarez@example.com,UHC,95932017,2025-01-05,,Sulfa drugs; NSAIDs,900-34-6822,I10
204731,Escobar,Femi,2015-12-13,MALE,femi.escobar@example.com,UHC,99517313,2024-10-22,2026-02-22,Contrast dye; Latex,,E11.9; I10
205289,Aguilar,Haruki,1984-06-14,M,haruki.aguilar@example.com,United Healthcare,97345088,2023-04-25,,,900-69-7030,J45.909
205290,Mbeki,Femi,1947-08-02,,femi.mbeki@example.com,Humana,H7561501,2024-05-18,,Latex,900-45-2446,I10
205291,Vasquez,Piotr,1996-07-07,MALE,,United Healthcare,95928203,2023-01-26,,NKDA,,E11.9
205292,Fitzgerald,Femi,1943-05-24,M,femi.fitzgerald@,Self Pay,,,,,900-20-5305,I10
205293,Halvorsen,Naledi,2010-12-12,F,naledi.halvorsen@example.org,AETNA,W4568151,2023-06-29,,Contrast dye; Latex,900-61-2068,
205294,Fitzgerald,Everett,1979-03-18,M,everett.fitzgerald@example.com,Cigna,U2422915,2023-01-22,,,900-22-2697,I10
205295,Okafor,Rosa,1963-11-04,Female,rosa.okafor@example.com,BCBS TX,ZGP5013489,2025-08-20,,,900-30-2668,
205296,Ramirez,Cordelia,1931-11-22,F,cordelia.ramirez@mail.example.net,Blue Cross Blue Shield of Texas,ZGP6207872,2023-09-06,2025-02-21,,900-70-9784,
205297,Delacroix,Naledi,1997-02-14,F,naledi.delacroix@example.com,Medicare,1EG49566861,2025-01-28,,,900-27-1759,E11.9
205298,Novotny,Kwame,3/9/20,M,kwame.novotny@example.org,Self Pay,,,,NSAIDs; Peanuts,900-64-2656,J45.909
205299,Okafor,Ines,7/22/33,F,ines.okafor@example.com,Blue Cross Blue Shield of Texas,ZGP1465649,2025-07-27,,Sulfa drugs; NSAIDs,,J45.909
205300,Castellanos,Giulia,1973-08-20,F,giulia.castellanos@example.com,UHC,98464473,2023-08-15,,PCN,,I10
205301,Hollis,Elsa,2010-07-15,Female,elsa.hollis@mail.example.net,Medicare,1EG44575393,2023-02-04,,,900-38-8984,I10
205302,Baptiste,Ximena,1979-08-27,F,ximena.baptiste@example.com,Aetna,W3296986,2025-11-02,,NKDA,,I10; J45.909
205303,Achebe,Adriana,1990-02-17,,adriana.achebe@example.com,Medicare,1EG45529689,2025-03-16,,,,
205304,Moreau,Julien,1938-05-11,M,julien.moreau@example.com,Aetna,W3283733,2025-10-08,2026-04-29,,900-89-4698,I10; J45.909
205305,Ionescu,Emile,1990-03-01,M,emile.ionescu@example.com,Aetna,W8059084,2024-05-02,,,900-34-3332,E11.9
205306,Escobar,Camila,1942-08-24,f,camila.escobar@example.com,Medicare,1EG48089457,2024-12-07,,,,
205307,Hollis,Alden,2000-02-17,M,alden.hollis@example.org,Aetna,W4252643,2024-02-09,2024-05-29,NSAIDs; Peanuts,,
205308,Nguyen,Bjorn,2001-03-07,M,bjorn.nguyen@example.com,Cigna,U7808222,2025-12-14,2026-08-23,Penicillin; Peanuts; Latex,900-20-3811,I10
205309,Escobar,Giulia,1994-08-10,F,,Aetna,W7803149,2023-12-08,,NSAIDs; Peanuts,,
205310,Castellanos,Chidi,1994-09-02,M,chidi.castellanos@,Aetna,W3110758,2024-08-18,,Peanuts; Shellfish,900-99-2229,
205311,Ridley,Naledi,2019-09-26,F,naledi.ridley@mail.example.net,Medicare,1EG47278355,2025-11-04,2026-10-11,Latex,900-57-6176,E11.9; I10; J45.909
205312,Marchetti,Beatriz,2016-01-04,Non-binary,beatriz.marchetti@mail.example.net,Aetna,W4689684,2026-05-26,,Penicillin,900-55-1523,E11.9; I10; J45.909
205313,Novotny,Elsa,1943-11-12,f,,Humana,H7196948,2025-06-29,,,900-34-5523,E11.9; I10
205314,Okafor,Bjorn,1972-12-10,X,bjorn.okafor@example.com,Aetna,W4887278,2023-12-28,,,900-35-6898,
205315,Petrov,Julien,2013-02-02,m,julien.petrov@mail.example.net,Cigna,U4150028,2024-10-24,,,,I10
205316,Ferreira,Beatriz,2016-10-08,F,beatriz.ferreira@example.org,Blue Cross Blue Shield of Texas,ZGP6430946,2025-04-03,,Penicillin,900-93-1680,
205317,Ferreira,Wendell,1976-06-20,MALE,wendell.ferreira@example.com,Blue Cross Blue Shield of Texas,ZGP1210634,2024-02-14,,NKDA,900-32-5655,E11.9; I10
205318,Bergstrom,Camila,2023-08-23,F,camila.bergstrom@mail.example.net,United Healthcare,91875915,2024-10-23,,,900-60-8548,
205319,Petrov,Mateo,1975-02-17,M,mateo.petrov@example.org,Self Pay,,,,NKDA,900-77-8942,
205320,Alvarez,Haruki,2022-08-10,M,haruki.alvarez@example.com,United Healthcare,93918178,2023-04-02,2025-02-04,Penicillin,900-75-3964,
205321,Halvorsen,Nora,2010-02-06,f,,Humana,H1327437,2025-12-04,,,900-48-3830,E11.9
205322,Yamada,Ruben,1989-05-20,M,ruben.yamada@mail.example.net,BCBS TX,ZGP3775042,2024-12-23,,Latex,900-14-1081,
205323,Delacroix,Haruki,1963-04-14,M,haruki.delacroix@example.com,AETNA,W5053813,2025-10-17,,Penicillin,900-22-6096,I10
205324,Delacroix,Femi,1981-03-20,M,femi.delacroix@example.com,Medicare,1EG45056684,2026-01-04,,Penicillin,900-79-4914,E11.9
205325,Lindqvist,Luz,1937-01-29,F,luz.lindqvist@example.org,Humana,H7443413,2025-01-27,,Sulfa drugs; NSAIDs,900-29-8913,E11.9
205326,Mbeki,Giulia,1944-03-31,F,giulia.mbeki@example.com,UHC,97806353,2025-12-11,,PCN,,J45.909
205327,Baptiste,Cordelia,1962-12-10,F,,Self Pay,,,,NKDA,900-41-2753,
205328,Aguilar,Piotr,3/10/73,M,piotr.aguilar@example.com,BCBS TX,ZGP8441227,2025-04-30,,NSAIDs; Peanuts,900-63-2674,E11.9
205329,Whitfield,Anya,9/1/12,F,,UHC,94453226,2025-10-13,2027-09-08,NKDA,900-26-6015,J45.909
205330,Novotny,Ximena,1965-08-24,F,,UHC,91448268,2025-01-16,,,,I10
205331,Nguyen,Haruki,1961-05-18,MALE,haruki.nguyen@mail.example.net,Medicare,1EG46009501,2023-11-04,2025-08-11,,,E11.9; I10
205332,Achebe,Wendell,2003-08-01,M,wendell.achebe@mail.example.net,Medicare,1EG48023313,2023-09-19,2025-06-13,,900-30-3997,
205333,Ridley,Adriana,12/17/19,F,,Cigna,U8711241,2023-06-12,,Sulfa drugs; NSAIDs,900-78-4784,I10; J45.909
205334,Novotny,Luz,11/22/15,f,luz.novotny@mail.example.net,Aetna,W9695617,2024-09-01,2025-07-23,Latex,,E11.9; I10
205335,Okafor,Haruki,1969-03-31,MALE,haruki.okafor@,Humana,H5197937,2025-05-23,,NKDA,900-21-4436,
205336,Aguilar,Everett,3/12/01,M,everett.aguilar@example.com,UHC,94403447,2025-09-27,,Penicillin; Peanuts; Latex,900-61-3491,
205337,Halvorsen,Thanh,1961-06-23,F,thanh.halvorsen@example.org,Aetna,W4397870,2026-01-04,2026-09-19,NKDA,,E11.9
205338,Moreau,Ines,1939-10-09,F,ines.moreau@example.com,Blue Cross Blue Shield of Texas,ZGP4365915,2023-01-11,,,900-89-7496,I10
205339,Yamada,Mateo,2013-04-11,MALE,mateo.yamada@example.org,Humana,H3369587,2026-05-02,,Peanuts; Shellfish,900-87-5962,E11.9; I10
205340,Ionescu,Elsa,1955-09-24,F,elsa.ionescu@example.com,Aetna,W3728071,2023-10-30,2025-03-17,Penicillin,900-61-7034,
205341,Aguilar,Nora,1932-09-22,F,nora.aguilar@example.com,Aetna,W6685773,2024-07-01,2026-10-25,,,
205342,Mbeki,Beatriz,2024-09-12,F,beatriz.mbeki@example.com,Blue Cross Blue Shield of Texas,ZGP6873761,2024-03-03,2025-08-13,Sulfa drugs; NSAIDs,900-76-1724,E11.9; I10
205343,Achebe,Emile,1951-08-15,M,emile.achebe@example.com,United Healthcare,92760061,2025-05-27,,NKDA,,
205344,Nguyen,Luz,1979-07-26,F,luz.nguyen@mail.example.net,Medicare,1EG46566865,2025-07-12,,Penicillin; Peanuts; Latex,900-44-6339,E11.9; I10
205345,Ionescu,Emile,1964-01-15,M,emile.ionescu@example.com,Cigna,U1028513,2025-03-19,2025-11-19,,900-48-2211,E11.9
205346,Yamada,Ximena,5/31/09,F,ximena.yamada@example.com,AETNA,W1983486,2023-02-03,,NKDA,900-96-4110,E11.9; I10; J45.909
205347,Hollis,Luz,2017-06-26,F,luz.hollis@example.com,Self Pay,,,,Penicillin,900-38-6583,
205348,Ferreira,Margot,1975-01-29,F,margot.ferreira@example.com,United Healthcare,94241381,2023-12-26,,PCN,,E11.9; I10
205349,Okafor,Julien,1989-06-12,m,julien.okafor@example.com,Cigna,U2384529,2023-06-03,,NKDA,900-85-7729,
205350,Hollis,Ines,1937-05-21,f,ines.hollis@example.com,Aetna,W9245358,2023-10-05,,NKDA,900-65-7546,
205351,Bergstrom,Margot,2/22/15,F,,BCBS TX,ZGP9691651,2023-09-07,,NKDA,900-15-5226,I10
205352,Ionescu,Haruki,1984-11-21,M,haruki.ionescu@example.com,BCBS TX,ZGP1537558,2026-02-13,,Latex,900-72-7344,E11.9
205353,Achebe,Cordelia,2003-12-24,F,cordelia.achebe@mail.example.net,Aetna,W7990443,2023-08-22,,,900-55-1659,J45.909
205354,Yamada,Giulia,2006-01-11,F,giulia.yamada@example.com,United Healthcare,97375812,2024-02-15,,Sulfa drugs; NSAIDs,900-72-8421,
205355,Nguyen,Nora,1970-08-05,F,nora.nguyen@example.com,Blue Cross Blue Shield of Texas,ZGP1927102,2023-10-28,,Penicillin,900-45-2080,I10
205356,Kowalski,Everett,9/22/58,M,everett.kowalski@mail.example.net,Humana,H1416509,2024-07-28,,NKDA,900-96-1425,I10
205357,Ramirez,Thanh,2024-08-26,F,,Aetna,W1195907,2024-07-08,,,900-50-2935,
205358,Thorne,Femi,1995-10-04,M,femi.thorne@example.com,Blue Cross Blue Shield of Texas,ZGP8339927,2024-06-12,2024-09-04,Peanuts; Shellfish,,I10
205359,Sandoval,Julien,1946-02-28,m,julien.sandoval@example.com,Cigna,U5474640,2024-05-15,,PCN,900-34-4956,
205360,Nguyen,Bjorn,2013-05-02,M,bjorn.nguyen@example.org,Self Pay,,,,,900-20-8761,E11.9
205361,Fitzgerald,Adriana,2009-11-27,F,adriana.fitzgerald@mail.example.net,Blue Cross Blue Shield of Texas,ZGP7590391,2026-05-24,,NKDA,900-70-7142,
205362,Kowalski,Haruki,1959-04-29,M,haruki.kowalski@example.com,Aetna,W5227641,2024-07-14,2024-11-15,Peanuts; Shellfish,900-32-9727,E11.9; I10; J45.909
205363,Whitfield,Piotr,2/26/35,M,piotr.whitfield@mail.example.net,UHC,92124305,2024-08-13,,Peanuts; Shellfish,900-38-1551,
205364,Nguyen,Wendell,1951-01-18,M,,Humana,H2251739,2025-08-18,,,900-90-7634,
205365,Castellanos,Emile,1988-05-26,M,emile.castellanos@example.com,AETNA,W5982127,2024-03-19,,,,
205366,Novotny,Thanh,2020-02-13,Female,thanh.novotny@example.com,UHC,99219284,2026-05-22,,Penicillin; Sulfa drugs,900-67-8798,E11.9
205367,Novotny,Ruben,1948-12-22,M,ruben.novotny@mail.example.net,AETNA,W4940209,2024-08-30,,Peanuts; Shellfish,900-81-2549,E11.9
205368,Thorne,Bjorn,1973-05-12,MALE,bjorn.thorne@mail.example.net,Cigna,U5496036,2023-11-16,,Contrast dye; Latex,900-67-3665,E11.9
205369,Novotny,Alden,2004-04-19,M,alden.novotny@example.com,Medicare,1EG46349619,2026-04-04,,Sulfa drugs; NSAIDs,900-53-1754,I10; J45.909
205370,Marchetti,Kwame,2016-11-22,M,kwame.marchetti@example.com,AETNA,W5082719,2026-06-16,2027-08-01,"Latex, Penicillin",900-35-3786,I10
205371,Escobar,Vera,1971-04-30,F,vera.escobar@example.com,UHC,92862262,2026-02-02,,NKDA,900-53-9800,E11.9
205372,Achebe,Beatriz,3/26/91,F,,AETNA,W8239693,2025-11-05,,,900-99-6769,E11.9
205373,Achebe,Haruki,1953-09-18,m,haruki.achebe@mail.example.net,UHC,91108421,2025-01-23,,"Latex, Penicillin",900-94-7235,
205374,Osei,Cordelia,2/28/98,F,cordelia.osei@,Aetna,W4105958,2023-07-09,,Latex,,E11.9
205375,Moreau,Emile,1962-08-24,M,emile.moreau@mail.example.net,Aetna,W9571599,2025-12-11,,,900-39-3018,I10; J45.909
205376,Okafor,Bjorn,6/25/44,M,,Blue Cross Blue Shield of Texas,ZGP2262828,2024-01-12,2025-03-22,Latex,900-72-9948,
205377,Fitzgerald,Ruben,1988-07-15,M,,Self Pay,,,,NKDA,900-24-5164,E11.9
205378,Whitfield,Anya,1969-03-21,F,anya.whitfield@example.com,Blue Cross Blue Shield of Texas,ZGP8425979,2023-04-08,,PCN,900-71-3527,E11.9; I10
205379,Ramirez,Julien,2022-11-16,M,,Medicare,1EG47363638,2024-12-06,,,900-34-3079,
205380,Novotny,Ines,2017-01-17,F,,UHC,94764746,2025-10-07,,Contrast dye; Latex,900-68-9462,E11.9
205381,Ridley,Wendell,8/24/76,MALE,wendell.ridley@example.com,Aetna,W9649033,2023-04-26,2024-12-05,Penicillin,900-50-8553,E11.9
205382,Baptiste,Camila,1943-12-06,F,camila.baptiste@example.org,United Healthcare,98995958,2024-10-27,,Penicillin; Sulfa drugs,900-48-4544,
205383,Moreau,Vera,1960-02-01,F,vera.moreau@mail.example.net,United Healthcare,97273577,2026-02-06,,NKDA,900-53-3845,E11.9
205384,Yamada,Sigrid,2000-03-10,U,sigrid.yamada@example.com,Medicare,1EG48529928,2024-10-30,,,,E11.9; I10
205385,Halvorsen,Rosa,2010-06-03,f,,Blue Cross Blue Shield of Texas,ZGP8850330,2023-06-09,2025-10-30,NSAIDs; Peanuts,900-36-8820,J45.909
205386,Yamada,Thanh,2004-05-22,F,thanh.yamada@mail.example.net,Blue Cross Blue Shield of Texas,ZGP6204385,2023-06-10,2025-05-03,Penicillin; Sulfa drugs,900-14-8051,E11.9; I10; J45.909
205387,Sandoval,Mateo,1983-11-15,m,mateo.sandoval@example.com,Blue Cross Blue Shield of Texas,ZGP3983289,2023-08-07,,Penicillin; Sulfa drugs,,J45.909
205388,Novotny,Ruben,1991-10-06,M,ruben.novotny@example.org,Self Pay,,,,,900-80-5219,
205389,Novotny,Ruben,1993-02-19,MALE,ruben.novotny@example.org,Blue Cross Blue Shield of Texas,ZGP6069332,2025-04-07,,Penicillin; Sulfa drugs,900-74-9751,E11.9
205390,Sandoval,Margot,1984-11-24,X,margot.sandoval@mail.example.net,Humana,H9197746,2023-03-27,,NKDA,900-30-1958,I10
205391,Vasquez,Rosa,1991-12-21,F,rosa.vasquez@example.com,UHC,92570193,2024-02-19,,NKDA,900-10-3112,E11.9; I10; J45.909
205392,Baptiste,Haruki,1931-12-27,M,haruki.baptiste@example.org,Aetna,W7939364,2025-01-22,,NKDA,900-78-7724,
205393,Petrov,Bjorn,1960-07-17,M,bjorn.petrov@example.com,Cigna,U5630838,2023-09-04,,,900-31-7686,J45.909
205394,Achebe,Piotr,1939-02-23,M,piotr.achebe@mail.example.net,United Healthcare,98329272,2023-05-23,,Sulfa drugs; NSAIDs,900-63-1595,I10
205395,Fitzgerald,Vera,1961-09-11,X,,AETNA,W7624446,2025-04-08,,"Latex, Penicillin",900-55-2175,
205396,Osei,Giulia,1993-12-27,F,giulia.osei@example.com,Medicare,1EG46310192,2025-09-11,2027-03-27,Penicillin,,I10
205397,Bergstrom,Chidi,1932-12-14,M,chidi.bergstrom@example.com,Aetna,W8050962,2025-04-07,,,900-56-3841,E11.9
205398,Escobar,Alden,2008-08-06,M,alden.escobar@example.org,BCBS TX,ZGP1739254,2025-08-28,2025-10-21,,900-46-5872,J45.909
205399,Hollis,Margot,1953-05-24,U,margot.hollis@example.org,BCBS TX,ZGP4810547,2025-09-29,,,900-49-9839,J45.909
205400,Ionescu,Femi,1996-12-21,MALE,femi.ionescu@example.com,Aetna,W5849179,2023-05-19,,Penicillin,,
205401,Hollis,Nora,2001-02-13,F,nora.hollis@example.com,Humana,H9313518,2025-04-26,,,900-61-5523,J45.909
205402,Kowalski,Elsa,2012-03-13,Female,elsa.kowalski@mail.example.net,Cigna,U9294566,2023-05-04,,,,E11.9
205403,Ferreira,Cordelia,1985-11-03,F,cordelia.ferreira@example.com,Aetna,W3991881,2024-03-16,2025-03-01,,900-90-1059,E11.9
205404,Sandoval,Giulia,1970-04-20,F,,UHC,94747859,2026-04-01,,,900-98-2247,E11.9
205405,Escobar,Thanh,1994-01-17,F,thanh.escobar@example.com,Medicare,1EG44894914,2025-11-25,,NKDA,900-90-5074,E11.9; I10; J45.909
205406,Ramirez,Kwame,1971-07-31,M,kwame.ramirez@example.com,Blue Cross Blue Shield of Texas,ZGP7361593,2023-05-10,,"Latex, Penicillin",900-85-6159,E11.9; I10
205407,Hollis,Cordelia,1964-09-01,f,cordelia.hollis@example.com,United Healthcare,97868875,2026-03-23,,Penicillin,900-52-4312,I10
205408,Castellanos,Ruben,1982-09-07,M,ruben.castellanos@example.org,Humana,H6459290,2025-04-16,,"Latex, Penicillin",900-19-5655,
205409,Kowalski,Beatriz,1946-11-28,Non-binary,beatriz.kowalski@example.com,United Healthcare,93665305,2023-01-13,,,,
205410,Marchetti,Bjorn,1964-03-18,M,bjorn.marchetti@mail.example.net,Self Pay,,,,Penicillin; Sulfa drugs,900-50-1057,E11.9; I10
205411,Achebe,Alden,1990-04-11,M,alden.achebe@example.com,AETNA,W7007135,2024-09-28,2026-07-30,,900-42-7640,I10
205412,Whitfield,Cordelia,10/17/63,F,cordelia.whitfield@,Medicare,1EG47629332,2026-03-22,2028-06-15,"Latex, Penicillin",900-71-5985,E11.9
205413,Mbeki,Ruben,1940-06-14,MALE,ruben.mbeki@example.com,United Healthcare,96170889,2025-09-12,2026-12-13,NKDA,900-38-1198,E11.9; I10
205414,Moreau,Piotr,10/2/69,M,piotr.moreau@example.com,Cigna,U2329406,2023-03-09,,Penicillin,900-64-7474,E11.9; I10; J45.909
205415,Ridley,Bjorn,10/9/56,U,bjorn.ridley@example.com,United Healthcare,94809388,2023-05-30,,,900-57-5237,
205416,Ferreira,Ruben,9/23/42,M,ruben.ferreira@example.org,Cigna,U8360272,2024-08-04,,Penicillin; Sulfa drugs,900-43-7976,I10
205417,Lindqvist,Anya,2005-03-06,F,anya.lindqvist@mail.example.net,BCBS TX,ZGP3158692,2024-01-22,,"Latex, Penicillin",900-10-3026,
205418,Novotny,Thanh,2021-07-27,F,thanh.novotny@,United Healthcare,96190410,2023-04-25,,,900-47-9620,E11.9; I10
205419,Delacroix,Luz,1958-09-03,f,,Blue Cross Blue Shield of Texas,ZGP4835139,2026-02-21,,,900-17-7045,E11.9
205420,Escobar,Cordelia,1981-01-21,f,cordelia.escobar@mail.example.net,Aetna,W2843802,2025-06-20,,Penicillin,900-39-9555,I10
205421,Achebe,Chidi,10/24/47,M,,Medicare,1EG46738142,2026-04-09,,NKDA,900-19-5043,
205422,Novotny,Giulia,1957-04-05,F,giulia.novotny@mail.example.net,Aetna,W2063691,2025-12-13,,Latex,900-80-2471,E11.9
205423,Moreau,Emile,1961-08-12,m,emile.moreau@example.org,Aetna,W9376380,2023-03-02,,Penicillin,900-13-3656,I10
205424,Ramirez,Nora,1962-03-15,F,nora.ramirez@,Cigna,U5393597,2026-02-16,,,900-87-8434,
205425,Osei,Beatriz,1992-01-17,Female,,Aetna,W7865782,2026-01-21,,Penicillin; Sulfa drugs,900-53-4559,
205426,Vasquez,Piotr,2001-01-03,M,piotr.vasquez@example.com,UHC,97188114,2024-07-03,,Penicillin,900-61-2333,
205427,Ramirez,Julien,2006-07-18,M,julien.ramirez@example.com,Cigna,U8594114,2025-02-22,,PCN,900-13-3668,
205428,Mbeki,Everett,1940-04-09,M,everett.mbeki@example.org,BCBS TX,ZGP5932416,2023-08-07,,,,E11.9
205429,Fitzgerald,Kwame,2015-04-17,MALE,kwame.fitzgerald@mail.example.net,Blue Cross Blue Shield of Texas,ZGP6119445,2023-08-11,,NKDA,,
205430,Castellanos,Rosa,2020-01-15,Female,rosa.castellanos@example.com,BCBS TX,ZGP8301678,2025-08-12,2027-10-04,,900-54-5784,I10
205431,Okafor,Nora,1959-12-03,f,nora.okafor@example.com,Self Pay,,,,NKDA,900-91-4776,J45.909
205432,Nguyen,Sigrid,1993-10-17,Female,sigrid.nguyen@example.org,UHC,96256831,2025-04-17,,,,
205433,Novotny,Vera,2011-02-02,Female,vera.novotny@example.com,Humana,H9583664,2025-10-12,,NKDA,900-97-7411,I10
205434,Delacroix,Anya,1994-11-25,F,anya.delacroix@example.com,Cigna,U6307569,2024-12-19,2026-12-02,,900-42-9930,J45.909
205435,Novotny,Ruben,1935-10-23,M,,UHC,94850933,2024-08-14,,"Latex, Penicillin",,E11.9; I10; J45.909
205436,Bergstrom,Adriana,1953-12-25,F,adriana.bergstrom@example.com,Self Pay,,,,NKDA,900-49-3584,
205437,Castellanos,Naledi,1984-12-03,Female,naledi.castellanos@mail.example.net,UHC,99371020,2024-09-29,,NKDA,900-95-6043,I10
205438,Escobar,Chidi,2001-07-12,M,,Blue Cross Blue Shield of Texas,ZGP1695537,2025-01-08,2025-12-26,,900-95-8806,I10
205439,Fitzgerald,Alden,2024-01-13,M,alden.fitzgerald@example.com,Blue Cross Blue Shield of Texas,ZGP1744660,2025-06-24,,,900-56-7589,J45.909
205440,Petrov,Haruki,1998-02-16,M,haruki.petrov@example.org,Medicare,1EG47093015,2025-02-19,,Penicillin,900-13-6114,
205441,Thorne,Everett,2021-02-28,M,everett.thorne@example.com,BCBS TX,ZGP3854654,2025-07-15,,Penicillin,900-67-7552,E11.9; I10
205442,Ionescu,Ines,1957-02-01,f,ines.ionescu@example.com,Medicare,1EG43571551,2026-05-11,,,900-73-9344,
205443,Vasquez,Kwame,1968-04-23,M,kwame.vasquez@example.com,United Healthcare,93213537,2023-02-01,2024-09-12,,900-34-7389,
205444,Nguyen,Vera,2017-10-06,F,vera.nguyen@mail.example.net,Aetna,W2611159,2023-12-03,,,,
205445,Vasquez,Sigrid,1993-03-06,f,,Aetna,W8869875,2025-12-14,,Penicillin,900-47-8396,I10
205446,Lindqvist,Giulia,2006-04-20,F,giulia.lindqvist@example.com,UHC,91360772,2026-04-30,,Penicillin; Sulfa drugs,900-40-5138,
205447,Marchetti,Anya,1973-01-15,F,anya.marchetti@mail.example.net,Aetna,W9863062,2025-03-29,,Penicillin; Sulfa drugs,900-21-7082,E11.9
205448,Castellanos,Giulia,1940-01-22,F,giulia.castellanos@mail.example.net,BCBS TX,ZGP5091087,2026-02-14,,,900-14-6032,
205449,Baptiste,Sigrid,1942-03-17,F,sigrid.baptiste@example.com,Aetna,W8910559,2024-11-29,,Latex,900-32-5948,E11.9
205450,Delacroix,Chidi,1970-09-08,M,chidi.delacroix@,BCBS TX,ZGP1074745,2024-11-06,,,900-77-6403,
205451,Ramirez,Adriana,1960-04-16,Female,adriana.ramirez@example.com,United Healthcare,98122538,2025-01-22,,Sulfa drugs; NSAIDs,900-85-1783,E11.9
205452,Lindqvist,Ruben,2020-07-19,MALE,,United Healthcare,97297853,2025-09-26,2027-07-12,,900-51-5007,
205453,Mbeki,Thanh,1950-03-28,F,thanh.mbeki@mail.example.net,BCBS TX,ZGP8776865,2025-04-01,,,,I10; J45.909
205454,Halvorsen,Femi,5/15/85,M,femi.halvorsen@example.org,Aetna,W5685839,2025-02-09,,NKDA,900-52-9143,E11.9
205455,Nguyen,Adriana,1936-05-27,F,adriana.nguyen@example.org,Blue Cross Blue Shield of Texas,ZGP4318691,2024-04-03,,Contrast dye; Latex,900-34-9137,E11.9; I10; J45.909
205456,Vasquez,Emile,2013-07-30,M,emile.vasquez@example.com,Humana,H5516867,2023-07-27,2025-07-01,NKDA,900-31-2547,I10
205457,Aguilar,Cordelia,2020-06-06,F,cordelia.aguilar@example.com,Self Pay,,,,,900-18-4656,I10
205458,Nguyen,Emile,2003-01-28,M,emile.nguyen@example.com,United Healthcare,94879411,2024-09-01,,,900-52-3157,
205459,Novotny,Camila,2015-06-05,F,camila.novotny@example.com,Aetna,W2765384,2023-11-30,,Peanuts; Shellfish,900-31-3334,
205460,Castellanos,Ines,1991-07-09,U,ines.castellanos@mail.example.net,Medicare,1EG48625342,2024-09-02,,Contrast dye; Latex,,J45.909
205461,Thorne,Alden,1938-09-26,m,,United Healthcare,92997576,2025-10-05,,NSAIDs; Peanuts,900-34-1435,
205462,Baptiste,Anya,1947-03-13,F,anya.baptiste@example.com,Humana,H1144865,2023-12-22,,Penicillin,900-88-8250,E11.9
205463,Hollis,Giulia,1986-11-20,F,giulia.hollis@example.com,Aetna,W6367694,2025-11-09,,,900-59-8355,
205464,Bergstrom,Chidi,7/30/16,,chidi.bergstrom@,Blue Cross Blue Shield of Texas,ZGP3315733,2024-10-29,,Peanuts; Shellfish,900-96-8488,E11.9; I10
205465,Bergstrom,Ximena,1999-05-19,F,ximena.bergstrom@example.com,AETNA,W7576923,2026-05-19,,Peanuts; Shellfish,,
205466,Fitzgerald,Margot,2021-04-15,F,margot.fitzgerald@example.com,AETNA,W5582293,2023-10-10,,,900-26-8386,
205467,Moreau,Vera,1995-05-27,F,vera.moreau@example.com,United Healthcare,98007126,2023-04-26,,NKDA,900-22-7070,E11.9
205468,Moreau,Alden,1999-08-30,M,alden.moreau@mail.example.net,Aetna,W5302853,2023-11-21,,Peanuts; Shellfish,900-30-5234,E11.9; I10
205469,Osei,Anya,1993-12-14,Non-binary,anya.osei@example.com,Cigna,U2546777,2023-08-13,,Sulfa drugs; NSAIDs,900-56-1836,E11.9; I10
205470,Mbeki,Mateo,4/14/14,m,mateo.mbeki@mail.example.net,BCBS TX,ZGP3298950,2025-07-14,,Penicillin,900-65-6645,E11.9
205471,Ionescu,Sigrid,1931-02-03,F,sigrid.ionescu@example.org,Medicare,1EG45211366,2025-01-04,,,900-52-6551,I10
205472,Vasquez,Kwame,1954-08-05,M,kwame.vasquez@example.com,BCBS TX,ZGP9085022,2026-02-09,,Penicillin,900-86-3666,E11.9
205473,Ridley,Chidi,1990-10-03,M,chidi.ridley@example.com,Medicare,1EG46008038,2024-07-03,2023-11-21,Shellfish,,
205474,Vasquez,Vera,12/3/71,F,vera.vasquez@example.com,UHC,95780731,2024-03-27,,Peanuts; Shellfish,,I10
205475,Okafor,Alden,1965-04-05,M,alden.okafor@example.com,Humana,H3730942,2023-07-08,,,900-15-5354,
205476,Thorne,Haruki,1934-02-08,M,haruki.thorne@example.com,United Healthcare,96213773,2023-05-16,,PCN,900-23-8361,E11.9
205477,Nguyen,Ines,2012-06-19,F,ines.nguyen@example.com,Blue Cross Blue Shield of Texas,ZGP6261069,2023-12-30,,Sulfa drugs; NSAIDs,900-63-3363,
205478,Yamada,Julien,2020-01-03,MALE,julien.yamada@mail.example.net,Aetna,W4848828,2024-05-10,,Contrast dye; Latex,900-43-9485,
205479,Escobar,Vera,1946-05-21,,,AETNA,W4889504,2024-04-21,,,,I10; J45.909
205480,Delacroix,Ruben,2006-12-23,MALE,ruben.delacroix@example.com,Cigna,U3987133,2024-03-02,,Latex,900-79-1765,
205481,Osei,Ruben,1937-01-03,M,ruben.osei@mail.example.net,United Healthcare,97867146,2025-09-27,,PCN,900-77-6987,J45.909
205482,Thorne,Margot,1965-09-27,Female,margot.thorne@example.org,Humana,H1388869,2024-03-30,,Penicillin; Sulfa drugs,900-91-7521,
205483,Novotny,Kwame,1960-10-24,M,kwame.novotny@mail.example.net,United Healthcare,95167521,2023-06-09,,,900-26-1180,E11.9; I10
205484,Thorne,Mateo,1965-11-01,M,mateo.thorne@mail.example.net,Self Pay,,,,,,
205485,Ferreira,Rosa,2012-11-10,Female,rosa.ferreira@example.com,United Healthcare,93887878,2024-10-08,,PCN,900-23-2813,J45.909
205486,Ferreira,Rosa,1943-04-25,F,rosa.ferreira@example.com,Medicare,1EG47553101,2023-12-08,2024-12-16,Penicillin; Sulfa drugs,900-59-4565,I10; J45.909
205487,Petrov,Vera,1987-07-30,F,vera.petrov@mail.example.net,Medicare,1EG44715602,2023-03-31,,Shellfish,900-78-8731,J45.909
205488,Ionescu,Mateo,1962-08-29,M,mateo.ionescu@example.com,UHC,98534339,2024-02-22,,,900-11-2303,E11.9
205489,Yamada,Nora,1999-09-16,F,nora.yamada@example.com,Humana,H2720425,2024-12-20,,,,
205490,Kowalski,Femi,1954-05-07,M,femi.kowalski@example.com,United Healthcare,95515545,2024-09-30,,"Latex, Penicillin",900-63-1434,E11.9
205491,Ionescu,Everett,1957-01-06,MALE,everett.ionescu@mail.example.net,Medicare,1EG41263403,2026-05-18,,,,E11.9
205492,Ramirez,Julien,1994-04-30,MALE,julien.ramirez@mail.example.net,Medicare,1EG47898990,2023-10-08,,Penicillin; Peanuts; Latex,900-39-2724,J45.909
205493,Nguyen,Kwame,1943-10-17,M,kwame.nguyen@example.com,Cigna,U2798917,2024-05-08,,,900-15-5219,I10
205494,Lindqvist,Ines,2001-08-03,Female,ines.lindqvist@mail.example.net,Aetna,W8261890,2023-01-13,,,900-20-3879,J45.909
205495,Halvorsen,Sigrid,1977-02-01,F,,Self Pay,,,,Latex,900-25-7061,I10
205496,Thorne,Elsa,1947-07-21,F,elsa.thorne@mail.example.net,Cigna,U3480978,2026-02-28,,Shellfish,900-69-9855,I10; J45.909
205497,Nguyen,Chidi,2000-06-14,M,chidi.nguyen@mail.example.net,Medicare,1EG44920152,2025-09-08,,Penicillin; Peanuts; Latex,900-51-8723,E11.9
205498,Alvarez,Everett,1984-11-17,M,everett.alvarez@example.com,United Healthcare,94626847,2025-07-15,,Penicillin; Sulfa drugs,900-37-9214,
205499,Delacroix,Julien,2004-08-08,M,julien.delacroix@example.org,Cigna,U8829322,2024-09-19,,NSAIDs; Peanuts,900-77-7236,
205500,Aguilar,Naledi,4/20/08,F,naledi.aguilar@mail.example.net,Humana,H8892961,2025-08-12,,Penicillin; Peanuts; Latex,900-83-4592,I10; J45.909
205501,Thorne,Vera,1/31/21,F,vera.thorne@,Blue Cross Blue Shield of Texas,ZGP9558644,2025-11-07,,"Latex, Penicillin",900-48-9557,E11.9; I10
205502,Fitzgerald,Wendell,7/19/65,M,wendell.fitzgerald@mail.example.net,Self Pay,,,,NSAIDs; Peanuts,,
205503,Novotny,Cordelia,1985-12-03,f,cordelia.novotny@example.com,UHC,92893069,2024-12-22,,Penicillin,900-81-1186,I10
205504,Whitfield,Chidi,1962-04-22,M,chidi.whitfield@mail.example.net,Cigna,U5212411,2025-04-18,,Penicillin,900-50-7733,
205505,Achebe,Piotr,7/29/50,M,piotr.achebe@example.com,United Healthcare,96917794,2025-11-05,2028-03-04,Penicillin,900-55-3501,I10
205506,Alvarez,Beatriz,1939-04-03,,beatriz.alvarez@mail.example.net,Blue Cross Blue Shield of Texas,ZGP2995609,2023-05-14,,Contrast dye; Latex,900-42-3739,
205507,Castellanos,Everett,1963-11-28,M,everett.castellanos@example.com,Aetna,W5487208,2024-07-21,,,900-96-7533,I10
205508,Moreau,Sigrid,2/16/98,F,sigrid.moreau@mail.example.net,Cigna,U2255014,2024-01-09,,Penicillin; Sulfa drugs,900-19-9317,
205509,Ionescu,Julien,1960-08-25,M,julien.ionescu@example.com,Cigna,U9735545,2025-01-18,,,900-87-1264,I10
205510,Baptiste,Bjorn,1938-06-19,M,,Blue Cross Blue Shield of Texas,ZGP4884840,2023-05-22,,,900-92-5965,I10
205511,Sandoval,Adriana,1940-11-17,Female,adriana.sandoval@mail.example.net,Aetna,W8075864,2026-01-03,,,900-16-1748,I10
205512,Ionescu,Haruki,1961-04-29,MALE,haruki.ionescu@example.com,Cigna,U8323505,2024-02-29,,Penicillin,900-82-8690,E11.9; I10
205513,Ramirez,Giulia,1985-03-30,Female,giulia.ramirez@mail.example.net,United Healthcare,98114424,2025-09-23,,Peanuts; Shellfish,900-30-8489,E11.9; I10
205514,Marchetti,Julien,6/20/03,M,julien.marchetti@example.com,AETNA,W6306675,2025-03-12,,NSAIDs; Peanuts,900-23-2390,E11.9
205515,Delacroix,Ines,10/16/80,f,ines.delacroix@mail.example.net,UHC,96119435,2024-02-12,,Penicillin; Sulfa drugs,900-68-7794,E11.9; I10
205516,Escobar,Beatriz,2010-05-15,F,beatriz.escobar@example.com,Cigna,U3609816,2023-04-12,,Penicillin; Sulfa drugs,900-89-2785,I10
205517,Lindqvist,Anya,2013-03-12,F,anya.lindqvist@example.com,Medicare,1EG44712424,2026-04-26,,,900-22-5862,
205518,Hollis,Everett,1984-01-25,M,everett.hollis@example.com,UHC,92735440,2025-06-08,,Sulfa drugs; NSAIDs,900-14-8059,I10
205519,Castellanos,Emile,1982-10-05,X,,Cigna,U2831977,2023-04-26,,,900-77-7819,
205520,Achebe,Mateo,1958-08-28,M,mateo.achebe@mail.example.net,United Healthcare,93779739,2024-11-23,2027-02-07,Sulfa drugs; NSAIDs,900-84-5023,I10; J45.909
205521,Yamada,Ximena,2018-11-08,F,ximena.yamada@mail.example.net,United Healthcare,99870803,2026-03-16,2027-03-03,NKDA,,
205522,Ferreira,Nora,1977-07-19,F,nora.ferreira@example.com,UHC,99098380,2024-07-31,,"Latex, Penicillin",900-96-4355,E11.9
205523,Baptiste,Ruben,1988-04-28,M,ruben.baptiste@example.org,Blue Cross Blue Shield of Texas,ZGP8236654,2023-06-25,,Penicillin,900-78-9941,E11.9
205524,Hollis,Mateo,2011-10-02,MALE,,United Healthcare,98920277,2023-12-18,,,900-57-8101,E11.9
205525,Vasquez,Luz,1936-01-05,F,luz.vasquez@example.org,Cigna,U5595239,2024-11-06,,Contrast dye; Latex,900-99-4815,J45.909
205526,Bergstrom,Wendell,6/21/67,M,wendell.bergstrom@mail.example.net,Aetna,W3501260,2024-04-22,,Penicillin,900-42-1038,E11.9
205527,Hollis,Wendell,1959-01-20,M,wendell.hollis@example.com,Cigna,U7658925,2024-05-21,,,900-87-7085,I10; J45.909
205528,Osei,Nora,1972-05-06,F,nora.osei@example.com,Blue Cross Blue Shield of Texas,ZGP8618086,2026-04-13,,Latex,900-78-8432,E11.9
205529,Castellanos,Thanh,2001-04-22,F,thanh.castellanos@mail.example.net,Cigna,U8502848,2025-12-21,,,900-13-1823,E11.9; I10; J45.909
205530,Achebe,Nora,1969-10-21,f,nora.achebe@example.com,Self Pay,,,,,900-91-4722,I10
205531,Marchetti,Everett,2007-07-13,MALE,everett.marchetti@example.com,Blue Cross Blue Shield of Texas,ZGP6652289,2024-04-15,2024-07-11,Latex,900-74-5987,E11.9
205532,Moreau,Haruki,1953-10-28,M,haruki.moreau@example.com,Cigna,U5738217,2023-06-24,,Penicillin,900-33-9762,
205533,Lindqvist,Beatriz,2018-03-01,F,beatriz.lindqvist@mail.example.net,UHC,92615151,2025-11-29,2028-01-15,NKDA,,
205534,Lindqvist,Thanh,1936-05-28,F,thanh.lindqvist@example.com,Cigna,U8182429,2024-07-05,,,900-28-6832,I10
205535,Sandoval,Kwame,2024-05-03,M,kwame.sandoval@example.com,Self Pay,,,,NKDA,900-91-9224,
205536,Mbeki,Cordelia,1980-09-20,Female,cordelia.mbeki@example.com,United Healthcare,91390805,2025-04-25,,,900-84-9143,
205537,Lindqvist,Giulia,1948-04-17,F,giulia.lindqvist@example.com,Humana,H2055894,2025-10-04,,Latex,900-53-2132,I10
205538,Escobar,Alden,2004-11-18,M,,Aetna,W4894893,2024-05-29,,,900-93-1520,
205539,Delacroix,Mateo,1933-09-04,M,mateo.delacroix@mail.example.net,Aetna,W3541835,2023-06-05,,,900-38-4438,E11.9; I10; J45.909
205540,Ridley,Emile,2004-12-10,,emile.ridley@example.com,AETNA,W9290969,2024-05-05,,,,E11.9
205541,Moreau,Giulia,1932-03-10,F,giulia.moreau@example.com,Aetna,W7470184,2024-06-16,,NKDA,900-93-3105,
205542,Castellanos,Ines,2007-05-05,F,ines.castellanos@example.com,Cigna,U2647776,2023-06-29,,PCN,900-16-6065,J45.909
205543,Baptiste,Giulia,4/19/42,F,,United Healthcare,93046898,2023-10-12,,,900-15-3766,E11.9; I10; J45.909
205544,Aguilar,Alden,1942-06-15,M,alden.aguilar@mail.example.net,UHC,91751656,2025-06-21,,Penicillin; Sulfa drugs,900-21-2831,E11.9
205545,Castellanos,Luz,1/3/82,F,luz.castellanos@example.org,Aetna,W7534168,2024-06-26,,Penicillin; Sulfa drugs,900-62-4251,E11.9
205546,Ridley,Thanh,2011-09-13,F,,United Healthcare,94681794,2025-08-03,,Penicillin; Sulfa drugs,900-47-9596,
205547,Delacroix,Nora,1999-04-19,F,nora.delacroix@mail.example.net,Cigna,U8771662,2026-06-23,,,900-16-7169,J45.909
205548,Thorne,Ines,1990-07-10,F,ines.thorne@example.com,United Healthcare,99073818,2023-03-22,2024-02-25,,900-53-4512,I10
205549,Ramirez,Beatriz,6/28/65,F,beatriz.ramirez@example.com,Self Pay,,,,"Latex, Penicillin",900-25-1282,E11.9
205550,Kowalski,Wendell,1988-10-16,M,wendell.kowalski@mail.example.net,Aetna,W8231449,2024-04-03,,Penicillin,900-30-4658,E11.9; I10
205551,Petrov,Luz,1945-02-04,F,luz.petrov@mail.example.net,Medicare,1EG42392704,2025-11-21,,PCN,900-53-3421,E11.9; I10
205552,Osei,Nora,1983-06-22,X,,Blue Cross Blue Shield of Texas,ZGP3857100,2024-01-23,,Penicillin; Sulfa drugs,900-63-2883,J45.909
205553,Marchetti,Wendell,1935-09-11,M,,Aetna,W5422854,2025-07-13,,,900-57-1429,E11.9
205554,Aguilar,Julien,1996-07-03,M,julien.aguilar@mail.example.net,Blue Cross Blue Shield of Texas,ZGP2010037,2025-01-08,,,900-57-2722,E11.9
205555,Novotny,Kwame,1965-05-28,MALE,kwame.novotny@example.com,Cigna,U7997620,2024-06-28,,,,I10
205556,Ionescu,Piotr,1985-11-14,MALE,,Blue Cross Blue Shield of Texas,ZGP7568233,2024-05-05,,NKDA,900-76-8712,
205557,Baptiste,Kwame,1964-03-12,MALE,kwame.baptiste@,BCBS TX,ZGP3945708,2025-05-22,,,900-83-2857,
205558,Mbeki,Naledi,2011-08-27,Female,naledi.mbeki@mail.example.net,UHC,92110140,2023-02-15,,,900-48-5780,
205559,Nguyen,Vera,1960-02-17,F,,Self Pay,,,,,900-32-7437,E11.9; I10
205560,Mbeki,Giulia,1986-09-21,F,giulia.mbeki@example.com,Blue Cross Blue Shield of Texas,ZGP7345080,2023-02-04,,,900-36-6244,E11.9; I10
205561,Yamada,Luz,9/20/34,Female,luz.yamada@example.com,Medicare,1EG43623999,2023-03-12,,,900-25-9241,E11.9
205562,Osei,Haruki,12/1/72,X,haruki.osei@example.com,United Healthcare,95840390,2023-07-23,,"Latex, Penicillin",900-50-1878,E11.9; I10
205563,Marchetti,Giulia,2009-03-05,F,giulia.marchetti@example.com,Blue Cross Blue Shield of Texas,ZGP8054470,2024-02-14,,,900-23-1536,E11.9
205564,Hollis,Margot,1936-12-11,F,margot.hollis@,AETNA,W9238545,2023-07-18,,Contrast dye; Latex,900-27-5563,E11.9
205565,Osei,Wendell,1/5/79,,wendell.osei@example.com,Cigna,U9945568,2023-05-25,2023-08-29,Sulfa drugs; NSAIDs,900-92-9000,
205566,Petrov,Vera,1976-02-07,F,vera.petrov@example.com,Blue Cross Blue Shield of Texas,ZGP7907039,2025-11-21,2027-10-20,Penicillin,900-83-3449,I10
205567,Vasquez,Luz,1973-06-08,f,luz.vasquez@mail.example.net,Medicare,1EG46279147,2024-07-23,,,900-28-5643,E11.9
205568,Whitfield,Naledi,1962-07-17,F,naledi.whitfield@mail.example.net,Humana,H6473742,2024-06-20,2025-10-21,NSAIDs; Peanuts,900-31-8876,I10
205569,Fitzgerald,Nora,2002-08-26,F,nora.fitzgerald@mail.example.net,Aetna,W2622825,2024-10-12,,Penicillin,900-81-1586,E11.9; I10
205570,Alvarez,Margot,1956-12-12,F,,BCBS TX,ZGP7912734,2023-11-19,,Sulfa drugs; NSAIDs,900-39-4220,
205571,Baptiste,Ruben,1956-01-10,MALE,ruben.baptiste@example.com,Medicare,1EG43328647,2024-11-02,,Penicillin,900-64-7538,E11.9; I10
205572,Thorne,Giulia,1993-09-30,F,giulia.thorne@example.com,Cigna,U9550132,2023-03-14,,NKDA,900-95-5425,
205573,Marchetti,Ruben,1952-06-21,MALE,ruben.marchetti@mail.example.net,Medicare,1EG43549141,2024-12-03,,PCN,900-46-8775,J45.909
205574,Osei,Kwame,1978-04-12,M,kwame.osei@example.com,UHC,92578447,2025-04-15,,Shellfish,900-70-6548,E11.9; I10; J45.909
205575,Kowalski,Kwame,2014-07-26,M,kwame.kowalski@example.org,Humana,H8228118,2025-09-30,2028-03-11,Peanuts; Shellfish,900-47-5405,
205576,Vasquez,Everett,1962-12-23,M,,Cigna,U1276147,2023-05-04,,Penicillin; Sulfa drugs,900-65-6791,E11.9; I10; J45.909
205577,Moreau,Adriana,2003-12-29,F,,Aetna,W1470877,2025-11-09,,PCN,,I10
205578,Bergstrom,Piotr,10/30/33,m,piotr.bergstrom@example.com,UHC,94463485,2025-04-20,,NKDA,900-26-9983,E11.9; I10; J45.909
205579,Hollis,Adriana,1967-05-01,F,adriana.hollis@example.com,Medicare,1EG47847710,2026-03-22,,,,
205580,Ramirez,Luz,1996-03-21,F,luz.ramirez@example.com,Blue Cross Blue Shield of Texas,ZGP8885126,2026-04-24,,Penicillin; Sulfa drugs,900-54-7347,I10
205581,Okafor,Rosa,2018-09-01,F,rosa.okafor@example.com,Blue Cross Blue Shield of Texas,ZGP9095562,2025-02-27,,Contrast dye; Latex,900-18-4788,J45.909
205582,Bergstrom,Luz,2/22/41,F,luz.bergstrom@example.com,Medicare,1EG49096764,2023-10-26,2024-06-09,Penicillin; Peanuts; Latex,900-29-4951,I10
205583,Halvorsen,Adriana,1935-11-26,F,adriana.halvorsen@example.org,United Healthcare,91449519,2026-05-27,,,900-67-1203,E11.9
205584,Nguyen,Emile,1985-09-16,MALE,emile.nguyen@mail.example.net,Self Pay,,,,Latex,900-10-4328,
205585,Nguyen,Margot,1964-05-03,F,margot.nguyen@example.org,Blue Cross Blue Shield of Texas,ZGP5161941,2024-10-23,,Penicillin; Sulfa drugs,900-57-7787,
205586,Ramirez,Camila,1961-12-07,F,camila.ramirez@example.com,Aetna,W6286072,2025-09-30,,Penicillin,900-63-5566,I10
205587,Ridley,Rosa,1948-03-09,F,,Medicare,1EG45224095,2025-10-10,,Contrast dye; Latex,900-15-5521,
205588,Escobar,Vera,1969-08-25,F,vera.escobar@example.com,Aetna,W3221448,2024-07-25,,NKDA,900-14-6330,E11.9; I10
205589,Ionescu,Julien,1943-05-26,M,julien.ionescu@example.com,Aetna,W3104758,2026-02-01,,Penicillin; Sulfa drugs,,
205590,Yamada,Alden,2006-01-10,M,alden.yamada@example.com,United Healthcare,98913756,2024-06-18,,NSAIDs; Peanuts,900-52-4188,
205591,Delacroix,Thanh,1971-05-04,F,thanh.delacroix@example.com,Blue Cross Blue Shield of Texas,ZGP1852849,2024-12-29,,,900-90-9435,
205592,Marchetti,Bjorn,1963-09-03,M,bjorn.marchetti@example.com,Aetna,W5447992,2023-10-22,,,900-44-8848,
205593,Novotny,Margot,1931-03-23,Female,margot.novotny@mail.example.net,United Healthcare,92368013,2024-11-26,,,900-45-6450,I10; J45.909
205594,Mbeki,Alden,2004-11-02,M,alden.mbeki@mail.example.net,Blue Cross Blue Shield of Texas,ZGP9174053,2025-03-28,,,900-66-9877,I10
205595,Petrov,Ines,1984-10-21,Female,ines.petrov@example.com,Blue Cross Blue Shield of Texas,ZGP5508582,2026-02-04,,,900-51-6909,I10
205596,Ferreira,Piotr,1983-10-21,M,piotr.ferreira@example.com,AETNA,W1146811,2023-09-05,,Penicillin; Sulfa drugs,900-78-8434,
205597,Vasquez,Elsa,1969-03-21,F,elsa.vasquez@example.org,UHC,97400828,2024-12-12,,Penicillin,900-79-6900,E11.9
205598,Okafor,Emile,1994-07-05,M,emile.okafor@example.com,Blue Cross Blue Shield of Texas,ZGP1133024,2026-06-27,,,900-78-8175,E11.9
205599,Whitfield,Ruben,1949-09-07,MALE,ruben.whitfield@mail.example.net,Cigna,U6794813,2025-05-05,2027-07-05,,900-46-3953,
205600,Ramirez,Piotr,11/16/93,M,piotr.ramirez@example.com,AETNA,W7933027,2024-07-26,,NKDA,900-60-3098,I10
205601,Hollis,Margot,1999-03-16,F,margot.hollis@example.com,United Healthcare,91437454,2024-09-04,,,900-70-2707,
205602,Delacroix,Wendell,5/22/75,MALE,wendell.delacroix@example.com,AETNA,W5765609,2025-07-06,,"Latex, Penicillin",900-45-2959,
205603,Vasquez,Rosa,1950-08-01,Female,rosa.vasquez@example.com,United Healthcare,99044661,2024-10-01,,,900-85-3305,E11.9
205604,Moreau,Vera,2020-02-16,F,,Blue Cross Blue Shield of Texas,ZGP5123580,2023-02-16,2024-09-23,Penicillin; Sulfa drugs,,J45.909
205605,Alvarez,Sigrid,1969-11-08,Female,,Blue Cross Blue Shield of Texas,ZGP6676377,2026-04-07,,Shellfish,900-83-7252,E11.9
205606,Nguyen,Thanh,1946-04-24,F,thanh.nguyen@example.com,UHC,91595802,2025-10-04,,Penicillin; Sulfa drugs,900-65-2238,
205607,Yamada,Bjorn,2011-07-14,M,bjorn.yamada@mail.example.net,Blue Cross Blue Shield of Texas,ZGP9015566,2023-08-13,,Peanuts; Shellfish,,I10
205608,Ionescu,Kwame,1940-03-15,M,kwame.ionescu@example.com,United Healthcare,91655880,2024-03-03,,Shellfish,900-82-4472,I10; J45.909
205609,Halvorsen,Thanh,2003-06-09,F,thanh.halvorsen@example.com,Blue Cross Blue Shield of Texas,ZGP1278432,2025-04-24,,NKDA,900-34-3329,E11.9
205610,Aguilar,Ines,1981-07-08,F,,Cigna,U5847411,2024-08-07,,"Latex, Penicillin",900-57-3298,E11.9
205611,Ferreira,Femi,9/4/46,M,femi.ferreira@,Blue Cross Blue Shield of Texas,ZGP6977554,2025-05-03,,Sulfa drugs; NSAIDs,,
205612,Achebe,Cordelia,2012-12-28,F,cordelia.achebe@example.com,Aetna,W4231918,2023-01-23,,Latex,900-51-2258,J45.909
205613,Sandoval,Bjorn,1971-12-01,M,bjorn.sandoval@example.org,Aetna,W2835381,2025-06-10,,,900-41-3633,I10
205614,Escobar,Thanh,1983-02-01,F,thanh.escobar@example.org,Aetna,W3881344,2025-11-18,,Penicillin,900-50-2646,E11.9
205615,Novotny,Margot,1962-05-24,F,margot.novotny@mail.example.net,Medicare,1EG44341499,2023-03-09,,,900-34-3689,I10
205616,Alvarez,Ruben,2004-06-02,M,ruben.alvarez@example.com,UHC,91826834,2025-11-27,,,900-27-3875,E11.9
205617,Halvorsen,Adriana,1999-08-24,Female,adriana.halvorsen@example.org,Aetna,W7806689,2026-01-24,,,,I10
205618,Halvorsen,Elsa,2012-12-01,F,elsa.halvorsen@mail.example.net,Medicare,1EG46310731,2026-01-10,,Penicillin,900-10-3639,I10
205619,Petrov,Wendell,2005-09-06,M,wendell.petrov@mail.example.net,Blue Cross Blue Shield of Texas,ZGP6299223,2023-08-04,,NKDA,900-95-7750,
205620,Baptiste,Emile,4/23/79,M,emile.baptiste@example.org,United Healthcare,93815448,2026-02-20,,Contrast dye; Latex,900-54-9729,I10
205621,Vasquez,Adriana,2010-10-02,F,,Self Pay,,,,NKDA,900-26-1151,E11.9
205622,Okafor,Ines,1983-07-30,F,ines.okafor@example.org,AETNA,W2879971,2025-06-20,,PCN,,E11.9
205623,Yamada,Giulia,2004-01-04,F,,Aetna,W2010303,2025-11-11,,NKDA,900-63-4720,I10
205624,Whitfield,Wendell,1974-05-10,MALE,,Medicare,1EG46038621,2023-06-30,,Penicillin,900-40-2385,E11.9; I10
205625,Marchetti,Sigrid,1947-12-23,F,sigrid.marchetti@mail.example.net,Aetna,W7460760,2026-05-06,,Penicillin,900-78-2152,E11.9; I10
205626,Sandoval,Sigrid,1952-08-18,f,sigrid.sandoval@example.com,Medicare,1EG41575393,2025-01-26,2025-03-03,,900-58-2322,I10
205627,Mbeki,Everett,1966-09-27,MALE,,Aetna,W6934951,2025-01-25,2025-10-20,"Latex, Penicillin",900-53-5613,
205628,Castellanos,Ruben,1949-01-10,M,ruben.castellanos@mail.example.net,United Healthcare,95508054,2025-02-26,,NKDA,900-44-8954,I10
205629,Ferreira,Ines,2001-11-17,F,ines.ferreira@mail.example.net,Humana,H8518159,2026-02-18,,Sulfa drugs; NSAIDs,900-34-5071,J45.909
205630,Moreau,Everett,1973-10-07,M,everett.moreau@example.com,BCBS TX,ZGP5314624,2023-05-16,2025-09-19,Penicillin,900-53-1308,J45.909
205631,Moreau,Everett,3/17/45,M,everett.moreau@example.com,Blue Cross Blue Shield of Texas,ZGP6083462,2025-08-16,2026-12-26,,900-28-8967,I10
205632,Vasquez,Nora,5/6/46,X,,United Healthcare,97180821,2025-08-06,,PCN,900-48-1303,J45.909
205633,Vasquez,Ruben,1979-03-10,M,ruben.vasquez@mail.example.net,Blue Cross Blue Shield of Texas,ZGP5322121,2025-03-07,,,900-93-5437,
205634,Aguilar,Ximena,1973-11-18,F,ximena.aguilar@example.com,United Healthcare,93759089,2026-06-29,,NKDA,900-31-1925,E11.9; I10
205635,Kowalski,Beatriz,6/22/07,U,beatriz.kowalski@example.com,Cigna,U2367360,2026-06-16,,,,
205636,Hollis,Ines,2013-10-25,F,ines.hollis@example.com,Cigna,U3057600,2025-03-19,,Sulfa drugs; NSAIDs,900-80-1321,E11.9
205637,Mbeki,Vera,1984-01-14,Female,vera.mbeki@mail.example.net,United Healthcare,92983665,2023-06-22,,,900-89-4988,
205638,Petrov,Piotr,1946-05-01,M,piotr.petrov@example.org,AETNA,W6281480,2024-07-22,,,900-19-9224,E11.9; I10; J45.909
205639,Fitzgerald,Mateo,2003-10-16,MALE,mateo.fitzgerald@mail.example.net,United Healthcare,95128130,2026-05-22,,,900-90-6191,I10
205640,Vasquez,Camila,1991-12-04,F,camila.vasquez@mail.example.net,Aetna,W6985589,2024-12-27,,Peanuts; Shellfish,900-72-3026,
205641,Delacroix,Mateo,12/1/17,M,mateo.delacroix@example.com,BCBS TX,ZGP8253582,2026-06-09,2027-06-19,Penicillin; Sulfa drugs,900-31-3206,I10
205642,Aguilar,Emile,1934-09-21,M,emile.aguilar@example.com,Aetna,W4310859,2024-12-02,2025-08-31,Peanuts; Shellfish,900-28-1331,
205643,Lindqvist,Adriana,1978-01-28,F,adriana.lindqvist@example.com,UHC,95883348,2023-05-19,2024-02-22,Contrast dye; Latex,900-49-5114,
205644,Baptiste,Thanh,1942-10-09,F,,United Healthcare,96939038,2024-04-22,,Penicillin,900-48-3459,I10
205645,Bergstrom,Elsa,2012-10-22,F,elsa.bergstrom@mail.example.net,United Healthcare,93919506,2025-10-24,,,,I10
205646,Fitzgerald,Julien,1984-08-21,M,julien.fitzgerald@example.org,Aetna,W1692792,2024-01-02,,Penicillin,900-85-9654,E11.9; I10
205647,Halvorsen,Haruki,1967-11-12,M,haruki.halvorsen@example.org,BCBS TX,ZGP4364812,2023-11-08,,Peanuts; Shellfish,,
205648,Okafor,Vera,2008-10-09,F,vera.okafor@example.com,Aetna,W4821102,2026-01-31,,PCN,,E11.9; I10
205649,Delacroix,Piotr,1968-02-10,MALE,piotr.delacroix@example.com,Aetna,W3084272,2023-12-22,,NSAIDs; Peanuts,900-88-2257,I10
205650,Petrov,Femi,1995-02-05,M,,BCBS TX,ZGP9808919,2023-06-12,,Penicillin; Peanuts; Latex,900-25-8759,E11.9; I10; J45.909
205651,Sandoval,Margot,2001-01-04,F,margot.sandoval@example.com,Self Pay,,,,,900-43-9724,
205652,Kowalski,Mateo,1936-06-11,M,mateo.kowalski@example.com,Blue Cross Blue Shield of Texas,ZGP7543812,2026-04-26,,Penicillin,900-96-7364,I10
205653,Delacroix,Mateo,1956-06-23,M,mateo.delacroix@example.com,Aetna,W8156178,2024-06-28,,Penicillin,900-48-9796,
205654,Moreau,Naledi,1973-11-07,Female,naledi.moreau@example.org,Blue Cross Blue Shield of Texas,ZGP3436203,2026-03-23,,NKDA,900-84-1215,E11.9; I10
205655,Osei,Alden,2013-04-08,M,alden.osei@example.org,United Healthcare,94807319,2024-01-25,,,900-44-2424,E11.9; I10
205656,Marchetti,Thanh,2010-04-05,F,thanh.marchetti@mail.example.net,Medicare,1EG43021027,2023-03-07,,Penicillin,900-18-9863,E11.9
205657,Delacroix,Kwame,2004-12-01,M,,Aetna,W3712125,2026-03-07,,,900-38-5339,I10
205658,Delacroix,Rosa,2002-09-18,f,rosa.delacroix@example.com,AETNA,W5992515,2023-07-15,,NSAIDs; Peanuts,,
205659,Ionescu,Ines,2002-11-11,f,ines.ionescu@example.com,Aetna,W5906718,2023-02-22,,NSAIDs; Peanuts,900-34-7399,I10
205660,Moreau,Wendell,1959-03-10,m,wendell.moreau@mail.example.net,Medicare,1EG45549186,2025-12-03,,Penicillin,900-36-2624,
205661,Marchetti,Nora,2/19/34,F,,United Healthcare,93377652,2024-05-03,2024-07-31,Penicillin; Peanuts; Latex,900-20-4914,
205662,Ridley,Adriana,2003-03-03,F,,Aetna,W8784870,2025-07-20,,,900-69-6322,J45.909
205663,Ramirez,Piotr,1989-08-03,MALE,piotr.ramirez@example.com,Aetna,W7209792,2025-04-02,,,900-50-1525,I10; J45.909
205664,Vasquez,Wendell,1937-07-10,M,wendell.vasquez@example.com,Medicare,1EG44830619,2023-09-03,2024-05-06,Penicillin,900-82-8159,I10
205665,Escobar,Anya,1973-07-19,F,anya.escobar@example.com,Cigna,U7404235,2023-06-30,,Penicillin,900-97-2308,
205666,Lindqvist,Vera,1936-08-08,Female,,Aetna,W1357209,2025-11-17,,,900-31-2076,
205667,Mbeki,Margot,1943-06-14,F,margot.mbeki@example.com,Medicare,1EG49368598,2023-05-10,,Sulfa drugs; NSAIDs,900-56-2175,E11.9; I10; J45.909
205668,Bergstrom,Alden,1991-03-10,M,alden.bergstrom@example.org,Cigna,U4821168,2023-01-28,,,900-29-8029,I10
205669,Ionescu,Everett,1947-08-01,M,everett.ionescu@example.com,AETNA,W7032030,2023-10-03,,Penicillin; Sulfa drugs,900-21-2883,I10
205670,Achebe,Nora,1959-07-30,F,nora.achebe@example.com,United Healthcare,93633353,2024-11-01,,NKDA,900-10-5384,
205671,Whitfield,Camila,2018-05-07,Female,camila.whitfield@example.com,Humana,H5146447,2024-11-15,,,900-81-8129,I10
205672,Petrov,Wendell,2011-11-15,M,wendell.petrov@example.com,Aetna,W8459842,2024-02-27,,Peanuts; Shellfish,,
205673,Ridley,Mateo,1944-05-13,M,mateo.ridley@example.com,Self Pay,,,,NKDA,900-97-2738,I10
205674,Yamada,Nora,1962-11-06,F,nora.yamada@example.com,Cigna,U8047703,2026-05-27,,NKDA,900-54-6867,
205675,Ionescu,Beatriz,1972-09-26,F,beatriz.ionescu@example.com,Blue Cross Blue Shield of Texas,ZGP9888218,2023-04-23,,NKDA,900-49-7578,J45.909
205676,Achebe,Bjorn,1995-12-07,MALE,bjorn.achebe@example.com,BCBS TX,ZGP2873957,2025-02-01,2027-05-11,NKDA,900-18-3591,
205677,Moreau,Piotr,1947-03-20,MALE,piotr.moreau@example.org,Cigna,U9736797,2024-03-31,2025-03-08,,900-39-4659,I10; J45.909
205678,Hollis,Naledi,1968-03-09,f,naledi.hollis@example.com,UHC,94485309,2026-06-19,,,,J45.909
205679,Ridley,Giulia,10/15/81,F,giulia.ridley@mail.example.net,Cigna,U7342164,2026-04-03,,NKDA,,I10; J45.909
205680,Moreau,Chidi,1996-07-31,M,,Blue Cross Blue Shield of Texas,ZGP4474366,2023-08-05,,Sulfa drugs; NSAIDs,900-55-3157,
205681,Yamada,Thanh,2009-07-11,Female,thanh.yamada@mail.example.net,Medicare,1EG47641431,2025-10-08,,,900-24-9746,I10; J45.909
205682,Marchetti,Giulia,2023-06-25,F,giulia.marchetti@example.org,United Healthcare,92808762,2023-05-16,,,900-97-9292,
205683,Halvorsen,Thanh,1942-10-31,F,thanh.halvorsen@example.org,United Healthcare,93803356,2024-08-06,,Contrast dye; Latex,900-63-6153,I10
205684,Nguyen,Ruben,1965-04-11,MALE,ruben.nguyen@mail.example.net,AETNA,W5974097,2025-02-20,,,900-56-4150,I10
205685,Escobar,Vera,1977-02-02,F,vera.escobar@example.org,Cigna,U9828231,2025-05-12,2026-11-01,Peanuts; Shellfish,,
205686,Lindqvist,Haruki,1932-06-05,M,haruki.lindqvist@mail.example.net,Cigna,U2681607,2025-01-15,,Penicillin,900-42-8751,E11.9; I10
205687,Sandoval,Alden,1973-01-14,U,alden.sandoval@example.com,Cigna,U6073676,2023-04-01,,NSAIDs; Peanuts,900-39-1354,I10
205688,Castellanos,Ruben,1940-03-11,M,,Self Pay,,,,,,
205689,Moreau,Wendell,1961-05-28,MALE,wendell.moreau@example.com,Humana,H3986601,2025-02-20,,Penicillin; Peanuts; Latex,900-17-2066,E11.9; I10
205690,Hollis,Nora,1991-12-20,F,,Blue Cross Blue Shield of Texas,ZGP3056423,2026-05-10,,,900-34-2707,
205691,Alvarez,Emile,1994-08-17,MALE,emile.alvarez@mail.example.net,Medicare,1EG46778883,2025-03-30,,Penicillin; Sulfa drugs,900-71-1244,
205692,Halvorsen,Wendell,6/6/94,M,wendell.halvorsen@mail.example.net,Blue Cross Blue Shield of Texas,ZGP6226962,2023-06-04,,,,E11.9; I10
205693,Novotny,Margot,1940-10-19,F,margot.novotny@example.org,Aetna,W9878560,2023-06-18,2023-08-22,,900-47-1435,I10
205694,Ramirez,Nora,2007-09-17,F,nora.ramirez@example.com,BCBS TX,ZGP9670079,2024-02-29,2024-06-02,Contrast dye; Latex,,
205695,Ramirez,Rosa,1947-07-04,F,rosa.ramirez@mail.example.net,Blue Cross Blue Shield of Texas,ZGP9184993,2024-03-27,,,900-71-9864,
205696,Ramirez,Piotr,2022-06-04,m,piotr.ramirez@example.com,Cigna,U4807634,2023-02-19,2023-03-25,Penicillin; Sulfa drugs,,E11.9; I10; J45.909
205697,Marchetti,Emile,1979-01-26,Non-binary,,Aetna,W2120454,2023-07-01,,NKDA,900-67-8088,E11.9
205698,Osei,Julien,1950-06-12,M,julien.osei@example.com,Blue Cross Blue Shield of Texas,ZGP5319298,2023-02-15,,Penicillin,900-42-3552,
205699,Lindqvist,Luz,2014-06-27,F,luz.lindqvist@mail.example.net,Aetna,W3383386,2025-01-22,,NSAIDs; Peanuts,900-88-8825,I10; J45.909
205700,Castellanos,Adriana,1971-04-22,F,adriana.castellanos@mail.example.net,United Healthcare,98810510,2026-03-06,2027-03-19,NKDA,900-44-4395,E11.9; I10
205701,Mbeki,Chidi,1976-02-28,M,chidi.mbeki@mail.example.net,Blue Cross Blue Shield of Texas,ZGP9635343,2025-03-28,,NKDA,900-77-8369,
205702,Kowalski,Piotr,2001-03-10,MALE,piotr.kowalski@example.com,BCBS TX,ZGP4591118,2024-02-16,,,900-39-1865,
205703,Mbeki,Ximena,1970-07-22,F,ximena.mbeki@example.org,Aetna,W2318442,2024-10-15,,Penicillin,900-24-7965,
205704,Fitzgerald,Nora,1931-11-29,F,nora.fitzgerald@example.com,AETNA,W3504420,2023-12-23,2026-01-29,Penicillin,900-31-5173,E11.9
205705,Ridley,Cordelia,2003-04-08,Female,,Blue Cross Blue Shield of Texas,ZGP7161463,2025-02-01,,,900-57-9530,E11.9
205706,Novotny,Cordelia,2023-04-04,F,cordelia.novotny@example.org,AETNA,W1473675,2026-04-18,,Penicillin; Peanuts; Latex,900-45-7718,J45.909
205707,Castellanos,Emile,1954-12-25,M,emile.castellanos@example.com,Medicare,1EG49602334,2023-02-13,,Penicillin; Sulfa drugs,900-35-9843,I10
205708,Petrov,Ximena,2021-12-02,Female,ximena.petrov@example.org,Aetna,W1931967,2026-03-21,,"Latex, Penicillin",,I10
205709,Marchetti,Thanh,1951-03-25,Female,thanh.marchetti@mail.example.net,Self Pay,,,,Penicillin,900-62-8334,
205710,Whitfield,Camila,2020-08-28,F,,Humana,H3896319,2023-12-14,,,900-66-5241,E11.9
205711,Aguilar,Camila,1983-09-03,Female,camila.aguilar@example.com,Humana,H3016586,2023-07-17,,,900-66-3724,E11.9; I10; J45.909
205712,Castellanos,Giulia,1976-12-21,F,giulia.castellanos@example.com,Medicare,1EG41089218,2023-05-02,,Latex,900-78-9198,E11.9; I10
205713,Halvorsen,Julien,2021-03-25,MALE,julien.halvorsen@example.com,Aetna,W2487333,2025-09-04,,Latex,900-61-6175,
205714,Kowalski,Emile,2020-08-13,MALE,,Aetna,W8178810,2024-09-19,2027-02-23,Shellfish,,I10; J45.909
205715,Baptiste,Piotr,2014-02-21,m,piotr.baptiste@example.com,Cigna,U7108519,2025-09-19,,Sulfa drugs; NSAIDs,900-83-6761,I10
205716,Novotny,Naledi,2022-08-09,F,,Blue Cross Blue Shield of Texas,ZGP5731126,2024-11-10,,Penicillin,900-96-6575,I10
205717,Escobar,Giulia,1969-07-17,F,,Aetna,W1254648,2023-05-30,,Sulfa drugs; NSAIDs,900-44-5397,E11.9; I10; J45.909
205718,Halvorsen,Adriana,1936-02-12,F,adriana.halvorsen@example.com,Humana,H3022717,2025-02-02,,,900-15-5249,E11.9
205719,Delacroix,Beatriz,3/22/20,F,beatriz.delacroix@mail.example.net,Medicare,1EG47459053,2025-03-13,,NKDA,,I10; J45.909
205720,Vasquez,Ximena,2015-08-22,F,ximena.vasquez@example.com,Humana,H3947266,2023-10-16,2024-06-25,,900-28-9500,J45.909
205721,Thorne,Vera,1981-11-19,F,vera.thorne@,Aetna,W6796417,2023-04-03,,Shellfish,900-21-1800,
205722,Sandoval,Adriana,1961-08-13,F,adriana.sandoval@example.com,Aetna,W2617343,2023-06-11,,,900-69-6180,
205723,Nguyen,Alden,1973-07-06,M,alden.nguyen@example.org,Cigna,U3841608,2025-05-05,2026-04-28,,900-20-9727,I10
205724,Okafor,Femi,1960-05-08,M,femi.okafor@example.com,UHC,92647187,2025-08-14,,,900-32-5479,E11.9
205725,Novotny,Haruki,1982-10-02,m,haruki.novotny@example.org,Medicare,1EG44444282,2026-05-18,,NKDA,900-46-5653,
205726,Marchetti,Rosa,2007-06-03,Female,rosa.marchetti@example.com,UHC,91737317,2025-07-21,,,,I10
205727,Moreau,Cordelia,1941-07-29,F,cordelia.moreau@example.com,Self Pay,,,,Penicillin; Sulfa drugs,900-70-7811,E11.9
205728,Nguyen,Bjorn,1934-11-19,M,bjorn.nguyen@mail.example.net,UHC,98776664,2023-10-17,,,900-41-4873,I10
205729,Lindqvist,Naledi,5/28/84,f,naledi.lindqvist@mail.example.net,United Healthcare,97744208,2024-09-02,,,900-69-7278,J45.909
205730,Vasquez,Cordelia,1950-06-01,F,cordelia.vasquez@mail.example.net,Medicare,1EG42980223,2023-09-26,,,900-65-4172,
205731,Vasquez,Cordelia,1997-07-10,f,,Cigna,U5421590,2024-08-22,,,900-36-4188,E11.9; I10
205732,Moreau,Ximena,2014-05-17,F,ximena.moreau@example.org,Cigna,U6323704,2025-06-20,,,900-99-3449,E11.9; I10
205733,Hollis,Femi,1934-10-30,M,femi.hollis@example.com,Aetna,W1931877,2024-08-29,,"Latex, Penicillin",900-86-6498,E11.9; I10
205734,Vasquez,Ximena,1966-06-29,F,ximena.vasquez@example.org,Blue Cross Blue Shield of Texas,ZGP6018475,2025-10-22,,Penicillin,900-94-6311,I10; J45.909
205735,Novotny,Wendell,2004-11-25,MALE,,Blue Cross Blue Shield of Texas,ZGP4521178,2026-01-30,,Peanuts; Shellfish,900-25-1315,I10
205736,Escobar,Thanh,1951-07-09,F,,Blue Cross Blue Shield of Texas,ZGP8589496,2024-04-15,,,900-86-3190,I10; J45.909
205737,Petrov,Vera,2016-06-13,F,vera.petrov@example.com,UHC,93529504,2024-07-31,,NKDA,,E11.9
205738,Petrov,Alden,1933-02-22,m,alden.petrov@example.com,Blue Cross Blue Shield of Texas,ZGP2292631,2023-02-02,,,900-42-2990,J45.909
205739,Petrov,Giulia,1967-08-26,F,giulia.petrov@mail.example.net,United Healthcare,97785266,2023-10-23,,,900-91-2360,I10
205740,Whitfield,Thanh,1989-08-10,Female,,Aetna,W9105804,2023-12-08,,NSAIDs; Peanuts,900-67-7356,E11.9
205741,Sandoval,Adriana,1969-12-19,Female,,Blue Cross Blue Shield of Texas,ZGP8912416,2025-11-20,,,900-19-7366,
205742,Baptiste,Ximena,1/23/85,F,ximena.baptiste@mail.example.net,Self Pay,,,,"Latex, Penicillin",900-38-2404,E11.9; I10
205743,Sandoval,Anya,8/14/96,f,anya.sandoval@mail.example.net,AETNA,W6861304,2025-11-01,,,900-77-3585,E11.9
205744,Petrov,Alden,1987-03-14,M,alden.petrov@example.com,Cigna,U2432757,2023-10-17,,Penicillin; Sulfa drugs,900-99-6437,
205745,Ridley,Bjorn,1949-02-20,M,,Self Pay,,,,,900-73-4445,J45.909
205746,Ferreira,Femi,1985-03-25,M,femi.ferreira@mail.example.net,AETNA,W9854304,2024-11-10,,NKDA,900-31-8357,E11.9
205747,Delacroix,Elsa,1970-07-08,f,elsa.delacroix@example.com,United Healthcare,96512959,2024-08-01,,Penicillin; Sulfa drugs,900-76-9499,E11.9
205748,Alvarez,Giulia,1964-01-18,F,giulia.alvarez@example.org,Self Pay,,,,,900-92-3220,
205749,Ramirez,Mateo,1972-01-13,M,mateo.ramirez@example.org,Cigna,U8867577,2025-09-07,,Penicillin; Sulfa drugs,900-74-5484,I10
205750,Escobar,Beatriz,2007-06-14,F,,United Healthcare,99261177,2023-04-14,,,900-74-4083,I10; J45.909
205751,Ferreira,Ruben,1950-07-24,MALE,ruben.ferreira@example.com,Humana,H7364572,2024-01-14,,,,
205752,Bergstrom,Nora,2007-09-12,F,nora.bergstrom@example.com,Aetna,W6903537,2025-07-07,,Peanuts; Shellfish,900-18-3415,J45.909
205753,Baptiste,Femi,1995-08-29,MALE,femi.baptiste@example.com,Self Pay,,,,,900-40-8106,E11.9
205754,Ionescu,Piotr,1957-03-21,M,piotr.ionescu@example.org,Medicare,1EG41925528,2024-09-05,,Penicillin; Sulfa drugs,900-27-3130,
205755,Bergstrom,Sigrid,1956-09-17,F,sigrid.bergstrom@mail.example.net,Blue Cross Blue Shield of Texas,ZGP3910621,2023-03-04,,Penicillin,900-35-6573,
205756,Alvarez,Sigrid,1991-11-12,F,sigrid.alvarez@example.com,Aetna,W4900399,2024-09-13,,Penicillin,900-77-5458,E11.9; I10
205757,Mbeki,Bjorn,10/14/62,M,bjorn.mbeki@example.com,Cigna,U6621149,2026-03-31,,Sulfa drugs; NSAIDs,,I10
205758,Sandoval,Ruben,2001-11-02,M,ruben.sandoval@example.com,Medicare,1EG48285157,2024-03-19,,,900-29-2492,I10
205759,Escobar,Everett,2012-09-06,M,everett.escobar@example.com,Self Pay,,,,Peanuts; Shellfish,900-47-2045,E11.9
205760,Alvarez,Ruben,1965-05-15,M,ruben.alvarez@mail.example.net,Cigna,U7999329,2024-03-05,,Penicillin,900-50-3413,E11.9
205761,Marchetti,Beatriz,1935-05-14,F,beatriz.marchetti@example.com,United Healthcare,97067911,2025-07-03,,,900-58-2746,
205762,Halvorsen,Sigrid,2/15/10,,sigrid.halvorsen@example.com,BCBS TX,ZGP9370622,2025-09-06,,Shellfish,,E11.9; I10
205763,Fitzgerald,Ximena,1986-08-10,F,ximena.fitzgerald@example.com,Cigna,U6440228,2025-04-08,,Penicillin,900-35-7961,I10
205764,Aguilar,Everett,2018-06-02,M,everett.aguilar@example.com,Blue Cross Blue Shield of Texas,ZGP6970242,2024-02-14,2025-04-22,Sulfa drugs; NSAIDs,900-97-1596,
205765,Ridley,Wendell,2012-07-11,M,,AETNA,W6031767,2024-07-03,,NSAIDs; Peanuts,,E11.9; I10
205766,Achebe,Margot,1974-09-05,F,margot.achebe@example.org,Cigna,U7190128,2024-11-23,,PCN,,I10; J45.909
205767,Vasquez,Mateo,1939-02-27,M,mateo.vasquez@example.com,Aetna,W3628694,2025-10-08,,,900-60-4375,I10
205768,Achebe,Anya,1939-10-10,F,anya.achebe@example.org,Aetna,W2403085,2024-04-01,,,900-18-8683,
205769,Thorne,Rosa,2007-07-28,F,rosa.thorne@example.com,AETNA,W7199969,2025-09-07,,Penicillin,900-32-7622,I10
205770,Fitzgerald,Anya,1946-05-10,F,anya.fitzgerald@example.com,Blue Cross Blue Shield of Texas,ZGP4674664,2023-05-18,,Sulfa drugs; NSAIDs,900-22-8165,
205771,Moreau,Rosa,1991-08-05,F,rosa.moreau@example.org,Medicare,1EG45361332,2024-03-06,,Latex,900-48-6798,
205772,Nguyen,Chidi,1942-06-01,M,chidi.nguyen@example.org,Self Pay,,,,NSAIDs; Peanuts,900-97-1341,E11.9; I10
205773,Baptiste,Bjorn,1998-09-11,M,bjorn.baptiste@mail.example.net,Self Pay,,,,Latex,,
205774,Petrov,Ines,11/19/59,F,ines.petrov@example.com,United Healthcare,96891866,2026-05-17,,Penicillin; Sulfa drugs,900-57-4401,I10
205775,Ionescu,Haruki,9/18/49,M,haruki.ionescu@mail.example.net,Cigna,U9832668,2026-05-11,2026-12-20,NKDA,900-13-5594,I10
205776,Sandoval,Luz,1948-08-22,F,,Self Pay,,,,NKDA,900-61-8343,I10
205777,Yamada,Vera,3/13/19,F,vera.yamada@example.com,Aetna,W1386036,2023-06-26,,Penicillin; Sulfa drugs,900-62-3976,
205778,Aguilar,Adriana,10/30/98,F,adriana.aguilar@mail.example.net,United Healthcare,96058236,2025-03-05,2025-04-19,Penicillin; Sulfa drugs,900-38-9650,I10; J45.909
205779,Alvarez,Camila,2018-06-02,F,camila.alvarez@example.com,Blue Cross Blue Shield of Texas,ZGP2386419,2025-10-02,,Contrast dye; Latex,900-88-8460,E11.9
205780,Novotny,Chidi,1938-10-20,M,chidi.novotny@example.com,Humana,H1951748,2025-11-22,,Penicillin; Sulfa drugs,900-37-5645,I10
205781,Petrov,Sigrid,1965-09-02,F,,United Healthcare,91451234,2025-09-21,2026-05-06,Penicillin; Peanuts; Latex,,
205782,Baptiste,Ruben,1997-01-29,MALE,ruben.baptiste@mail.example.net,Aetna,W9654066,2023-01-04,,Penicillin,900-93-8889,E11.9
205783,Mbeki,Giulia,1951-10-02,Female,giulia.mbeki@mail.example.net,Self Pay,,,,"Latex, Penicillin",900-99-1238,
205784,Alvarez,Camila,1959-09-03,F,camila.alvarez@mail.example.net,Aetna,W2189890,2023-10-27,2024-11-16,Peanuts; Shellfish,900-51-2122,
205785,Baptiste,Chidi,1977-01-10,MALE,chidi.baptiste@example.com,Blue Cross Blue Shield of Texas,ZGP5102863,2024-12-21,,NKDA,900-48-7499,E11.9; I10
205786,Hollis,Vera,1965-04-26,F,vera.hollis@example.com,Medicare,1EG48888728,2025-03-15,,Penicillin,900-59-9289,E11.9
205787,Aguilar,Camila,2001-04-17,F,camila.aguilar@mail.example.net,Aetna,W3707999,2024-11-05,,NKDA,900-22-7853,
205788,Thorne,Anya,10/26/33,Female,anya.thorne@example.com,Aetna,W4580566,2023-07-25,2025-04-13,Penicillin,900-64-9553,
205789,Okafor,Beatriz,1997-02-19,F,beatriz.okafor@example.com,Medicare,1EG43924453,2023-05-15,,NKDA,900-87-1744,E11.9
205790,Thorne,Everett,1984-01-31,M,everett.thorne@example.com,Medicare,1EG43168197,2025-10-20,,,900-70-4910,I10
205791,Fitzgerald,Naledi,1977-12-22,F,naledi.fitzgerald@example.com,Humana,H9380524,2025-03-05,,Penicillin,900-71-6674,
205792,Novotny,Giulia,2018-12-11,F,giulia.novotny@example.com,Aetna,W3156170,2024-01-28,,,900-38-3924,E11.9; I10
205793,Whitfield,Giulia,1941-04-20,F,giulia.whitfield@example.com,Blue Cross Blue Shield of Texas,ZGP1794201,2023-03-17,2025-05-23,PCN,900-26-1408,
205794,Ionescu,Rosa,1988-01-10,F,rosa.ionescu@mail.example.net,Blue Cross Blue Shield of Texas,ZGP6972287,2026-01-05,,,900-76-1116,J45.909
205795,Ionescu,Anya,1971-11-30,F,anya.ionescu@example.com,Aetna,W5881447,2025-03-02,,Latex,900-60-4626,E11.9; I10
205796,Ridley,Ximena,2015-05-08,,ximena.ridley@example.com,UHC,98461657,2023-04-14,,NKDA,900-10-1750,E11.9
205797,Bergstrom,Mateo,1935-01-18,M,mateo.bergstrom@example.com,Self Pay,,,,Penicillin,900-26-5824,I10
205798,Escobar,Giulia,2007-11-13,F,,Medicare,1EG46048380,2024-03-24,,Penicillin,,I10
205799,Vasquez,Cordelia,1995-12-17,F,cordelia.vasquez@example.com,AETNA,W6808692,2023-02-07,,"Latex, Penicillin",900-81-2870,
205800,Baptiste,Haruki,2011-07-17,M,,UHC,94659678,2023-02-19,,NKDA,900-26-5211,I10
205801,Aguilar,Sigrid,2022-10-28,Female,sigrid.aguilar@example.com,Self Pay,,,,,900-43-7712,I10
205802,Alvarez,Camila,1975-07-16,F,camila.alvarez@example.com,Humana,H1360335,2025-02-02,,NKDA,900-47-5081,
205803,Ramirez,Beatriz,6/7/80,Female,beatriz.ramirez@example.org,Humana,H8915540,2023-05-24,,"Latex, Penicillin",900-27-1381,E11.9
205804,Petrov,Bjorn,1977-09-02,m,bjorn.petrov@example.com,United Healthcare,95975011,2023-02-01,,PCN,900-11-9774,I10; J45.909
205805,Mbeki,Everett,1933-06-17,M,,Blue Cross Blue Shield of Texas,ZGP3578214,2023-08-27,,Penicillin; Sulfa drugs,900-10-7052,E11.9
205806,Lindqvist,Cordelia,1942-05-31,F,cordelia.lindqvist@example.com,BCBS TX,ZGP2318582,2024-12-03,,,900-11-8639,I10
205807,Ionescu,Margot,7/17/68,F,margot.ionescu@example.com,Cigna,U7543041,2025-03-26,,,,I10
205808,Delacroix,Nora,1942-08-16,Female,nora.delacroix@example.org,AETNA,W2691175,2024-07-05,,Contrast dye; Latex,900-59-6732,
205809,Castellanos,Margot,1935-10-14,Female,margot.castellanos@example.org,Blue Cross Blue Shield of Texas,ZGP5998364,2023-02-25,,Penicillin,900-71-4336,E11.9
205810,Achebe,Piotr,1968-02-26,M,piotr.achebe@,Blue Cross Blue Shield of Texas,ZGP7759002,2024-06-13,,Shellfish,900-65-9393,E11.9; I10
205811,Alvarez,Julien,1966-06-03,MALE,julien.alvarez@mail.example.net,Medicare,1EG47834654,2026-03-12,,Penicillin,900-90-6219,I10
205812,Ramirez,Julien,1956-01-17,M,julien.ramirez@example.org,Medicare,1EG47707563,2025-04-13,,,900-26-5599,
205813,Thorne,Sigrid,1983-10-20,Female,sigrid.thorne@example.com,Blue Cross Blue Shield of Texas,ZGP4479768,2024-11-12,,Shellfish,900-59-8036,E11.9; I10
205814,Aguilar,Alden,11/19/61,M,alden.aguilar@,Self Pay,,,,Contrast dye; Latex,900-28-7349,
205815,Okafor,Giulia,1953-08-04,F,giulia.okafor@example.com,United Healthcare,95456176,2025-04-26,,NSAIDs; Peanuts,900-71-6697,E11.9
205816,Lindqvist,Giulia,1959-08-04,F,giulia.lindqvist@example.com,Aetna,W2564854,2023-08-01,,Contrast dye; Latex,900-63-5927,E11.9; I10
205817,Baptiste,Camila,1951-12-14,f,,Medicare,1EG43594015,2024-08-07,,,900-97-1893,
205818,Petrov,Piotr,1986-08-13,M,piotr.petrov@mail.example.net,Aetna,W2440752,2023-11-17,,PCN,900-96-4715,E11.9; I10
205819,Yamada,Giulia,1965-03-08,Female,giulia.yamada@example.com,Medicare,1EG44219152,2024-01-05,,,900-73-4651,E11.9; I10
205820,Mbeki,Rosa,2015-02-20,F,,Aetna,W7370040,2023-02-06,2024-07-22,,900-82-3687,J45.909
205821,Ionescu,Haruki,1947-04-06,M,haruki.ionescu@mail.example.net,Cigna,U7744307,2025-08-26,,,,I10
205822,Halvorsen,Emile,1992-10-08,M,,United Healthcare,92460246,2025-05-17,,,,
205823,Novotny,Ruben,1950-01-25,M,ruben.novotny@mail.example.net,Aetna,W4992947,2023-10-01,,Penicillin; Peanuts; Latex,900-36-9656,I10
205824,Lindqvist,Giulia,1973-04-15,F,giulia.lindqvist@example.com,Humana,H9248861,2025-01-29,,,900-52-5979,
205825,Bergstrom,Haruki,1956-07-26,M,haruki.bergstrom@,BCBS TX,ZGP1816727,2024-09-05,,Latex,900-73-3352,
205826,Nguyen,Alden,1997-06-24,M,alden.nguyen@mail.example.net,AETNA,W7514471,2024-06-15,,Penicillin; Peanuts; Latex,900-92-5939,
205827,Castellanos,Cordelia,1979-03-21,Female,cordelia.castellanos@mail.example.net,Blue Cross Blue Shield of Texas,ZGP1832734,2025-08-14,,Latex,900-84-1115,E11.9
205828,Lindqvist,Julien,1966-01-14,M,julien.lindqvist@mail.example.net,Self Pay,,,,Latex,900-12-7711,E11.9
205829,Castellanos,Haruki,1961-12-05,MALE,haruki.castellanos@example.com,Blue Cross Blue Shield of Texas,ZGP3936634,2026-06-27,,,900-33-5354,E11.9
205830,Achebe,Sigrid,1974-04-08,F,sigrid.achebe@mail.example.net,Cigna,U7390565,2024-03-14,2024-11-14,,900-91-6407,I10
205831,Ionescu,Nora,1949-07-25,Female,nora.ionescu@example.com,Self Pay,,,,,900-59-9220,
205832,Ferreira,Wendell,1965-09-14,M,,Aetna,W7722888,2025-05-09,,,900-76-8764,J45.909
205833,Aguilar,Rosa,1/18/74,F,rosa.aguilar@example.com,Aetna,W2612030,2024-01-06,,,900-59-7837,
205834,Marchetti,Luz,1973-10-24,F,,UHC,98842019,2024-12-09,2026-11-07,Peanuts; Shellfish,900-71-7546,
205835,Hollis,Ines,1968-12-01,Female,,Medicare,1EG46374112,2023-04-28,,NKDA,900-23-2553,E11.9; I10; J45.909
205836,Bergstrom,Ximena,6/9/93,Female,ximena.bergstrom@example.com,BCBS TX,ZGP7903392,2024-06-13,,"Latex, Penicillin",900-96-3362,
205837,Thorne,Thanh,1963-02-15,F,thanh.thorne@mail.example.net,Self Pay,,,,,900-63-4533,I10; J45.909
205838,Ionescu,Camila,1964-10-16,F,camila.ionescu@mail.example.net,Cigna,U4876738,2023-12-16,,,900-21-8785,E11.9; I10; J45.909
205839,Okafor,Piotr,2007-01-25,MALE,,Blue Cross Blue Shield of Texas,ZGP2743529,2024-06-18,,,900-30-7811,E11.9
205840,Achebe,Sigrid,1937-10-04,F,sigrid.achebe@example.org,Aetna,W3422626,2025-11-11,2027-07-30,NSAIDs; Peanuts,900-29-7814,J45.909
205841,Achebe,Luz,1943-12-06,F,luz.achebe@mail.example.net,Humana,H5778321,2025-09-25,2027-10-26,Penicillin; Sulfa drugs,900-44-2387,E11.9; I10; J45.909
205842,Ferreira,Beatriz,1931-07-10,F,beatriz.ferreira@example.com,Blue Cross Blue Shield of Texas,ZGP5869340,2025-09-17,,NKDA,900-39-7394,E11.9; I10
205843,Achebe,Ines,1947-12-15,Female,ines.achebe@example.com,Cigna,U8548226,2023-04-19,2024-11-27,Shellfish,900-19-6067,I10; J45.909
205844,Yamada,Sigrid,1934-05-13,F,sigrid.yamada@example.com,AETNA,W5340534,2024-05-04,,,900-52-4593,E11.9
205845,Thorne,Piotr,2019-07-02,M,piotr.thorne@example.com,Aetna,W5173957,2026-02-27,,Peanuts; Shellfish,900-19-5123,J45.909
205846,Moreau,Beatriz,11/3/39,F,beatriz.moreau@example.com,BCBS TX,ZGP4236976,2024-06-10,,,900-18-6378,I10; J45.909
205847,Moreau,Ximena,1963-03-25,Non-binary,ximena.moreau@example.com,Blue Cross Blue Shield of Texas,ZGP7376305,2023-08-05,,NKDA,900-38-7637,
205848,Ferreira,Anya,2012-01-20,F,anya.ferreira@example.org,Self Pay,,,,,900-51-3039,E11.9
205849,Osei,Bjorn,1947-01-03,M,bjorn.osei@example.com,Aetna,W9145355,2026-03-24,,Sulfa drugs; NSAIDs,900-34-5154,
205850,Delacroix,Everett,1978-09-07,M,everett.delacroix@example.com,BCBS TX,ZGP6629128,2024-11-03,,Latex,900-66-2328,
205851,Nguyen,Adriana,1966-06-10,F,adriana.nguyen@example.com,BCBS TX,ZGP5574556,2024-05-19,,NSAIDs; Peanuts,900-52-6802,E11.9; I10
205852,Lindqvist,Wendell,2015-04-17,M,wendell.lindqvist@example.com,BCBS TX,ZGP8339106,2025-07-05,,,900-31-4396,
205853,Halvorsen,Adriana,1982-02-20,F,adriana.halvorsen@mail.example.net,Medicare,1EG46876832,2023-05-11,,,900-30-2112,
205854,Halvorsen,Wendell,2002-02-13,M,wendell.halvorsen@example.com,Self Pay,,,,PCN,900-78-9934,E11.9; I10
205855,Delacroix,Piotr,2023-10-02,MALE,piotr.delacroix@example.org,UHC,99409417,2024-10-24,,Latex,900-10-3361,
205856,Achebe,Everett,1988-09-17,M,,Cigna,U7978679,2023-12-07,,Contrast dye; Latex,900-99-8662,I10
205857,Halvorsen,Bjorn,1940-07-30,M,bjorn.halvorsen@example.com,Cigna,U5268825,2023-07-12,,Peanuts; Shellfish,900-29-2258,
205858,Yamada,Adriana,2001-05-09,F,,Self Pay,,,,Peanuts; Shellfish,900-92-8775,I10; J45.909
205859,Halvorsen,Emile,1968-02-21,M,,Blue Cross Blue Shield of Texas,ZGP4813077,2026-03-15,2024-02-01,"Latex, Penicillin",900-86-2600,I10
205860,Halvorsen,Anya,1979-10-10,F,anya.halvorsen@example.com,Medicare,1EG46700536,2023-05-03,,PCN,,I10; J45.909
205861,Nguyen,Rosa,1934-02-25,F,,Aetna,W7066905,2023-11-11,,,900-37-1574,J45.909
205862,Novotny,Ximena,1941-07-28,,ximena.novotny@example.org,Medicare,1EG43106379,2024-12-18,,NSAIDs; Peanuts,900-60-2133,
205863,Ionescu,Femi,1952-12-26,M,,Humana,H2000458,2023-02-07,,NKDA,900-92-1161,E11.9; I10; J45.909
205864,Vasquez,Emile,1955-07-12,M,,Aetna,W6630428,2025-07-29,,Sulfa drugs; NSAIDs,900-85-6655,
205865,Ionescu,Haruki,2017-02-04,M,haruki.ionescu@example.com,Blue Cross Blue Shield of Texas,ZGP9571278,2024-02-11,,NSAIDs; Peanuts,900-89-9303,E11.9
205866,Osei,Emile,1981-11-15,M,emile.osei@example.com,Cigna,U4353740,2024-05-25,,NKDA,900-92-6452,E11.9
205867,Vasquez,Rosa,2005-01-13,Female,,Aetna,W7941514,2024-07-15,,Penicillin,900-62-5429,I10
205868,Ferreira,Wendell,2001-11-03,M,wendell.ferreira@example.com,Medicare,1EG43636260,2024-04-29,,PCN,900-32-8289,
205869,Castellanos,Emile,1934-12-23,M,,Self Pay,,,,Sulfa drugs; NSAIDs,900-21-1123,E11.9
205870,Yamada,Beatriz,1973-12-22,F,beatriz.yamada@example.com,BCBS TX,ZGP2021852,2026-04-11,,"Latex, Penicillin",900-56-7527,E11.9; I10
205871,Fitzgerald,Alden,1933-10-27,M,alden.fitzgerald@mail.example.net,BCBS TX,ZGP2247896,2024-10-12,2025-04-12,Sulfa drugs; NSAIDs,900-77-8751,I10
205872,Fitzgerald,Nora,4/22/38,F,nora.fitzgerald@example.com,Self Pay,,,,Penicillin,,E11.9
205873,Alvarez,Julien,7/11/75,MALE,julien.alvarez@example.com,Medicare,1EG43675133,2023-12-14,2024-08-24,,900-45-4433,E11.9; I10
205874,Vasquez,Vera,1945-01-28,,vera.vasquez@mail.example.net,United Healthcare,98355745,2024-09-19,,Contrast dye; Latex,900-97-9660,I10
205875,Ridley,Wendell,1952-07-17,M,wendell.ridley@example.com,Aetna,W8192316,2025-12-15,,,900-16-1367,E11.9
205876,Petrov,Anya,2002-04-21,f,anya.petrov@example.com,Blue Cross Blue Shield of Texas,ZGP2646990,2026-01-29,,,900-76-8744,I10
205877,Lindqvist,Elsa,2013-02-16,F,elsa.lindqvist@example.org,Aetna,W9534517,2025-11-28,,,900-72-3679,E11.9; I10; J45.909
205878,Novotny,Rosa,1981-09-23,F,rosa.novotny@mail.example.net,Self Pay,,,,Penicillin,,E11.9; I10
205879,Osei,Luz,2017-03-09,F,luz.osei@example.com,Medicare,1EG47484912,2025-12-02,,,900-79-4305,E11.9
205880,Sandoval,Emile,8/25/95,MALE,emile.sandoval@mail.example.net,Medicare,1EG47306794,2024-03-04,,Latex,900-83-6576,
205881,Okafor,Ximena,2020-08-24,F,,Humana,H2401190,2024-08-17,,Latex,900-26-7925,E11.9; I10
205882,Ramirez,Thanh,1941-04-25,F,thanh.ramirez@example.com,Medicare,1EG43680080,2023-12-22,,,900-95-6913,
205883,Hollis,Wendell,1958-12-29,M,wendell.hollis@example.org,Self Pay,,,,Penicillin,900-96-5816,E11.9
205884,Marchetti,Adriana,1979-03-09,F,adriana.marchetti@example.com,United Healthcare,97899060,2024-01-25,,,,I10
205885,Kowalski,Haruki,1958-02-11,M,haruki.kowalski@example.com,Self Pay,,,,PCN,900-90-3950,E11.9
205886,Aguilar,Vera,1988-08-13,F,vera.aguilar@example.com,Aetna,W3866384,2025-06-26,2023-06-04,,900-46-1148,E11.9; I10
205887,Okafor,Julien,1953-07-07,MALE,julien.okafor@example.com,Cigna,U4496703,2024-04-11,,NSAIDs; Peanuts,900-72-8907,J45.909
205888,Achebe,Emile,1945-10-05,m,emile.achebe@example.com,Aetna,W2166219,2024-12-21,,,900-48-1633,E11.9
205889,Okafor,Cordelia,2005-07-16,F,,BCBS TX,ZGP4921853,2025-07-02,,Latex,900-32-4037,E11.9
205890,Lindqvist,Everett,1937-07-21,MALE,everett.lindqvist@example.com,United Healthcare,98979265,2023-10-27,,,900-27-8434,J45.909
205891,Novotny,Vera,1977-12-25,F,vera.novotny@example.org,AETNA,W9610471,2025-10-08,,NSAIDs; Peanuts,900-68-3118,
205892,Mbeki,Naledi,1944-04-16,F,naledi.mbeki@example.com,Cigna,U5334160,2024-12-26,,,900-23-3920,E11.9; I10
205893,Ferreira,Ximena,2/23/31,F,ximena.ferreira@example.com,Humana,H8285956,2025-08-30,2027-04-20,Penicillin,900-55-7225,J45.909
205894,Bergstrom,Cordelia,1983-05-14,F,cordelia.bergstrom@example.com,BCBS TX,ZGP9634151,2026-03-04,,"Latex, Penicillin",900-83-1770,I10
205895,Aguilar,Thanh,2011-11-01,f,thanh.aguilar@example.com,Self Pay,,,,NSAIDs; Peanuts,900-99-2174,I10; J45.909
205896,Escobar,Cordelia,8/1/87,Female,cordelia.escobar@example.org,Humana,H6015018,2025-10-13,,,900-35-4571,
205897,Marchetti,Alden,1935-11-16,M,alden.marchetti@example.org,Blue Cross Blue Shield of Texas,ZGP2372045,2025-05-26,,NKDA,900-12-1832,
205898,Fitzgerald,Adriana,1984-07-16,Female,adriana.fitzgerald@example.com,BCBS TX,ZGP5862574,2023-03-04,2024-11-13,NKDA,900-52-2010,I10
205899,Vasquez,Luz,2005-08-08,F,luz.vasquez@example.com,Aetna,W7252429,2023-09-05,,Penicillin; Sulfa drugs,,I10
205900,Bergstrom,Ximena,2016-07-28,F,ximena.bergstrom@example.com,Humana,H6288160,2025-04-16,,Penicillin,900-27-9064,E11.9
205901,Fitzgerald,Cordelia,1978-12-09,Female,cordelia.fitzgerald@example.com,Aetna,W5247830,2025-04-07,,Sulfa drugs; NSAIDs,900-90-7805,E11.9; I10
205902,,Mateo,1963-06-13,M,mateo.kowalski@example.org,Humana,H2217051,2023-11-09,,NKDA,900-11-2573,
205903,Kowalski,Anya,1958-05-12,Female,,Aetna,W4969482,2025-12-18,,PCN,,I10
205904,Fitzgerald,Everett,1963-07-03,M,everett.fitzgerald@mail.example.net,Self Pay,,,,Sulfa drugs; NSAIDs,900-16-6735,
205905,Marchetti,Rosa,1941-04-15,F,rosa.marchetti@mail.example.net,Medicare,1EG44709627,2023-09-24,2023-12-25,NKDA,900-42-9208,
205906,Baptiste,Cordelia,1976-09-27,F,cordelia.baptiste@example.com,Cigna,U7317298,2024-11-05,,Latex,900-35-3715,E11.9
205907,Sandoval,Ines,4/29/82,F,ines.sandoval@mail.example.net,United Healthcare,97922461,2025-05-02,,,900-25-9275,J45.909
205908,Marchetti,Adriana,1966-09-26,F,adriana.marchetti@mail.example.net,Blue Cross Blue Shield of Texas,ZGP1338190,2024-04-11,,,900-14-1180,
205909,Ferreira,Ruben,1967-09-19,M,ruben.ferreira@mail.example.net,Humana,H1361004,2026-03-13,2027-09-05,,,E11.9
205910,Thorne,Nora,1978-07-02,F,nora.thorne@example.com,Self Pay,,,,Penicillin; Sulfa drugs,900-93-7042,E11.9; I10
205911,Hollis,Chidi,2010-09-12,M,chidi.hollis@example.com,Aetna,W2954052,2025-07-27,,Penicillin; Sulfa drugs,900-53-5778,J45.909
205912,Ionescu,Margot,1991-02-11,F,margot.ionescu@mail.example.net,Medicare,1EG45361265,2023-02-09,,NKDA,900-10-6859,I10
205913,Hollis,Giulia,2014-09-12,F,giulia.hollis@mail.example.net,Blue Cross Blue Shield of Texas,ZGP8652486,2024-07-23,,Penicillin; Sulfa drugs,900-70-4944,
205914,Achebe,Everett,2002-08-20,M,everett.achebe@example.com,United Healthcare,91945151,2026-06-22,2028-10-30,,900-30-6562,E11.9
205915,Novotny,Nora,1982-09-09,F,nora.novotny@example.org,United Healthcare,93723696,2023-01-16,,,900-34-6910,E11.9
205916,Thorne,Luz,1954-02-23,F,luz.thorne@example.org,Self Pay,,,,Penicillin,900-20-6677,I10; J45.909
205917,Alvarez,Ines,1945-03-04,F,ines.alvarez@mail.example.net,Aetna,W5468709,2024-06-17,,,900-98-5618,J45.909
205918,Ionescu,Chidi,1981-03-28,MALE,chidi.ionescu@mail.example.net,Humana,H4313108,2024-07-22,2026-06-13,Penicillin,900-70-7653,I10; J45.909
205919,Kowalski,Femi,1990-11-02,M,femi.kowalski@example.com,Self Pay,,,,,900-24-1516,J45.909
205920,Bergstrom,Alden,2/5/07,M,,BCBS TX,ZGP9196111,2023-08-23,,NKDA,,
205921,Hollis,Julien,2005-02-15,M,julien.hollis@example.com,Medicare,1EG48082186,2025-12-27,,Penicillin; Sulfa drugs,900-47-2013,E11.9
205922,Mbeki,Beatriz,1999-08-28,F,,Aetna,W3815678,2023-06-04,2023-08-17,Shellfish,900-56-7539,E11.9
205923,Kowalski,Julien,1982-09-11,M,julien.kowalski@example.com,Medicare,1EG48422160,2024-06-10,,Penicillin; Peanuts; Latex,900-75-7021,I10; J45.909
205924,Marchetti,Haruki,1968-12-28,M,haruki.marchetti@mail.example.net,Medicare,1EG49984307,2023-05-04,,Peanuts; Shellfish,900-67-7667,
205925,Achebe,Mateo,1934-05-24,M,mateo.achebe@example.com,BCBS TX,ZGP3217431,2025-10-24,2026-07-09,NKDA,900-60-4859,I10
205926,Whitfield,Sigrid,2003-09-22,F,sigrid.whitfield@example.com,Self Pay,,,,PCN,,I10
205927,Ionescu,Haruki,1967-09-12,MALE,haruki.ionescu@example.com,Aetna,W5866733,2024-08-27,,Penicillin; Sulfa drugs,900-30-2304,
205928,Hollis,Cordelia,1993-07-06,F,,Self Pay,,,,Latex,900-78-2887,
205929,Sandoval,Everett,2001-04-30,M,everett.sandoval@example.com,Medicare,1EG42395872,2023-04-26,,,900-30-5056,
205930,Whitfield,Giulia,1991-08-30,f,giulia.whitfield@example.com,Aetna,W4857233,2024-07-09,,,900-53-2166,E11.9; I10
205931,Fitzgerald,Cordelia,2019-06-09,F,cordelia.fitzgerald@mail.example.net,Blue Cross Blue Shield of Texas,ZGP2886923,2025-09-28,,NKDA,900-90-6935,E11.9
205932,Fitzgerald,Chidi,1/23/78,M,chidi.fitzgerald@example.org,Blue Cross Blue Shield of Texas,ZGP2593550,2026-04-28,,Contrast dye; Latex,900-52-2650,
205933,Castellanos,Julien,11/25/94,M,julien.castellanos@example.org,Aetna,W3240742,2025-04-21,2026-10-02,,900-42-4091,
205934,Petrov,Everett,1972-04-21,M,everett.petrov@example.com,UHC,99442802,2026-05-22,,,900-29-1534,
205935,Petrov,Bjorn,1960-11-29,m,,Blue Cross Blue Shield of Texas,ZGP2087180,2024-11-05,,Shellfish,900-96-1235,J45.909
205936,Delacroix,Haruki,1938-03-12,M,haruki.delacroix@example.com,Aetna,W5555703,2023-06-10,,,900-64-5448,
205937,Moreau,Bjorn,1990-08-25,M,bjorn.moreau@example.com,Blue Cross Blue Shield of Texas,ZGP8939398,2024-04-14,2024-12-30,"Latex, Penicillin",900-42-3084,E11.9; I10; J45.909
205938,Escobar,Vera,1979-12-16,F,vera.escobar@example.org,Cigna,U3724092,2023-09-01,2025-11-08,Penicillin,900-55-3277,I10
205939,Ramirez,Elsa,1966-04-17,F,elsa.ramirez@example.com,United Healthcare,96374022,2023-07-31,,Penicillin,900-54-6459,I10
205940,Fitzgerald,Luz,1936-01-31,F,,Blue Cross Blue Shield of Texas,ZGP6767782,2025-10-18,,Penicillin; Sulfa drugs,900-52-9264,E11.9
205941,Alvarez,Camila,2018-02-05,Female,camila.alvarez@example.com,Blue Cross Blue Shield of Texas,ZGP6388070,2023-08-31,2021-04-06,NSAIDs; Peanuts,,
205942,Petrov,Julien,1948-12-03,M,julien.petrov@example.com,Humana,H9631162,2023-02-27,2024-11-27,NSAIDs; Peanuts,900-83-7031,E11.9; I10; J45.909
205943,Aguilar,Sigrid,1947-02-07,Non-binary,sigrid.aguilar@example.com,Blue Cross Blue Shield of Texas,ZGP3030190,2024-12-14,,,900-18-8531,
205944,Osei,Femi,1949-06-24,MALE,femi.osei@example.org,Cigna,U4266995,2026-05-17,,Sulfa drugs; NSAIDs,900-11-5850,I10; J45.909
205945,Thorne,Giulia,1934-04-04,F,giulia.thorne@mail.example.net,Self Pay,,,,Peanuts; Shellfish,900-49-9576,I10
205946,Delacroix,Everett,2024-08-27,M,everett.delacroix@example.com,Medicare,1EG44996084,2023-05-28,,,900-40-9863,
205947,Kowalski,Everett,1970-04-04,M,,Blue Cross Blue Shield of Texas,ZGP6247469,2023-07-02,,NKDA,900-45-7006,E11.9; I10
205948,Whitfield,Ruben,1953-07-16,M,ruben.whitfield@mail.example.net,Blue Cross Blue Shield of Texas,ZGP8635976,2023-04-25,,,900-88-7350,E11.9
205949,Novotny,Bjorn,1941-01-15,M,,Blue Cross Blue Shield of Texas,ZGP7699299,2025-02-04,,NKDA,900-69-6066,
205950,Mbeki,Ruben,2010-11-04,MALE,ruben.mbeki@example.com,Humana,H5322705,2024-03-15,,Penicillin,900-45-7031,E11.9; I10
205951,Alvarez,Mateo,1999-12-14,m,mateo.alvarez@example.com,Aetna,W8611958,2025-07-22,,,900-44-2405,E11.9
205952,Vasquez,Kwame,2024-10-16,M,,BCBS TX,ZGP4960355,2024-04-28,,Shellfish,900-68-1906,
205953,Lindqvist,Julien,1965-12-02,M,,BCBS TX,ZGP1485275,2025-12-16,,"Latex, Penicillin",,
205954,Fitzgerald,Alden,1937-01-28,M,alden.fitzgerald@example.com,Blue Cross Blue Shield of Texas,ZGP5944048,2024-05-17,,Sulfa drugs; NSAIDs,900-93-6011,I10
205955,Lindqvist,Ximena,2009-06-15,X,ximena.lindqvist@example.com,Self Pay,,,,NKDA,,E11.9; I10
205956,Ferreira,Piotr,1947-07-31,m,piotr.ferreira@example.com,Medicare,1EG44043038,2023-03-31,,"Latex, Penicillin",900-21-5455,E11.9
205957,Nguyen,Elsa,1931-03-22,F,elsa.nguyen@example.com,Aetna,W6262703,2025-09-01,,Penicillin,,E11.9; I10
205958,Whitfield,Julien,1931-12-08,M,julien.whitfield@example.org,BCBS TX,ZGP4682448,2023-03-31,,Peanuts; Shellfish,900-88-7339,
205959,Osei,Ines,1964-08-10,Female,ines.osei@example.com,Blue Cross Blue Shield of Texas,ZGP6153864,2025-12-27,2027-09-21,NKDA,900-75-9604,E11.9; I10
205960,Okafor,Anya,1988-10-18,F,anya.okafor@mail.example.net,Self Pay,,,,Penicillin,900-40-9928,
205961,Mbeki,Wendell,2010-09-14,M,wendell.mbeki@mail.example.net,Aetna,W2098382,2025-06-11,,,900-11-7620,E11.9; I10
205962,Fitzgerald,Haruki,1970-09-07,M,haruki.fitzgerald@example.com,United Healthcare,95626743,2024-03-07,,,900-56-1896,I10
205963,Vasquez,Luz,1986-01-22,F,luz.vasquez@example.com,BCBS TX,ZGP6344894,2023-08-26,,"Latex, Penicillin",900-50-3612,I10
205964,Mbeki,Bjorn,1939-04-13,M,bjorn.mbeki@mail.example.net,Humana,H1995182,2025-01-13,,,900-39-6274,
205965,Yamada,Femi,1986-04-15,M,femi.yamada@example.com,Self Pay,,,,Penicillin; Peanuts; Latex,900-88-4823,E11.9; I10; J45.909
205966,Whitfield,Piotr,1993-11-22,M,piotr.whitfield@example.com,United Healthcare,97883021,2024-08-11,,,900-91-7431,
205967,Yamada,Ximena,10/7/72,f,ximena.yamada@mail.example.net,Humana,H3360302,2023-07-20,2025-07-06,NKDA,900-90-3199,I10
205968,Sandoval,Beatriz,1969-08-22,Female,beatriz.sandoval@example.org,Medicare,1EG42288785,2026-04-09,,Penicillin,900-89-7274,I10
205969,Whitfield,Luz,2/21/89,F,luz.whitfield@example.com,Aetna,W4867692,2024-04-11,,Penicillin,900-94-6640,
205970,Ramirez,Julien,1970-05-19,MALE,julien.ramirez@example.com,United Healthcare,96754327,2024-09-27,,Penicillin; Sulfa drugs,900-88-6442,I10; J45.909
205971,Escobar,Mateo,1963-06-15,M,,AETNA,W1215015,2024-03-23,,Penicillin,900-34-3862,I10
205972,Whitfield,Julien,2016-02-13,M,julien.whitfield@mail.example.net,Cigna,U6583468,2024-03-14,,,900-39-4406,I10
205973,Delacroix,Bjorn,1934-07-29,M,bjorn.delacroix@mail.example.net,Self Pay,,,,,900-84-1029,I10
205974,Vasquez,Elsa,1965-09-25,Female,,BCBS TX,ZGP6298391,2025-04-13,,Penicillin,900-61-4002,
205975,Okafor,Ruben,2/16/67,M,ruben.okafor@example.com,Aetna,W9641985,2026-01-07,,Sulfa drugs; NSAIDs,900-33-9742,I10
205976,Kowalski,Piotr,1957-08-21,M,,Blue Cross Blue Shield of Texas,ZGP5145942,2023-04-26,,Penicillin,900-28-9683,E11.9
205977,Nguyen,Elsa,1957-05-10,F,elsa.nguyen@mail.example.net,Self Pay,,,,Penicillin; Sulfa drugs,900-54-4250,E11.9; I10
205978,Delacroix,Beatriz,2021-07-30,Female,beatriz.delacroix@mail.example.net,Self Pay,,,,NSAIDs; Peanuts,900-19-7233,
205979,Aguilar,Margot,5/15/99,F,margot.aguilar@example.com,Self Pay,,,,Penicillin,,J45.909
205980,Marchetti,Femi,1969-05-14,M,femi.marchetti@example.com,United Healthcare,96941972,2023-08-28,,Penicillin; Peanuts; Latex,900-95-2926,I10; J45.909
205981,Moreau,Wendell,1975-11-10,M,wendell.moreau@mail.example.net,Self Pay,,,,Penicillin,900-11-7135,E11.9
205982,Baptiste,Chidi,1991-11-27,M,chidi.baptiste@example.com,Medicare,1EG42908030,2023-05-24,,"Latex, Penicillin",900-82-8169,
205983,Castellanos,Piotr,1971-09-21,M,,Blue Cross Blue Shield of Texas,ZGP7127932,2025-09-03,,,900-43-7229,
205984,Whitfield,Kwame,1959-02-24,MALE,kwame.whitfield@example.com,Aetna,W3597683,2023-02-01,,Contrast dye; Latex,900-16-1049,I10; J45.909
205985,Bergstrom,Piotr,1976-12-09,MALE,piotr.bergstrom@example.com,Aetna,W9919418,2023-03-05,,,900-96-4308,
205986,Halvorsen,Luz,1991-04-20,F,luz.halvorsen@example.com,BCBS TX,ZGP9106868,2024-04-26,,,900-75-1453,
205987,Sandoval,Nora,1961-07-11,Female,nora.sandoval@example.com,United Healthcare,93219704,2026-06-12,,Penicillin; Sulfa drugs,900-52-2253,
205988,Nguyen,Bjorn,1992-02-16,m,bjorn.nguyen@,Medicare,1EG44226156,2025-07-07,,,900-34-4814,
205989,Hollis,Beatriz,1968-02-09,f,beatriz.hollis@,Medicare,1EG47285565,2024-01-05,,Shellfish,900-94-4364,
205990,Delacroix,Ruben,1981-08-01,M,ruben.delacroix@mail.example.net,United Healthcare,99538799,2025-07-14,2026-03-08,Penicillin,900-78-9914,E11.9; I10
205991,Mbeki,Cordelia,1944-08-10,Female,cordelia.mbeki@mail.example.net,Medicare,1EG47042971,2025-08-10,,,900-73-3739,
205992,Yamada,Adriana,1961-08-18,F,adriana.yamada@example.com,United Healthcare,92975228,2024-04-19,2025-01-10,"Latex, Penicillin",900-53-5372,E11.9
205993,Bergstrom,Kwame,1986-08-06,M,kwame.bergstrom@example.com,United Healthcare,94410150,2023-08-23,,Penicillin,900-72-9471,
205994,Baptiste,Everett,1950-01-12,M,everett.baptiste@example.org,Blue Cross Blue Shield of Texas,ZGP6849180,2024-04-06,,Penicillin; Sulfa drugs,900-75-5176,I10
205995,Petrov,Anya,7/18/52,F,anya.petrov@example.com,United Healthcare,98394955,2023-02-20,2024-08-17,Shellfish,900-85-3705,E11.9; I10
205996,Fitzgerald,Anya,2022-11-09,F,anya.fitzgerald@example.com,Cigna,U4926544,2025-11-08,2025-08-17,Penicillin,900-84-8895,
205997,Sandoval,Ines,2000-01-25,Female,,Blue Cross Blue Shield of Texas,ZGP2406555,2025-07-09,,NKDA,900-81-9523,I10; J45.909
205998,Mbeki,Camila,1931-04-05,F,camila.mbeki@example.com,Blue Cross Blue Shield of Texas,ZGP4731456,2025-03-13,,Penicillin,,
205999,Ionescu,Haruki,1971-08-25,m,haruki.ionescu@example.com,Medicare,1EG45034201,2024-11-03,,NKDA,900-65-2004,
206000,Escobar,Rosa,1969-07-20,F,rosa.escobar@mail.example.net,United Healthcare,94662812,2024-11-18,2026-05-18,,900-30-5889,
206001,Aguilar,Piotr,7/22/76,U,piotr.aguilar@example.com,Aetna,W7424007,2023-06-25,,,900-30-3030,E11.9
206002,Nguyen,Alden,2006-02-08,MALE,,Blue Cross Blue Shield of Texas,ZGP6302675,2024-03-20,2026-09-06,Penicillin; Sulfa drugs,900-97-9303,E11.9
206003,Ionescu,Margot,1964-02-16,f,margot.ionescu@example.com,Medicare,1EG42450123,2024-05-03,,Shellfish,900-28-6628,I10
206004,Ramirez,Margot,1935-07-17,Female,margot.ramirez@mail.example.net,Blue Cross Blue Shield of Texas,ZGP3788616,2024-12-20,2025-04-25,,900-27-7716,E11.9
206005,Ionescu,Everett,1942-01-26,M,everett.ionescu@example.org,Blue Cross Blue Shield of Texas,ZGP6852296,2026-01-09,,,900-81-7339,I10; J45.909
206006,Petrov,Thanh,1960-06-17,Female,,Aetna,W6582989,2025-07-14,,Peanuts; Shellfish,900-25-4487,
206007,Ferreira,Bjorn,2001-01-04,m,bjorn.ferreira@example.com,Cigna,U3612175,2025-08-12,,Penicillin,900-96-7871,
206008,Aguilar,Piotr,1978-06-19,MALE,piotr.aguilar@mail.example.net,Blue Cross Blue Shield of Texas,ZGP3057286,2024-04-14,,NKDA,900-80-4777,J45.909
206009,Lindqvist,Alden,1937-03-25,MALE,,United Healthcare,95688322,2026-04-12,,NKDA,900-74-3047,E11.9; I10
206010,Nguyen,Alden,2007-03-16,M,,United Healthcare,97718548,2024-07-01,,,900-33-8105,
206011,Escobar,Cordelia,1949-08-18,F,cordelia.escobar@example.com,BCBS TX,ZGP6693574,2024-02-10,,,900-39-1902,
206012,Bergstrom,Everett,1999-12-18,M,everett.bergstrom@example.org,United Healthcare,96545239,2026-04-14,,NSAIDs; Peanuts,900-75-3749,E11.9; I10
206013,Vasquez,Everett,1979-02-28,M,,AETNA,W3914574,2023-02-26,,Penicillin; Peanuts; Latex,900-53-7500,
206014,Yamada,Piotr,1957-06-20,M,piotr.yamada@example.com,Blue Cross Blue Shield of Texas,ZGP2755948,2024-08-10,,Shellfish,900-70-8282,
206015,Lindqvist,Naledi,1991-07-02,f,naledi.lindqvist@example.org,Cigna,U9447951,2024-10-14,,,,
206016,Halvorsen,Elsa,12/18/19,F,elsa.halvorsen@example.com,United Healthcare,97987523,2024-08-17,,Sulfa drugs; NSAIDs,900-66-7542,I10
206017,Lindqvist,Naledi,1990-02-08,F,naledi.lindqvist@mail.example.net,Aetna,W7558610,2023-06-07,,Penicillin; Sulfa drugs,900-23-4888,I10
206018,Mbeki,Everett,1977-05-08,M,everett.mbeki@example.com,UHC,92047873,2024-10-20,,Penicillin,900-14-7720,E11.9
206019,Osei,Mateo,2007-01-27,MALE,mateo.osei@example.com,United Healthcare,96078008,2025-06-25,,Penicillin,900-79-5802,E11.9
206020,Delacroix,Haruki,1960-02-29,M,haruki.delacroix@example.com,Blue Cross Blue Shield of Texas,ZGP2163839,2023-07-07,,,900-27-5793,
206021,Mbeki,Adriana,2012-06-28,F,adriana.mbeki@example.com,Medicare,1EG45126628,2025-12-30,,NSAIDs; Peanuts,900-30-9820,E11.9
206022,Marchetti,Kwame,1949-10-05,M,kwame.marchetti@example.com,Medicare,1EG46261602,2026-04-05,,,,
206023,Thorne,Kwame,8/2/59,M,kwame.thorne@example.com,Medicare,1EG46899859,2023-08-29,,,900-79-8792,
206024,Ridley,Chidi,1999-06-27,M,chidi.ridley@example.com,Medicare,1EG44649222,2024-11-03,,Peanuts; Shellfish,900-24-1199,
206025,Whitfield,Thanh,1931-06-17,F,,Cigna,U7048437,2024-10-15,,,900-25-5341,
206026,Nguyen,Camila,3/29/45,F,,Cigna,U7728357,2023-06-21,2024-01-07,,,E11.9; I10
206027,Sandoval,Emile,1974-12-31,MALE,emile.sandoval@example.com,Blue Cross Blue Shield of Texas,ZGP9938355,2024-01-30,,NKDA,900-31-4260,E11.9
206028,Delacroix,Camila,1946-06-02,F,camila.delacroix@mail.example.net,Self Pay,,,,Peanuts; Shellfish,900-98-8847,J45.909
206029,Sandoval,Adriana,2017-12-07,F,adriana.sandoval@example.org,Humana,H7508687,2025-10-20,2027-10-27,"Latex, Penicillin",900-86-4250,I10
206030,Ionescu,Emile,2000-02-23,m,emile.ionescu@,Blue Cross Blue Shield of Texas,ZGP1770480,2025-01-21,,Contrast dye; Latex,900-12-2905,E11.9
206031,Yamada,Margot,1938-02-09,F,margot.yamada@mail.example.net,Blue Cross Blue Shield of Texas,ZGP5658981,2023-06-05,,Latex,900-55-6384,
206032,Kowalski,Thanh,1972-03-23,F,thanh.kowalski@example.com,Medicare,1EG43170470,2024-12-01,,"Latex, Penicillin",900-54-4919,I10; J45.909
206033,Baptiste,Chidi,2023-04-18,M,chidi.baptiste@example.com,United Healthcare,92445431,2024-05-17,2024-08-14,NKDA,900-99-1594,I10
206034,Moreau,Mateo,9/6/93,M,mateo.moreau@example.org,United Healthcare,94106395,2025-06-12,,NKDA,900-83-1570,J45.909
206035,Whitfield,Mateo,1958-01-11,M,mateo.whitfield@example.com,Aetna,W4859024,2026-06-18,,,900-73-5509,
206036,Moreau,Anya,1952-10-25,F,anya.moreau@example.org,UHC,91128948,2026-05-30,2027-08-31,Shellfish,900-30-2309,E11.9; I10; J45.909
206037,Bergstrom,Ruben,1987-05-17,M,ruben.bergstrom@example.com,Blue Cross Blue Shield of Texas,ZGP4020509,2024-08-29,,,,
206038,Nguyen,Margot,1957-03-16,F,margot.nguyen@mail.example.net,Aetna,W2930021,2026-02-09,,Latex,900-63-2223,E11.9; I10
206039,Moreau,Ruben,1971-04-10,MALE,ruben.moreau@mail.example.net,Cigna,U7698687,2025-07-09,2026-09-04,Contrast dye; Latex,900-21-1619,
206040,Thorne,Kwame,1939-09-07,M,kwame.thorne@example.com,Aetna,W9286180,2024-02-25,2025-02-08,Penicillin; Sulfa drugs,900-27-8355,E11.9; I10
206041,Kowalski,Adriana,1955-11-09,f,adriana.kowalski@example.com,Cigna,U2305668,2026-03-16,2027-02-02,NKDA,900-38-6196,J45.909
206042,Aguilar,Luz,12/13/73,Non-binary,luz.aguilar@example.com,Blue Cross Blue Shield of Texas,ZGP6689754,2023-03-12,,NSAIDs; Peanuts,900-70-4734,I10; J45.909
206043,Ridley,Cordelia,2003-04-20,F,cordelia.ridley@example.com,Aetna,W8605921,2024-12-01,,,900-56-9517,
206044,Whitfield,Vera,1970-12-04,Female,,UHC,96430226,2024-08-17,,Penicillin; Peanuts; Latex,900-89-9885,E11.9
206045,Achebe,Ximena,2009-08-18,f,ximena.achebe@example.com,United Healthcare,98488586,2026-04-11,,,,E11.9; I10
206046,Novotny,Anya,1964-03-11,F,anya.novotny@example.com,BCBS TX,ZGP3054476,2024-10-10,,Shellfish,900-13-3642,E11.9
206047,Baptiste,Femi,1988-11-17,M,femi.baptiste@mail.example.net,Humana,H8349783,2024-11-07,2026-07-12,NKDA,900-61-1891,J45.909
206048,Nguyen,Beatriz,1956-08-21,Female,beatriz.nguyen@mail.example.net,Blue Cross Blue Shield of Texas,ZGP9886803,2025-05-02,2027-03-06,,900-91-4462,
206049,Lindqvist,Alden,1972-11-20,MALE,alden.lindqvist@example.com,Humana,H6714224,2025-07-29,,,,
206050,Moreau,Emile,1964-11-09,MALE,,Humana,H2411219,2023-04-08,,Sulfa drugs; NSAIDs,900-28-1242,I10; J45.909
206051,Nguyen,Haruki,1957-08-18,M,haruki.nguyen@example.com,Cigna,U5396404,2025-07-20,,Peanuts; Shellfish,900-10-3229,I10
206052,Yamada,Luz,1984-03-17,F,luz.yamada@example.com,Medicare,1EG43386724,2024-12-25,,,900-56-5145,J45.909
206053,Moreau,Camila,1945-08-17,F,camila.moreau@example.com,AETNA,W9072888,2023-11-27,,,900-94-2721,E11.9; I10
206054,Mbeki,Rosa,2007-07-14,F,rosa.mbeki@example.org,Humana,H1542918,2024-12-17,2025-04-28,NKDA,900-40-6611,J45.909
206055,Yamada,Femi,2016-11-24,M,femi.yamada@example.com,Aetna,W7494276,2024-03-30,,,,I10
206056,Moreau,Everett,11/11/19,M,everett.moreau@example.org,Humana,H7152519,2025-10-22,,Penicillin,900-55-8877,I10
206057,Halvorsen,Wendell,1965-04-18,M,wendell.halvorsen@example.com,Self Pay,,,,"Latex, Penicillin",,E11.9; I10; J45.909
206058,Delacroix,Emile,2020-11-07,m,emile.delacroix@example.org,Aetna,W4175293,2023-10-17,,Peanuts; Shellfish,900-27-2622,E11.9
206059,Yamada,Beatriz,1958-03-23,F,beatriz.yamada@example.org,United Healthcare,93701799,2025-01-23,,,900-72-9406,E11.9; I10
206060,Castellanos,Naledi,1934-07-02,F,naledi.castellanos@example.com,United Healthcare,92619206,2024-05-27,2022-08-12,Sulfa drugs; NSAIDs,900-39-6678,
206061,Baptiste,Bjorn,11/29/73,MALE,bjorn.baptiste@example.com,Blue Cross Blue Shield of Texas,ZGP1842604,2025-07-17,,Penicillin,900-62-1400,J45.909
206062,Whitfield,Haruki,2005-02-07,MALE,haruki.whitfield@example.com,Humana,H3566963,2024-10-03,,NKDA,900-77-5546,E11.9
206063,Ramirez,Kwame,2/26/15,M,,BCBS TX,ZGP9733591,2024-11-14,,NSAIDs; Peanuts,900-41-7780,J45.909
206064,Bergstrom,Beatriz,2015-06-20,Female,beatriz.bergstrom@example.com,Humana,H1324703,2026-02-25,,NKDA,900-38-2062,
206065,Thorne,Giulia,2004-08-19,F,giulia.thorne@example.com,BCBS TX,ZGP3399851,2024-10-07,,NKDA,900-30-5081,E11.9
206066,Hollis,Thanh,7/18/56,F,thanh.hollis@,BCBS TX,ZGP2268522,2023-08-29,,,900-24-4139,
206067,Fitzgerald,Emile,1942-09-27,MALE,emile.fitzgerald@example.com,Blue Cross Blue Shield of Texas,ZGP8069934,2026-03-02,,NSAIDs; Peanuts,900-52-6546,I10
206068,Ferreira,Wendell,1995-04-12,M,wendell.ferreira@example.org,Blue Cross Blue Shield of Texas,ZGP2640786,2024-12-20,,Latex,900-15-6140,
206069,Ridley,Piotr,1934-09-06,U,piotr.ridley@mail.example.net,BCBS TX,ZGP6157771,2025-01-25,,NKDA,900-98-8425,E11.9
206070,Moreau,Adriana,2012-11-11,F,adriana.moreau@mail.example.net,Cigna,U8762884,2024-09-18,2024-04-02,Sulfa drugs; NSAIDs,,
206071,Whitfield,Cordelia,1982-02-19,f,cordelia.whitfield@example.com,BCBS TX,ZGP8161852,2023-02-25,2021-05-14,,900-30-6481,E11.9; I10
206072,Novotny,Vera,2005-10-11,F,vera.novotny@mail.example.net,Cigna,U6752523,2026-01-26,,"Latex, Penicillin",900-91-3134,
206073,Baptiste,Naledi,1982-09-26,F,naledi.baptiste@,Medicare,1EG42918743,2024-09-09,2025-10-01,NKDA,900-80-1123,I10
206074,Mbeki,Luz,1989-05-18,F,luz.mbeki@example.com,Blue Cross Blue Shield of Texas,ZGP3448061,2023-10-11,,Latex,900-85-1198,E11.9
206075,Petrov,Ruben,1958-12-29,M,ruben.petrov@example.com,Humana,H6653278,2023-10-29,,NSAIDs; Peanuts,900-16-1599,I10
206076,Moreau,Vera,2017-04-13,Female,,Self Pay,,,,,900-74-9445,E11.9; I10; J45.909
206077,Kowalski,Adriana,1998-09-24,Female,adriana.kowalski@example.com,Aetna,W4253147,2024-05-15,2025-03-31,NKDA,900-64-1509,I10
206078,Osei,Alden,1999-03-02,M,alden.osei@example.com,Aetna,W5105814,2023-09-08,,,900-57-9681,I10
206079,Moreau,Ruben,1944-12-13,M,ruben.moreau@example.com,Blue Cross Blue Shield of Texas,ZGP5870341,2023-02-01,,Penicillin; Sulfa drugs,900-60-3724,
206080,Petrov,Giulia,1936-02-22,F,giulia.petrov@mail.example.net,BCBS TX,ZGP5558803,2023-12-16,,NKDA,900-64-8021,J45.909
206081,Aguilar,Emile,1977-12-20,m,,Blue Cross Blue Shield of Texas,ZGP7581038,2026-06-05,,,900-99-4233,
206082,Petrov,Julien,1940-04-16,M,julien.petrov@example.com,Humana,H4248102,2024-12-02,,NSAIDs; Peanuts,900-90-3129,
206083,Whitfield,Emile,2015-09-17,M,emile.whitfield@example.com,Medicare,1EG46868956,2023-03-14,,Shellfish,900-89-3483,I10
206084,Kowalski,Nora,1934-09-26,F,nora.kowalski@example.com,United Healthcare,94904246,2024-06-21,,Contrast dye; Latex,,
206085,Whitfield,Thanh,1983-03-14,F,thanh.whitfield@example.org,Aetna,W7109558,2024-11-05,,PCN,,
206086,Vasquez,Emile,2002-11-01,M,emile.vasquez@example.org,Blue Cross Blue Shield of Texas,ZGP3089998,2023-11-30,2026-01-12,,,
206087,Moreau,Ruben,2012-11-25,m,,Blue Cross Blue Shield of Texas,ZGP9630314,2023-06-27,,Latex,900-61-7044,I10
206088,Fitzgerald,Vera,1939-10-07,F,vera.fitzgerald@example.com,United Healthcare,98554616,2025-01-27,,,900-22-3914,E11.9; I10
206089,Alvarez,Cordelia,1954-12-22,F,cordelia.alvarez@example.org,Aetna,W1780265,2025-01-23,,,900-99-9284,
206090,Castellanos,Camila,1945-05-08,F,camila.castellanos@example.com,Blue Cross Blue Shield of Texas,ZGP4766149,2025-04-18,,,900-81-9753,
206091,Achebe,Margot,1997-07-12,F,margot.achebe@example.com,United Healthcare,95906631,2025-10-03,,,,I10
206092,Lindqvist,Kwame,9/25/57,M,kwame.lindqvist@mail.example.net,Medicare,1EG47634392,2023-09-06,,,900-69-4769,E11.9
206093,Kowalski,Alden,1986-12-27,M,alden.kowalski@mail.example.net,Blue Cross Blue Shield of Texas,ZGP7438982,2023-01-13,,Latex,900-40-9349,I10
206094,Marchetti,Nora,1936-08-19,F,nora.marchetti@,Self Pay,,,,,900-46-6837,
206095,Delacroix,Luz,2001-11-03,F,,AETNA,W4962136,2024-02-14,,Shellfish,900-16-5019,
206096,Thorne,Julien,2015-03-06,m,julien.thorne@example.com,Medicare,1EG41123404,2025-03-26,,Shellfish,900-68-5046,E11.9
206097,Aguilar,Haruki,1955-01-01,M,haruki.aguilar@mail.example.net,United Healthcare,97244149,2025-10-31,2026-04-17,Shellfish,900-88-3598,E11.9
206098,Moreau,Chidi,1947-06-29,M,chidi.moreau@example.com,UHC,96387138,2024-02-29,,Penicillin; Sulfa drugs,900-65-5681,I10
206099,Novotny,Alden,7/22/20,M,,Medicare,1EG43411757,2025-08-23,,Penicillin; Sulfa drugs,900-94-7265,E11.9; I10; J45.909
206100,Kowalski,Vera,1986-08-21,F,vera.kowalski@mail.example.net,Humana,H6625460,2024-04-23,,Penicillin; Peanuts; Latex,900-47-9124,
206101,Lindqvist,Anya,2017-06-21,F,anya.lindqvist@example.com,Blue Cross Blue Shield of Texas,ZGP1351218,2023-11-14,,Latex,900-99-3296,I10
206102,Ramirez,Nora,1934-05-16,F,nora.ramirez@example.com,AETNA,W1150722,2025-02-26,,NKDA,900-16-8434,I10
206103,Castellanos,Mateo,2001-08-03,M,mateo.castellanos@example.com,Medicare,1EG44372437,2026-03-17,,Peanuts; Shellfish,,E11.9; I10
206104,Halvorsen,Ruben,1988-08-17,M,ruben.halvorsen@example.org,Medicare,1EG45595272,2023-03-20,,Penicillin; Peanuts; Latex,900-41-4683,E11.9; I10
206105,Delacroix,Beatriz,2003-02-07,F,beatriz.delacroix@example.com,BCBS TX,ZGP1926701,2026-03-28,,Penicillin; Peanuts; Latex,900-35-7939,I10
206106,Petrov,Naledi,1991-07-01,F,,Self Pay,,,,Penicillin,900-22-4771,
206107,Nguyen,Giulia,1931-05-24,F,giulia.nguyen@example.com,BCBS TX,ZGP9888850,2023-03-09,,NKDA,900-64-1514,E11.9; I10
206108,Ramirez,Cordelia,1994-10-03,F,,United Healthcare,91207197,2024-10-06,,,900-56-4620,
206109,Escobar,Anya,1969-01-20,F,,UHC,99022811,2024-04-11,,PCN,900-80-5993,I10; J45.909
206110,Aguilar,Margot,1967-12-17,F,margot.aguilar@example.com,Blue Cross Blue Shield of Texas,ZGP4887128,2025-01-04,,NKDA,900-82-2071,I10
206111,Ramirez,Elsa,1951-02-24,F,elsa.ramirez@example.org,Cigna,U9473792,2025-04-26,,,900-77-5306,
206112,Nguyen,Beatriz,1932-11-12,F,,Aetna,W5340965,2026-01-27,,NKDA,900-27-5779,
206113,Ridley,Mateo,1997-10-27,M,,Self Pay,,,,Penicillin; Sulfa drugs,900-72-3829,I10
206114,Lindqvist,Nora,6/1/98,f,nora.lindqvist@mail.example.net,Cigna,U9716219,2025-08-02,,PCN,900-56-5990,J45.909
206115,Thorne,Chidi,1993-09-28,M,chidi.thorne@example.com,BCBS TX,ZGP6817655,2025-12-25,2028-03-23,,900-53-3637,E11.9; I10; J45.909
206116,Achebe,Kwame,1999-03-22,m,kwame.achebe@mail.example.net,BCBS TX,ZGP6769332,2023-02-09,,NKDA,900-52-7658,I10
206117,Aguilar,Ines,2000-04-18,F,ines.aguilar@mail.example.net,Medicare,1EG42692802,2023-04-02,,Peanuts; Shellfish,,J45.909
206118,Yamada,Margot,2004-12-04,F,margot.yamada@example.org,UHC,91622419,2023-03-29,,"Latex, Penicillin",900-28-5679,I10
206119,Thorne,Rosa,1966-09-10,F,rosa.thorne@mail.example.net,AETNA,W6519500,2023-02-17,,NKDA,900-66-4247,
206120,Sandoval,Adriana,2010-09-15,Female,adriana.sandoval@example.org,Medicare,1EG43825275,2026-05-29,,Penicillin,900-51-3815,I10
206121,Ionescu,Margot,1997-03-27,F,margot.ionescu@mail.example.net,UHC,97998813,2024-03-01,2021-12-28,Latex,900-54-5681,
206122,Hollis,Wendell,2007-05-14,M,wendell.hollis@example.org,Cigna,U7386468,2024-11-29,,Penicillin; Sulfa drugs,900-43-8020,E11.9
206123,Castellanos,Rosa,2006-08-23,F,rosa.castellanos@mail.example.net,Aetna,W1586935,2025-05-03,,PCN,,E11.9; I10; J45.909
206124,Delacroix,Everett,2022-03-29,M,,AETNA,W4321188,2025-07-05,,,900-97-6361,E11.9
206125,Alvarez,Margot,1986-05-10,F,margot.alvarez@mail.example.net,Aetna,W3150806,2023-04-23,,,900-43-4974,E11.9
206126,Sandoval,Alden,1961-12-19,MALE,alden.sandoval@example.com,United Healthcare,94266829,2025-11-06,,,900-48-1210,E11.9; I10
206127,Sandoval,Camila,2012-09-15,F,camila.sandoval@example.com,Cigna,U4866558,2025-04-12,,,900-22-3310,I10
206128,Ridley,Giulia,2022-09-23,F,,Blue Cross Blue Shield of Texas,ZGP6260898,2024-02-05,,Peanuts; Shellfish,900-77-9854,J45.909
206129,Petrov,Haruki,1958-03-20,M,haruki.petrov@example.org,Aetna,W5514699,2024-07-06,,,900-91-5698,E11.9
206130,Kowalski,Luz,1935-08-26,F,luz.kowalski@example.com,Cigna,U6260718,2023-05-17,,Penicillin,900-57-4529,I10
206131,Okafor,Ines,1946-06-08,Female,ines.okafor@example.org,Cigna,U5204982,2026-01-01,,,900-20-6486,I10; J45.909
206132,Kowalski,Emile,6/21/12,M,,Medicare,1EG41036231,2025-07-26,,Penicillin,900-45-6991,
206133,Petrov,Anya,2023-02-10,F,anya.petrov@mail.example.net,Humana,H5117791,2024-09-20,,,900-58-5308,
206134,Halvorsen,Naledi,9/25/06,F,naledi.halvorsen@example.com,Humana,H8003361,2026-06-07,,NKDA,900-45-3076,E11.9; I10
206135,Bergstrom,Kwame,2013-07-11,M,kwame.bergstrom@mail.example.net,AETNA,W8372644,2025-08-24,,,900-81-4503,E11.9; I10
206136,Ridley,Haruki,1973-05-14,M,haruki.ridley@example.com,Aetna,W9618955,2023-08-24,,Peanuts; Shellfish,,I10
206137,Ramirez,Nora,1998-12-09,Female,nora.ramirez@example.com,Humana,H5626503,2023-08-07,,PCN,900-84-2037,I10
206138,Whitfield,Ines,10/18/68,Female,ines.whitfield@example.com,Blue Cross Blue Shield of Texas,ZGP4572246,2025-05-06,,,900-87-2712,E11.9
206139,Ramirez,Everett,2006-09-27,M,everett.ramirez@example.com,Cigna,U8839135,2026-06-09,,Penicillin; Peanuts; Latex,900-95-2120,I10
206140,Nguyen,Femi,1950-01-15,M,femi.nguyen@example.com,Blue Cross Blue Shield of Texas,ZGP3972399,2023-05-12,,,,E11.9
206141,Petrov,Everett,1946-03-14,M,everett.petrov@example.com,United Healthcare,91178605,2023-07-27,,Penicillin,900-83-1447,I10
206142,Halvorsen,Wendell,2020-11-28,U,wendell.halvorsen@example.com,Cigna,U2791305,2026-01-09,,Penicillin; Sulfa drugs,900-86-2385,I10
206143,Thorne,Nora,1946-09-05,F,,Humana,H5005077,2023-08-26,2024-01-16,Latex,900-79-8222,
206144,Vasquez,Haruki,1943-12-12,M,haruki.vasquez@mail.example.net,Blue Cross Blue Shield of Texas,ZGP5993266,2025-05-28,,Penicillin; Sulfa drugs,900-44-5913,E11.9
206145,Mbeki,Ines,1980-05-11,F,,Cigna,U6207157,2023-06-04,,,900-39-3611,I10; J45.909
206146,Fitzgerald,Bjorn,1990-08-16,M,bjorn.fitzgerald@mail.example.net,Blue Cross Blue Shield of Texas,ZGP9110856,2025-07-01,,,900-12-7822,E11.9
206147,Lindqvist,Ximena,1964-05-27,F,ximena.lindqvist@mail.example.net,Cigna,U4079869,2025-04-17,,,900-38-9152,I10
206148,Sandoval,Luz,1989-12-06,Female,,BCBS TX,ZGP8757685,2024-01-03,,,900-59-1423,J45.909
206149,Kowalski,Vera,1997-01-25,Female,vera.kowalski@example.com,Humana,H9896517,2025-08-17,,PCN,900-98-7291,
206150,Castellanos,Piotr,1940-02-22,M,piotr.castellanos@example.com,Humana,H8653380,2024-05-14,,Shellfish,,E11.9; I10; J45.909
206151,Marchetti,Luz,1990-12-05,F,luz.marchetti@mail.example.net,BCBS TX,ZGP1285096,2023-01-23,,,900-86-3766,
206152,Mbeki,Piotr,1981-12-19,MALE,,Cigna,U3376994,2023-01-12,2023-06-10,,900-64-5007,I10
206153,Sandoval,Luz,1956-12-22,Female,luz.sandoval@example.com,Medicare,1EG41083390,2025-06-08,,Peanuts; Shellfish,,
206154,Yamada,Mateo,1974-08-05,M,,BCBS TX,ZGP1680536,2024-07-14,,,900-88-7617,E11.9
206155,Whitfield,Everett,1990-07-09,M,everett.whitfield@example.org,Medicare,1EG46420946,2023-05-05,,,900-72-1809,
206156,Baptiste,Anya,2017-06-18,F,,Medicare,1EG49382289,2025-02-07,2026-12-16,PCN,900-28-2248,
206157,Delacroix,Margot,1958-07-07,F,margot.delacroix@example.com,BCBS TX,ZGP1973466,2025-09-19,2026-11-11,Penicillin; Peanuts; Latex,900-50-5719,E11.9
206158,Mbeki,Kwame,1972-02-28,M,,Self Pay,,,,Shellfish,900-85-1478,J45.909
206159,Ridley,Femi,1977-05-27,M,,United Healthcare,96939045,2025-01-05,,,,J45.909
206160,Mbeki,Haruki,2006-07-29,MALE,haruki.mbeki@example.com,Self Pay,,,,"Latex, Penicillin",900-67-9346,
206161,Ridley,Thanh,1983-05-19,F,thanh.ridley@mail.example.net,Self Pay,,,,Penicillin; Sulfa drugs,900-27-9911,I10
206162,Moreau,Camila,2020-09-05,F,,Aetna,W4491443,2025-05-26,,Latex,900-11-1712,J45.909
206163,Thorne,Naledi,2016-04-16,F,naledi.thorne@mail.example.net,Medicare,1EG43789508,2024-04-29,,Penicillin,900-16-2296,E11.9; I10
206164,Nguyen,Ximena,2017-09-27,,ximena.nguyen@example.org,Cigna,U8319969,2023-04-05,,Penicillin,900-54-7016,E11.9
206165,Marchetti,Haruki,1955-05-16,M,haruki.marchetti@example.org,Medicare,1EG45447144,2025-07-29,,Peanuts; Shellfish,900-70-3330,
206166,Nguyen,Camila,1947-05-13,F,,AETNA,W2186500,2026-06-18,,Penicillin; Sulfa drugs,900-26-6603,E11.9; I10
206167,Aguilar,Margot,1985-02-13,F,margot.aguilar@mail.example.net,Cigna,U5310543,2024-05-02,,Sulfa drugs; NSAIDs,900-99-1223,
206168,Marchetti,Giulia,2001-07-04,f,giulia.marchetti@example.com,Self Pay,,,,NKDA,900-28-2407,I10
206169,Vasquez,Haruki,2021-03-26,MALE,,UHC,98596278,2024-10-09,2025-04-05,Sulfa drugs; NSAIDs,900-42-8882,
206170,Lindqvist,Adriana,2015-01-23,f,adriana.lindqvist@example.com,United Healthcare,95696684,2025-09-10,,Penicillin; Sulfa drugs,900-59-9287,J45.909
206171,Ionescu,Julien,2005-07-20,M,julien.ionescu@example.com,Aetna,W5991798,2025-11-18,,Penicillin,900-49-7487,E11.9; I10
206172,Baptiste,Haruki,1952-01-02,M,haruki.baptiste@example.com,Cigna,U9625490,2025-04-16,,,900-79-9574,I10
206173,Yamada,Rosa,2021-11-02,F,rosa.yamada@example.com,Blue Cross Blue Shield of Texas,ZGP2849318,2023-12-31,,Contrast dye; Latex,900-89-1225,
206174,Baptiste,Julien,1970-08-04,M,julien.baptiste@example.com,Aetna,W6205824,2024-08-15,,Sulfa drugs; NSAIDs,900-14-6841,E11.9
206175,Ionescu,Julien,2005-10-15,M,julien.ionescu@example.com,Medicare,1EG48828172,2025-10-29,,Penicillin; Sulfa drugs,900-87-8605,E11.9
206176,Alvarez,Piotr,1993-05-15,M,,AETNA,W8440891,2023-02-05,2024-01-03,NKDA,900-39-6341,E11.9; I10
206177,Vasquez,Bjorn,1967-07-29,M,bjorn.vasquez@example.com,Cigna,U8256582,2023-02-08,,Sulfa drugs; NSAIDs,900-27-5950,
206178,Baptiste,Piotr,9/28/40,M,piotr.baptiste@example.com,Medicare,1EG43454493,2023-10-05,2024-07-15,Latex,900-14-9566,
206179,Osei,Elsa,1934-06-23,F,,Medicare,1EG45104739,2026-04-25,,Contrast dye; Latex,900-42-6574,I10; J45.909
206180,Petrov,Nora,2016-08-02,F,nora.petrov@mail.example.net,Cigna,U9396898,2025-05-26,,,900-54-7402,E11.9
206181,Osei,Haruki,1985-03-06,M,haruki.osei@mail.example.net,Self Pay,,,,Contrast dye; Latex,900-14-7623,I10; J45.909
206182,Okafor,Everett,1949-11-23,M,everett.okafor@example.com,BCBS TX,ZGP4711508,2025-11-24,,NKDA,900-37-4155,
206183,Hollis,Nora,12/6/96,F,nora.hollis@example.org,United Healthcare,98098458,2024-05-01,2025-05-19,Penicillin; Peanuts; Latex,,E11.9
206184,Achebe,Cordelia,3/31/23,F,cordelia.achebe@mail.example.net,Cigna,U5041910,2023-10-01,,Penicillin; Sulfa drugs,900-64-7507,
206185,Castellanos,Margot,1943-02-26,F,,Blue Cross Blue Shield of Texas,ZGP3341998,2025-02-17,,PCN,900-61-2721,
206186,Castellanos,Alden,1969-12-10,M,alden.castellanos@example.com,Blue Cross Blue Shield of Texas,ZGP9801828,2025-06-20,,NKDA,,
206187,Lindqvist,Chidi,1959-12-24,m,chidi.lindqvist@example.com,Blue Cross Blue Shield of Texas,ZGP1608760,2024-11-13,,Penicillin,900-35-7654,
206188,Baptiste,Nora,1990-09-28,F,,Blue Cross Blue Shield of Texas,ZGP4678191,2025-09-07,,NKDA,900-77-5192,I10; J45.909
206189,Baptiste,Luz,1987-02-18,F,luz.baptiste@example.org,AETNA,W9651419,2025-11-22,,Penicillin,,E11.9; I10; J45.909
206190,Vasquez,Everett,1941-02-12,M,,Medicare,1EG44729573,2023-02-16,,Sulfa drugs; NSAIDs,900-99-4709,I10
206191,Delacroix,Anya,1937-03-25,F,anya.delacroix@example.com,BCBS TX,ZGP5865014,2024-06-11,,Penicillin,900-91-6040,I10
206192,Yamada,Naledi,2023-12-22,F,naledi.yamada@example.com,Blue Cross Blue Shield of Texas,ZGP3397266,2026-03-05,,PCN,,E11.9
206193,Lindqvist,Ruben,2018-08-19,M,ruben.lindqvist@mail.example.net,Blue Cross Blue Shield of Texas,ZGP6350807,2024-07-06,,NKDA,900-46-4768,E11.9
206194,Okafor,Everett,3/19/60,M,everett.okafor@mail.example.net,Humana,H6611021,2025-02-17,2026-01-03,,900-84-7490,E11.9; I10
206195,Achebe,Ines,1991-03-19,F,ines.achebe@mail.example.net,Blue Cross Blue Shield of Texas,ZGP7893524,2025-05-14,,Contrast dye; Latex,900-20-9025,E11.9; I10
206196,Achebe,Everett,1976-12-20,M,,Cigna,U9433408,2023-03-13,,NKDA,900-54-8408,
206197,Osei,Ximena,1959-10-06,Female,ximena.osei@example.org,Aetna,W6394558,2023-11-24,,,900-98-6892,
206198,Achebe,Beatriz,1936-01-26,F,beatriz.achebe@example.com,BCBS TX,ZGP5556764,2023-02-11,,Latex,900-78-2189,
206199,Sandoval,Thanh,2015-11-07,F,thanh.sandoval@example.com,Humana,H1390237,2024-07-06,2025-07-01,NKDA,,E11.9; I10; J45.909
206200,Halvorsen,Piotr,1964-04-27,m,piotr.halvorsen@mail.example.net,Aetna,W7652707,2025-07-14,,"Latex, Penicillin",900-14-3013,E11.9; I10
206201,Whitfield,Nora,1965-05-29,F,nora.whitfield@mail.example.net,United Healthcare,97126110,2023-07-19,,NKDA,,E11.9
206202,Halvorsen,Luz,1972-01-10,F,luz.halvorsen@mail.example.net,Cigna,U2393643,2025-10-05,,Penicillin,900-10-8108,E11.9; I10; J45.909
206203,Delacroix,Luz,1964-09-07,U,luz.delacroix@example.com,United Healthcare,93587179,2023-01-07,,Penicillin; Sulfa drugs,900-98-3197,E11.9; I10
206204,Sandoval,Haruki,1967-05-14,MALE,haruki.sandoval@example.com,BCBS TX,ZGP2191900,2025-07-26,,,900-75-5577,E11.9; I10
206205,Vasquez,Mateo,11/27/92,M,mateo.vasquez@mail.example.net,Cigna,U1993215,2024-12-15,,Contrast dye; Latex,900-57-1661,
206206,Osei,Giulia,1990-08-21,F,giulia.osei@example.com,UHC,93899885,2025-08-13,,Penicillin; Sulfa drugs,900-92-6852,
206207,Ionescu,Ines,1987-11-15,F,ines.ionescu@example.com,BCBS TX,ZGP6645890,2025-08-11,,NKDA,900-39-7434,
206208,Baptiste,Wendell,1938-08-01,m,wendell.baptiste@example.com,UHC,95206274,2026-06-29,,Peanuts; Shellfish,,
206209,Sandoval,Cordelia,1989-03-21,F,cordelia.sandoval@example.com,Blue Cross Blue Shield of Texas,ZGP4691187,2024-03-28,,Penicillin,,
206210,Baptiste,Wendell,1947-12-18,M,wendell.baptiste@example.com,AETNA,W1649675,2025-09-02,,Sulfa drugs; NSAIDs,900-22-1492,J45.909
206211,Thorne,Nora,2021-01-10,F,nora.thorne@mail.example.net,Cigna,U4282464,2023-10-11,,Sulfa drugs; NSAIDs,,E11.9; I10
206212,Kowalski,Emile,2008-08-24,M,emile.kowalski@mail.example.net,Medicare,1EG49641372,2024-06-21,,Penicillin,900-22-1021,
206213,Lindqvist,Ximena,9/10/96,F,ximena.lindqvist@example.org,UHC,97363812,2025-12-21,,,900-80-3550,
206214,Fitzgerald,Kwame,2012-09-07,MALE,kwame.fitzgerald@mail.example.net,Humana,H6516796,2026-05-06,,NKDA,900-31-2700,I10; J45.909
206215,Bergstrom,Nora,5/14/77,Female,nora.bergstrom@example.com,BCBS TX,ZGP8621451,2023-11-18,,NKDA,900-93-9977,I10
206216,Nguyen,Luz,1941-06-11,F,luz.nguyen@example.com,Aetna,W4114929,2025-12-01,,Penicillin,900-30-6676,I10
206217,Nguyen,Sigrid,1961-02-14,F,sigrid.nguyen@example.com,UHC,95862691,2025-08-27,,,900-12-2457,E11.9
206218,Fitzgerald,Vera,2003-10-08,F,vera.fitzgerald@example.com,AETNA,W7042653,2023-08-21,2025-02-04,Penicillin,900-67-2740,I10
206219,Marchetti,Chidi,3/25/06,M,chidi.marchetti@example.com,United Healthcare,96934253,2025-12-10,,Penicillin,900-25-1704,E11.9
206220,Lindqvist,Thanh,2007-10-06,F,,Cigna,U6203672,2025-02-03,,NKDA,900-89-7241,J45.909
206221,Novotny,Bjorn,2011-11-20,U,bjorn.novotny@example.com,UHC,95428054,2023-05-21,,Penicillin; Sulfa drugs,900-51-7888,
206222,Ridley,Rosa,1973-12-04,f,,Humana,H4269646,2026-06-18,,Sulfa drugs; NSAIDs,900-60-4411,
206223,Moreau,Ruben,1972-09-13,M,,United Healthcare,95574868,2024-02-17,,,900-86-1465,
206224,Ionescu,Rosa,1943-05-18,F,rosa.ionescu@example.com,United Healthcare,92148881,2025-12-28,,,900-36-5408,E11.9; I10
206225,Escobar,Kwame,3/1/19,M,kwame.escobar@mail.example.net,Cigna,U3857923,2023-02-27,,NKDA,900-98-3549,I10; J45.909
206226,Vasquez,Bjorn,1981-04-01,M,,Medicare,1EG44742290,2026-03-15,,Penicillin,900-61-9958,E11.9; I10; J45.909
206227,Marchetti,Ximena,1995-09-28,f,ximena.marchetti@example.com,Aetna,W6492584,2024-03-22,2026-03-12,Sulfa drugs; NSAIDs,900-55-2547,E11.9; I10
206228,Lindqvist,Haruki,1951-10-19,MALE,haruki.lindqvist@example.org,AETNA,W9384134,2025-08-26,,Sulfa drugs; NSAIDs,900-32-4978,
206229,Marchetti,Vera,5/13/69,F,vera.marchetti@mail.example.net,United Healthcare,96040417,2026-04-22,,NKDA,900-69-3377,
206230,Novotny,Chidi,1954-02-09,M,chidi.novotny@mail.example.net,Blue Cross Blue Shield of Texas,ZGP3901799,2024-03-31,,NKDA,900-44-3135,
206231,Bergstrom,Haruki,1944-12-02,MALE,haruki.bergstrom@example.com,AETNA,W8211108,2026-01-28,,,900-59-2366,
206232,Ionescu,Alden,1988-07-11,M,,Self Pay,,,,NSAIDs; Peanuts,900-40-4548,J45.909
206233,Escobar,Bjorn,1944-10-01,M,,Cigna,U2871711,2026-01-04,,Latex,900-53-7112,J45.909
206234,Delacroix,Anya,2002-08-25,F,anya.delacroix@example.com,Humana,H4772391,2024-05-31,,Shellfish,900-94-7960,
206235,Ramirez,Adriana,1/22/53,F,adriana.ramirez@example.com,UHC,96776527,2024-09-03,2025-03-14,,900-50-6514,E11.9
206236,Aguilar,Wendell,1983-04-11,M,,United Healthcare,95529520,2025-11-20,,,900-12-7375,
206237,Bergstrom,Vera,1955-03-19,F,vera.bergstrom@example.org,UHC,93863243,2024-02-11,,Peanuts; Shellfish,900-48-2714,E11.9; I10
206238,Alvarez,Vera,2/17/32,F,vera.alvarez@example.com,Humana,H6608539,2024-03-04,,Penicillin; Sulfa drugs,900-32-1304,E11.9; I10
206239,Whitfield,Piotr,7/12/90,M,,BCBS TX,ZGP2645485,2026-04-21,2026-11-30,NKDA,900-64-7701,I10
206240,Petrov,Beatriz,7/24/85,F,beatriz.petrov@example.com,BCBS TX,ZGP3394687,2025-05-17,,Penicillin; Sulfa drugs,900-18-6996,
206241,Marchetti,Sigrid,1966-12-02,F,sigrid.marchetti@mail.example.net,Cigna,U8698103,2023-09-20,2025-11-27,Sulfa drugs; NSAIDs,900-51-2469,
206242,Escobar,Adriana,2012-01-10,F,adriana.escobar@example.com,UHC,96244709,2024-04-13,,NKDA,900-30-4393,I10
206243,Alvarez,Sigrid,1960-11-01,F,sigrid.alvarez@example.org,BCBS TX,ZGP5906847,2024-12-17,,,900-41-2719,I10; J45.909
206244,Mbeki,Wendell,1939-08-18,M,wendell.mbeki@example.org,United Healthcare,93182111,2023-06-07,,"Latex, Penicillin",900-97-1534,I10
206245,Lindqvist,Camila,1978-10-22,Female,camila.lindqvist@,Medicare,1EG47509520,2023-06-06,,Penicillin,900-20-6050,I10; J45.909
206246,Baptiste,Luz,1998-04-05,F,luz.baptiste@mail.example.net,Medicare,1EG49377805,2023-12-02,,NKDA,900-41-2746,I10
206247,Whitfield,Nora,2003-11-02,F,nora.whitfield@example.com,Cigna,U8114743,2026-06-23,2026-12-16,Peanuts; Shellfish,900-39-7043,
206248,Thorne,Ximena,1949-03-23,F,,Humana,H1735232,2025-10-22,,NKDA,900-90-5058,J45.909
206249,Ramirez,Wendell,1988-01-09,M,wendell.ramirez@example.com,Medicare,1EG46943899,2024-09-29,,,900-66-3624,I10
206250,Halvorsen,Cordelia,1989-06-01,Female,cordelia.halvorsen@example.com,Humana,H9689095,2023-03-12,,Penicillin,900-27-2845,
206251,Fitzgerald,Kwame,1983-03-09,M,kwame.fitzgerald@example.com,Aetna,W6081756,2026-05-15,2025-02-24,NSAIDs; Peanuts,900-35-7041,E11.9; I10; J45.909
206252,Bergstrom,Margot,1997-12-10,F,margot.bergstrom@example.com,Blue Cross Blue Shield of Texas,ZGP3933930,2026-04-11,,Sulfa drugs; NSAIDs,900-22-5092,
206253,Castellanos,Emile,1977-10-01,M,emile.castellanos@mail.example.net,Medicare,1EG41514494,2023-11-13,,"Latex, Penicillin",900-78-8833,I10; J45.909
206254,Okafor,Margot,2020-06-26,F,margot.okafor@example.com,Medicare,1EG42010472,2025-01-14,,,900-90-5412,E11.9; I10; J45.909
206255,Baptiste,Piotr,9/19/92,M,piotr.baptiste@example.com,Aetna,W7034638,2023-08-16,,Penicillin; Sulfa drugs,900-61-7121,
206256,Sandoval,Margot,1944-04-09,F,margot.sandoval@example.com,United Healthcare,99707189,2024-10-05,,Contrast dye; Latex,900-36-7963,E11.9; I10; J45.909
206257,Fitzgerald,Bjorn,1957-01-12,M,bjorn.fitzgerald@mail.example.net,Self Pay,,,,,900-50-4515,E11.9
206258,Ramirez,Cordelia,1979-04-22,F,cordelia.ramirez@example.com,Humana,H8848787,2026-05-23,,,900-56-2116,
206259,Marchetti,Kwame,1945-09-25,M,kwame.marchetti@example.com,UHC,97182735,2024-04-28,,,,I10
206260,Novotny,Everett,2015-11-08,Non-binary,everett.novotny@mail.example.net,Blue Cross Blue Shield of Texas,ZGP3336076,2024-09-29,,Penicillin; Sulfa drugs,900-59-7552,
206261,Thorne,Elsa,1950-08-07,F,elsa.thorne@example.com,Cigna,U2052402,2023-12-19,,PCN,,I10
206262,Fitzgerald,Piotr,2013-11-23,M,piotr.fitzgerald@example.com,Blue Cross Blue Shield of Texas,ZGP4549450,2023-08-07,,NKDA,900-26-5929,I10; J45.909
206263,Ramirez,Luz,1951-03-15,F,luz.ramirez@example.com,Self Pay,,,,Sulfa drugs; NSAIDs,900-33-5985,E11.9
206264,Delacroix,Emile,1960-01-26,MALE,,Humana,H8063343,2023-11-28,,PCN,900-10-1629,I10; J45.909
206265,Aguilar,Mateo,2016-07-24,M,mateo.aguilar@example.com,BCBS TX,ZGP1812717,2023-07-12,,Sulfa drugs; NSAIDs,900-48-8919,
206266,Marchetti,Emile,2019-10-12,M,emile.marchetti@example.com,Aetna,W2718727,2024-08-03,,Latex,900-23-4724,
206267,Escobar,Haruki,2007-10-02,M,haruki.escobar@mail.example.net,Self Pay,,,,Penicillin,900-32-9673,E11.9
206268,Escobar,Bjorn,1945-07-23,MALE,bjorn.escobar@example.org,UHC,97507331,2023-06-03,,,900-61-1860,E11.9
206269,Thorne,Adriana,1935-03-14,F,adriana.thorne@mail.example.net,Aetna,W7939378,2026-05-09,,Latex,900-25-8628,
206270,Kowalski,Nora,1959-04-23,,nora.kowalski@mail.example.net,Humana,H4107609,2024-09-10,2025-12-11,Penicillin; Sulfa drugs,900-67-6624,E11.9
206271,Whitfield,Piotr,2001-02-09,m,piotr.whitfield@example.org,Medicare,1EG46466859,2023-09-16,,Latex,,I10; J45.909
206272,Aguilar,Camila,1946-10-29,F,camila.aguilar@example.com,Blue Cross Blue Shield of Texas,ZGP5849783,2023-06-28,,Penicillin,900-87-5667,E11.9; I10; J45.909
206273,Sandoval,Everett,1979-05-12,M,everett.sandoval@mail.example.net,Self Pay,,,,"Latex, Penicillin",900-83-7286,E11.9
206274,Petrov,Naledi,1995-12-08,F,naledi.petrov@example.com,Aetna,W1358810,2025-02-01,,Contrast dye; Latex,900-96-2134,I10; J45.909
206275,Alvarez,Bjorn,1970-12-21,M,,Blue Cross Blue Shield of Texas,ZGP3464695,2024-11-07,,Shellfish,900-60-9055,E11.9; I10
206276,Fitzgerald,Margot,1967-09-18,F,margot.fitzgerald@mail.example.net,Blue Cross Blue Shield of Texas,ZGP3100205,2024-05-27,,Peanuts; Shellfish,900-97-7889,
206277,Delacroix,Beatriz,1979-04-30,F,beatriz.delacroix@example.com,BCBS TX,ZGP5594559,2026-02-13,,Contrast dye; Latex,900-54-5283,
206278,Hollis,Alden,1943-12-02,M,alden.hollis@example.com,Medicare,1EG45253479,2025-10-08,,Contrast dye; Latex,900-42-3587,
206279,Moreau,Rosa,2010-10-03,F,,Humana,H1457131,2023-09-17,2023-10-28,,900-51-1598,E11.9; I10
206280,Novotny,Kwame,1978-10-11,M,kwame.novotny@example.com,Aetna,W8749006,2025-07-03,,Peanuts; Shellfish,,
206281,Sandoval,Ximena,2012-05-10,F,ximena.sandoval@example.com,Cigna,U3466127,2026-01-27,,,900-69-2583,E11.9
206282,Delacroix,Julien,2014-12-20,M,julien.delacroix@mail.example.net,United Healthcare,93365814,2024-09-13,2026-08-19,Penicillin,900-55-4887,E11.9
206283,Marchetti,Giulia,1958-11-09,F,giulia.marchetti@example.com,Self Pay,,,,Peanuts; Shellfish,900-49-3557,E11.9
206284,Ferreira,Margot,1975-01-25,F,margot.ferreira@example.com,Self Pay,,,,Peanuts; Shellfish,900-49-1924,
206285,Bergstrom,Femi,2010-10-04,M,femi.bergstrom@mail.example.net,Blue Cross Blue Shield of Texas,ZGP1906212,2025-02-26,,Contrast dye; Latex,900-94-6390,J45.909
206286,Aguilar,Naledi,1968-07-01,F,naledi.aguilar@example.com,Medicare,1EG44236075,2023-12-10,,Peanuts; Shellfish,900-81-7694,E11.9
206287,Delacroix,Cordelia,1955-09-10,Female,cordelia.delacroix@example.com,Blue Cross Blue Shield of Texas,ZGP6952157,2025-04-06,,Sulfa drugs; NSAIDs,900-59-1183,
206288,Petrov,Bjorn,1961-08-21,M,bjorn.petrov@example.com,BCBS TX,ZGP3968987,2024-11-06,,,,E11.9
206289,Marchetti,Emile,2003-11-10,M,emile.marchetti@example.com,Cigna,U2635973,2023-07-30,,Penicillin,900-87-3649,I10
206290,Ionescu,Anya,1990-04-07,f,,BCBS TX,ZGP7550965,2025-04-29,,,,
206291,Yamada,Adriana,1986-03-13,F,adriana.yamada@example.com,Blue Cross Blue Shield of Texas,ZGP5436437,2023-07-18,2024-12-20,Contrast dye; Latex,900-78-8471,E11.9; I10
206292,Ferreira,Julien,1963-02-05,M,julien.ferreira@example.com,Blue Cross Blue Shield of Texas,ZGP4173042,2026-01-29,,NKDA,900-20-7092,
206293,Bergstrom,Piotr,1969-12-10,M,,Blue Cross Blue Shield of Texas,ZGP5609430,2023-05-17,,NKDA,900-52-8836,I10
206294,Castellanos,Alden,2018-11-05,M,alden.castellanos@example.org,United Healthcare,98284262,2025-07-20,,Penicillin,900-14-3390,J45.909
206295,Ramirez,Camila,1958-09-05,F,camila.ramirez@example.com,AETNA,W6039908,2023-09-26,,Penicillin; Sulfa drugs,,
206296,Yamada,Ines,2015-04-05,f,ines.yamada@example.com,Blue Cross Blue Shield of Texas,ZGP3645886,2023-07-04,,Penicillin; Sulfa drugs,900-74-8122,E11.9; I10
206297,Achebe,Camila,1/23/36,F,camila.achebe@mail.example.net,BCBS TX,ZGP8818654,2026-05-01,,,900-37-2759,I10; J45.909
206298,Sandoval,Chidi,1/31/58,MALE,chidi.sandoval@example.org,Medicare,1EG46748748,2025-07-23,,NKDA,900-28-9118,E11.9; I10
206299,Hollis,Elsa,1957-04-10,Female,elsa.hollis@,Medicare,1EG44873466,2025-01-20,,NKDA,900-21-5480,E11.9; I10; J45.909
206300,Lindqvist,Mateo,2021-10-05,M,mateo.lindqvist@example.com,Medicare,1EG48312527,2023-07-05,,Penicillin; Sulfa drugs,,E11.9
206301,Ferreira,Elsa,7/9/83,F,elsa.ferreira@example.com,United Healthcare,99706958,2026-02-10,,,,E11.9; I10
206302,Alvarez,Everett,1975-03-06,M,everett.alvarez@example.com,Blue Cross Blue Shield of Texas,ZGP8202883,2023-10-19,2026-02-18,NSAIDs; Peanuts,900-92-4866,J45.909
206303,Alvarez,Cordelia,1955-04-02,F,cordelia.alvarez@mail.example.net,Medicare,1EG46440548,2025-04-06,,Penicillin,900-55-6069,E11.9; I10
206304,Baptiste,Mateo,2016-02-12,M,mateo.baptiste@example.com,Blue Cross Blue Shield of Texas,ZGP2855426,2026-05-06,,,900-62-9922,
206305,Yamada,Ruben,2011-12-18,MALE,ruben.yamada@example.com,Humana,H7630527,2023-01-03,,,900-26-3174,J45.909
206306,Sandoval,Emile,2006-07-07,M,emile.sandoval@example.com,Aetna,W3327276,2024-07-25,,,900-21-7475,E11.9
206307,Hollis,Camila,10/12/86,Female,,Aetna,W2920707,2026-05-04,,Penicillin; Sulfa drugs,900-40-1223,E11.9; I10
206308,Bergstrom,Haruki,5/23/12,m,haruki.bergstrom@mail.example.net,Humana,H7829842,2024-05-28,,Shellfish,900-40-3534,E11.9
206309,Yamada,Naledi,2023-11-17,f,,United Healthcare,91060840,2026-01-18,,Penicillin,900-31-7221,E11.9
206310,Vasquez,Beatriz,2020-12-08,F,,UHC,98855197,2023-06-13,,Contrast dye; Latex,900-26-8999,
206311,Fitzgerald,Everett,1954-07-02,M,everett.fitzgerald@example.com,United Healthcare,97527370,2026-02-11,,Penicillin; Peanuts; Latex,900-23-4924,
206312,Kowalski,Femi,1968-12-01,M,femi.kowalski@mail.example.net,Medicare,1EG41508130,2025-10-31,,Penicillin,900-39-1867,I10
206313,Halvorsen,Ximena,2020-01-18,F,ximena.halvorsen@example.com,United Healthcare,92765871,2024-07-23,,Sulfa drugs; NSAIDs,900-44-8197,I10
206314,Ramirez,Nora,1953-11-21,Female,nora.ramirez@example.com,UHC,97479436,2023-05-07,,Peanuts; Shellfish,,
206315,Aguilar,Sigrid,1993-08-16,F,,Blue Cross Blue Shield of Texas,ZGP3335940,2025-11-01,,Penicillin,900-26-9119,
206316,Whitfield,Vera,1964-04-28,F,vera.whitfield@mail.example.net,United Healthcare,96996686,2025-08-08,,Penicillin; Sulfa drugs,900-70-8266,E11.9
206317,Nguyen,Emile,2008-05-24,M,emile.nguyen@example.com,Self Pay,,,,,900-53-4489,E11.9
206318,Hollis,Mateo,2020-10-26,M,mateo.hollis@mail.example.net,Blue Cross Blue Shield of Texas,ZGP6803486,2023-10-09,,Peanuts; Shellfish,900-84-4457,E11.9
206319,Aguilar,Margot,1975-06-16,,margot.aguilar@example.org,UHC,99456788,2023-12-22,,Contrast dye; Latex,900-16-1648,E11.9
206320,Kowalski,Adriana,2008-09-07,F,,Humana,H4571805,2023-10-26,2025-11-11,,900-88-9356,I10
206321,Thorne,Femi,1995-10-08,M,femi.thorne@mail.example.net,Blue Cross Blue Shield of Texas,ZGP8361520,2023-05-03,,Penicillin; Sulfa drugs,900-47-3693,J45.909
206322,Lindqvist,Haruki,1970-03-16,M,haruki.lindqvist@example.com,United Healthcare,96371871,2024-08-27,,NKDA,900-93-1964,
206323,Nguyen,Wendell,2006-09-07,X,wendell.nguyen@example.com,Blue Cross Blue Shield of Texas,ZGP7684119,2024-11-06,,,900-87-3116,
206324,Bergstrom,Elsa,10/21/05,F,elsa.bergstrom@example.com,Medicare,1EG43225310,2024-09-08,2027-01-06,NKDA,900-72-7670,E11.9
206325,Mbeki,Nora,1995-12-10,F,,Medicare,1EG46365166,2023-03-05,2025-03-30,Penicillin,,
206326,Ionescu,Mateo,2023-05-13,M,mateo.ionescu@example.com,Blue Cross Blue Shield of Texas,ZGP8743539,2023-06-14,,NSAIDs; Peanuts,900-76-9759,
206327,Ramirez,Mateo,1933-04-12,M,mateo.ramirez@example.com,Blue Cross Blue Shield of Texas,ZGP2138773,2024-03-09,,Penicillin,900-96-6507,
206328,Alvarez,Cordelia,1940-10-31,F,cordelia.alvarez@mail.example.net,Self Pay,,,,Penicillin,900-86-7631,
206329,Baptiste,Sigrid,1964-04-28,F,sigrid.baptiste@example.com,Self Pay,,,,Sulfa drugs; NSAIDs,900-96-7227,E11.9
206330,Lindqvist,Anya,1958-04-10,Female,anya.lindqvist@mail.example.net,Cigna,U7234198,2023-11-26,,NSAIDs; Peanuts,,
206331,Lindqvist,Julien,2017-10-21,m,julien.lindqvist@example.com,Blue Cross Blue Shield of Texas,ZGP1410887,2024-02-10,,Penicillin; Sulfa drugs,900-39-6741,E11.9
206332,Bergstrom,Nora,9/18/40,Female,nora.bergstrom@example.com,Aetna,W1363058,2023-08-24,,,900-37-5920,I10
206333,Hollis,Wendell,2004-02-17,MALE,,Aetna,W9701691,2024-10-08,,PCN,900-81-1983,
206334,Halvorsen,Julien,1985-12-05,M,,UHC,98947698,2026-04-23,,PCN,900-47-8679,E11.9
206335,Sandoval,Thanh,2024-03-03,f,thanh.sandoval@mail.example.net,Blue Cross Blue Shield of Texas,ZGP3176466,2026-03-01,,,900-48-3307,
206336,Okafor,Camila,2006-03-19,F,camila.okafor@example.com,Medicare,1EG45381555,2025-07-14,,NKDA,900-52-6929,I10; J45.909
206337,Petrov,Rosa,1948-01-25,F,rosa.petrov@example.com,Medicare,1EG41041557,2023-08-13,2025-09-04,NKDA,,
206338,Escobar,Margot,1985-07-13,F,,Blue Cross Blue Shield of Texas,ZGP6504473,2024-11-02,2027-03-18,,900-89-7149,J45.909
206339,Petrov,Ximena,5/15/32,F,ximena.petrov@example.org,BCBS TX,ZGP7953982,2025-11-21,2026-09-09,Penicillin; Sulfa drugs,900-24-4385,E11.9; I10
206340,Achebe,Giulia,6/13/94,F,giulia.achebe@example.com,Aetna,W5704296,2023-12-17,,NKDA,900-28-6613,
206341,Halvorsen,Luz,1992-03-08,F,,UHC,95161687,2024-08-11,,"Latex, Penicillin",900-16-4924,I10
206342,Lindqvist,Sigrid,1990-08-24,Female,sigrid.lindqvist@example.com,Aetna,W1954671,2023-03-31,,Penicillin,,
206343,Alvarez,Emile,1980-11-06,M,emile.alvarez@example.org,Aetna,W5716577,2023-08-29,2024-10-14,,,E11.9
206344,Lindqvist,Femi,2010-07-21,M,femi.lindqvist@example.com,Cigna,U7769182,2023-12-05,,Sulfa drugs; NSAIDs,900-90-7026,I10
206345,Ramirez,Kwame,2000-05-01,M,kwame.ramirez@example.com,Cigna,U5580772,2025-04-03,,Contrast dye; Latex,,
206346,Marchetti,Wendell,1935-05-06,m,wendell.marchetti@mail.example.net,AETNA,W2631414,2026-01-14,,PCN,,
206347,Mbeki,Julien,3/15/88,M,julien.mbeki@example.com,United Healthcare,98227894,2025-05-02,2026-04-17,Contrast dye; Latex,900-91-6290,I10
206348,Moreau,Kwame,1975-11-11,M,kwame.moreau@mail.example.net,Self Pay,,,,,900-21-9942,
206349,Kowalski,Vera,1946-06-17,F,vera.kowalski@example.com,Blue Cross Blue Shield of Texas,ZGP4284731,2025-02-19,,Shellfish,900-67-8058,I10; J45.909
206350,Kowalski,Everett,1952-12-29,MALE,everett.kowalski@mail.example.net,AETNA,W6398025,2023-07-19,,Penicillin,900-56-7657,
206351,Petrov,Giulia,1959-03-30,F,giulia.petrov@example.com,Aetna,W8114712,2025-05-19,,NKDA,900-46-3726,I10
206352,Kowalski,Wendell,11/1/84,M,,Medicare,1EG49493058,2023-04-23,,Penicillin,900-72-6141,E11.9; I10
206353,Kowalski,Bjorn,2020-11-19,MALE,bjorn.kowalski@mail.example.net,BCBS TX,ZGP4001930,2024-05-12,,NSAIDs; Peanuts,900-75-4767,E11.9; I10
206354,Okafor,Cordelia,1971-09-10,F,cordelia.okafor@example.org,Cigna,U8692326,2025-08-28,,Penicillin,900-52-7535,I10; J45.909
206355,Escobar,Everett,1955-11-13,M,everett.escobar@example.com,BCBS TX,ZGP6806829,2024-02-17,,NKDA,900-77-8676,
206356,Petrov,Wendell,1983-07-16,MALE,wendell.petrov@example.com,Aetna,W6461645,2023-09-18,,,900-92-5689,E11.9
206357,Delacroix,Giulia,1976-05-04,F,giulia.delacroix@mail.example.net,Medicare,1EG47497004,2025-12-18,,Sulfa drugs; NSAIDs,900-17-3106,I10
206358,Thorne,Rosa,2004-03-10,F,rosa.thorne@example.com,Blue Cross Blue Shield of Texas,ZGP1743029,2023-08-12,,,900-20-8613,
206359,Aguilar,Adriana,2010-08-06,Female,,Medicare,1EG44394022,2023-05-28,,Penicillin,900-73-2576,J45.909
206360,Osei,Camila,9/17/13,F,camila.osei@mail.example.net,Cigna,U8337090,2024-09-30,,,900-88-6696,E11.9
206361,Aguilar,Ines,7/11/36,F,,Aetna,W9238013,2024-10-15,,Peanuts; Shellfish,900-96-7660,
206362,Mbeki,Emile,1979-09-21,M,emile.mbeki@example.org,Blue Cross Blue Shield of Texas,ZGP2089298,2023-12-21,,Penicillin,900-55-6707,E11.9; I10
206363,Achebe,Ruben,1936-12-30,M,ruben.achebe@example.com,BCBS TX,ZGP1668484,2024-04-17,2024-12-08,Peanuts; Shellfish,900-68-5727,
206364,Okafor,Ximena,1971-12-21,F,,AETNA,W1704802,2024-08-31,,Penicillin; Sulfa drugs,900-38-7566,
206365,Bergstrom,Mateo,4/4/89,M,mateo.bergstrom@mail.example.net,Blue Cross Blue Shield of Texas,ZGP9256349,2026-04-05,2026-05-29,Penicillin; Sulfa drugs,900-89-6605,E11.9; I10
206366,Kowalski,Adriana,1990-02-23,Female,,Blue Cross Blue Shield of Texas,ZGP7830992,2025-12-30,,Sulfa drugs; NSAIDs,900-97-6718,E11.9
206367,Delacroix,Giulia,1935-10-09,F,giulia.delacroix@example.com,United Healthcare,95173488,2025-05-26,,"Latex, Penicillin",,
206368,Castellanos,Adriana,1946-10-18,U,adriana.castellanos@example.com,Cigna,U1775892,2025-05-08,,,900-95-2358,I10
206369,Moreau,Beatriz,1976-07-24,X,beatriz.moreau@example.org,UHC,96313831,2023-12-07,,NSAIDs; Peanuts,900-94-4500,I10
206370,Kowalski,Wendell,1944-04-24,M,wendell.kowalski@example.org,BCBS TX,ZGP8845925,2024-07-03,,,900-60-1697,I10
206371,Osei,Kwame,2010-01-20,M,kwame.osei@example.com,Blue Cross Blue Shield of Texas,ZGP7860826,2024-08-12,2025-07-27,,,E11.9
206372,Mbeki,Thanh,1982-03-23,F,thanh.mbeki@mail.example.net,Aetna,W7559410,2023-10-11,,Latex,,E11.9; I10
206373,Osei,Ximena,1971-07-10,f,ximena.osei@mail.example.net,AETNA,W6954103,2024-01-28,,Penicillin; Sulfa drugs,900-63-4247,E11.9; I10
206374,Delacroix,Rosa,2005-06-15,F,rosa.delacroix@mail.example.net,United Healthcare,92195698,2023-02-08,,,900-63-2453,
206375,Fitzgerald,Sigrid,1996-03-13,F,,United Healthcare,92708621,2026-01-04,,Penicillin,900-14-9386,J45.909
206376,Fitzgerald,Ines,1942-05-23,Female,ines.fitzgerald@mail.example.net,Humana,H8088467,2023-03-18,,Penicillin; Peanuts; Latex,900-44-7549,
206377,Hollis,Chidi,2012-11-13,M,chidi.hollis@example.com,Humana,H2466456,2023-10-20,,Contrast dye; Latex,,
206378,Osei,Rosa,1999-07-03,Female,rosa.osei@mail.example.net,UHC,96060637,2023-03-11,2024-11-23,Sulfa drugs; NSAIDs,900-24-3050,J45.909
206379,Ridley,Chidi,11/20/80,M,chidi.ridley@example.com,Humana,H1615843,2024-02-16,2025-10-20,,,J45.909
206380,Escobar,Kwame,2000-07-15,M,,BCBS TX,ZGP9250813,2023-11-19,2026-02-21,,900-13-3018,I10
206381,Mbeki,Mateo,2015-01-20,M,mateo.mbeki@example.com,United Healthcare,92056657,2024-05-29,,NSAIDs; Peanuts,900-89-8833,I10
206382,Ionescu,Vera,3/9/59,Female,,Blue Cross Blue Shield of Texas,ZGP4295202,2024-03-19,,Peanuts; Shellfish,900-39-1716,
206383,Delacroix,Sigrid,1965-11-15,F,sigrid.delacroix@example.com,Blue Cross Blue Shield of Texas,ZGP6070309,2026-05-10,,NKDA,900-41-8970,E11.9; I10
206384,Halvorsen,Ruben,2013-08-08,M,ruben.halvorsen@mail.example.net,Aetna,W6709482,2023-09-16,,Shellfish,,I10
206385,Achebe,Ximena,2020-03-29,F,ximena.achebe@example.com,UHC,94764929,2024-05-02,2024-10-14,,900-60-9781,I10
206386,Petrov,Luz,1985-03-01,F,luz.petrov@example.com,Aetna,W5075901,2023-01-19,,Penicillin,900-92-5927,I10
206387,Aguilar,Kwame,1943-11-23,MALE,kwame.aguilar@example.com,Medicare,1EG43814687,2024-05-19,,NKDA,900-45-2893,
206388,Ridley,Julien,1934-08-05,M,,Humana,H8457503,2023-09-25,,,900-13-1817,E11.9; I10; J45.909
206389,Moreau,Anya,2008-06-03,Non-binary,anya.moreau@example.com,Aetna,W9624978,2024-07-14,,,900-66-6103,J45.909
206390,Osei,Ruben,9/7/20,M,ruben.osei@example.com,BCBS TX,ZGP4581013,2024-02-12,,,900-75-4041,
206391,Ionescu,Giulia,6/20/67,f,giulia.ionescu@mail.example.net,Medicare,1EG46825100,2025-11-04,,Latex,900-20-5796,J45.909
206392,Alvarez,Sigrid,1968-12-01,Female,sigrid.alvarez@example.com,Medicare,1EG49982886,2024-02-14,2026-02-21,Penicillin; Sulfa drugs,900-54-4455,I10
206393,Thorne,Giulia,2021-11-12,F,giulia.thorne@example.com,Cigna,U4595287,2026-04-18,2026-09-05,,900-60-2849,
206394,Lindqvist,Thanh,1959-08-19,F,thanh.lindqvist@example.com,Medicare,1EG49755267,2025-12-23,,,900-88-2172,
206395,Halvorsen,Julien,1/19/08,M,,United Healthcare,93787552,2024-04-28,,Peanuts; Shellfish,900-97-5208,I10
206396,Castellanos,Cordelia,1988-05-17,F,cordelia.castellanos@example.com,Blue Cross Blue Shield of Texas,ZGP8627496,2024-02-04,,,,
206397,Osei,Piotr,11/7/93,M,piotr.osei@example.com,Blue Cross Blue Shield of Texas,ZGP5609361,2025-02-04,,,,E11.9; I10
206398,Yamada,Margot,1950-09-30,F,margot.yamada@mail.example.net,United Healthcare,97094422,2026-02-21,,"Latex, Penicillin",900-56-1015,I10
206399,Ferreira,Bjorn,1995-01-15,M,bjorn.ferreira@mail.example.net,Self Pay,,,,Penicillin,,J45.909
206400,Nguyen,Margot,1942-09-13,F,,Blue Cross Blue Shield of Texas,ZGP5904166,2023-08-07,2026-01-06,NSAIDs; Peanuts,900-88-7842,
206401,Mbeki,Thanh,2024-01-08,Female,thanh.mbeki@example.com,AETNA,W5085073,2024-01-08,,,900-50-6533,E11.9
206402,Nguyen,Mateo,1934-01-19,M,mateo.nguyen@mail.example.net,Medicare,1EG41530247,2024-10-14,,Peanuts; Shellfish,900-28-3394,E11.9
206403,Achebe,Giulia,5/26/76,F,giulia.achebe@example.org,Cigna,U8882550,2024-11-20,,NKDA,900-66-6030,E11.9; I10
206404,Sandoval,Chidi,1941-08-31,MALE,chidi.sandoval@example.org,Cigna,U2269321,2023-04-29,,NKDA,900-53-3288,
206405,Yamada,Haruki,1/18/24,M,haruki.yamada@example.com,Medicare,1EG46984646,2023-06-09,,,900-14-3255,E11.9; I10
206406,Marchetti,Julien,1968-04-22,MALE,julien.marchetti@example.com,BCBS TX,ZGP6405744,2025-10-19,,Penicillin,900-65-5007,
206407,Yamada,Anya,1980-09-15,F,anya.yamada@example.com,AETNA,W7995346,2023-07-01,,NKDA,900-94-3992,I10
206408,Escobar,Kwame,2004-08-19,Non-binary,kwame.escobar@example.com,Medicare,1EG44935626,2025-04-21,,,900-68-8025,E11.9; I10
206409,Whitfield,Ximena,1938-12-25,F,ximena.whitfield@example.com,Aetna,W9551678,2023-01-21,,NKDA,900-97-2629,I10
206410,Hollis,Ruben,2001-02-17,M,ruben.hollis@mail.example.net,Medicare,1EG49455718,2023-10-26,2024-07-02,Latex,900-47-4406,I10
206411,Delacroix,Margot,1967-03-23,F,margot.delacroix@example.com,United Healthcare,94662416,2026-01-31,,NKDA,900-17-9270,
206412,Vasquez,Cordelia,1961-05-30,Female,,United Healthcare,96370021,2024-07-09,,Latex,900-25-3839,E11.9; I10; J45.909
206413,Halvorsen,Nora,2020-11-15,Female,nora.halvorsen@example.org,United Healthcare,92737842,2024-10-03,,NKDA,900-45-3691,I10; J45.909
206414,Osei,Vera,1933-03-09,F,vera.osei@example.com,Cigna,U8469599,2023-05-24,,Penicillin,900-25-2188,I10; J45.909
206415,Yamada,Luz,1944-11-01,F,luz.yamada@example.com,Medicare,1EG44396144,2023-05-02,,Latex,900-12-4217,
206416,Kowalski,Alden,1987-04-20,m,alden.kowalski@example.org,BCBS TX,ZGP6128967,2024-03-10,,NKDA,900-70-9866,I10
206417,Sandoval,Thanh,1968-05-28,Female,thanh.sandoval@example.com,Aetna,W5958364,2024-10-18,2026-12-23,,900-54-1447,I10; J45.909
206418,Marchetti,Everett,2009-09-25,M,everett.marchetti@example.com,United Healthcare,99262511,2025-10-19,,NKDA,900-95-2106,
206419,Escobar,Naledi,1940-05-27,Female,naledi.escobar@example.com,United Healthcare,97994685,2025-04-28,,Penicillin; Sulfa drugs,,E11.9
206420,Whitfield,Thanh,1961-09-08,F,thanh.whitfield@example.com,UHC,95322887,2023-12-28,,,900-48-7249,E11.9; I10
206421,Fitzgerald,Chidi,1987-10-23,M,chidi.fitzgerald@example.com,BCBS TX,ZGP1636725,2023-01-30,,Penicillin,900-79-7331,
206422,Vasquez,Beatriz,1936-01-05,Female,beatriz.vasquez@mail.example.net,Blue Cross Blue Shield of Texas,ZGP6269544,2025-03-30,,NSAIDs; Peanuts,900-92-2644,
206423,Kowalski,Everett,1938-03-27,m,everett.kowalski@mail.example.net,Blue Cross Blue Shield of Texas,ZGP3673942,2026-05-01,,NSAIDs; Peanuts,900-13-3767,E11.9
206424,Baptiste,Chidi,1986-06-11,M,chidi.baptiste@example.com,Medicare,1EG43960260,2025-11-20,,Penicillin,900-72-1229,J45.909
206425,Ramirez,Haruki,1969-01-28,M,haruki.ramirez@example.com,United Healthcare,98502262,2023-05-03,2024-08-21,Penicillin; Sulfa drugs,900-54-6119,J45.909
206426,Osei,Femi,1955-06-03,M,,BCBS TX,ZGP4654680,2024-11-03,,Penicillin; Sulfa drugs,900-39-7824,
206427,Petrov,Sigrid,1/16/11,F,sigrid.petrov@mail.example.net,Medicare,1EG43447091,2024-08-29,,NSAIDs; Peanuts,900-44-1460,
206428,Osei,Luz,1957-12-08,F,luz.osei@example.com,United Healthcare,92737102,2024-03-01,,,900-46-9791,I10
206429,Marchetti,Luz,2018-08-31,F,,UHC,92651145,2025-04-17,,,900-74-2979,I10
206430,Moreau,Thanh,1948-05-31,F,thanh.moreau@example.org,Medicare,1EG42228268,2025-11-07,,,900-32-3859,E11.9
206431,Petrov,Vera,1934-12-19,Female,vera.petrov@mail.example.net,Blue Cross Blue Shield of Texas,ZGP3772157,2024-10-10,,,900-31-8719,E11.9
206432,Baptiste,Ines,2018-12-21,F,ines.baptiste@example.com,BCBS TX,ZGP5477587,2023-02-23,,Shellfish,900-16-7883,I10; J45.909
206433,Mbeki,Anya,1953-09-23,F,anya.mbeki@example.com,Self Pay,,,,,900-23-4050,
206434,Thorne,Chidi,3/8/84,M,chidi.thorne@example.org,Aetna,W6531733,2023-10-01,,"Latex, Penicillin",900-49-4100,
206435,Achebe,Mateo,2010-04-09,M,mateo.achebe@example.com,BCBS TX,ZGP6439500,2023-05-25,,NKDA,,I10
206436,Halvorsen,Naledi,9/20/54,X,naledi.halvorsen@example.com,Medicare,1EG43775138,2025-02-12,,NSAIDs; Peanuts,900-25-6192,
206437,Halvorsen,Julien,1997-06-20,M,julien.halvorsen@example.com,Aetna,W3727566,2024-04-09,,NKDA,900-59-2322,
206438,Kowalski,Julien,1949-06-15,M,,Self Pay,,,,Penicillin; Sulfa drugs,900-70-1387,
206439,Ferreira,Femi,1942-06-25,MALE,femi.ferreira@mail.example.net,Aetna,W3212169,2025-12-04,2026-12-03,,,E11.9; I10
206440,Fitzgerald,Alden,1963-06-05,M,alden.fitzgerald@example.com,BCBS TX,ZGP2307647,2023-10-03,,Penicillin; Peanuts; Latex,900-15-1811,E11.9
206441,Baptiste,Mateo,2021-12-04,M,mateo.baptiste@example.com,Cigna,U1283045,2026-03-09,,NKDA,900-99-9133,E11.9
206442,Aguilar,Piotr,2024-12-22,M,piotr.aguilar@mail.example.net,Self Pay,,,,Shellfish,900-43-5738,E11.9
206443,Kowalski,Ruben,1984-02-11,Non-binary,,BCBS TX,ZGP8789250,2024-06-21,,Penicillin,,I10
206444,Whitfield,Piotr,1968-02-16,M,piotr.whitfield@example.com,Aetna,W3555376,2023-10-24,2024-06-26,PCN,900-97-2020,
206445,Fitzgerald,Margot,1935-01-28,F,margot.fitzgerald@example.com,AETNA,W8480474,2025-10-15,,,,
206446,Ramirez,Ruben,1938-01-06,MALE,ruben.ramirez@example.com,Medicare,1EG46875858,2025-04-14,,,900-62-9956,E11.9
206447,Moreau,Rosa,1955-10-26,F,rosa.moreau@example.com,Cigna,U4559088,2026-03-14,,PCN,900-21-4603,
206448,Mbeki,Adriana,1990-11-08,F,adriana.mbeki@mail.example.net,Self Pay,,,,,900-35-8958,E11.9; I10
206449,Nguyen,Sigrid,2012-03-20,F,sigrid.nguyen@mail.example.net,Medicare,1EG44838648,2023-06-29,,Penicillin,900-69-7824,I10
206450,Fitzgerald,Ruben,1973-05-31,M,ruben.fitzgerald@example.com,UHC,98357868,2025-10-01,2026-04-13,NKDA,900-30-4672,E11.9
206451,Mbeki,Naledi,1935-12-24,F,naledi.mbeki@example.com,United Healthcare,99408328,2023-03-19,,,900-58-4434,
206452,Hollis,Ines,1991-11-27,F,ines.hollis@mail.example.net,Blue Cross Blue Shield of Texas,ZGP2068501,2025-01-03,,,900-78-7020,I10
206453,Sandoval,Nora,1937-06-26,F,nora.sandoval@example.com,Medicare,1EG48803486,2023-07-18,,,900-59-4354,I10
206454,Baptiste,Nora,1944-11-20,F,nora.baptiste@mail.example.net,BCBS TX,ZGP3311853,2025-10-08,,NKDA,900-64-7039,
206455,Escobar,Julien,1976-01-05,M,julien.escobar@mail.example.net,Blue Cross Blue Shield of Texas,ZGP2295443,2024-11-14,,NKDA,,I10
206456,Bergstrom,Vera,2002-07-11,Female,,Aetna,W6472377,2025-07-20,,,900-46-8739,J45.909
206457,Sandoval,Giulia,1948-12-11,F,giulia.sandoval@example.com,Self Pay,,,,NKDA,900-66-4882,
206458,Vasquez,Nora,2005-01-23,F,,Aetna,W1286320,2025-03-19,,Penicillin; Sulfa drugs,900-36-5255,I10
206459,Whitfield,Ximena,1967-12-24,Female,ximena.whitfield@mail.example.net,BCBS TX,ZGP4421526,2023-07-20,2025-09-05,NKDA,900-58-6549,E11.9; I10; J45.909
206460,Bergstrom,Giulia,2021-04-23,F,giulia.bergstrom@example.com,Cigna,U4724574,2026-05-08,,Latex,900-15-2805,I10
206461,Osei,Naledi,12/24/57,Female,naledi.osei@,AETNA,W5103021,2023-05-19,,,,E11.9; I10
206462,Achebe,Thanh,1931-03-27,F,thanh.achebe@example.com,Aetna,W2682047,2023-08-10,,Penicillin; Sulfa drugs,900-49-7363,I10
206463,Mbeki,Vera,2012-09-22,F,vera.mbeki@mail.example.net,Blue Cross Blue Shield of Texas,ZGP1049100,2024-04-07,,NKDA,,E11.9
206464,Ramirez,Ines,1976-02-21,F,,Blue Cross Blue Shield of Texas,ZGP2410496,2024-01-08,2024-04-19,Penicillin,900-64-9754,E11.9; I10
206465,Bergstrom,Luz,1942-12-13,Female,luz.bergstrom@mail.example.net,Medicare,1EG48541045,2025-10-09,,Penicillin; Sulfa drugs,,E11.9
206466,Novotny,Anya,1940-07-21,F,anya.novotny@example.com,Medicare,1EG44780499,2024-06-21,2026-06-03,,,E11.9; I10
206467,Yamada,Haruki,1939-11-05,M,haruki.yamada@example.com,Aetna,W8754569,2023-04-17,,Penicillin,900-77-9873,J45.909
206468,Sandoval,Rosa,1947-10-19,Female,rosa.sandoval@example.org,Humana,H5558773,2024-02-27,,NKDA,900-66-4988,
206469,Sandoval,Femi,2001-08-19,M,femi.sandoval@,United Healthcare,95398956,2026-05-12,,Sulfa drugs; NSAIDs,900-46-4390,J45.909
206470,Fitzgerald,Vera,2009-08-21,f,vera.fitzgerald@example.com,Aetna,W8166624,2025-09-30,,Penicillin; Sulfa drugs,900-50-7692,J45.909
206471,Osei,Luz,2012-08-16,F,luz.osei@example.org,United Healthcare,94526777,2024-06-08,,"Latex, Penicillin",900-83-2502,J45.909
206472,Delacroix,Ines,1999-05-25,Female,ines.delacroix@mail.example.net,Blue Cross Blue Shield of Texas,ZGP3641453,2025-12-22,,Contrast dye; Latex,900-42-8924,J45.909
206473,Vasquez,Alden,1999-02-11,M,,Aetna,W3600010,2026-05-08,,,900-20-3171,J45.909
206474,Marchetti,Rosa,2000-04-27,F,,Aetna,W1074047,2026-01-08,,NKDA,900-85-6535,
206475,Ferreira,Margot,1962-07-09,F,,Blue Cross Blue Shield of Texas,ZGP1771359,2024-12-10,,NKDA,,I10; J45.909
206476,Thorne,Ximena,1951-12-06,F,ximena.thorne@mail.example.net,Cigna,U6636176,2023-10-12,2024-05-10,Latex,900-79-9053,
206477,Aguilar,Cordelia,1939-06-26,F,cordelia.aguilar@example.org,Cigna,U4274465,2026-03-31,,Penicillin,900-69-6191,J45.909
206478,Ridley,Wendell,2017-03-18,M,wendell.ridley@mail.example.net,BCBS TX,ZGP3396552,2025-01-11,,,900-53-9862,E11.9; I10
206479,Alvarez,Sigrid,10/28/32,F,sigrid.alvarez@example.com,Cigna,U5288819,2023-06-10,2025-11-07,,900-18-3156,J45.909
206480,Ramirez,Bjorn,1973-08-21,M,bjorn.ramirez@example.com,Medicare,1EG49101417,2025-01-02,,,900-22-9968,J45.909
206481,Ramirez,Anya,2014-12-18,Female,anya.ramirez@example.org,Aetna,W6034463,2023-12-07,,,900-19-6611,
206482,Ridley,Mateo,1954-11-27,M,,Cigna,U2606521,2024-08-30,2025-04-13,,900-82-5668,E11.9
206483,Whitfield,Haruki,1979-06-27,MALE,,Cigna,U3552457,2024-12-20,,Penicillin; Peanuts; Latex,900-89-8241,E11.9
206484,Baptiste,Chidi,2022-03-14,m,chidi.baptiste@example.org,Medicare,1EG47477283,2025-10-03,2028-03-17,Contrast dye; Latex,900-61-6321,I10
206485,Osei,Bjorn,2006-07-20,M,bjorn.osei@mail.example.net,Aetna,W3836208,2026-02-07,,Latex,900-25-5294,E11.9
206486,Sandoval,Femi,1968-09-26,M,femi.sandoval@example.com,AETNA,W6342153,2023-08-07,,Penicillin; Peanuts; Latex,900-58-2123,E11.9; I10
206487,Vasquez,Ruben,12/5/09,M,ruben.vasquez@example.com,Blue Cross Blue Shield of Texas,ZGP7860015,2025-07-17,2027-03-12,NKDA,900-51-5404,
206488,Whitfield,Ines,1951-12-26,F,ines.whitfield@example.com,Self Pay,,,,Peanuts; Shellfish,900-34-6929,E11.9
206489,Ramirez,Nora,1979-04-23,F,nora.ramirez@mail.example.net,UHC,98840550,2024-10-03,,,900-10-9839,J45.909
206490,Vasquez,Kwame,8/17/90,M,,Cigna,U2879783,2026-04-21,,Shellfish,900-61-5381,E11.9
206491,Baptiste,Alden,1950-01-18,Non-binary,alden.baptiste@example.com,Aetna,W7817585,2024-12-31,,NSAIDs; Peanuts,900-38-3545,E11.9
206492,Marchetti,Camila,1960-04-17,F,camila.marchetti@mail.example.net,Blue Cross Blue Shield of Texas,ZGP5015183,2025-11-16,,NKDA,900-85-3621,
206493,Petrov,Cordelia,1974-10-07,F,cordelia.petrov@example.com,Aetna,W8314316,2025-01-04,,Shellfish,900-49-8082,E11.9
206494,Achebe,Margot,1995-07-08,f,margot.achebe@mail.example.net,Humana,H5516354,2023-03-13,,,900-95-9416,I10
206495,Kowalski,Ximena,1/16/86,F,ximena.kowalski@example.org,Blue Cross Blue Shield of Texas,ZGP1899302,2025-01-30,,,900-77-5785,
206496,Mbeki,Chidi,1964-09-06,M,,United Healthcare,93614946,2024-06-04,,"Latex, Penicillin",900-22-6540,
206497,Ramirez,Chidi,1940-02-28,M,chidi.ramirez@example.com,Self Pay,,,,,900-13-7186,
206498,Nguyen,Emile,8/13/60,M,emile.nguyen@example.org,Self Pay,,,,,900-28-5595,
206499,Ionescu,Elsa,1993-09-29,F,elsa.ionescu@example.com,Medicare,1EG45414521,2025-10-09,,,900-66-5031,
206500,Whitfield,Adriana,2019-05-26,Female,adriana.whitfield@example.com,United Healthcare,95448451,2023-05-03,,,,E11.9
206501,Marchetti,Margot,9/1/64,F,,Blue Cross Blue Shield of Texas,ZGP9014554,2026-02-20,2026-11-22,NKDA,900-47-4545,
206502,Whitfield,Emile,1994-05-02,M,emile.whitfield@example.com,Cigna,U3662140,2025-01-18,,Shellfish,,I10
206503,Sandoval,Ximena,1975-04-05,Female,ximena.sandoval@example.com,Medicare,1EG44686182,2024-10-09,,,900-12-7287,
206504,Halvorsen,Kwame,2021-08-24,M,kwame.halvorsen@example.org,Blue Cross Blue Shield of Texas,ZGP4612504,2024-02-12,,Penicillin; Sulfa drugs,900-50-1052,J45.909
206505,Nguyen,Femi,10/12/44,M,femi.nguyen@example.com,Aetna,W2540428,2025-07-20,,,900-22-7536,I10; J45.909
206506,Ridley,Sigrid,1937-11-22,F,sigrid.ridley@example.com,Medicare,1EG43856870,2024-05-17,,,900-57-5669,I10
206507,Novotny,Julien,1974-05-17,M,julien.novotny@example.com,Humana,H8591289,2026-04-24,,NSAIDs; Peanuts,900-56-3365,I10
206508,Achebe,Beatriz,1979-09-06,F,beatriz.achebe@example.com,Humana,H1806454,2026-06-13,,Peanuts; Shellfish,900-20-4402,I10
206509,Bergstrom,Nora,1/19/79,f,nora.bergstrom@mail.example.net,Self Pay,,,,Sulfa drugs; NSAIDs,900-19-1778,
206510,Aguilar,Chidi,9/15/69,M,chidi.aguilar@mail.example.net,Self Pay,,,,NKDA,900-80-5516,E11.9; I10
206511,Ionescu,Sigrid,1967-02-01,F,sigrid.ionescu@mail.example.net,Blue Cross Blue Shield of Texas,ZGP6851104,2024-08-07,,Penicillin; Sulfa drugs,900-67-1608,E11.9; I10
206512,Ferreira,Mateo,1979-07-31,m,mateo.ferreira@mail.example.net,Aetna,W4338596,2024-03-18,,,900-31-3940,I10
206513,Yamada,Femi,2021-09-26,M,femi.yamada@example.com,UHC,95304181,2024-05-04,,NKDA,,J45.909
206514,Thorne,Emile,7/10/69,MALE,emile.thorne@example.com,Blue Cross Blue Shield of Texas,ZGP5195660,2024-11-27,,Contrast dye; Latex,900-29-2632,
206515,Petrov,Nora,1968-05-28,F,nora.petrov@example.com,Medicare,1EG43200807,2024-12-20,,NSAIDs; Peanuts,900-69-9118,J45.909
206516,Achebe,Mateo,1997-06-15,MALE,mateo.achebe@example.com,United Healthcare,96851763,2024-12-19,,NKDA,,I10
206517,Nguyen,Julien,1993-10-11,M,julien.nguyen@mail.example.net,Blue Cross Blue Shield of Texas,ZGP5146298,2025-12-18,,Sulfa drugs; NSAIDs,900-24-2064,I10
206518,Whitfield,Bjorn,1963-08-27,M,bjorn.whitfield@mail.example.net,United Healthcare,92505170,2024-06-30,,Latex,900-19-8458,I10
206519,Kowalski,Mateo,1945-08-24,M,,UHC,97018055,2024-07-09,,,900-43-3029,E11.9
206520,Marchetti,Mateo,2017-01-28,M,mateo.marchetti@mail.example.net,Blue Cross Blue Shield of Texas,ZGP7241870,2023-05-06,,Penicillin; Sulfa drugs,900-56-2700,
206521,Thorne,Piotr,3/22/57,M,piotr.thorne@mail.example.net,Blue Cross Blue Shield of Texas,ZGP4281303,2025-06-15,,,900-42-7303,
206522,Novotny,Sigrid,1986-10-07,Female,sigrid.novotny@,AETNA,W6737695,2023-05-03,,,900-25-9330,I10; J45.909
206523,Ferreira,Adriana,2002-10-20,F,adriana.ferreira@example.org,United Healthcare,96952087,2025-02-28,,PCN,900-84-9117,
206524,Hollis,Thanh,2024-01-12,F,thanh.hollis@mail.example.net,Self Pay,,,,,900-33-8584,E11.9
206525,Marchetti,Luz,1975-04-14,F,luz.marchetti@example.com,BCBS TX,ZGP3714545,2026-04-02,,,900-12-8741,
206526,Osei,Mateo,1945-11-29,M,mateo.osei@example.com,Self Pay,,,,Penicillin; Sulfa drugs,900-75-4986,E11.9
206527,Ramirez,Giulia,3/6/12,F,giulia.ramirez@example.com,Self Pay,,,,Penicillin; Peanuts; Latex,900-32-1821,I10; J45.909
206528,Baptiste,Ruben,2018-11-02,M,,United Healthcare,98201322,2023-08-15,,,900-56-3350,I10; J45.909
206529,Fitzgerald,Beatriz,1934-03-31,F,beatriz.fitzgerald@,Self Pay,,,,Penicillin; Peanuts; Latex,900-16-8692,
206530,Hollis,Anya,1932-03-17,F,,BCBS TX,ZGP3550590,2025-06-12,,Latex,900-36-2861,
206531,Thorne,Giulia,2023-05-21,F,giulia.thorne@example.com,Blue Cross Blue Shield of Texas,ZGP7534069,2023-12-30,,,900-92-3591,
206532,Okafor,Bjorn,12/23/36,M,bjorn.okafor@mail.example.net,United Healthcare,98106283,2024-12-25,2026-07-05,PCN,900-64-6270,
206533,Halvorsen,Emile,2001-12-31,M,emile.halvorsen@example.com,Blue Cross Blue Shield of Texas,ZGP5573736,2023-09-17,,Penicillin; Sulfa drugs,900-64-2231,
206534,Escobar,Luz,1987-02-11,Female,luz.escobar@example.com,Cigna,U5448162,2023-11-14,,NKDA,900-54-8480,
206535,Vasquez,Beatriz,1964-10-14,F,beatriz.vasquez@,Humana,H6089908,2024-07-09,,NKDA,,E11.9; I10
206536,Delacroix,Anya,1960-08-16,F,anya.delacroix@example.org,Self Pay,,,,,900-49-5732,E11.9; I10; J45.909
206537,Achebe,Ines,1963-10-20,Female,ines.achebe@example.com,BCBS TX,ZGP2895948,2024-11-28,,NKDA,900-90-4991,J45.909
206538,Mbeki,Beatriz,2012-01-21,F,beatriz.mbeki@example.com,United Healthcare,93692230,2023-03-15,,,900-73-7629,E11.9; I10
206539,Castellanos,Sigrid,1967-08-11,Female,sigrid.castellanos@example.com,Humana,H9181182,2025-04-22,,Penicillin,,
206540,Achebe,Cordelia,1990-12-02,F,cordelia.achebe@mail.example.net,Blue Cross Blue Shield of Texas,ZGP6480976,2024-01-16,,,900-78-4450,
206541,Delacroix,Bjorn,2011-08-03,MALE,bjorn.delacroix@example.com,Medicare,1EG42707577,2023-04-29,,Peanuts; Shellfish,900-43-4604,
206542,Mbeki,Margot,2005-01-01,Female,,Self Pay,,,,Latex,900-40-8581,J45.909
206543,Hollis,Sigrid,1941-03-16,F,sigrid.hollis@example.com,Aetna,W6789422,2023-05-09,,Contrast dye; Latex,900-74-9821,
206544,Achebe,Naledi,1932-11-04,F,naledi.achebe@example.org,United Healthcare,91672540,2023-04-16,,Penicillin,900-30-4121,E11.9
206545,Fitzgerald,Bjorn,1932-05-14,M,bjorn.fitzgerald@mail.example.net,Medicare,1EG49142425,2025-06-25,,PCN,900-11-4381,
206546,Moreau,Margot,2009-04-06,Female,margot.moreau@mail.example.net,Self Pay,,,,Peanuts; Shellfish,900-11-1684,I10
206547,Aguilar,Chidi,5/31/74,m,,Aetna,W6177399,2024-10-20,,,900-20-1199,
206548,Achebe,Luz,2001-07-03,F,luz.achebe@example.org,Cigna,U5787570,2024-07-01,,"Latex, Penicillin",900-43-7420,
206549,Halvorsen,Bjorn,2004-12-03,M,,United Healthcare,97988078,2025-09-05,,,900-71-2467,
206550,Ionescu,Giulia,1990-02-25,F,giulia.ionescu@example.com,United Healthcare,96339854,2026-05-27,,NKDA,900-59-4902,E11.9
206551,Whitfield,Beatriz,1998-06-20,F,,Cigna,U6875431,2023-02-18,,Peanuts; Shellfish,900-65-2639,J45.909
206552,Castellanos,Rosa,1951-07-16,F,rosa.castellanos@example.org,Humana,H4183543,2026-06-16,,,900-78-6960,J45.909
206553,Kowalski,Haruki,1951-10-06,M,haruki.kowalski@example.com,UHC,98192030,2024-05-22,2026-08-02,Penicillin,900-83-3212,
206554,Hollis,Ines,1959-02-04,f,ines.hollis@mail.example.net,Blue Cross Blue Shield of Texas,ZGP7908158,2025-12-12,,,900-70-2838,
206555,Bergstrom,Anya,1997-04-01,F,anya.bergstrom@mail.example.net,Aetna,W7337346,2024-11-20,2026-07-06,PCN,900-43-2301,I10
206556,Achebe,Adriana,2/6/52,F,adriana.achebe@mail.example.net,Cigna,U2734244,2023-07-22,,,900-53-6844,E11.9; I10
206557,Aguilar,Femi,1957-06-05,m,femi.aguilar@example.com,UHC,97577784,2026-06-21,,,900-71-2383,
206558,Okafor,Luz,1941-02-04,f,,Aetna,W1372489,2023-05-26,2025-10-05,Peanuts; Shellfish,900-65-7461,
206559,Thorne,Bjorn,1958-12-23,M,bjorn.thorne@example.org,Aetna,W8017239,2023-06-20,,Latex,900-14-6401,E11.9
206560,Vasquez,Rosa,1999-05-10,Female,,Aetna,W1506760,2024-02-09,,NKDA,900-23-8393,
206561,Ionescu,Anya,2007-09-22,,anya.ionescu@example.com,Medicare,1EG45040515,2025-01-12,,NKDA,900-97-9859,E11.9; I10; J45.909
206562,Baptiste,Ruben,2007-03-14,MALE,ruben.baptiste@example.org,Medicare,1EG42624592,2026-02-08,,Latex,900-71-4980,I10
206563,Okafor,Rosa,10/2/61,F,rosa.okafor@example.com,United Healthcare,92446808,2024-02-04,,NKDA,900-38-7719,
206564,Moreau,Ines,3/7/01,F,ines.moreau@example.com,United Healthcare,95675894,2023-02-14,2025-04-11,Penicillin,900-93-2250,
206565,Lindqvist,Alden,2003-07-02,M,alden.lindqvist@example.com,Cigna,U2391330,2025-11-19,,,900-58-6336,E11.9
206566,Hollis,Camila,1994-08-25,F,camila.hollis@example.org,United Healthcare,92410545,2023-02-18,,,,E11.9; I10
206567,Halvorsen,Giulia,1985-08-13,Female,giulia.halvorsen@example.org,Blue Cross Blue Shield of Texas,ZGP2674712,2024-11-30,,Latex,900-49-6938,E11.9; I10
206568,Yamada,Elsa,2021-08-20,Female,elsa.yamada@mail.example.net,Blue Cross Blue Shield of Texas,ZGP1103650,2025-09-24,,Shellfish,,
206569,Thorne,Ruben,1979-11-25,M,ruben.thorne@example.org,UHC,94476469,2026-04-11,,Penicillin,900-62-2471,I10
206570,Bergstrom,Haruki,1944-11-09,M,haruki.bergstrom@example.com,Humana,H2115915,2024-08-16,,NKDA,900-65-3625,
206571,Delacroix,Nora,1992-03-17,Female,nora.delacroix@example.com,Self Pay,,,,NKDA,900-90-2384,I10
206572,Lindqvist,Anya,1994-07-10,F,anya.lindqvist@example.com,Humana,H3978057,2023-10-05,,Penicillin; Sulfa drugs,900-96-6316,
206573,Baptiste,Thanh,2021-12-26,F,thanh.baptiste@example.com,Cigna,U6533426,2023-04-07,,,900-32-4727,E11.9; I10
206574,Vasquez,Nora,1943-03-02,F,nora.vasquez@mail.example.net,UHC,99317005,2024-04-17,,Latex,900-44-4759,I10
206575,Aguilar,Vera,1986-06-05,F,vera.aguilar@example.com,Aetna,W8367227,2023-02-28,,Peanuts; Shellfish,900-78-2649,
206576,Whitfield,Bjorn,1950-03-31,M,bjorn.whitfield@example.com,BCBS TX,ZGP8372845,2026-05-04,,Penicillin,900-96-5495,
206577,Delacroix,Adriana,1990-11-12,Female,adriana.delacroix@example.com,Self Pay,,,,NKDA,,
206578,Delacroix,Kwame,1/20/00,M,,Self Pay,,,,Shellfish,900-56-2173,I10
206579,Fitzgerald,Emile,1932-04-17,M,emile.fitzgerald@example.com,BCBS TX,ZGP1035003,2023-02-05,,Penicillin; Sulfa drugs,900-54-1648,J45.909
206580,Lindqvist,Naledi,1994-09-11,F,,Aetna,W3495217,2024-02-22,,NSAIDs; Peanuts,,I10; J45.909
206581,Thorne,Giulia,1946-08-01,F,giulia.thorne@example.com,AETNA,W5331913,2026-01-31,,"Latex, Penicillin",,I10
206582,Nguyen,Elsa,1979-11-09,F,elsa.nguyen@example.com,United Healthcare,93503534,2025-07-11,2026-06-16,Latex,900-20-7616,I10
206583,Ionescu,Vera,2019-11-04,F,vera.ionescu@example.org,Cigna,U9122286,2025-03-07,,Penicillin; Sulfa drugs,900-33-1068,
206584,Kowalski,Sigrid,1948-07-28,Female,sigrid.kowalski@mail.example.net,Humana,H3154377,2023-08-19,,,900-26-9805,E11.9
206585,Bergstrom,Wendell,2006-01-06,M,wendell.bergstrom@example.com,BCBS TX,ZGP3464333,2025-01-29,,,900-55-5412,E11.9
206586,Halvorsen,Beatriz,1999-03-12,F,beatriz.halvorsen@example.org,Medicare,1EG46585200,2026-01-19,,Sulfa drugs; NSAIDs,900-65-3539,E11.9; I10
206587,Vasquez,Alden,1952-03-25,MALE,alden.vasquez@example.com,United Healthcare,92886047,2023-11-17,2024-05-30,Peanuts; Shellfish,900-36-5283,I10
206588,Bergstrom,Bjorn,1958-07-17,MALE,bjorn.bergstrom@example.org,Blue Cross Blue Shield of Texas,ZGP8535185,2023-08-06,,,900-29-3887,I10
206589,Ridley,Adriana,2004-06-05,F,adriana.ridley@example.com,Blue Cross Blue Shield of Texas,ZGP9782098,2025-04-11,,Penicillin; Sulfa drugs,900-85-8949,I10; J45.909
206590,Bergstrom,Chidi,1986-09-22,U,chidi.bergstrom@example.org,Self Pay,,,,,900-20-5214,I10; J45.909
206591,Mbeki,Anya,1970-04-13,F,anya.mbeki@example.com,Aetna,W5661421,2023-03-20,,,900-53-7976,
206592,Thorne,Luz,1/6/71,F,luz.thorne@example.com,Blue Cross Blue Shield of Texas,ZGP1250004,2026-01-26,2027-11-26,"Latex, Penicillin",900-73-1604,
206593,Aguilar,Luz,1932-07-21,F,luz.aguilar@example.com,Blue Cross Blue Shield of Texas,ZGP6380778,2024-08-22,,NKDA,900-35-1567,I10
206594,Ferreira,Wendell,1958-02-20,MALE,wendell.ferreira@example.com,Self Pay,,,,Penicillin,900-56-5248,E11.9
206595,Ridley,Ximena,1978-05-16,Female,ximena.ridley@example.com,United Healthcare,98926757,2025-02-27,,Peanuts; Shellfish,900-26-2108,E11.9; I10
206596,Escobar,Wendell,1996-10-06,M,wendell.escobar@example.com,BCBS TX,ZGP5767446,2025-07-14,2026-06-07,,900-15-5208,
206597,Vasquez,Femi,1990-02-10,M,femi.vasquez@example.com,Blue Cross Blue Shield of Texas,ZGP5965235,2026-05-31,,Contrast dye; Latex,900-45-8140,E11.9; I10
206598,Sandoval,Alden,2008-03-30,M,alden.sandoval@mail.example.net,Aetna,W1364197,2023-07-09,,NKDA,900-46-2562,E11.9; I10
206599,Petrov,Ximena,2017-12-10,F,ximena.petrov@example.com,Self Pay,,,,PCN,900-74-9069,J45.909
206600,Ridley,Nora,2/3/11,F,nora.ridley@example.com,Humana,H8992532,2025-11-13,,,900-66-2267,
206601,Ridley,Everett,1960-12-18,M,everett.ridley@example.com,Blue Cross Blue Shield of Texas,ZGP2018380,2023-08-31,,NKDA,900-57-7873,
206602,Ramirez,Nora,1949-02-08,f,nora.ramirez@example.com,BCBS TX,ZGP6429895,2025-01-23,,,900-72-1501,
206603,Sandoval,Margot,1970-05-26,F,margot.sandoval@,AETNA,W6077907,2024-07-11,,,,
206604,Achebe,Wendell,1955-07-07,M,wendell.achebe@example.com,Blue Cross Blue Shield of Texas,ZGP5687005,2025-08-20,2026-02-24,,900-99-4994,E11.9
206605,Castellanos,Anya,1996-05-28,F,anya.castellanos@example.com,Medicare,1EG49780294,2024-05-19,,Peanuts; Shellfish,900-39-1408,I10
206606,Sandoval,Kwame,1997-11-02,M,,United Healthcare,92997625,2026-05-17,,Penicillin,900-74-2970,I10
206607,Alvarez,Piotr,1968-12-25,M,,Blue Cross Blue Shield of Texas,ZGP9571725,2023-12-01,,,900-90-2605,
206608,Baptiste,Beatriz,1981-04-07,F,beatriz.baptiste@example.com,Humana,H9356320,2023-11-14,,,900-34-2291,E11.9
206609,Halvorsen,Chidi,9/18/95,M,chidi.halvorsen@example.com,Aetna,W8154969,2023-07-31,,,900-27-8264,J45.909
206610,Mbeki,Julien,1972-07-12,M,julien.mbeki@example.org,Cigna,U9119969,2025-11-11,2028-01-01,,900-24-4694,E11.9
206611,Ferreira,Adriana,1987-01-19,Female,adriana.ferreira@example.com,Blue Cross Blue Shield of Texas,ZGP9488416,2024-02-20,,Latex,900-46-1609,
206612,Kowalski,Anya,1998-10-17,Female,,BCBS TX,ZGP9432620,2024-05-27,,,900-46-1270,
206613,Thorne,Thanh,9/12/47,F,,Cigna,U2801726,2023-04-07,2025-05-20,Penicillin,900-47-2273,E11.9; I10
206614,Achebe,Ximena,12/5/96,F,ximena.achebe@example.com,Humana,H1541380,2025-10-09,,NKDA,,E11.9
206615,Castellanos,Femi,1945-04-30,M,femi.castellanos@example.com,Cigna,U1763164,2025-03-31,,,900-11-5436,I10
206616,Whitfield,Thanh,1959-03-05,F,,United Healthcare,95524239,2026-06-05,,,900-48-6767,E11.9
206617,Alvarez,Nora,1976-01-04,F,nora.alvarez@example.com,Cigna,U8987333,2026-03-25,,NSAIDs; Peanuts,900-44-3752,J45.909
206618,Yamada,Emile,1951-08-28,M,emile.yamada@example.com,Aetna,W4185194,2023-01-02,,NKDA,900-17-8443,
206619,Ramirez,Sigrid,2021-08-04,f,sigrid.ramirez@mail.example.net,Aetna,W1278493,2024-12-17,,Penicillin,900-28-1428,J45.909
206620,Marchetti,Haruki,1948-09-21,MALE,haruki.marchetti@example.com,UHC,98723509,2025-01-12,,NKDA,900-82-2126,
206621,Petrov,Luz,2007-03-17,F,,Self Pay,,,,,900-23-8008,E11.9; I10; J45.909
206622,Achebe,Beatriz,1991-12-12,Female,,UHC,97414117,2024-01-06,,,900-21-7972,I10
206623,Vasquez,Nora,1962-09-29,F,nora.vasquez@example.com,Humana,H8963352,2023-10-09,,Sulfa drugs; NSAIDs,900-45-1289,E11.9; I10
206624,Osei,Anya,1950-12-26,F,anya.osei@mail.example.net,Aetna,W5196990,2023-09-13,,,900-37-1229,E11.9
206625,Whitfield,Camila,1984-07-22,F,camila.whitfield@example.com,Aetna,W1796559,2024-09-20,,,900-33-8632,
206626,Vasquez,Mateo,1944-04-29,M,mateo.vasquez@example.com,United Healthcare,94694309,2024-10-15,,NKDA,900-61-8242,I10
206627,Mbeki,Ximena,1992-04-18,F,ximena.mbeki@example.com,Blue Cross Blue Shield of Texas,ZGP4563662,2025-05-31,,NKDA,900-82-2883,
206628,Novotny,Ximena,1998-01-02,F,ximena.novotny@example.com,Aetna,W2417719,2023-12-04,,NKDA,900-75-9663,
206629,Vasquez,Sigrid,2008-12-23,F,,Self Pay,,,,,900-21-4460,J45.909
206630,Achebe,Anya,2021-06-12,U,anya.achebe@example.com,BCBS TX,ZGP7775131,2024-02-09,,,900-15-6441,E11.9
206631,Fitzgerald,Elsa,1959-07-25,F,elsa.fitzgerald@example.org,Cigna,U8112926,2025-02-22,,NKDA,900-69-1305,
206632,Achebe,Adriana,1999-10-23,F,adriana.achebe@example.org,United Healthcare,94113950,2024-08-30,,Shellfish,900-15-2199,I10; J45.909
206633,Marchetti,Cordelia,1977-09-13,Female,,Cigna,U9346667,2025-02-21,,Sulfa drugs; NSAIDs,900-71-4917,E11.9; I10
206634,Lindqvist,Ines,2021-06-28,F,ines.lindqvist@mail.example.net,Aetna,W4656473,2025-10-22,,,900-82-9650,I10
206635,Castellanos,Adriana,1990-09-24,F,,BCBS TX,ZGP1544880,2024-11-21,,Penicillin; Sulfa drugs,900-38-7416,
206636,Marchetti,Kwame,1956-11-09,M,kwame.marchetti@example.com,AETNA,W6514873,2026-04-13,,,,E11.9
206637,Whitfield,Anya,1986-02-05,F,anya.whitfield@example.com,Humana,H8301512,2025-07-06,,Penicillin,900-29-1565,I10; J45.909
206638,Mbeki,Ximena,8/23/09,F,ximena.mbeki@example.com,AETNA,W7069374,2025-11-24,,PCN,900-69-1703,
206639,Ferreira,Ruben,1/12/73,M,ruben.ferreira@example.org,Blue Cross Blue Shield of Texas,ZGP5984547,2025-07-09,,Sulfa drugs; NSAIDs,900-96-2446,E11.9; I10
206640,Whitfield,Alden,1937-03-28,M,alden.whitfield@example.com,Aetna,W9707689,2023-09-14,,,900-76-3951,E11.9; I10
206641,Alvarez,Emile,1937-05-23,M,emile.alvarez@example.com,Cigna,U9700899,2024-12-16,,,900-91-1139,I10
206642,Thorne,Ruben,2001-01-23,M,ruben.thorne@example.com,United Healthcare,92182921,2025-05-30,2027-02-10,NSAIDs; Peanuts,,J45.909
206643,Escobar,Vera,2011-01-19,F,vera.escobar@mail.example.net,Blue Cross Blue Shield of Texas,ZGP5852964,2024-03-15,,Sulfa drugs; NSAIDs,900-98-6119,E11.9; I10
206644,Ferreira,Ruben,9/12/58,M,ruben.ferreira@example.com,AETNA,W3446547,2023-05-05,,Peanuts; Shellfish,,J45.909
206645,Alvarez,Bjorn,1965-10-02,MALE,bjorn.alvarez@example.com,Aetna,W7811617,2025-03-14,,Penicillin,900-43-3149,I10
206646,Nguyen,Chidi,2000-06-21,MALE,chidi.nguyen@example.com,Humana,H1067262,2026-01-05,,,900-99-5214,
206647,Ferreira,Luz,1976-06-20,F,luz.ferreira@example.com,Aetna,W4641533,2026-01-10,,,900-28-3004,I10
206648,Alvarez,Sigrid,2014-01-26,F,sigrid.alvarez@example.org,Humana,H2474225,2025-10-01,,,900-98-5227,I10; J45.909
206649,Escobar,Thanh,1974-12-09,F,thanh.escobar@mail.example.net,Medicare,1EG43156780,2025-10-12,,Penicillin; Peanuts; Latex,900-67-7536,E11.9
206650,Bergstrom,Elsa,2019-03-15,,elsa.bergstrom@example.org,Cigna,U3282529,2023-06-15,,,900-21-4888,J45.909
206651,Vasquez,Femi,1946-06-14,M,femi.vasquez@mail.example.net,BCBS TX,ZGP9132314,2025-04-12,,,900-54-8375,E11.9
206652,Fitzgerald,Femi,1941-06-09,,femi.fitzgerald@mail.example.net,Self Pay,,,,,900-35-9007,
206653,Lindqvist,Giulia,1962-09-10,f,giulia.lindqvist@example.com,Cigna,U9179059,2023-05-28,,,900-68-9756,
206654,Okafor,Chidi,2016-03-06,M,,United Healthcare,99593950,2025-01-16,,Latex,900-75-6615,
206655,Castellanos,Emile,1966-06-11,M,emile.castellanos@example.com,Blue Cross Blue Shield of Texas,ZGP8863011,2026-03-21,,Sulfa drugs; NSAIDs,900-49-9852,
206656,Mbeki,Ximena,2013-06-21,F,ximena.mbeki@mail.example.net,Aetna,W2495660,2025-03-09,,NSAIDs; Peanuts,900-99-7609,I10
206657,Achebe,Rosa,8/11/91,F,rosa.achebe@example.com,Aetna,W1328700,2024-06-11,,PCN,900-98-7671,
206658,Delacroix,Ximena,5/26/76,f,,United Healthcare,97947993,2023-11-18,2024-07-28,Shellfish,900-52-2288,I10
206659,Ferreira,Thanh,1985-08-02,F,thanh.ferreira@example.com,United Healthcare,96764745,2025-02-23,,Penicillin; Sulfa drugs,900-88-4076,I10
206660,Moreau,Vera,1968-10-07,Female,,UHC,92381310,2026-03-28,,"Latex, Penicillin",900-63-5419,E11.9; I10; J45.909
206661,Mbeki,Thanh,1984-06-02,F,thanh.mbeki@example.com,AETNA,W5818829,2024-10-02,,Penicillin,900-19-3498,I10
206662,Achebe,Beatriz,1999-02-14,Female,beatriz.achebe@example.com,Aetna,W4897696,2025-04-09,,NKDA,900-98-7158,I10
206663,Okafor,Giulia,1939-08-31,F,,Aetna,W7888752,2023-12-27,,NKDA,900-31-1378,I10
206664,Castellanos,Piotr,1939-05-31,M,piotr.castellanos@example.com,Cigna,U8169583,2025-09-06,,Shellfish,900-18-1104,
206665,Halvorsen,Elsa,1955-12-11,,,Cigna,U5290246,2024-05-14,,Penicillin,900-55-2300,
206666,Ramirez,Anya,1941-01-13,F,anya.ramirez@example.org,Self Pay,,,,Shellfish,900-64-9318,I10
206667,Moreau,Mateo,1933-09-12,M,mateo.moreau@example.com,BCBS TX,ZGP2759195,2023-12-06,2025-07-18,Shellfish,900-94-9429,J45.909
206668,Marchetti,Giulia,1969-01-24,F,giulia.marchetti@example.org,United Healthcare,96428121,2024-12-24,,NKDA,900-46-4513,I10; J45.909
206669,Baptiste,Anya,1975-11-30,F,anya.baptiste@example.org,Aetna,W4533280,2026-03-06,,,900-48-3557,
206670,Ferreira,Luz,1957-06-07,f,luz.ferreira@example.com,Medicare,1EG47567695,2023-10-04,,,,E11.9; I10
206671,Aguilar,Femi,7/17/81,M,femi.aguilar@mail.example.net,Self Pay,,,,Contrast dye; Latex,900-60-2177,E11.9
206672,Kowalski,Rosa,1982-08-21,F,rosa.kowalski@example.com,BCBS TX,ZGP1098094,2023-10-29,,Penicillin; Peanuts; Latex,900-40-7555,
206673,Moreau,Vera,1979-08-30,F,,Medicare,1EG42931294,2025-09-29,,Sulfa drugs; NSAIDs,900-33-9901,I10
206674,Sandoval,Everett,4/17/10,M,everett.sandoval@mail.example.net,UHC,96806828,2026-02-01,,Shellfish,900-52-8630,J45.909
206675,Halvorsen,Beatriz,7/18/19,F,beatriz.halvorsen@mail.example.net,Aetna,W5689975,2025-12-11,,Penicillin,900-80-9525,E11.9
206676,Moreau,Beatriz,1993-05-07,F,,Cigna,U8689859,2024-06-26,,Shellfish,900-21-2068,I10
206677,Marchetti,Alden,1967-03-09,M,alden.marchetti@example.org,Aetna,W2730498,2023-10-26,,Contrast dye; Latex,900-89-5557,E11.9
206678,Delacroix,Ines,2002-07-25,F,ines.delacroix@example.com,AETNA,W6029398,2024-10-08,,Penicillin,900-14-3568,
206679,Marchetti,Sigrid,1949-07-11,F,sigrid.marchetti@example.com,Aetna,W2819235,2024-04-16,,Peanuts; Shellfish,900-57-9174,
206680,Delacroix,Piotr,1979-02-16,M,piotr.delacroix@example.org,Medicare,1EG49481197,2024-03-11,,Shellfish,900-20-1578,
206681,Aguilar,Elsa,1967-01-16,F,elsa.aguilar@mail.example.net,United Healthcare,93442030,2024-08-13,,"Latex, Penicillin",900-18-7855,I10; J45.909
206682,Baptiste,Rosa,1973-08-19,F,rosa.baptiste@example.com,Aetna,W9491972,2026-06-06,2026-12-05,Penicillin; Sulfa drugs,900-54-5031,E11.9; I10
206683,Ferreira,Alden,1985-09-15,M,alden.ferreira@example.com,Humana,H4370616,2025-08-28,,Penicillin; Sulfa drugs,900-10-1322,I10
206684,Marchetti,Everett,2016-03-27,M,everett.marchetti@example.com,Humana,H6887573,2025-03-22,,Penicillin,900-77-2285,I10
206685,Vasquez,Wendell,1999-11-01,M,,United Healthcare,94997538,2025-07-26,,NKDA,900-33-4814,
206686,Marchetti,Giulia,12/30/57,F,giulia.marchetti@example.org,Cigna,U7299648,2023-05-22,2023-07-26,,900-48-1066,
206687,Marchetti,Anya,2007-10-13,Female,anya.marchetti@example.org,Aetna,W2821477,2023-05-21,,NKDA,900-36-8856,E11.9; I10; J45.909
206688,Okafor,Naledi,1980-01-17,F,naledi.okafor@mail.example.net,Blue Cross Blue Shield of Texas,ZGP2877352,2023-11-05,,Penicillin,900-71-3113,I10
206689,Bergstrom,Margot,11/23/02,F,margot.bergstrom@example.org,Self Pay,,,,,900-31-5068,
206690,Okafor,Chidi,1938-08-11,M,chidi.okafor@example.com,Humana,H1380336,2023-10-05,,Penicillin; Sulfa drugs,900-91-7328,
206691,Osei,Emile,1959-05-14,M,emile.osei@example.com,Blue Cross Blue Shield of Texas,ZGP9820994,2023-11-04,,Penicillin,900-69-5536,E11.9; I10
206692,Osei,Femi,1955-07-01,M,femi.osei@example.com,Aetna,W5267893,2023-09-02,2025-09-11,"Latex, Penicillin",900-10-8275,I10
206693,Thorne,Femi,2003-11-15,M,femi.thorne@mail.example.net,Cigna,U7547358,2026-03-27,,Penicillin,,
206694,Ridley,Chidi,1960-12-10,MALE,chidi.ridley@example.org,United Healthcare,91676203,2024-06-08,,NKDA,900-55-5281,I10
206695,Whitfield,Ines,1981-09-21,F,ines.whitfield@example.com,United Healthcare,94484746,2024-01-26,,Shellfish,900-31-7650,
206696,Ferreira,Haruki,1981-11-04,M,,Cigna,U2748060,2024-01-22,,Contrast dye; Latex,900-94-7900,
206697,Sandoval,Ruben,1959-03-21,M,ruben.sandoval@example.com,BCBS TX,ZGP8855583,2025-01-14,,NSAIDs; Peanuts,900-62-6778,
206698,Alvarez,Ines,1983-05-20,F,ines.alvarez@example.org,UHC,99989971,2024-05-18,2026-02-23,NKDA,900-73-3848,
206699,Okafor,Rosa,1958-11-01,F,rosa.okafor@example.com,United Healthcare,97269237,2024-11-06,,Latex,,E11.9; I10
206700,Okafor,Everett,1950-03-30,M,everett.okafor@example.com,Cigna,U4454881,2024-01-09,,Penicillin,900-39-1511,
206701,Lindqvist,Julien,1974-08-10,M,julien.lindqvist@example.com,Cigna,U2428927,2025-07-10,,,,E11.9
206702,Achebe,Adriana,2010-10-26,F,,Blue Cross Blue Shield of Texas,ZGP2518695,2024-12-13,,Shellfish,900-33-7875,E11.9; I10; J45.909
206703,Vasquez,Beatriz,2001-08-19,F,beatriz.vasquez@example.com,Aetna,W8122349,2023-01-09,2022-10-05,,,
206704,Marchetti,Wendell,2009-11-17,M,,Blue Cross Blue Shield of Texas,ZGP2819721,2024-02-12,,Sulfa drugs; NSAIDs,,J45.909
206705,Sandoval,Naledi,2015-08-17,F,naledi.sandoval@example.com,Blue Cross Blue Shield of Texas,ZGP8964879,2025-10-05,,,900-34-6870,E11.9; I10
206706,Alvarez,Adriana,3/14/58,f,adriana.alvarez@example.com,Medicare,1EG41849324,2025-04-01,,,900-67-8961,I10; J45.909
206707,Ionescu,Luz,2014-12-21,F,luz.ionescu@mail.example.net,Blue Cross Blue Shield of Texas,ZGP7449121,2023-04-08,,Penicillin,900-29-2517,
206708,Osei,Julien,2006-11-02,M,,Humana,H9995864,2025-11-22,,,,I10; J45.909
206709,Achebe,Femi,1944-04-19,M,femi.achebe@example.com,United Healthcare,95321453,2026-02-09,,,900-36-3512,
206710,Nguyen,Julien,2017-07-12,M,julien.nguyen@example.com,Humana,H2605215,2024-06-21,,,900-40-9096,E11.9
206711,Nguyen,Rosa,5/7/93,F,rosa.nguyen@example.com,Medicare,1EG41646427,2024-03-11,,,900-62-7325,I10
206712,Hollis,Luz,1935-01-23,F,luz.hollis@example.com,United Healthcare,94985458,2024-04-26,,Penicillin; Sulfa drugs,,E11.9
206713,Castellanos,Ximena,1969-10-18,F,ximena.castellanos@example.com,Medicare,1EG46343903,2026-03-01,,,900-14-5097,
206714,Marchetti,Luz,1950-06-24,F,luz.marchetti@example.com,Cigna,U5641714,2023-01-03,,,900-46-5635,E11.9
206715,Alvarez,Anya,1948-03-02,F,anya.alvarez@example.com,Humana,H5714613,2023-10-30,,Penicillin; Sulfa drugs,900-64-8333,
206716,Hollis,Mateo,1935-07-26,M,mateo.hollis@example.com,Self Pay,,,,Penicillin; Sulfa drugs,900-32-4235,
206717,Marchetti,Sigrid,1967-10-17,F,sigrid.marchetti@example.org,Cigna,U8229283,2023-11-16,,NSAIDs; Peanuts,900-61-2269,J45.909
206718,Vasquez,Ruben,1985-04-20,Non-binary,ruben.vasquez@example.com,Blue Cross Blue Shield of Texas,ZGP6396175,2023-03-28,,,900-29-3335,E11.9; I10
206719,Okafor,Wendell,1946-05-31,M,wendell.okafor@mail.example.net,Blue Cross Blue Shield of Texas,ZGP7050917,2025-03-14,2026-05-26,PCN,,
206720,Achebe,Julien,1934-02-13,MALE,julien.achebe@example.com,Self Pay,,,,Peanuts; Shellfish,900-17-6579,
206721,Mbeki,Beatriz,1990-07-31,F,beatriz.mbeki@example.com,Medicare,1EG49111964,2024-12-03,,NKDA,900-92-7554,E11.9
206722,Lindqvist,Wendell,1966-12-11,m,wendell.lindqvist@mail.example.net,Blue Cross Blue Shield of Texas,ZGP1023231,2023-08-08,,NKDA,900-20-6977,I10
206723,Nguyen,Adriana,12/17/48,F,,Blue Cross Blue Shield of Texas,ZGP5204766,2023-02-12,,Contrast dye; Latex,900-81-5235,E11.9
206724,Alvarez,Vera,1983-03-26,F,vera.alvarez@mail.example.net,Aetna,W8278817,2025-12-11,2027-11-06,NKDA,900-81-8073,E11.9; I10
206725,Baptiste,Adriana,2014-11-04,F,adriana.baptiste@example.org,Blue Cross Blue Shield of Texas,ZGP2178328,2025-03-19,,Penicillin,900-86-1430,E11.9; I10
206726,Fitzgerald,Piotr,2021-04-09,M,piotr.fitzgerald@example.com,Humana,H9575146,2023-10-15,,,,J45.909
206727,Delacroix,Ruben,1995-12-07,M,ruben.delacroix@example.com,United Healthcare,98893018,2025-10-19,,NKDA,900-92-2268,J45.909
206728,Kowalski,Femi,1944-01-19,M,femi.kowalski@mail.example.net,BCBS TX,ZGP7328657,2024-08-15,,NKDA,,I10
206729,Lindqvist,Thanh,1984-09-30,U,thanh.lindqvist@example.com,Self Pay,,,,,900-70-5087,I10; J45.909
206730,Mbeki,Piotr,2022-12-30,,piotr.mbeki@example.com,Blue Cross Blue Shield of Texas,ZGP3789401,2025-11-18,2026-04-22,,900-32-1653,I10
206731,Mbeki,Ximena,2015-12-09,F,,AETNA,W2565151,2024-11-16,,,,
206732,Marchetti,Julien,1966-07-28,X,julien.marchetti@example.com,Blue Cross Blue Shield of Texas,ZGP8288815,2026-02-17,,NKDA,900-46-8522,E11.9; I10
206733,Novotny,Ximena,2006-12-05,F,ximena.novotny@mail.example.net,Medicare,1EG48078772,2026-02-21,2026-04-07,NKDA,900-36-8605,J45.909
206734,Sandoval,Luz,1996-09-14,F,,Humana,H3082694,2023-10-23,,,900-45-6327,
206735,Hollis,Margot,1957-07-05,F,margot.hollis@example.com,BCBS TX,ZGP9695596,2025-02-02,,Penicillin; Peanuts; Latex,,E11.9
206736,Delacroix,Ruben,1946-11-23,M,ruben.delacroix@mail.example.net,Medicare,1EG45857269,2023-03-20,2023-07-22,"Latex, Penicillin",900-18-3371,E11.9
206737,Lindqvist,Margot,2021-06-12,Female,margot.lindqvist@,BCBS TX,ZGP4294131,2023-05-14,,Penicillin,900-88-2086,E11.9; I10
206738,Vasquez,Elsa,10/12/15,F,elsa.vasquez@example.org,United Healthcare,92203096,2024-09-29,,Penicillin; Sulfa drugs,900-10-3947,I10; J45.909
206739,Ramirez,Kwame,2/15/59,M,kwame.ramirez@example.com,Humana,H3651828,2024-08-17,,,900-82-2211,
206740,Hollis,Beatriz,7/2/41,,beatriz.hollis@mail.example.net,Self Pay,,,,,900-84-6999,E11.9
206741,Alvarez,Haruki,1981-05-17,MALE,haruki.alvarez@example.org,United Healthcare,91634167,2025-11-01,,,900-94-7473,E11.9
206742,Baptiste,Cordelia,2/15/52,f,cordelia.baptiste@,Aetna,W8487450,2023-02-19,,NKDA,900-18-4315,I10; J45.909
206743,Escobar,Rosa,1966-09-05,Female,,BCBS TX,ZGP3347159,2026-05-28,,,900-13-1622,
206744,Vasquez,Ruben,2015-04-14,MALE,,Cigna,U9137351,2024-10-26,,Penicillin,900-76-5652,E11.9
206745,Ionescu,Mateo,1963-08-29,M,mateo.ionescu@example.org,United Healthcare,92904935,2023-03-21,,Latex,900-28-1404,
206746,Yamada,Vera,1954-07-18,F,,Medicare,1EG49824164,2023-08-16,,,900-83-6311,
206747,Lindqvist,Adriana,1931-11-07,F,adriana.lindqvist@mail.example.net,Blue Cross Blue Shield of Texas,ZGP4039803,2023-03-07,,Penicillin,900-22-6558,
206748,Kowalski,Emile,1979-06-25,m,emile.kowalski@example.com,BCBS TX,ZGP8909967,2024-01-12,,NSAIDs; Peanuts,900-37-7378,
206749,Delacroix,Everett,1962-11-29,M,everett.delacroix@example.com,UHC,91987993,2025-02-13,,Penicillin; Sulfa drugs,900-44-7893,I10
206750,Yamada,Rosa,1987-04-26,F,rosa.yamada@example.com,Medicare,1EG48118551,2025-08-09,,Penicillin,900-83-9074,
206751,Lindqvist,Naledi,1963-05-22,F,naledi.lindqvist@example.org,Aetna,W1302187,2024-01-12,,,900-14-5567,E11.9
206752,Kowalski,Camila,1971-11-24,F,camila.kowalski@example.com,Aetna,W4141084,2026-03-24,,NSAIDs; Peanuts,900-39-6675,I10
206753,Yamada,Luz,7/28/73,F,,Cigna,U3495013,2024-11-08,2025-05-17,NKDA,900-46-4487,E11.9
206754,Novotny,Anya,2019-03-13,F,anya.novotny@example.com,Medicare,1EG45701684,2024-06-08,,Shellfish,900-19-8237,
206755,Halvorsen,Kwame,1993-12-25,MALE,kwame.halvorsen@mail.example.net,Medicare,1EG44204964,2023-09-19,,,900-18-2539,
206756,Yamada,Nora,2008-01-25,F,nora.yamada@example.org,United Healthcare,96597769,2025-03-15,,Latex,,
206757,Alvarez,Ximena,2000-12-13,Female,ximena.alvarez@example.com,BCBS TX,ZGP2386552,2025-04-02,,Peanuts; Shellfish,900-86-5439,
206758,Marchetti,Everett,2008-01-14,M,everett.marchetti@mail.example.net,Medicare,1EG41349143,2025-01-29,,NKDA,900-45-7490,J45.909
206759,Delacroix,Cordelia,2006-09-17,F,cordelia.delacroix@example.com,UHC,94365402,2025-02-24,2026-05-19,Peanuts; Shellfish,900-63-8269,I10
206760,Ramirez,Camila,1984-06-22,F,camila.ramirez@example.com,UHC,95112477,2023-01-20,,,900-27-9962,
206761,Marchetti,Beatriz,1960-06-25,F,beatriz.marchetti@mail.example.net,Aetna,W7807446,2025-06-09,2025-11-19,Latex,900-14-5639,J45.909
206762,Delacroix,Thanh,1967-02-09,F,thanh.delacroix@example.com,Medicare,1EG46031123,2025-10-04,2024-09-13,Penicillin,,E11.9; I10
206763,Baptiste,Giulia,1942-09-15,F,giulia.baptiste@example.com,BCBS TX,ZGP5193750,2025-11-21,,Latex,900-95-9463,
206764,Mbeki,Kwame,1979-04-25,M,kwame.mbeki@mail.example.net,Aetna,W4956251,2023-07-21,,,900-98-1541,I10; J45.909
206765,Mbeki,Sigrid,2001-04-25,F,sigrid.mbeki@example.com,Blue Cross Blue Shield of Texas,ZGP2236199,2023-05-11,,Penicillin,900-83-9791,
206766,Osei,Sigrid,2018-02-24,F,sigrid.osei@mail.example.net,Aetna,W8474779,2023-08-31,,Peanuts; Shellfish,900-45-3661,
206767,Vasquez,Luz,1934-06-22,F,luz.vasquez@example.org,Humana,H4745551,2025-10-16,,Shellfish,900-69-9882,I10
206768,Alvarez,Julien,2002-12-09,M,julien.alvarez@example.com,Medicare,1EG48634140,2023-10-17,,Peanuts; Shellfish,900-13-1802,
206769,Sandoval,Margot,1952-11-07,U,,Cigna,U7181539,2026-02-04,,,900-62-5563,E11.9
206770,Thorne,Ximena,1987-10-14,F,ximena.thorne@example.com,United Healthcare,92667240,2025-01-27,2026-11-01,,900-48-5530,
206771,Thorne,Ximena,2014-02-05,F,ximena.thorne@mail.example.net,United Healthcare,98162231,2023-05-18,,,900-62-3943,E11.9; I10
206772,Halvorsen,Emile,9/5/31,M,,Aetna,W8670694,2026-01-29,,Penicillin,,I10
206773,Baptiste,Julien,2012-02-28,m,,Cigna,U2025569,2025-08-03,,Peanuts; Shellfish,900-30-3560,E11.9; I10; J45.909
206774,Petrov,Naledi,1990-08-13,F,,Medicare,1EG44015040,2026-01-21,,Sulfa drugs; NSAIDs,900-38-9743,
206775,Delacroix,Beatriz,1931-11-19,F,beatriz.delacroix@example.com,Humana,H9098049,2023-12-11,,NKDA,900-94-4687,
206776,Osei,Cordelia,6/28/76,f,cordelia.osei@example.com,Blue Cross Blue Shield of Texas,ZGP6734599,2024-12-16,,,900-46-6822,E11.9
206777,Halvorsen,Giulia,1962-11-01,F,,AETNA,W7338069,2024-11-01,2027-02-08,,900-15-5838,E11.9
206778,Baptiste,Luz,7/18/69,F,luz.baptiste@example.com,United Healthcare,91542832,2025-07-22,,Penicillin,900-95-6432,
206779,Whitfield,Chidi,1935-11-10,M,chidi.whitfield@example.com,United Healthcare,95817606,2026-02-16,,,900-41-5207,E11.9; I10
206780,Petrov,Emile,1995-08-22,M,emile.petrov@example.com,Medicare,1EG45779330,2025-05-17,,Penicillin,,
206781,Alvarez,Everett,1998-03-07,M,everett.alvarez@example.com,Blue Cross Blue Shield of Texas,ZGP4752867,2023-04-18,,Penicillin,900-37-8548,I10
206782,Aguilar,Femi,1985-10-09,M,femi.aguilar@example.com,Medicare,1EG43563752,2024-08-28,,,900-36-7534,I10
206783,Moreau,Wendell,1993-08-10,M,wendell.moreau@example.com,Blue Cross Blue Shield of Texas,ZGP7081427,2023-02-02,,,900-99-5691,E11.9; I10
206784,Achebe,Ines,1/25/49,F,,Medicare,1EG49304875,2025-08-25,,NKDA,900-61-6617,J45.909
206785,Bergstrom,Ximena,2012-03-26,X,ximena.bergstrom@mail.example.net,Blue Cross Blue Shield of Texas,ZGP3134546,2025-07-31,,PCN,900-53-2736,I10
206786,Castellanos,Cordelia,2018-11-06,F,cordelia.castellanos@example.com,Self Pay,,,,Penicillin,900-97-6181,I10
206787,Petrov,Thanh,2/13/22,Female,thanh.petrov@example.com,Aetna,W6038042,2026-01-27,,PCN,,E11.9
206788,Bergstrom,Anya,1958-02-28,Female,anya.bergstrom@mail.example.net,Blue Cross Blue Shield of Texas,ZGP6114669,2024-04-01,,Latex,,E11.9
206789,Nguyen,Naledi,1972-11-09,F,naledi.nguyen@example.com,United Healthcare,93159447,2024-06-07,,Sulfa drugs; NSAIDs,900-28-2601,I10
206790,Moreau,Nora,1971-09-06,F,nora.moreau@example.com,BCBS TX,ZGP4039031,2024-09-19,2024-12-22,"Latex, Penicillin",900-84-3793,E11.9; I10
206791,Escobar,Luz,1967-05-29,,,Medicare,1EG43751408,2024-08-05,,,900-76-6981,I10
206792,Escobar,Vera,1986-12-07,F,vera.escobar@example.com,Aetna,W5090957,2023-10-01,,,900-10-3816,I10
206793,Marchetti,Elsa,1959-11-03,Female,elsa.marchetti@mail.example.net,Cigna,U6730321,2023-07-20,2024-08-20,,,
206794,Petrov,Haruki,2023-06-28,M,,Cigna,U5950229,2026-01-20,,Penicillin; Sulfa drugs,900-21-1616,E11.9
206795,Sandoval,Giulia,2022-02-27,f,giulia.sandoval@example.org,Cigna,U6490220,2023-10-13,2024-02-19,NKDA,900-84-5915,I10
206796,Novotny,Kwame,1954-01-02,M,kwame.novotny@mail.example.net,BCBS TX,ZGP3450861,2024-05-26,,Sulfa drugs; NSAIDs,900-74-3288,E11.9
206797,Hollis,Beatriz,1984-11-30,F,beatriz.hollis@mail.example.net,BCBS TX,ZGP6001786,2025-10-02,,PCN,900-18-7235,
206798,Ramirez,Sigrid,2005-09-30,F,sigrid.ramirez@example.com,Medicare,1EG41400326,2023-02-11,,PCN,900-49-2817,E11.9
206799,Novotny,Everett,1975-01-25,m,everett.novotny@example.com,Aetna,W4366314,2025-12-16,,,900-72-3929,I10
206800,Delacroix,Alden,2013-12-22,M,alden.delacroix@mail.example.net,UHC,94923234,2023-08-10,,Latex,900-29-6637,E11.9
206801,Okafor,Bjorn,1976-04-30,M,bjorn.okafor@mail.example.net,United Healthcare,91142367,2025-03-01,2023-10-18,PCN,900-31-8990,E11.9; I10
206802,Bergstrom,Alden,2003-06-26,M,,Blue Cross Blue Shield of Texas,ZGP3339785,2026-04-28,,,900-76-8464,
206803,Castellanos,Luz,1963-01-28,Female,luz.castellanos@example.com,Cigna,U5170417,2025-07-15,,Latex,900-48-5914,
206804,Escobar,Vera,1961-05-05,F,vera.escobar@mail.example.net,Medicare,1EG43142713,2024-04-09,,Sulfa drugs; NSAIDs,900-94-1877,J45.909
206805,Baptiste,Wendell,1939-10-14,X,wendell.baptiste@example.com,Medicare,1EG42219893,2024-02-29,,Peanuts; Shellfish,900-15-8587,E11.9
206806,Achebe,Piotr,2005-07-31,M,,United Healthcare,98709767,2024-05-26,,Penicillin,900-35-2304,I10; J45.909
206807,Marchetti,Emile,2008-02-11,M,emile.marchetti@mail.example.net,Aetna,W7919059,2024-09-11,,,900-69-8376,
206808,Halvorsen,Wendell,1955-12-28,M,wendell.halvorsen@mail.example.net,Medicare,1EG43952462,2025-07-11,,Penicillin; Sulfa drugs,,E11.9
206809,Ridley,Beatriz,1967-09-26,F,beatriz.ridley@example.com,UHC,95705854,2026-03-12,,,900-95-9478,I10; J45.909
206810,Ramirez,Adriana,1940-02-22,F,adriana.ramirez@example.org,AETNA,W1417067,2024-01-13,,Penicillin,900-95-1025,J45.909
206811,Ionescu,Haruki,1943-11-11,M,haruki.ionescu@example.com,United Healthcare,92703954,2024-05-11,,Penicillin,900-84-1914,E11.9
206812,Ferreira,Kwame,1932-10-13,M,kwame.ferreira@example.com,AETNA,W4683246,2023-09-17,,Penicillin; Sulfa drugs,900-54-7876,I10
206813,Yamada,Giulia,2012-11-05,F,giulia.yamada@example.com,Medicare,1EG45778011,2023-07-07,,,,E11.9; I10
206814,Fitzgerald,Ines,1970-05-30,F,ines.fitzgerald@example.com,Aetna,W4973331,2025-12-02,,,,J45.909
206815,Nguyen,Ximena,1956-03-13,F,,Aetna,W9555405,2023-07-10,,,900-11-4218,
206816,Bergstrom,Vera,1962-02-12,F,vera.bergstrom@example.org,Blue Cross Blue Shield of Texas,ZGP4260467,2025-07-25,2027-01-11,Penicillin; Sulfa drugs,900-61-2874,
206817,Novotny,Ximena,1946-02-11,F,ximena.novotny@example.org,BCBS TX,ZGP8107433,2023-10-14,,,900-73-6571,E11.9; I10
206818,Bergstrom,Ruben,1947-08-30,M,ruben.bergstrom@example.com,BCBS TX,ZGP7506967,2023-11-17,,NKDA,900-66-5213,I10
206819,Bergstrom,Margot,2015-05-01,F,margot.bergstrom@,Blue Cross Blue Shield of Texas,ZGP1521922,2025-10-13,,,900-54-7789,
206820,Castellanos,Haruki,1951-11-26,MALE,haruki.castellanos@example.com,BCBS TX,ZGP1930735,2026-05-26,,NSAIDs; Peanuts,,
206821,Halvorsen,Chidi,2014-09-18,M,chidi.halvorsen@example.com,Aetna,W6894299,2026-06-13,,,900-59-1933,E11.9
206822,Novotny,Julien,1962-02-07,M,julien.novotny@example.org,United Healthcare,99456735,2025-08-05,,Penicillin,900-89-7492,E11.9; I10
206823,Alvarez,Chidi,2013-10-17,M,chidi.alvarez@mail.example.net,United Healthcare,91276857,2025-05-23,,NKDA,900-33-1216,I10
206824,Okafor,Julien,2020-08-21,m,julien.okafor@example.org,United Healthcare,96040571,2026-01-14,,PCN,900-37-9941,E11.9; I10
206825,Ferreira,Nora,1953-10-21,Female,nora.ferreira@example.com,Self Pay,,,,NKDA,900-93-8576,I10
206826,Alvarez,Bjorn,1969-04-15,M,bjorn.alvarez@example.com,Medicare,1EG42519538,2023-11-08,2026-03-24,Latex,900-91-9175,E11.9; I10
206827,Halvorsen,Rosa,2021-01-31,,rosa.halvorsen@example.com,Self Pay,,,,NKDA,900-14-4929,E11.9; I10
206828,Mbeki,Vera,2002-03-03,Female,vera.mbeki@mail.example.net,Cigna,U6843810,2024-05-22,,,900-27-5164,
206829,Aguilar,Wendell,1998-10-29,MALE,wendell.aguilar@example.com,BCBS TX,ZGP5615325,2023-08-04,,,900-41-8046,J45.909
206830,Ramirez,Kwame,2006-06-17,M,kwame.ramirez@example.org,Medicare,1EG41533555,2024-01-26,,,900-71-3297,I10
206831,Whitfield,Mateo,1964-04-29,M,mateo.whitfield@example.com,Self Pay,,,,Sulfa drugs; NSAIDs,,E11.9; I10
206832,Castellanos,Anya,1991-07-23,F,,Blue Cross Blue Shield of Texas,ZGP2764476,2026-04-20,2027-12-08,Penicillin,900-19-2235,I10
206833,Delacroix,Thanh,1985-05-10,,thanh.delacroix@example.com,Blue Cross Blue Shield of Texas,ZGP1912285,2023-09-11,,Penicillin,,J45.909
206834,Marchetti,Haruki,1934-06-24,MALE,haruki.marchetti@example.com,Cigna,U3710212,2023-01-11,,,900-84-8104,
206835,Vasquez,Emile,1971-08-10,M,emile.vasquez@mail.example.net,United Healthcare,92807516,2025-12-23,,,900-93-8181,
206836,Novotny,Vera,1998-12-07,F,,Blue Cross Blue Shield of Texas,ZGP3831314,2023-08-13,,NSAIDs; Peanuts,900-51-9292,E11.9; I10; J45.909
206837,Lindqvist,Nora,2008-09-15,F,nora.lindqvist@example.com,Medicare,1EG44276851,2023-11-10,,Sulfa drugs; NSAIDs,900-17-6225,E11.9; I10; J45.909
206838,Ridley,Naledi,1962-01-31,F,,Aetna,W5221955,2024-04-01,,,900-47-2619,J45.909
206839,Ionescu,Nora,2021-11-19,Female,nora.ionescu@example.com,Blue Cross Blue Shield of Texas,ZGP4133999,2025-04-12,,NSAIDs; Peanuts,900-13-4307,I10
206840,Mbeki,Rosa,1997-04-10,F,,United Healthcare,91092249,2026-01-24,2026-11-09,Penicillin; Sulfa drugs,900-46-3228,E11.9
206841,Moreau,Giulia,1937-10-13,F,giulia.moreau@example.org,Blue Cross Blue Shield of Texas,ZGP9014949,2024-03-11,,Penicillin; Sulfa drugs,900-52-1935,
206842,Ramirez,Bjorn,2/14/89,MALE,bjorn.ramirez@example.com,United Healthcare,97780789,2025-07-06,2026-05-07,,900-92-6132,I10
206843,Halvorsen,Everett,1967-05-10,MALE,everett.halvorsen@example.com,Medicare,1EG47816278,2024-05-10,,Penicillin; Peanuts; Latex,900-79-1035,J45.909
206844,Escobar,Haruki,1949-12-13,M,haruki.escobar@mail.example.net,United Healthcare,95038602,2024-08-05,,Penicillin; Peanuts; Latex,900-59-6374,E11.9; I10
206845,Novotny,Margot,1941-10-01,F,,UHC,97616942,2023-05-05,,Peanuts; Shellfish,900-70-9410,
206846,Aguilar,Ines,1948-08-11,F,,United Healthcare,96554263,2024-04-21,,Penicillin; Peanuts; Latex,900-42-3080,I10; J45.909
206847,Baptiste,Beatriz,1984-09-02,Female,,Aetna,W6171980,2024-11-24,,Peanuts; Shellfish,900-65-3801,J45.909
206848,Yamada,Mateo,1956-11-04,m,mateo.yamada@example.org,Self Pay,,,,Shellfish,900-18-7819,E11.9
206849,Achebe,Chidi,1951-11-18,MALE,chidi.achebe@mail.example.net,United Healthcare,99550651,2024-12-13,2027-04-08,Sulfa drugs; NSAIDs,900-91-4419,
206850,Baptiste,Piotr,1986-03-05,MALE,,Cigna,U5718876,2024-06-24,,,900-27-9308,I10
206851,Nguyen,Vera,1941-03-29,Non-binary,,Aetna,W3573810,2023-12-29,,Latex,900-14-7691,J45.909
206852,Lindqvist,Wendell,1948-06-30,M,wendell.lindqvist@example.com,Self Pay,,,,PCN,900-81-3151,I10; J45.909
206853,Fitzgerald,Naledi,1973-09-01,f,naledi.fitzgerald@example.com,Aetna,W3864757,2024-01-02,2025-02-06,,900-80-4001,J45.909
206854,Yamada,Julien,1974-07-10,M,julien.yamada@example.com,United Healthcare,94061488,2024-04-22,,NKDA,900-87-4872,
206855,Osei,Rosa,1999-04-24,F,,Cigna,U9043930,2026-05-01,,Shellfish,900-94-5984,
206856,Novotny,Chidi,2000-04-27,M,chidi.novotny@mail.example.net,Cigna,U7224742,2023-12-18,,,900-29-9882,J45.909
206857,Ionescu,Ruben,2004-08-25,m,ruben.ionescu@example.com,Medicare,1EG41210591,2025-04-07,,Penicillin,900-75-6752,E11.9; I10
206858,Yamada,Luz,1977-12-29,F,,Cigna,U3368643,2023-01-22,,Sulfa drugs; NSAIDs,900-70-6920,E11.9; I10
206859,Escobar,Piotr,1938-12-30,M,,Humana,H6854657,2025-08-12,,NKDA,900-70-8007,E11.9
206860,Bergstrom,Nora,1958-07-26,Female,nora.bergstrom@example.org,Cigna,U9961080,2023-02-17,,Peanuts; Shellfish,900-72-9471,
206861,Hollis,Ruben,1960-12-28,M,ruben.hollis@example.com,Aetna,W6102700,2025-09-17,,Penicillin,900-88-1847,E11.9; I10
206862,Ridley,Kwame,1978-02-12,M,kwame.ridley@example.com,Medicare,1EG49753545,2026-01-17,,NSAIDs; Peanuts,900-66-1303,
206863,Lindqvist,Elsa,1956-07-18,F,elsa.lindqvist@example.com,Blue Cross Blue Shield of Texas,ZGP9070075,2024-10-31,2025-09-21,Penicillin; Peanuts; Latex,900-55-4334,E11.9
206864,Halvorsen,Rosa,1986-05-27,f,rosa.halvorsen@example.com,BCBS TX,ZGP6425249,2023-11-09,,PCN,,
206865,Castellanos,Giulia,1993-10-28,F,giulia.castellanos@example.com,BCBS TX,ZGP2473464,2025-11-07,,,,I10; J45.909
206866,Hollis,Bjorn,1931-10-17,M,bjorn.hollis@example.com,Aetna,W8790261,2024-03-04,,Penicillin,900-78-1502,
206867,Baptiste,Ruben,1966-04-14,M,ruben.baptiste@example.com,Blue Cross Blue Shield of Texas,ZGP5715137,2023-08-15,,,900-99-3266,E11.9
206868,Alvarez,Anya,1984-10-21,F,anya.alvarez@mail.example.net,Self Pay,,,,Penicillin,,
206869,Ramirez,Elsa,2001-04-23,F,elsa.ramirez@example.com,Blue Cross Blue Shield of Texas,ZGP2873135,2024-06-20,2025-05-31,,900-92-1762,
206870,Osei,Luz,2003-05-16,F,luz.osei@example.com,UHC,96824753,2024-02-01,2026-03-11,,,J45.909
206871,Petrov,Wendell,1937-01-21,MALE,wendell.petrov@example.org,AETNA,W9618273,2023-01-17,,NKDA,900-81-8710,
206872,Kowalski,Wendell,1944-05-21,M,,Aetna,W9364351,2024-04-08,2025-12-02,Penicillin; Sulfa drugs,900-94-9157,
206873,Delacroix,Rosa,1953-09-27,F,rosa.delacroix@example.com,Humana,H7371475,2025-05-24,,,900-84-2772,
206874,Okafor,Adriana,1976-10-30,F,adriana.okafor@example.org,Aetna,W9139864,2024-04-14,2026-07-04,Penicillin; Peanuts; Latex,900-62-1989,
206875,Hollis,Ximena,2017-02-05,F,,United Healthcare,97741322,2023-10-28,,PCN,900-93-8784,J45.909
206876,Escobar,Vera,5/5/59,Female,vera.escobar@example.com,UHC,95070601,2024-10-13,,Latex,900-56-7562,E11.9
206877,Mbeki,Kwame,1968-05-26,M,kwame.mbeki@example.com,UHC,91492439,2024-10-03,,PCN,900-15-7944,E11.9; I10
206878,Achebe,Thanh,1932-02-05,F,thanh.achebe@example.com,Blue Cross Blue Shield of Texas,ZGP1320642,2025-08-04,,,900-37-5904,E11.9; I10; J45.909
206879,Ferreira,Giulia,2024-06-24,F,,Medicare,1EG47679464,2026-01-02,,Penicillin; Sulfa drugs,,E11.9
206880,Ridley,Anya,1974-04-08,F,anya.ridley@mail.example.net,Medicare,1EG48958027,2023-10-21,2024-11-05,Contrast dye; Latex,,E11.9
206881,Yamada,Thanh,2002-04-08,F,,Medicare,1EG43453253,2023-10-19,,Shellfish,900-71-2366,
206882,Ramirez,Ruben,1992-12-25,M,ruben.ramirez@example.org,Blue Cross Blue Shield of Texas,ZGP9866808,2025-08-10,,,900-26-7105,E11.9; I10
206883,Sandoval,Julien,1939-08-19,m,,Cigna,U2800248,2024-02-01,,Latex,900-38-9792,
206884,Yamada,Vera,1951-10-07,F,vera.yamada@example.org,Cigna,U9656764,2023-09-13,,Latex,900-48-3294,J45.909
206885,Castellanos,Giulia,2005-05-09,F,giulia.castellanos@example.com,UHC,94380392,2023-09-09,,,900-31-5166,I10
206886,Bergstrom,Thanh,2015-04-16,F,thanh.bergstrom@example.com,Cigna,U3527539,2024-04-08,,Contrast dye; Latex,900-46-1416,E11.9; I10; J45.909
206887,Yamada,Kwame,1949-05-11,M,kwame.yamada@example.com,Medicare,1EG45491470,2023-10-27,,NKDA,900-18-1073,
206888,Lindqvist,Cordelia,2001-02-17,F,cordelia.lindqvist@example.org,Aetna,W7522548,2023-12-19,,Penicillin,,
206889,Marchetti,Nora,1971-12-03,F,nora.marchetti@example.com,Humana,H4419792,2026-02-23,2027-04-08,NKDA,900-38-5090,I10
206890,Yamada,Thanh,1956-07-10,F,,Blue Cross Blue Shield of Texas,ZGP4021382,2023-02-11,2025-01-15,,,E11.9; I10
206891,Vasquez,Julien,2018-10-18,MALE,,BCBS TX,ZGP5082661,2024-08-04,2026-10-20,Latex,900-31-8472,E11.9; I10
206892,Osei,Elsa,1994-04-11,Female,elsa.osei@example.com,Humana,H6517928,2025-01-03,,Contrast dye; Latex,900-26-7562,E11.9; I10
206893,Bergstrom,Anya,1970-02-05,F,anya.bergstrom@mail.example.net,Aetna,W1099869,2024-06-08,2026-10-07,,900-65-8893,I10
206894,Osei,Haruki,1990-03-19,M,haruki.osei@example.com,United Healthcare,91482556,2024-03-20,,Latex,900-19-4831,E11.9
206895,Osei,Adriana,2020-06-01,Female,,United Healthcare,99389873,2025-08-27,,NKDA,900-30-4318,I10; J45.909
206896,Okafor,Cordelia,2007-12-01,F,,Blue Cross Blue Shield of Texas,ZGP1295366,2024-11-13,,,900-95-5098,I10
206897,Escobar,Vera,10/20/67,Female,,Medicare,1EG49456704,2025-10-12,2026-08-12,,,E11.9; I10
206898,Ramirez,Haruki,1981-02-11,MALE,haruki.ramirez@example.com,Blue Cross Blue Shield of Texas,ZGP7182025,2023-01-23,,PCN,900-52-3452,
206899,Moreau,Ines,1971-08-12,F,ines.moreau@example.com,UHC,98716602,2026-05-01,,Penicillin; Sulfa drugs,900-24-6909,I10
206900,Thorne,Elsa,3/30/08,Female,elsa.thorne@example.com,United Healthcare,91399813,2023-07-14,,,900-38-3572,
206901,Marchetti,Ines,1937-09-09,Female,ines.marchetti@example.com,Cigna,U1632700,2023-12-03,,,900-23-2050,E11.9; I10
206902,Nguyen,Piotr,1936-06-23,M,piotr.nguyen@mail.example.net,United Healthcare,93659846,2024-05-22,,NKDA,900-57-9004,
206903,Halvorsen,Alden,1980-09-25,m,alden.halvorsen@example.com,Humana,H5311427,2026-06-02,,PCN,900-68-3085,E11.9; I10; J45.909
205119,Bergstrom,Chidi,2009-12-01,M,,UHC,99226271,2025-05-20,,,900-26-6875,I10; J45.909
206905,Thorne,Vera,1960-07-08,F,,Blue Cross Blue Shield of Texas,ZGP8869101,2024-02-16,,,900-95-8789,
206906,Escobar,Mateo,1943-03-28,M,mateo.escobar@mail.example.net,BCBS TX,ZGP7377881,2023-10-05,,NSAIDs; Peanuts,900-79-2108,
206907,Whitfield,Camila,1957-06-26,Female,camila.whitfield@example.com,Aetna,W6952844,2025-06-24,,,900-23-6005,E11.9
206908,Ridley,Chidi,1987-07-10,M,,Medicare,1EG44644935,2024-02-06,,Penicillin; Sulfa drugs,900-93-5342,I10
206909,Hollis,Adriana,1943-05-19,F,adriana.hollis@mail.example.net,Humana,H9555696,2023-06-28,,NKDA,900-21-4027,I10; J45.909
206910,Achebe,Mateo,2002-09-26,M,,Aetna,W1725190,2023-04-20,,"Latex, Penicillin",900-63-1811,E11.9; I10; J45.909
206911,Hollis,Sigrid,1932-03-08,F,sigrid.hollis@mail.example.net,Self Pay,,,,Peanuts; Shellfish,900-11-6712,
206912,Escobar,Femi,1968-04-17,X,femi.escobar@example.com,Humana,H6471571,2023-01-27,,NKDA,900-11-8756,J45.909
206913,Okafor,Adriana,1966-09-08,F,adriana.okafor@example.com,Self Pay,,,,NKDA,900-61-5048,E11.9
206914,Delacroix,Alden,1994-12-08,M,alden.delacroix@example.com,United Healthcare,98311249,2024-12-09,,Latex,900-67-2822,
206915,Thorne,Vera,1978-08-17,F,,United Healthcare,97689832,2025-01-11,,Penicillin,900-62-3686,I10
206916,Ridley,Ruben,1956-05-17,M,,United Healthcare,91773572,2025-09-15,,Penicillin; Sulfa drugs,,E11.9; I10; J45.909
206917,Sandoval,Ines,1981-10-02,f,ines.sandoval@example.org,Humana,H2413527,2024-10-07,,Penicillin,900-99-1856,J45.909
206918,Bergstrom,Naledi,1950-06-14,f,naledi.bergstrom@example.com,Medicare,1EG44390898,2023-03-24,,,900-12-6723,I10; J45.909
206919,Sandoval,Camila,10/6/70,F,,UHC,95258482,2026-05-29,,Contrast dye; Latex,,E11.9; I10; J45.909
206920,Osei,Piotr,2014-04-27,M,piotr.osei@example.com,Humana,H1344908,2025-03-24,,Peanuts; Shellfish,900-25-7762,E11.9
206921,Bergstrom,Piotr,1958-04-21,MALE,piotr.bergstrom@example.com,UHC,91678981,2023-04-02,,Penicillin; Sulfa drugs,900-81-8889,E11.9
206922,Yamada,Everett,2/18/74,M,everett.yamada@mail.example.net,Cigna,U3300539,2025-05-14,,Shellfish,900-52-2296,
206923,Bergstrom,Luz,1993-12-09,,luz.bergstrom@example.com,Aetna,W1460668,2025-06-09,,Penicillin; Peanuts; Latex,900-94-2826,
206924,Ramirez,Bjorn,2021-07-30,M,bjorn.ramirez@mail.example.net,Cigna,U4540778,2024-12-05,,,900-30-4737,E11.9
206925,Ferreira,Femi,2009-05-29,M,femi.ferreira@example.org,Blue Cross Blue Shield of Texas,ZGP2552756,2025-11-18,,,900-82-1731,I10
206926,Escobar,Naledi,1991-09-03,Female,naledi.escobar@mail.example.net,Medicare,1EG46112351,2025-09-18,,Penicillin,,E11.9; I10
206927,Petrov,Giulia,8/24/55,F,giulia.petrov@example.com,Blue Cross Blue Shield of Texas,ZGP5473137,2023-10-30,,,900-42-3557,
206928,Delacroix,Camila,6/9/01,F,,Cigna,U1088676,2025-09-16,,,900-50-9987,I10; J45.909
206929,Baptiste,Nora,1949-07-05,,nora.baptiste@example.com,Medicare,1EG47331831,2023-03-16,2024-05-24,Shellfish,900-71-6628,
206930,Alvarez,Adriana,1999-09-03,F,adriana.alvarez@example.com,Cigna,U7611842,2024-07-08,,Penicillin,,
206931,Lindqvist,Camila,1991-01-13,F,camila.lindqvist@mail.example.net,Aetna,W8644949,2025-07-13,,Shellfish,900-28-7535,I10
206932,Thorne,Margot,1945-10-26,F,margot.thorne@example.com,Medicare,1EG46141631,2025-05-31,,Contrast dye; Latex,900-78-9428,
206933,Osei,Elsa,1993-05-05,Female,elsa.osei@example.org,AETNA,W6065597,2025-02-07,,Penicillin,900-19-3962,J45.909
206934,Halvorsen,Alden,1971-01-05,Non-binary,alden.halvorsen@example.com,Aetna,W2141477,2024-06-07,,,900-10-9013,E11.9
206935,Halvorsen,Femi,2024-05-03,M,femi.halvorsen@mail.example.net,Medicare,1EG45786950,2024-04-09,,Penicillin,900-59-7801,E11.9; I10
206936,Moreau,Julien,2003-01-08,M,julien.moreau@mail.example.net,UHC,93528210,2026-03-22,,NKDA,900-62-6504,I10
206937,Castellanos,Elsa,1970-10-10,F,elsa.castellanos@mail.example.net,Aetna,W5958338,2023-03-26,,Contrast dye; Latex,900-52-5428,
206938,Thorne,Femi,1964-05-28,M,femi.thorne@example.com,Cigna,U7513364,2025-02-14,,Penicillin,900-95-5957,
206939,Sandoval,Chidi,1960-10-09,M,chidi.sandoval@example.com,UHC,95799357,2024-11-04,2025-02-26,,,
206940,Marchetti,Haruki,1960-03-09,M,haruki.marchetti@example.com,United Healthcare,95438193,2024-11-20,,NKDA,900-60-9218,
206941,Yamada,Piotr,1953-11-25,MALE,piotr.yamada@,United Healthcare,96850793,2024-09-23,,PCN,,E11.9
206942,Ramirez,Nora,1971-10-05,F,,United Healthcare,98718984,2024-03-02,2026-07-05,,900-92-6741,
206943,Marchetti,Camila,1972-03-05,F,,Cigna,U1425847,2024-04-28,,,900-94-1194,E11.9
206944,Ridley,Ruben,1982-09-08,M,ruben.ridley@example.com,Aetna,W2790415,2025-06-14,,,900-82-3600,E11.9
206945,Nguyen,Cordelia,2007-03-11,F,cordelia.nguyen@example.com,United Healthcare,94305197,2025-12-25,,PCN,900-67-2961,
206946,Bergstrom,Ines,1996-07-12,Non-binary,,BCBS TX,ZGP4256883,2023-05-04,,Penicillin,900-44-6806,E11.9; I10; J45.909
206947,Fitzgerald,Vera,1955-02-24,F,vera.fitzgerald@example.com,Aetna,W2189805,2024-08-09,,Shellfish,,E11.9; I10; J45.909
206948,Lindqvist,Naledi,1939-02-03,F,naledi.lindqvist@example.org,Aetna,W8051216,2025-10-21,2027-12-27,Latex,,I10
206949,Castellanos,Naledi,1974-10-15,Female,naledi.castellanos@example.com,BCBS TX,ZGP1533300,2024-08-17,,Penicillin; Peanuts; Latex,900-49-4292,E11.9; I10
206950,Fitzgerald,Wendell,2001-11-22,M,wendell.fitzgerald@mail.example.net,United Healthcare,98352156,2024-06-16,,NKDA,900-99-5950,J45.909
206951,Yamada,Piotr,2000-12-27,M,,Cigna,U1835087,2025-09-12,,NKDA,900-68-3268,E11.9
206952,Achebe,Margot,1957-10-22,F,margot.achebe@mail.example.net,Blue Cross Blue Shield of Texas,ZGP5390138,2023-10-30,,Sulfa drugs; NSAIDs,900-61-5811,E11.9
206953,Alvarez,Mateo,1987-06-18,M,mateo.alvarez@example.com,United Healthcare,92408070,2025-01-16,,,900-53-3969,
206954,Baptiste,Emile,2021-04-25,m,emile.baptiste@mail.example.net,United Healthcare,96407647,2025-10-10,,NKDA,900-65-2291,I10
206955,Ramirez,Wendell,1938-07-17,M,wendell.ramirez@mail.example.net,Humana,H9775573,2024-05-23,,Shellfish,900-30-1906,I10
206956,Novotny,Wendell,2020-02-20,M,wendell.novotny@example.org,United Healthcare,95382048,2025-12-17,,,900-13-6162,
206957,Thorne,Femi,1989-02-17,M,,Aetna,W9370518,2024-01-16,,,900-24-9218,
206958,Sandoval,Emile,1935-04-14,M,,United Healthcare,95385481,2024-03-10,,NKDA,900-51-2018,
206959,Escobar,Chidi,2021-06-09,M,,Aetna,W9277541,2023-01-01,2024-09-27,NKDA,900-26-9435,
206960,Achebe,Everett,2016-03-02,M,everett.achebe@example.com,United Healthcare,95788269,2024-06-06,,NKDA,900-27-5422,
206961,Novotny,Ximena,1932-06-20,Female,ximena.novotny@example.org,AETNA,W8281206,2023-07-03,,NKDA,900-35-2788,
206962,Moreau,Piotr,1999-11-14,M,piotr.moreau@example.org,United Healthcare,91287190,2023-10-05,,Peanuts; Shellfish,900-73-7120,E11.9
206963,Ionescu,Margot,1945-11-08,F,margot.ionescu@mail.example.net,Self Pay,,,,,900-45-9790,J45.909
206964,Kowalski,Cordelia,1933-01-13,f,cordelia.kowalski@example.org,Blue Cross Blue Shield of Texas,ZGP7848771,2026-03-17,,Peanuts; Shellfish,900-90-5758,E11.9
206965,Petrov,Cordelia,1985-06-15,f,,Blue Cross Blue Shield of Texas,ZGP6062705,2025-08-02,,Sulfa drugs; NSAIDs,900-70-9932,E11.9
206966,Hollis,Vera,7/8/38,F,vera.hollis@mail.example.net,United Healthcare,94175672,2024-05-10,,Penicillin; Sulfa drugs,900-20-1518,
206967,Aguilar,Elsa,2006-12-26,Female,elsa.aguilar@example.com,Humana,H2659374,2026-03-18,,Sulfa drugs; NSAIDs,900-94-8922,
206968,Kowalski,Haruki,2003-09-25,M,haruki.kowalski@example.com,Blue Cross Blue Shield of Texas,ZGP7927647,2023-03-06,,Sulfa drugs; NSAIDs,900-53-2961,E11.9; I10
206969,Mbeki,Wendell,1985-05-28,M,wendell.mbeki@example.com,Self Pay,,,,,900-21-6751,I10
206970,Ferreira,Elsa,2017-12-11,f,elsa.ferreira@example.org,Humana,H3044438,2023-12-06,2024-07-27,NSAIDs; Peanuts,900-80-7569,
206971,Achebe,Julien,1993-03-17,M,julien.achebe@example.com,Cigna,U1528117,2025-05-30,,NSAIDs; Peanuts,900-91-6410,
206972,Nguyen,Giulia,1959-11-01,F,giulia.nguyen@example.org,BCBS TX,ZGP8778053,2025-07-19,,,900-52-3637,I10
206973,Delacroix,Thanh,2005-11-13,F,,United Healthcare,96526348,2025-09-01,,,,
206974,Okafor,Nora,1957-01-24,f,nora.okafor@example.org,Self Pay,,,,Penicillin; Peanuts; Latex,900-44-8896,
206975,Ridley,Haruki,1970-11-30,MALE,haruki.ridley@mail.example.net,Self Pay,,,,NKDA,900-55-7726,
206976,Yamada,Nora,1990-05-11,F,nora.yamada@mail.example.net,Aetna,W7008083,2023-04-14,,,900-33-2164,E11.9; I10; J45.909
206977,Thorne,Everett,1940-06-08,m,everett.thorne@example.com,Cigna,U5649534,2025-06-12,,,,
206978,Halvorsen,Ruben,1938-01-23,M,ruben.halvorsen@example.com,Blue Cross Blue Shield of Texas,ZGP1063937,2025-04-11,,,900-52-9545,
206979,Bergstrom,Margot,2018-09-06,f,,Medicare,1EG46036916,2025-11-18,2026-05-01,,900-62-7994,I10
206980,Hollis,Giulia,1942-03-28,F,giulia.hollis@mail.example.net,Medicare,1EG49845767,2023-11-12,2025-09-01,,900-68-8609,J45.909
206981,Castellanos,Ines,1958-08-27,F,ines.castellanos@example.com,United Healthcare,98965277,2023-12-08,,PCN,,
206982,Delacroix,Vera,5/11/62,F,vera.delacroix@mail.example.net,UHC,95131702,2024-06-25,,,900-66-6844,
206983,Ferreira,Emile,1992-09-26,M,,Humana,H9406797,2023-01-02,,NKDA,,I10
206984,Marchetti,Vera,1968-07-06,F,vera.marchetti@example.com,Medicare,1EG45696816,2026-04-22,,Penicillin,900-60-4369,E11.9; I10
206985,Novotny,Vera,1932-01-26,F,vera.novotny@example.com,Blue Cross Blue Shield of Texas,ZGP6578567,2025-11-02,,Latex,900-20-7303,E11.9
206986,Thorne,Ines,1957-12-01,F,ines.thorne@example.org,Blue Cross Blue Shield of Texas,ZGP5132442,2025-09-30,,Shellfish,900-74-5758,
206987,Petrov,Rosa,2020-09-13,F,rosa.petrov@example.com,Aetna,W2706176,2024-09-22,,,900-64-5944,
206988,Baptiste,Sigrid,1978-08-10,,sigrid.baptiste@example.com,Aetna,W9250544,2023-05-21,,PCN,900-78-7804,J45.909
206989,Bergstrom,Chidi,6/19/36,M,,Aetna,W9349850,2024-05-18,,Penicillin,900-96-1095,
206990,Moreau,Vera,1961-02-03,F,vera.moreau@example.com,Cigna,U7049901,2025-03-02,,Penicillin; Sulfa drugs,900-89-8910,I10
206991,Thorne,Mateo,1996-12-27,M,mateo.thorne@example.com,Blue Cross Blue Shield of Texas,ZGP7367642,2024-12-06,,Contrast dye; Latex,900-85-1321,
206992,Ferreira,Kwame,1989-02-18,M,kwame.ferreira@example.com,Medicare,1EG45335878,2025-02-26,,Penicillin; Sulfa drugs,900-57-8670,
206993,Yamada,Nora,1967-06-21,,,Medicare,1EG45994876,2024-12-27,,Contrast dye; Latex,900-88-9566,
206994,Bergstrom,Giulia,1964-08-29,F,giulia.bergstrom@example.com,UHC,97010061,2024-12-10,,Peanuts; Shellfish,900-88-3079,I10
206995,Bergstrom,Vera,1940-08-26,U,vera.bergstrom@example.com,Medicare,1EG44690553,2024-12-31,2025-05-24,Contrast dye; Latex,900-15-4078,I10
206996,Petrov,Wendell,2012-07-19,M,,UHC,93954026,2023-01-29,,Contrast dye; Latex,900-81-8932,J45.909
206997,Kowalski,Piotr,2014-05-05,M,piotr.kowalski@mail.example.net,Aetna,W1381918,2023-06-15,2024-08-04,Contrast dye; Latex,900-38-4699,E11.9; I10
206998,Yamada,Nora,1988-08-03,F,nora.yamada@example.org,Medicare,1EG43374239,2023-08-03,,Penicillin; Peanuts; Latex,900-49-4490,I10
206999,Bergstrom,Femi,2015-04-07,M,femi.bergstrom@example.com,BCBS TX,ZGP4755750,2025-09-20,,Contrast dye; Latex,900-74-1121,
207000,Halvorsen,Anya,1964-08-22,F,anya.halvorsen@mail.example.net,UHC,94105963,2023-10-10,2024-11-04,Penicillin; Sulfa drugs,900-47-6577,
207001,Sandoval,Luz,6/27/51,F,,Cigna,U4296525,2025-05-26,,Shellfish,900-89-2730,E11.9; I10
207002,Fitzgerald,Adriana,1994-09-28,F,adriana.fitzgerald@example.com,Aetna,W5131607,2025-04-09,2026-04-22,"Latex, Penicillin",900-44-5810,J45.909
207003,Whitfield,Thanh,1983-02-09,F,thanh.whitfield@mail.example.net,Cigna,U5396155,2026-05-24,,,900-40-8958,E11.9; I10; J45.909
207004,Sandoval,Everett,1972-01-24,M,everett.sandoval@mail.example.net,BCBS TX,ZGP7515605,2024-02-08,,Contrast dye; Latex,900-74-5194,E11.9; I10; J45.909
207005,Novotny,Bjorn,1990-10-15,M,bjorn.novotny@example.com,Self Pay,,,,Contrast dye; Latex,900-21-6745,E11.9
207006,Fitzgerald,Ximena,1953-09-17,F,ximena.fitzgerald@example.com,Blue Cross Blue Shield of Texas,ZGP4943764,2026-03-15,,,900-52-6743,E11.9; I10
207007,Petrov,Sigrid,2017-03-19,F,sigrid.petrov@example.com,Aetna,W6015646,2024-01-29,2025-08-29,Penicillin,900-97-2300,E11.9
207008,Escobar,Julien,4/27/72,M,julien.escobar@example.com,Cigna,U8579442,2023-12-07,,Penicillin; Sulfa drugs,900-87-6688,I10
207009,Ionescu,Kwame,1966-01-02,M,kwame.ionescu@example.com,Medicare,1EG48500074,2025-11-22,,,900-90-4322,E11.9
207010,Fitzgerald,Anya,1984-06-04,F,,Humana,H3663634,2023-08-10,,NKDA,900-99-3544,
207011,Nguyen,Rosa,1988-01-06,f,,United Healthcare,97331822,2023-10-20,,Penicillin; Sulfa drugs,900-52-3381,E11.9; I10
207012,Baptiste,Margot,1970-08-27,U,margot.baptiste@example.com,Cigna,U1772014,2026-02-04,,Penicillin; Peanuts; Latex,900-85-9977,E11.9; I10
207013,Ionescu,Sigrid,1990-11-19,Female,sigrid.ionescu@example.com,AETNA,W9938864,2026-03-19,,PCN,900-43-6776,I10
207014,Delacroix,Thanh,1950-07-30,F,thanh.delacroix@example.com,United Healthcare,91002072,2023-03-11,,PCN,900-79-4952,
207015,Kowalski,Femi,2000-03-09,M,femi.kowalski@mail.example.net,Medicare,1EG46999400,2025-04-23,,Sulfa drugs; NSAIDs,900-51-8996,I10; J45.909
207016,Whitfield,Naledi,2017-11-18,,naledi.whitfield@example.com,Humana,H3868037,2025-02-25,,,,
207017,Escobar,Anya,1935-10-16,F,anya.escobar@mail.example.net,Cigna,U5895786,2023-01-23,,,900-89-4317,
207018,Fitzgerald,Alden,1986-09-24,M,alden.fitzgerald@mail.example.net,United Healthcare,98418663,2024-03-17,,"Latex, Penicillin",900-97-1374,J45.909
207019,Sandoval,Nora,1987-04-08,F,nora.sandoval@mail.example.net,Aetna,W1753543,2024-09-11,,PCN,900-23-7789,
207020,Aguilar,Beatriz,1997-11-22,F,beatriz.aguilar@example.com,UHC,91096728,2024-08-23,,Penicillin; Peanuts; Latex,900-33-3290,E11.9; I10
207021,Aguilar,Margot,8/14/32,Female,margot.aguilar@example.com,United Healthcare,91059786,2025-01-31,2027-02-14,PCN,900-31-3253,I10; J45.909
207022,Delacroix,Rosa,2014-02-20,F,rosa.delacroix@example.com,AETNA,W5898572,2023-05-28,,Latex,900-70-9511,E11.9
207023,Halvorsen,Ruben,2005-08-09,M,,Self Pay,,,,NKDA,900-41-1958,E11.9; I10
207024,Ridley,Vera,6/26/14,Female,vera.ridley@example.com,Medicare,1EG46218690,2024-02-13,2026-06-21,Penicillin; Sulfa drugs,900-82-4486,J45.909
207025,Aguilar,Bjorn,1971-02-21,MALE,bjorn.aguilar@mail.example.net,Cigna,U7362960,2026-02-20,,,900-16-1614,I10; J45.909
207026,Fitzgerald,Adriana,1948-09-11,F,adriana.fitzgerald@example.com,Cigna,U4532090,2025-09-06,,,,I10
207027,Thorne,Bjorn,1932-06-26,M,,Aetna,W2382869,2026-04-23,,PCN,900-37-5338,J45.909
207028,Baptiste,Ruben,2024-12-04,M,ruben.baptiste@example.com,Aetna,W1109534,2023-05-15,2021-05-02,Penicillin,900-87-4998,
207029,Moreau,Anya,1980-09-20,X,anya.moreau@mail.example.net,Cigna,U5550885,2023-01-24,2023-08-21,NKDA,,I10
207030,Ridley,Julien,1953-09-20,M,julien.ridley@example.org,BCBS TX,ZGP1662681,2023-06-22,,Penicillin; Sulfa drugs,900-70-4282,I10
207031,Mbeki,Sigrid,1946-12-17,F,sigrid.mbeki@example.org,Humana,H5755186,2025-10-26,,,900-33-4794,I10
207032,Hollis,Julien,1943-08-17,M,julien.hollis@mail.example.net,Aetna,W5602319,2025-06-26,,Sulfa drugs; NSAIDs,900-53-9417,
207033,Hollis,Nora,1954-06-06,X,nora.hollis@example.org,Aetna,W1389265,2026-03-05,2028-07-21,,900-38-6221,
207034,Marchetti,Nora,1959-11-04,F,nora.marchetti@example.com,Humana,H8346334,2023-04-24,,NKDA,900-40-9245,
207035,Petrov,Emile,1934-11-16,M,emile.petrov@example.org,UHC,96750185,2023-12-02,,PCN,900-37-1758,
207036,Halvorsen,Ximena,2006-06-12,F,,Humana,H8055955,2023-10-22,,,900-59-7014,I10; J45.909
207037,Delacroix,Haruki,2009-09-05,m,haruki.delacroix@example.com,Humana,H2052412,2025-08-16,2028-01-06,NKDA,900-33-2131,
207038,Alvarez,Beatriz,1994-02-24,F,,Cigna,U5563790,2024-01-21,,,900-63-6341,I10
207039,Marchetti,Chidi,1990-07-01,MALE,,United Healthcare,98965099,2025-04-15,,,900-69-7067,
207040,Okafor,Camila,1947-02-25,F,,United Healthcare,92471542,2023-12-09,,NKDA,900-87-8637,E11.9
207041,Vasquez,Mateo,2024-05-28,m,,Self Pay,,,,Penicillin; Peanuts; Latex,900-99-7934,E11.9; I10
207042,Achebe,Elsa,1/28/24,F,elsa.achebe@example.com,Self Pay,,,,NKDA,900-99-1668,I10
207043,Achebe,Ines,1939-10-26,F,,Self Pay,,,,,900-17-9775,E11.9; I10; J45.909
207044,Ferreira,Bjorn,1955-11-21,M,bjorn.ferreira@example.com,Aetna,W7889031,2025-10-18,,Penicillin; Sulfa drugs,900-57-2285,E11.9
207045,Osei,Naledi,11/14/89,X,naledi.osei@example.org,Medicare,1EG45577052,2024-12-28,,Sulfa drugs; NSAIDs,900-24-2714,
207046,Novotny,Kwame,1936-07-22,MALE,kwame.novotny@mail.example.net,Medicare,1EG48102710,2023-03-25,,,900-66-5647,E11.9; I10
207047,Osei,Nora,1993-07-14,F,nora.osei@example.com,BCBS TX,ZGP9318626,2023-04-06,,Latex,900-87-3003,E11.9; I10
207048,Yamada,Camila,1967-08-12,F,camila.yamada@example.com,United Healthcare,91068773,2024-10-04,2026-06-08,,900-68-5505,
207049,Delacroix,Chidi,1939-07-02,M,chidi.delacroix@mail.example.net,AETNA,W2556363,2024-10-22,,,900-11-1702,I10
207050,Whitfield,Anya,2/28/11,F,anya.whitfield@example.org,Blue Cross Blue Shield of Texas,ZGP1506724,2023-01-14,,Penicillin,900-41-4201,I10; J45.909
207051,Yamada,Femi,1944-03-12,M,femi.yamada@example.com,Aetna,W5755758,2023-06-25,,NSAIDs; Peanuts,900-97-2947,E11.9; I10; J45.909
207052,Nguyen,Alden,2019-04-24,M,alden.nguyen@example.com,United Healthcare,93543883,2023-01-09,2024-07-15,Penicillin; Peanuts; Latex,900-50-3515,
207053,Osei,Camila,1959-06-04,F,camila.osei@example.com,Cigna,U2592480,2025-05-04,,,900-37-6928,J45.909
207054,Sandoval,Thanh,1996-05-11,Female,thanh.sandoval@example.com,Aetna,W7041994,2025-03-18,,Penicillin,900-12-7742,E11.9
207055,Novotny,Ines,1985-12-12,F,ines.novotny@example.com,Medicare,1EG45259260,2023-03-24,,NKDA,900-62-1877,
207056,Hollis,Emile,2023-11-08,M,emile.hollis@example.com,Blue Cross Blue Shield of Texas,ZGP3190054,2026-03-22,,,900-89-8446,E11.9
207057,Lindqvist,Ruben,1/5/59,MALE,,Aetna,W2679960,2024-08-17,,"Latex, Penicillin",900-30-4078,I10
207058,Whitfield,Ximena,1967-07-10,F,ximena.whitfield@example.com,United Healthcare,99155535,2026-05-07,,Sulfa drugs; NSAIDs,900-83-4344,E11.9
207059,Yamada,Rosa,2018-06-17,Female,rosa.yamada@example.com,United Healthcare,95343645,2024-11-04,,,900-90-6975,I10; J45.909
207060,Ramirez,Piotr,2010-09-20,,piotr.ramirez@,Cigna,U2393432,2025-06-19,2026-08-15,Contrast dye; Latex,900-78-3091,I10
207061,Halvorsen,Wendell,2002-05-18,M,wendell.halvorsen@example.com,Blue Cross Blue Shield of Texas,ZGP6548391,2023-06-07,2025-04-22,,900-19-9171,E11.9; I10
207062,Mbeki,Everett,11/21/50,M,everett.mbeki@example.org,United Healthcare,94587223,2023-08-21,,Peanuts; Shellfish,900-26-7735,J45.909
207063,Whitfield,Vera,1978-12-15,F,vera.whitfield@example.com,Self Pay,,,,,900-29-7416,J45.909
207064,Aguilar,Haruki,2000-07-06,M,haruki.aguilar@example.org,UHC,92186573,2025-02-28,,Peanuts; Shellfish,900-20-3370,E11.9; I10
207065,Escobar,Ines,1988-05-04,f,ines.escobar@,Humana,H8484920,2024-04-06,,Penicillin; Sulfa drugs,900-35-6145,
207066,Lindqvist,Everett,1999-10-27,M,everett.lindqvist@mail.example.net,Aetna,W5825311,2024-07-05,,,900-16-8546,
207067,Castellanos,Giulia,1995-09-03,,giulia.castellanos@example.com,Humana,H3478823,2024-07-01,,"Latex, Penicillin",900-56-3574,
207068,Petrov,Julien,2001-09-18,M,,Cigna,U6243706,2025-06-13,2026-12-09,,900-60-6535,I10
207069,Marchetti,Nora,1992-07-11,F,nora.marchetti@example.org,UHC,97263920,2025-05-20,,,900-84-2696,
207070,Hollis,Margot,1983-09-23,F,margot.hollis@mail.example.net,Medicare,1EG43969521,2023-12-27,,Penicillin,900-69-5734,
207071,Moreau,Ines,1990-02-12,,,Self Pay,,,,"Latex, Penicillin",900-21-3190,I10
207072,Bergstrom,Mateo,8/23/56,M,mateo.bergstrom@example.com,Cigna,U3358867,2026-03-15,2028-07-04,,900-12-6222,
207073,Marchetti,Cordelia,2011-11-21,F,cordelia.marchetti@mail.example.net,Aetna,W4847930,2025-04-06,,NKDA,900-50-2390,E11.9; I10
207074,Novotny,Haruki,1977-08-07,M,haruki.novotny@example.org,Medicare,1EG41624502,2024-05-31,,NKDA,900-89-8023,E11.9
207075,Nguyen,Margot,2024-12-06,U,margot.nguyen@example.com,Aetna,W7481468,2024-03-16,,,,E11.9
207076,Ferreira,Margot,1934-01-10,F,margot.ferreira@example.org,United Healthcare,91933461,2026-03-10,,,900-42-5496,E11.9; I10; J45.909
207077,Halvorsen,Haruki,1943-02-09,M,haruki.halvorsen@example.com,Cigna,U4615173,2025-05-15,,,900-22-9376,E11.9
207078,Yamada,Sigrid,1974-09-11,,sigrid.yamada@example.com,BCBS TX,ZGP7717453,2023-10-13,,Penicillin; Sulfa drugs,900-53-4355,
207079,Ridley,Mateo,3/30/32,M,mateo.ridley@example.com,UHC,98340021,2023-06-08,2024-11-26,Contrast dye; Latex,,I10
207080,Ridley,Cordelia,1963-01-09,F,cordelia.ridley@example.com,BCBS TX,ZGP7227963,2023-03-27,,,900-83-8032,J45.909
207081,Ferreira,Everett,2012-01-25,MALE,,UHC,93830316,2023-10-18,,,,E11.9
207082,Ridley,Cordelia,1994-09-14,F,cordelia.ridley@mail.example.net,Blue Cross Blue Shield of Texas,ZGP2503182,2023-09-30,,Penicillin; Sulfa drugs,900-67-1469,
207083,Aguilar,Wendell,1934-09-05,M,wendell.aguilar@example.com,Blue Cross Blue Shield of Texas,ZGP4111223,2025-06-24,2026-12-26,Penicillin,,
207084,Mbeki,Ximena,1933-12-04,Female,ximena.mbeki@example.com,Blue Cross Blue Shield of Texas,ZGP7175433,2024-04-02,2025-12-13,NKDA,900-76-6235,I10
207085,Bergstrom,Margot,1999-10-24,F,margot.bergstrom@example.com,Blue Cross Blue Shield of Texas,ZGP3125475,2026-01-08,2026-10-17,NSAIDs; Peanuts,900-61-3794,
207086,Fitzgerald,Piotr,1978-10-07,M,piotr.fitzgerald@example.com,Blue Cross Blue Shield of Texas,ZGP7602523,2026-05-25,,Penicillin; Sulfa drugs,900-89-5633,E11.9; I10
207087,Bergstrom,Kwame,1964-05-10,M,kwame.bergstrom@mail.example.net,Blue Cross Blue Shield of Texas,ZGP9447326,2025-04-28,,Penicillin; Sulfa drugs,900-87-4449,J45.909
207088,Petrov,Cordelia,1972-02-05,F,,Medicare,1EG46302472,2024-12-24,2026-02-12,Shellfish,900-43-3673,E11.9; I10; J45.909
207089,Whitfield,Femi,1997-12-11,M,femi.whitfield@example.org,Self Pay,,,,Penicillin; Peanuts; Latex,900-11-5337,
207090,Mbeki,Rosa,1957-10-06,F,rosa.mbeki@example.com,Blue Cross Blue Shield of Texas,ZGP3441808,2025-04-29,2025-10-17,Penicillin,,J45.909
207091,Ramirez,Kwame,2007-11-03,MALE,kwame.ramirez@example.com,Aetna,W1083538,2023-03-07,,Penicillin,900-48-2484,I10; J45.909
207092,Aguilar,Alden,1957-05-23,M,alden.aguilar@example.com,United Healthcare,91150602,2024-10-13,,NKDA,900-35-7310,I10; J45.909
207093,Mbeki,Nora,1933-10-20,F,,Cigna,U5017751,2025-04-06,,,900-89-1286,E11.9; I10
207094,Delacroix,Luz,1958-02-16,F,luz.delacroix@example.com,BCBS TX,ZGP4880214,2024-03-07,,Latex,,
207095,Whitfield,Elsa,1952-10-01,Female,elsa.whitfield@example.com,United Healthcare,97063672,2024-12-03,,,,I10; J45.909
207096,Ionescu,Alden,1955-06-19,M,,Blue Cross Blue Shield of Texas,ZGP7717727,2025-10-26,,Penicillin; Sulfa drugs,900-82-4610,
207097,Achebe,Alden,2008-08-23,M,alden.achebe@example.com,UHC,98298251,2023-02-13,2023-08-06,NSAIDs; Peanuts,900-54-1041,
207098,Petrov,Alden,1968-07-14,M,alden.petrov@example.org,United Healthcare,98801190,2026-04-09,,PCN,900-27-4853,E11.9
207099,Marchetti,Vera,1989-10-12,F,vera.marchetti@,Cigna,U1816850,2024-09-08,,Penicillin; Sulfa drugs,900-86-4008,I10
207100,Escobar,Sigrid,1949-02-10,F,sigrid.escobar@example.com,AETNA,W1544204,2025-09-08,,Penicillin,900-61-6669,J45.909
207101,Halvorsen,Sigrid,1931-10-21,f,sigrid.halvorsen@example.com,Cigna,U6249644,2023-10-09,,NSAIDs; Peanuts,,E11.9; I10; J45.909
207102,Castellanos,Elsa,1931-11-25,F,elsa.castellanos@example.com,Humana,H1224678,2024-08-08,,NKDA,900-42-3365,E11.9
207103,Escobar,Vera,1969-01-08,Female,vera.escobar@example.com,Humana,H2038093,2023-12-13,,NKDA,900-36-6941,
207104,Yamada,Ximena,12/13/53,F,ximena.yamada@example.com,AETNA,W6610693,2023-10-15,2023-12-30,,900-42-2632,J45.909
207105,Delacroix,Wendell,1965-12-24,M,wendell.delacroix@example.com,Medicare,1EG49641002,2026-03-06,,Penicillin; Peanuts; Latex,900-30-5430,
207106,Novotny,Femi,1939-11-06,MALE,femi.novotny@mail.example.net,Aetna,W2973021,2023-01-11,2024-02-04,NKDA,900-43-4373,I10
207107,Marchetti,Wendell,1984-06-29,M,,United Healthcare,91290437,2024-01-12,,,900-90-3489,
207108,Halvorsen,Mateo,8/4/10,M,,Humana,H2648476,2025-05-05,,,900-37-7872,E11.9
207109,Vasquez,Vera,1933-03-26,f,vera.vasquez@example.org,Humana,H1145711,2023-12-30,,Penicillin; Sulfa drugs,900-40-3875,J45.909
207110,Novotny,Margot,1931-04-14,F,margot.novotny@example.com,Self Pay,,,,"Latex, Penicillin",,
207111,Aguilar,Femi,1932-08-26,M,femi.aguilar@mail.example.net,Blue Cross Blue Shield of Texas,ZGP7793441,2025-07-16,,Sulfa drugs; NSAIDs,900-65-8185,
207112,Novotny,Julien,1955-08-17,m,julien.novotny@example.com,United Healthcare,95634877,2026-04-23,,Shellfish,900-48-6598,E11.9
207113,Vasquez,Mateo,6/30/38,M,,Medicare,1EG45096393,2025-08-02,,Penicillin; Peanuts; Latex,900-79-6030,
207114,Ferreira,Cordelia,4/13/76,Female,cordelia.ferreira@example.com,Blue Cross Blue Shield of Texas,ZGP8589244,2025-02-12,2023-04-27,,900-29-4388,
207115,Ferreira,Giulia,1940-08-23,f,giulia.ferreira@example.com,UHC,93780475,2025-09-26,,PCN,,J45.909
207116,Yamada,Beatriz,1943-05-02,U,beatriz.yamada@example.com,Blue Cross Blue Shield of Texas,ZGP9578724,2025-07-12,,,900-51-4471,I10
207117,Nguyen,Kwame,1985-06-09,M,kwame.nguyen@example.com,United Healthcare,93975895,2026-05-19,,,900-70-6551,
207118,Moreau,Emile,1984-05-28,M,emile.moreau@example.com,BCBS TX,ZGP6529778,2024-01-01,,Penicillin; Peanuts; Latex,900-49-8189,I10
207119,Ferreira,Sigrid,2014-06-17,Female,sigrid.ferreira@example.com,Humana,H9492095,2023-12-09,,Latex,,
207120,Aguilar,Emile,1941-06-11,M,emile.aguilar@mail.example.net,Blue Cross Blue Shield of Texas,ZGP7398054,2025-04-07,,Penicillin; Peanuts; Latex,900-39-6773,I10; J45.909
207121,Baptiste,Elsa,2001-06-16,F,elsa.baptiste@example.com,Medicare,1EG42279728,2023-03-10,,Penicillin,900-48-5463,E11.9; I10
207122,Achebe,Anya,1944-03-26,F,,Humana,H5639773,2026-02-22,,,900-78-3515,E11.9
207123,Moreau,Wendell,2000-01-26,M,wendell.moreau@example.com,Blue Cross Blue Shield of Texas,ZGP8119359,2026-01-25,,Shellfish,900-47-2165,
207124,Ridley,Sigrid,1991-08-19,F,sigrid.ridley@example.com,Blue Cross Blue Shield of Texas,ZGP3986289,2024-10-10,,,,E11.9
207125,Delacroix,Naledi,2013-10-09,F,naledi.delacroix@example.org,United Healthcare,93180284,2023-03-17,,Penicillin,900-16-6641,
207126,Ionescu,Ines,1944-03-21,Female,ines.ionescu@mail.example.net,United Healthcare,92203820,2023-07-05,,,900-95-4623,E11.9; I10
207127,Aguilar,Piotr,5/4/45,m,,Aetna,W7416319,2023-11-29,,Penicillin,900-85-2743,
207128,Achebe,Rosa,1970-07-24,F,rosa.achebe@mail.example.net,Blue Cross Blue Shield of Texas,ZGP9587116,2025-03-28,,Peanuts; Shellfish,900-99-1383,I10
207129,Petrov,Beatriz,1937-02-10,F,beatriz.petrov@example.com,Aetna,W5745898,2025-11-18,,NKDA,900-62-5903,
207130,Osei,Femi,12/3/55,M,femi.osei@mail.example.net,United Healthcare,94011189,2026-04-23,,,900-23-1226,
207131,Baptiste,Anya,1994-03-02,F,anya.baptiste@example.com,BCBS TX,ZGP3863110,2025-05-29,,NKDA,900-32-4695,
207132,Halvorsen,Rosa,1940-09-28,F,rosa.halvorsen@example.org,Medicare,1EG43608312,2025-04-19,,,900-20-3303,
207133,Petrov,Thanh,1980-09-08,F,thanh.petrov@example.org,Medicare,1EG48089310,2024-11-08,,Latex,900-80-6416,
207134,Baptiste,Luz,1982-01-07,X,luz.baptiste@example.com,Blue Cross Blue Shield of Texas,ZGP3404801,2024-03-15,,Penicillin; Sulfa drugs,900-50-7843,E11.9
207135,Moreau,Luz,1944-05-23,F,luz.moreau@example.com,Blue Cross Blue Shield of Texas,ZGP6922719,2024-01-26,,NKDA,900-84-4222,I10; J45.909
207136,Okafor,Margot,1954-02-05,Female,margot.okafor@example.org,Self Pay,,,,Penicillin; Sulfa drugs,900-36-2052,
207137,Sandoval,Luz,1932-11-21,f,luz.sandoval@example.com,Medicare,1EG43221853,2024-08-10,,NKDA,900-12-8379,E11.9; I10
207138,Ridley,Rosa,1975-11-11,F,rosa.ridley@example.com,Blue Cross Blue Shield of Texas,ZGP8661283,2025-07-21,,Latex,900-92-3508,
207139,Whitfield,Julien,1983-01-06,M,,UHC,91082803,2024-10-25,,Penicillin,900-27-5244,I10
207140,Thorne,Wendell,1956-03-12,M,,Aetna,W7938181,2024-04-09,,PCN,,E11.9
207141,Alvarez,Sigrid,1941-09-05,F,sigrid.alvarez@mail.example.net,Cigna,U6038183,2024-07-19,,Shellfish,900-57-7048,
207142,Lindqvist,Rosa,5/2/00,F,,Humana,H1616530,2025-05-29,2023-12-06,,900-94-6046,
207143,Lindqvist,Bjorn,8/24/03,M,bjorn.lindqvist@example.com,UHC,94192101,2025-01-20,,Latex,900-38-8491,I10
207144,Halvorsen,Wendell,1979-02-02,M,wendell.halvorsen@example.com,Aetna,W5769537,2025-02-14,,PCN,900-72-6302,E11.9
207145,Lindqvist,Emile,1997-10-28,M,,Cigna,U3653185,2026-04-11,,,900-10-4846,
207146,Petrov,Haruki,1970-08-27,MALE,,Aetna,W9849476,2024-06-25,2026-03-08,PCN,900-88-8426,
207147,Ferreira,Mateo,4/2/96,M,,Blue Cross Blue Shield of Texas,ZGP1264906,2025-05-04,,,900-48-9540,E11.9
207148,Ramirez,Adriana,2024-03-25,F,adriana.ramirez@example.com,Aetna,W8046134,2026-04-20,,Penicillin,,I10
207149,Castellanos,Alden,2004-02-14,M,alden.castellanos@example.org,Aetna,W9047512,2024-05-18,,NKDA,900-90-2366,
207150,Bergstrom,Thanh,1999-03-14,Female,thanh.bergstrom@mail.example.net,BCBS TX,ZGP1135459,2025-04-19,,,900-37-8946,
207151,Ramirez,Adriana,1950-09-15,F,adriana.ramirez@mail.example.net,Self Pay,,,,,900-91-7450,I10
207152,Castellanos,Ines,1956-12-04,F,ines.castellanos@example.com,Medicare,1EG47485615,2023-04-03,,,900-61-6982,J45.909
207153,Thorne,Luz,1972-11-21,F,,Blue Cross Blue Shield of Texas,ZGP6368638,2025-12-21,,PCN,900-13-4497,J45.909
207154,Kowalski,Ximena,1994-10-04,,ximena.kowalski@example.com,Medicare,1EG43347261,2024-12-13,2027-04-02,PCN,900-91-3803,I10
207155,Halvorsen,Emile,11/11/58,M,,Blue Cross Blue Shield of Texas,ZGP1379509,2023-07-29,,Sulfa drugs; NSAIDs,900-96-1909,
207156,Yamada,Rosa,2020-09-09,F,rosa.yamada@example.org,Blue Cross Blue Shield of Texas,ZGP8991716,2026-06-27,,NKDA,900-90-5425,
207157,Halvorsen,Ines,1969-05-31,f,,Aetna,W3246676,2025-08-21,,NSAIDs; Peanuts,900-65-9757,
207158,Ramirez,Luz,1950-04-22,F,luz.ramirez@example.org,Medicare,1EG41486644,2023-10-24,,Sulfa drugs; NSAIDs,900-66-9896,E11.9; I10; J45.909
207159,Sandoval,Ximena,2008-02-22,Female,,United Healthcare,97913265,2025-03-18,2027-08-09,Penicillin; Sulfa drugs,900-35-2232,I10
207160,Lindqvist,Beatriz,1972-02-25,F,beatriz.lindqvist@mail.example.net,United Healthcare,94167364,2023-10-01,2023-12-21,PCN,900-74-8294,
207161,Kowalski,Rosa,1988-06-21,F,rosa.kowalski@example.com,UHC,96704913,2024-05-21,,Sulfa drugs; NSAIDs,900-12-6108,J45.909
207162,Osei,Margot,10/9/18,F,margot.osei@example.org,United Healthcare,93781440,2026-03-30,,NSAIDs; Peanuts,900-69-4605,J45.909
207163,Vasquez,Everett,10/2/88,M,everett.vasquez@example.com,Blue Cross Blue Shield of Texas,ZGP4028826,2025-02-18,,Peanuts; Shellfish,900-23-5471,
207164,Okafor,Luz,11/4/12,F,luz.okafor@example.org,Medicare,1EG42021028,2023-10-31,,,900-78-6019,E11.9
207165,Aguilar,Everett,2002-12-30,M,everett.aguilar@example.com,Medicare,1EG46926847,2025-08-25,,NKDA,900-38-6088,E11.9; I10
207166,Achebe,Ines,1976-10-13,F,ines.achebe@example.com,Medicare,1EG44095623,2025-10-21,,,900-67-9985,
207167,Hollis,Femi,1973-06-11,MALE,,Medicare,1EG49680554,2024-06-03,,Sulfa drugs; NSAIDs,900-40-1407,I10
207168,Yamada,Adriana,1943-05-30,Female,adriana.yamada@mail.example.net,Medicare,1EG48758529,2023-08-15,2026-01-11,NKDA,900-11-5189,E11.9
207169,Alvarez,Julien,1976-04-26,M,julien.alvarez@,Cigna,U8207702,2025-09-19,2025-12-02,"Latex, Penicillin",900-65-7112,I10
207170,Marchetti,Ruben,1951-02-25,M,ruben.marchetti@example.com,Medicare,1EG49279551,2025-10-17,2026-12-04,PCN,900-42-9079,E11.9
207171,Ridley,Adriana,11/25/73,F,adriana.ridley@example.com,Blue Cross Blue Shield of Texas,ZGP4563775,2023-04-21,,Penicillin,900-83-7220,E11.9
207172,Ionescu,Everett,1980-09-26,M,everett.ionescu@example.com,Self Pay,,,,Sulfa drugs; NSAIDs,900-78-8631,I10
207173,Bergstrom,Everett,1970-05-18,MALE,everett.bergstrom@example.com,United Healthcare,93284191,2023-07-21,,,900-71-5835,
207174,Castellanos,Julien,1974-06-24,m,julien.castellanos@example.com,Cigna,U5964815,2025-10-20,,PCN,900-61-1015,E11.9
207175,Kowalski,Alden,1962-08-13,MALE,,Medicare,1EG42486633,2023-11-02,,Penicillin,900-28-5106,E11.9
207176,Ferreira,Camila,1953-02-07,F,,Blue Cross Blue Shield of Texas,ZGP8149541,2025-06-16,,Peanuts; Shellfish,,
207177,Delacroix,Kwame,2013-02-14,M,kwame.delacroix@example.com,Medicare,1EG46940553,2025-04-24,,,900-27-4667,J45.909
207178,Escobar,Everett,1977-08-12,M,everett.escobar@mail.example.net,Blue Cross Blue Shield of Texas,ZGP2543485,2023-05-09,,Penicillin; Sulfa drugs,900-45-8152,
207179,Marchetti,Piotr,1931-11-10,m,piotr.marchetti@example.com,Blue Cross Blue Shield of Texas,ZGP1308568,2026-03-10,,Penicillin; Peanuts; Latex,900-40-2345,I10
207180,Delacroix,Elsa,1977-09-12,Female,,Cigna,U2928092,2024-07-18,,Penicillin; Sulfa drugs,900-14-5552,I10
207181,Fitzgerald,Margot,9/18/24,Female,margot.fitzgerald@mail.example.net,Blue Cross Blue Shield of Texas,ZGP8294506,2026-06-24,,,900-54-2403,
207182,Osei,Ruben,12/26/76,M,ruben.osei@mail.example.net,BCBS TX,ZGP3501315,2023-08-20,,Peanuts; Shellfish,900-29-2384,E11.9
207183,Bergstrom,Camila,1933-04-09,F,camila.bergstrom@mail.example.net,BCBS TX,ZGP6876663,2025-03-04,,,900-76-2245,
207184,Lindqvist,Cordelia,2004-02-09,F,cordelia.lindqvist@example.com,Blue Cross Blue Shield of Texas,ZGP2167283,2026-06-22,2027-06-18,,900-88-5767,
207185,Alvarez,Elsa,1956-01-23,F,elsa.alvarez@mail.example.net,Aetna,W2201999,2024-05-21,,NKDA,900-96-1976,
207186,Kowalski,Sigrid,1996-01-21,F,sigrid.kowalski@mail.example.net,Humana,H1064990,2023-08-27,,NKDA,900-49-7845,I10
207187,Castellanos,Femi,1950-12-12,M,femi.castellanos@example.com,Self Pay,,,,Sulfa drugs; NSAIDs,900-98-5745,I10
207188,Escobar,Emile,2011-11-28,MALE,emile.escobar@mail.example.net,AETNA,W1838396,2023-11-08,,NSAIDs; Peanuts,900-67-8959,
207189,Vasquez,Alden,2004-05-13,MALE,alden.vasquez@example.com,Blue Cross Blue Shield of Texas,ZGP6700595,2026-01-27,,Penicillin; Sulfa drugs,900-11-5359,
207190,Alvarez,Beatriz,1957-12-10,F,beatriz.alvarez@example.com,Cigna,U4780685,2025-05-01,,Penicillin,900-81-9774,E11.9
207191,Whitfield,Everett,5/3/31,M,everett.whitfield@example.com,BCBS TX,ZGP3549911,2024-05-27,,Penicillin; Sulfa drugs,900-25-1113,E11.9; I10
207192,Castellanos,Alden,1947-02-11,M,alden.castellanos@example.com,UHC,92231399,2024-12-10,2025-06-27,,,I10
207193,Nguyen,Bjorn,2014-04-08,M,bjorn.nguyen@example.com,Self Pay,,,,NKDA,900-60-4268,
207194,Okafor,Ruben,1962-05-25,MALE,,Blue Cross Blue Shield of Texas,ZGP4912725,2024-09-03,,Penicillin,900-67-9767,I10
207195,Marchetti,Thanh,1946-10-11,F,,BCBS TX,ZGP8577500,2023-02-01,,"Latex, Penicillin",900-30-9016,I10
207196,Escobar,Anya,12/27/23,Female,,Aetna,W6280806,2023-12-02,,"Latex, Penicillin",900-56-6615,
207197,Moreau,Emile,1946-01-15,M,,United Healthcare,91368334,2025-01-30,,Penicillin; Sulfa drugs,900-75-4228,
207198,Escobar,Alden,2007-11-01,M,alden.escobar@example.com,Cigna,U1989722,2023-10-19,,Peanuts; Shellfish,900-11-7987,I10
207199,Moreau,Anya,1993-06-21,F,anya.moreau@example.org,Blue Cross Blue Shield of Texas,ZGP3109867,2023-01-28,,,900-94-6541,E11.9
