Date,Transaction Type,No.,Memo/Description,Account No.,Account,Debit,Credit,Created By,Created
01/01/2025,Deposit,1026,Bank deposit 4253,1010,Cash and cash equivalents:Operating account,571.72,,s.pettersen,01/01/2025 2:02:37 PM
,,,Bank deposit 4253,2400,Deferred revenue,,571.72,,
01/01/2025,Journal Entry,1039,Payroll journal,6010,Salaries and wages,"43,958.73",,d.okonkwo,01/01/2025 2:47:25 PM
,,,Payroll journal,6020,Employee benefits,"3,956.29",,,
,,,Payroll journal,2150,Payroll liabilities:Withholding,,"10,550.10",,
,,,Payroll journal,2160,Payroll liabilities:Pension,,"2,197.94",,
,,,Payroll journal,01020,Cash and cash equivalents:Payroll account,,"35,166.98",,
01/01/2025,Invoice,1047,Progress billing 4294,1200,Accounts receivable,787.13,,System Administrator,01/01/2025 7:10:13 AM
,,,Progress billing 4294,4020,Revenue:Services,,655.94,,
,,,Progress billing 4294,2100,Sales tax payable,,131.19,,
01/02/2025,Transfer,1006,Transfer between bank accounts,1020,Cash and cash equivalents:Payroll account,"5,360.53",,a.varga,01/02/2025 3:06:38 PM
,,,Transfer between bank accounts,1010,Cash and cash equivalents:Operating account,,"5,360.53",,
01/02/2025,Deposit,1031,Bank deposit 4263,1010,Cash and cash equivalents:Operating account,"6,543.86",,d.okonkwo,01/02/2025 11:50:42 AM
,,,Bank deposit 4263,2400,Deferred revenue,,"6,543.86",,
01/02/2025,Journal Entry,1043,Prepaid release,6200,Professional fees,"1,384.75",,d.okonkwo,01/02/2025 7:04:40 PM
,,,Prepaid release,1410,Prepaid expenses:Software subscriptions,,"1,384.75",,
01/02/2025,Bill,1065,Supplier invoice 4332,5020,Cost of sales:Freight,"2,616.55",,m.laurent,01/02/2025 4:59:22 PM
,,,Supplier invoice 4332,2010,Accounts payable,,"2,616.55",,
01/02/2025,Journal Entry,1069,Prepaid release,6200,Professional fees,640.67,,m.laurent,01/02/2025 11:31:57 PM
,,,Prepaid release,1410,Prepaid expenses:Software subscriptions,,640.67,,
01/03/2025,Sales Receipt,1011,Licence renewal 4221,1010,Cash and cash equivalents:Operating account,"3,719.65-",,s.pettersen,01/03/2025 3:17:45 PM
,,,Licence renewal 4221,4010,Revenue:Product,,"3,099.71-",,
,,,Licence renewal 4221,2100,Sales tax payable,,619.94-,,
01/03/2025,Bill,1021,Supplier invoice 4243,5010,Cost of sales:Materials,"10,460.80",,m.laurent,01/03/2025 10:54:16 PM
,,,Supplier invoice 4243,2010,Accounts payable,,"10,460.80",,
01/03/2025,Payment,1027,Customer payment 4255,1010,Cash and cash equivalents:Operating account,"10,762.37",,System Administrator,01/03/2025 1:06:03 AM
,,,Customer payment 4255,1200,Accounts receivable,,"10,762.37",,
01/04/2025,Vendor Credit,1024,Supplier credit 4250,2010,Accounts payable,"1,923.08",,d.okonkwo,01/04/2025 1:41:20 PM
,,,Supplier credit 4250,5020,Cost of sales:Freight,,"1,923.08",,
01/05/2025,Bill,1030,Reimbursement 4260,6200,Professional fees,"3,228.16",,a.varga,01/05/2025 12:50:12 PM
,,,Reimbursement 4260,2010,Accounts payable,,"3,228.16",,
01/05/2025,Deposit,1048,Bank deposit 4296,1010,Cash and cash equivalents:Operating account,"1,727.59",,d.okonkwo,01/05/2025 4:27:07 AM
,,,Bank deposit 4296,2400,Deferred revenue,,"1,727.59",,
01/05/2025,Payment,1061,Customer payment 4322,1010,Cash and cash equivalents:Operating account,"1,614.40",,a.varga,01/05/2025 12:40:06 PM
,,,Customer payment 4322,1200,Accounts receivable,,"1,614.40",,
01/05/2025,Bill,1066,Supplier invoice 4333,6200,Professional fees,"9,980.30",,s.pettersen,01/05/2025 5:59:18 AM
,,,Supplier invoice 4333,2010,Accounts payable,,"9,980.30",,
01/06/2025,Bill Payment (Check),1008,Payment to supplier 4217,2010,Accounts payable,"3,819.51",,System Administrator,01/06/2025 9:46:17 AM
,,,Payment to supplier 4217,1010,Cash and cash equivalents:Operating account,,"3,819.51",,
01/06/2025,Bill,1010,Reimbursement 4219,6250,Software subscriptions,"5,032.16",,System Administrator,01/06/2025 4:14:14 PM
,,,Reimbursement 4219,2010,Accounts payable,,"5,032.16",,
01/06/2025,Sales Receipt,1020,Licence renewal 4241,1010,Cash and cash equivalents:Operating account,"3,916.22",,d.okonkwo,01/06/2025 11:32:17 PM
,,,Licence renewal 4241,4010,Revenue:Product,,"3,263.52",,
,,,Licence renewal 4241,2100,Sales tax payable,,652.70,,
01/06/2025,Bill Payment (Check),1036,Payment to supplier 4276,2010,Accounts payable,"2,445.65",,d.okonkwo,01/06/2025 4:53:58 AM
,,,Payment to supplier 4276,1010,Cash and cash equivalents:Operating account,,"2,445.65",,
01/06/2025,Payment,1056,Customer payment 4312,1010,Cash and cash equivalents:Operating account,"7,597.24",,a.varga,01/06/2025 12:39:05 PM
,,,Customer payment 4312,1200,Accounts receivable,,"7,597.24",,
01/07/2025,Journal Entry,1014,Deferred revenue release,2400,Deferred revenue,"1,502.20",,m.laurent,01/07/2025 12:21:40 AM
,,,Deferred revenue release,4020,Revenue:Services,,"1,502.20",,
01/07/2025,Invoice,1022,Licence renewal 4244,1200,Accounts receivable,"15,656.39",,System Administrator,01/07/2025 3:43:53 PM
,,,Licence renewal 4244,4010,Revenue:Product,,"13,046.99",,
,,,Licence renewal 4244,2100,Sales tax payable,,"2,609.40",,
01/07/2025,Invoice,1037,Progress billing 4277,1200,Accounts receivable,"20,959.18",,a.varga,01/07/2025 7:32:58 PM
,,,Progress billing 4277,4010,Revenue:Product,,"17,465.98",,
,,,Progress billing 4277,2100,Sales tax payable,,"3,493.20",,
01/08/2025,Bill,1053,Monthly service 4306,5010,Cost of sales:Materials,"7,817.89",,d.okonkwo,01/08/2025 6:59:23 AM
,,,Monthly service 4306,2010,Accounts payable,,"7,817.89",,
01/09/2025,Bill Payment (Check),1004,Payment to supplier 4209,2010,Accounts payable,"4,462.79",,m.laurent,01/09/2025 5:14:06 PM
,,,Payment to supplier 4209,1010,Cash and cash equivalents:Operating account,,"4,462.79",,
01/09/2025,Payment,1013,Customer payment 4226,1010,Cash and cash equivalents:Operating account,"13,334.62",,m.laurent,01/09/2025 10:06:42 PM
,,,Customer payment 4226,1200,Accounts receivable,,"13,334.62",,
01/09/2025,Invoice,1057,Retainer 4315,1200,Accounts receivable,"15,456.23",,s.pettersen,01/09/2025 6:34:20 AM
,,,Retainer 4315,4020,Revenue:Services,,"12,880.19",,
,,,Retainer 4315,02100,Sales tax payable,,"2,576.04",,
01/10/2025,Journal Entry,1058,Depreciation for the period,6600,Depreciation,"3,684.90",,s.pettersen,01/10/2025 4:52:41 AM
,,,Depreciation for the period,1790,Accumulated depreciation,,"3,684.90",,
01/11/2025,Payment,1003,Customer payment 4206,1010,Cash and cash equivalents:Operating account,"8,711.16",,d.okonkwo,01/11/2025 7:59:29 AM
,,,Customer payment 4206,1200,Accounts receivable,,"8,711.16",,
01/12/2025,Expense,1041,Reimbursement 4285,6300,Marketing,97.08,,s.pettersen,01/12/2025 6:36:16 PM
,,,Reimbursement 4285,1010,Cash and cash equivalents:Operating account,,97.08,,
01/12/2025,Bill Payment (Check),1044,Payment to supplier 4290,2010,Accounts payable,"13,546.65",,System Administrator,01/12/2025 12:39:28 PM
,,,Payment to supplier 4290,1010,Cash and cash equivalents:Operating account,,"13,546.65",,
01/13/2025,Payment,1040,Customer payment 4283,1010,Cash and cash equivalents:Operating account,"19,115.15",,s.pettersen,01/13/2025 8:54:50 PM
,,,Customer payment 4283,01200,Accounts receivable,,"19,115.15",,
01/14/2025,Invoice,1063,Licence renewal 4326,1200,Accounts receivable,"15,278.30",,s.pettersen,01/14/2025 8:24:24 AM
,,,Licence renewal 4326,4010,Revenue:Product,,"12,731.92",,
,,,Licence renewal 4326,2100,Sales tax payable,,"2,546.38",,
01/14/2025,Credit Memo,1075,Credit note 4351,4090,Sales discounts,"1,406.34",,d.okonkwo,01/14/2025 3:00:56 PM
,,,Credit note 4351,01200,Accounts receivable,,"1,406.34",,
01/15/2025,Bill,1007,Purchase order 4215,6300,Marketing,"2,806.68",,d.okonkwo,01/15/2025 7:03:55 AM
,,,Purchase order 4215,02010,Accounts payable,,"2,806.68",,
01/15/2025,Expense,1035,Supplier invoice 4273,5020,Cost of sales:Freight,"1,127.33",,a.varga,01/15/2025 9:37:09 AM
,,,Supplier invoice 4273,1010,Cash and cash equivalents:Operating account,,"1,127.33",,
01/15/2025,Payment,1055,Customer payment 4311,1010,Cash and cash equivalents:Operating account,"2,413.81",,s.pettersen,01/15/2025 6:44:22 PM
,,,Customer payment 4311,1200,Accounts receivable,,"2,413.81",,
01/16/2025,Bill Payment (Check),1001,Payment to supplier 4202,2010,Accounts payable,"12,111.31",,s.pettersen,01/16/2025 11:50:54 PM
,,,Payment to supplier 4202,1010,Cash and cash equivalents:Operating account,,"12,111.31",,
01/16/2025,Transfer,1019,Transfer between bank accounts,1020,Cash and cash equivalents:Payroll account,"25,101.57",,a.varga,01/16/2025 5:31:43 AM
,,,Transfer between bank accounts,1010,Cash and cash equivalents:Operating account,,"25,101.57",,
01/16/2025,Vendor Credit,1071,Supplier credit 4343,2010,Accounts payable,"1,438.68",,m.laurent,01/16/2025 8:35:34 AM
,,,Supplier credit 4343,5010,Cost of sales:Materials,,"1,438.68",,
01/16/2025,Credit Memo,1074,Credit note 4349,4090,Sales discounts,"1,489.89",496.63,m.laurent,01/16/2025 3:34:24 PM
,,,Credit note 4349,1200,Accounts receivable,,"1,489.89",,
01/17/2025,Sales Receipt,1005,Progress billing 4211,1010,Cash and cash equivalents:Operating account,737.28,,m.laurent,01/17/2025 3:09:09 AM
,,,Progress billing 4211,4010,Revenue:Product,,614.40,,
,,,Progress billing 4211,2100,Sales tax payable,,122.88,,
01/17/2025,Journal Entry,1042,Deferred revenue release,2400,Deferred revenue,"1,458.76",,System Administrator,01/17/2025 9:25:19 PM
,,,Deferred revenue release,4020,Revenue:Services,,"1,458.76",,
01/18/2025,Invoice,1018,Progress billing 4237,1200,Accounts receivable,"18,942.53",,System Administrator,01/18/2025 11:56:44 PM
,,,Progress billing 4237,4010,Revenue:Product,,"15,785.44",,
,,,Progress billing 4237,2100,Sales tax payable,,"3,157.09",,
01/18/2025,Expense,1028,Supplier invoice 4258,06400,Travel and entertainment,"1,512.11",,d.okonkwo,01/18/2025 3:55:59 PM
,,,Supplier invoice 4258,1010,Cash and cash equivalents:Operating account,,"1,512.11",,
01/18/2025,Bill,1038,Supplier invoice 4279,6300,Marketing,"10,153.96",,m.laurent,01/18/2025 9:51:27 AM
,,,Supplier invoice 4279,2010,Accounts payable,,"10,153.96",,
01/18/2025,Invoice,1049,Licence renewal 4298,1200,Accounts receivable,"3,859.96",,a.varga,01/18/2025 6:00:19 PM
,,,Licence renewal 4298,4010,Revenue:Product,,"3,216.63",,
,,,Licence renewal 4298,2100,Sales tax payable,,643.33,,
01/18/2025,Payment,1054,Customer payment 4308,1010,Cash and cash equivalents:Operating account,"12,086.57",,d.okonkwo,01/18/2025 10:41:18 PM
,,,Customer payment 4308,1200,Accounts receivable,,"12,086.57",,
01/19/2025,Payment,1017,Customer payment 4236,1010,Cash and cash equivalents:Operating account,"6,175.53",,s.pettersen,01/19/2025 7:09:26 PM
,,,Customer payment 4236,1200,Accounts receivable,,"6,175.53",,
01/19/2025,Payment,1033,Customer payment 4267,1010,Cash and cash equivalents:Operating account,"8,942.35",,s.pettersen,01/19/2025 4:33:36 PM
,,,Customer payment 4267,1200,Accounts receivable,,"8,942.35",,
01/19/2025,Bill,1051,Supplier invoice 4302,6300,Marketing,"11,424.31",,m.laurent,01/19/2025 11:13:21 AM
,,,Supplier invoice 4302,2010,Accounts payable,,"11,424.31",,
01/19/2025,Expense,1052,Monthly service 4304,6200,Professional fees,"1,392.39",,System Administrator,01/19/2025 5:52:15 PM
,,,Monthly service 4304,1010,Cash and cash equivalents:Operating account,,"1,392.39",,
01/20/2025,Payment,1015,Customer payment 4231,1010,Cash and cash equivalents:Operating account,"14,651.89",,s.pettersen,01/20/2025 8:59:07 AM
,,,Customer payment 4231,1200,Accounts receivable,,"14,651.89",,
01/20/2025,Bill Payment (Check),1023,Payment to supplier 4247,2010,Accounts payable,"8,644.65",,d.okonkwo,01/20/2025 5:07:29 AM
,,,Payment to supplier 4247,1010,Cash and cash equivalents:Operating account,,"8,644.65",,
01/20/2025,Bill,1045,Monthly service 4291,6100,Rent,"2,082.04",,m.laurent,01/20/2025 5:39:07 PM
,,,Monthly service 4291,2010,Accounts payable,,"2,082.04",,
01/21/2025,Payment,1029,Customer payment 4259,1010,Cash and cash equivalents:Operating account,"10,636.36","3,545.45",d.okonkwo,01/21/2025 6:05:24 AM
,,,Customer payment 4259,1200,Accounts receivable,,"10,636.36",,
01/21/2025,Payment,1062,Customer payment 4323,1010,Cash and cash equivalents:Operating account,"14,235.09",,a.varga,01/21/2025 4:06:49 AM
,,,Customer payment 4323,1200,Accounts receivable,,"14,235.09",,
01/21/2025,Expense,1067,Monthly service 4336,6300,Marketing,"2,123.55",,d.okonkwo,01/21/2025 2:26:23 PM
,,,Monthly service 4336,1010,Cash and cash equivalents:Operating account,,"2,123.55",,
01/22/2025,Payment,1034,Customer payment 4270,1010,Cash and cash equivalents:Operating account,"8,494.46-",,System Administrator,01/22/2025 1:39:13 AM
,,,Customer payment 4270,1200,Accounts receivable,,"8,494.46-",,
01/23/2025,Sales Receipt,1009,Invoice 2025-4218,1010,Cash and cash equivalents:Operating account,"1,066.19",,s.pettersen,01/23/2025 4:58:03 PM
,,,Invoice 2025-4218,4010,Revenue:Product,,888.49,,
,,,Invoice 2025-4218,2100,Sales tax payable,,177.70,,
01/23/2025,Sales Receipt,1025,Licence renewal 4252,1010,Cash and cash equivalents:Operating account,"1,164.47",,System Administrator,01/23/2025 9:01:49 PM
,,,Licence renewal 4252,04010,Revenue:Product,,970.39,,
,,,Licence renewal 4252,02100,Sales tax payable,,194.08,,
01/23/2025,Bill Payment (Check),1068,Payment to supplier 4337,2010,Accounts payable,"7,249.84",,s.pettersen,01/23/2025 9:32:56 AM
,,,Payment to supplier 4337,1010,Cash and cash equivalents:Operating account,,"7,249.84",,
01/25/2025,Journal Entry,1064,Prepaid release,6200,Professional fees,"2,565.66",,a.varga,01/25/2025 8:32:07 AM
,,,Prepaid release,1410,Prepaid expenses:Software subscriptions,,"2,565.66",,
01/25/2025,Credit Memo,1072,Credit note 4345,4090,Sales discounts,"1,226.21",,m.laurent,01/25/2025 5:03:55 PM
,,,Credit note 4345,1200,Accounts receivable,,"1,226.21",,
01/26/2025,Expense,1060,Monthly service 4321,6500,Bank charges,"1,395.29",,m.laurent,01/26/2025 11:24:47 PM
,,,Monthly service 4321,1010,Cash and cash equivalents:Operating account,,"1,395.29",,
01/26/2025,Transfer,1073,Transfer between bank accounts,1020,Cash and cash equivalents:Payroll account,"15,121.45",,d.okonkwo,01/26/2025 5:25:23 PM
,,,Transfer between bank accounts,1010,Cash and cash equivalents:Operating account,,"15,121.44",,
01/27/2025,Bill,1032,Supplier invoice 4266,6500,Bank charges,"8,978.87",,a.varga,01/27/2025 12:54:58 AM
,,,Supplier invoice 4266,2010,Accounts payable,,"8,978.87",,
01/27/2025,Bill,1070,Supplier invoice 4341,5020,Cost of sales:Freight,"7,806.12",,System Administrator,01/27/2025 1:41:50 PM
,,,Supplier invoice 4341,2010,Accounts payable,,"7,806.12",,
01/28/2025,Invoice,1016,Retainer 4234,1200,Accounts receivable,"6,393.54",,System Administrator,01/28/2025 4:53:34 PM
,,,Retainer 4234,04010,Revenue:Product,,"5,327.95",,
,,,Retainer 4234,2100,Sales tax payable,,"1,065.59",,
01/28/2025,Bill Payment (Check),1046,Payment to supplier 4293,2010,Accounts payable,"9,122.41",,m.laurent,01/28/2025 5:58:55 AM
,,,Payment to supplier 4293,1010,Cash and cash equivalents:Operating account,,"9,122.41",,
01/29/2025,Credit Memo,1002,Credit note 4203,4090,Sales discounts,"1,365.47",,System Administrator,01/29/2025 5:51:56 PM
,,,Credit note 4203,1200,Accounts receivable,,"1,365.47",,
01/30/2025,Payment,1012,Customer payment 4223,1010,Cash and cash equivalents:Operating account,"6,352.27",,s.pettersen,01/30/2025 10:21:19 AM
,,,Customer payment 4223,01200,Accounts receivable,,"6,352.27",,
01/30/2025,Vendor Credit,1050,Supplier credit 4300,2010,Accounts payable,179.22,,a.varga,01/30/2025 12:11:23 PM
,,,Supplier credit 4300,5020,Cost of sales:Freight,,179.22,,
01/30/2025,Bill Payment (Check),1059,Payment to supplier 4320,2010,Accounts payable,"11,096.08",,System Administrator,01/30/2025 10:59:42 PM
,,,Payment to supplier 4320,1010,Cash and cash equivalents:Operating account,,"11,096.08",,
,,,Total for January 2025,,,"513,774.17","513,774.17",,
02/01/2025,Journal Entry,1102,Depreciation for the period,6600,Depreciation,"3,609.97",,a.varga,02/01/2025 1:32:31 PM
,,,Depreciation for the period,1790,Accumulated depreciation,,"3,609.97",,
02/01/2025,Bill,1122,Supplier invoice 4448,6420,Travel and entertainment:Conferences,"8,346.58",,a.varga,02/01/2025 10:03:42 AM
,,,Supplier invoice 4448,2010,Accounts payable,,"8,346.58",,
02/02/2025,Journal Entry,1087,Reclassification,6200,Professional fees,914.85,,s.pettersen,02/02/2025 12:42:53 PM
,,,Reclassification,6300,Marketing,,914.85,,
02/02/2025,Expense,1093,Purchase order 4389,5010,Cost of sales:Materials,"1,732.18",,s.pettersen,02/02/2025 6:34:57 AM
,,,Purchase order 4389,1010,Cash and cash equivalents:Operating account,,"1,732.18",,
02/02/2025,Expense,1094,Reimbursement 4391,6110,Utilities,"2,069.22",,d.okonkwo,02/02/2025 9:21:10 PM
,,,Reimbursement 4391,1010,Cash and cash equivalents:Operating account,,"2,069.22",,
02/05/2025,Bill Payment (Check),1124,Payment to supplier 4451,2010,Accounts payable,"9,781.93",,System Administrator,02/05/2025 4:41:05 AM
,,,Payment to supplier 4451,1010,Cash and cash equivalents:Operating account,,"9,781.93",,
02/06/2025,Sales Receipt,1101,Licence renewal 4400,1010,Cash and cash equivalents:Operating account,"1,898.48",,d.okonkwo,02/06/2025 4:13:06 PM
,,,Licence renewal 4400,4010,Revenue:Product,,"1,582.07",,
,,,Licence renewal 4400,2100,Sales tax payable,,316.41,,
02/06/2025,Payment,1114,Customer payment 4431,1010,Cash and cash equivalents:Operating account,"19,542.95",,s.pettersen,02/06/2025 12:10:10 AM
,,,Customer payment 4431,1200,Accounts receivable,,"19,542.95",,
02/07/2025,Expense,1115,Purchase order 4433,5020,Cost of sales:Freight,"1,577.19",,m.laurent,02/07/2025 11:38:55 PM
,,,Purchase order 4433,01010,Cash and cash equivalents:Operating account,,"1,577.19",,
02/07/2025,Bill Payment (Check),1126,Payment to supplier 4456,2010,Accounts payable,"2,400.38",,m.laurent,02/07/2025 4:21:04 PM
,,,Payment to supplier 4456,1010,Cash and cash equivalents:Operating account,,"2,400.38",,
02/08/2025,Bill,1077,Monthly service 4355,6100,Rent,"6,987.92",,m.laurent,02/08/2025 8:09:43 AM
,,,Monthly service 4355,2010,Accounts payable,,"6,987.92",,
02/08/2025,Payment,1078,Customer payment 4358,1010,Cash and cash equivalents:Operating account,"3,350.58",,System Administrator,02/08/2025 1:16:03 AM
,,,Customer payment 4358,1200,Accounts receivable,,"3,350.58",,
02/08/2025,Invoice,1088,Licence renewal 4381,1200,Accounts receivable,"2,689.56",,m.laurent,02/08/2025 2:39:02 PM
,,,Licence renewal 4381,4010,Revenue:Product,,"2,241.30",,
,,,Licence renewal 4381,2100,Sales tax payable,,448.26,,
02/08/2025,Bill,1104,Purchase order 4407,6250,Software subscriptions,"1,488.45",,a.varga,02/08/2025 9:04:17 PM
,,,Purchase order 4407,2010,Accounts payable,,"1,488.45",,
02/08/2025,Invoice,1111,Progress billing 4423,1200,Accounts receivable,"10,753.14",,a.varga,02/08/2025 1:11:52 PM
,,,Progress billing 4423,4020,Revenue:Services,,"8,960.95",,
,,,Progress billing 4423,2100,Sales tax payable,,"1,792.19",,
02/08/2025,Journal Entry,1116,Depreciation for the period,6600,Depreciation,"2,714.07",,a.varga,02/08/2025 9:31:10 PM
,,,Depreciation for the period,1790,Accumulated depreciation,,"2,714.07",,
02/08/2025,Bill,1121,Reimbursement 4447,6250,Software subscriptions,"10,335.65",,m.laurent,02/08/2025 11:44:00 PM
,,,Reimbursement 4447,2010,Accounts payable,,"10,335.65",,
02/09/2025,Journal Entry,1082,Accrual reversal,02050,Accrued liabilities,"4,714.49",,System Administrator,02/09/2025 6:57:32 AM
,,,Accrual reversal,6110,Utilities,,"4,714.49",,
02/09/2025,Journal Entry,1084,Accrual reversal,2050,Accrued liabilities,"2,152.86",,a.varga,02/09/2025 7:41:17 AM
,,,Accrual reversal,5010,Cost of sales:Materials,,"2,152.86",,
02/09/2025,Credit Memo,1086,Credit note 4376,4090,Sales discounts,"1,039.03",,System Administrator,02/09/2025 4:28:59 AM
,,,Credit note 4376,1200,Accounts receivable,,"1,039.03",,
02/09/2025,Credit Memo,1092,Credit note 4388,4090,Sales discounts,279.32,,m.laurent,02/09/2025 8:29:43 AM
,,,Credit note 4388,1200,Accounts receivable,,279.32,,
02/09/2025,Bill Payment (Check),1119,Payment to supplier 4442,2010,Accounts payable,"12,570.08",,m.laurent,02/09/2025 6:18:07 AM
,,,Payment to supplier 4442,1010,Cash and cash equivalents:Operating account,,"12,570.08",,
02/09/2025,Invoice,1133,Licence renewal 4467,01200,Accounts receivable,"17,127.01",,d.okonkwo,02/09/2025 8:28:40 PM
,,,Licence renewal 4467,4010,Revenue:Product,,"14,272.51",,
,,,Licence renewal 4467,2100,Sales tax payable,,"2,854.50",,
02/10/2025,Invoice,1081,Retainer 4365,1200,Accounts receivable,"5,035.46",,m.laurent,02/10/2025 10:02:40 PM
,,,Retainer 4365,4020,Revenue:Services,,"4,196.22",,
,,,Retainer 4365,2100,Sales tax payable,,839.24,,
02/10/2025,Bill Payment (Check),1108,Payment to supplier 4417,2010,Accounts payable,"6,492.83",,System Administrator,02/10/2025 8:01:46 AM
,,,Payment to supplier 4417,1010,Cash and cash equivalents:Operating account,,"6,492.83",,
02/10/2025,Credit Memo,1130,Credit note 4462,4090,Sales discounts,672.64,,a.varga,02/10/2025 10:34:36 PM
,,,Credit note 4462,1200,Accounts receivable,,672.64,,
02/11/2025,Bill Payment (Check),1083,Payment to supplier 4371,2010,Accounts payable,"4,075.31",,m.laurent,02/11/2025 2:59:57 AM
,,,Payment to supplier 4371,1010,Cash and cash equivalents:Operating account,,"4,075.31",,
02/11/2025,Journal Entry,1106,Deferred revenue release,2400,Deferred revenue,"1,809.77",,s.pettersen,02/11/2025 1:59:27 PM
,,,Deferred revenue release,4020,Revenue:Services,,"1,809.77",,
02/11/2025,Credit Memo,1113,Credit note 4428,4090,Sales discounts,"1,649.41",,System Administrator,02/11/2025 3:46:18 PM
,,,Credit note 4428,1200,Accounts receivable,,"1,649.41",,
02/12/2025,Payment,1095,Customer payment 4392,1010,Cash and cash equivalents:Operating account,"4,856.54",,System Administrator,02/12/2025 2:33:24 AM
,,,Customer payment 4392,1200,Accounts receivable,,"4,856.54",,
02/12/2025,Expense,1097,Reimbursement 4396,6100,Rent,554.04,,System Administrator,02/12/2025 5:14:08 AM
,,,Reimbursement 4396,1010,Cash and cash equivalents:Operating account,,554.04,,
02/12/2025,Invoice,1131,Progress billing 4463,1200,Accounts receivable,"21,645.40",,a.varga,02/12/2025 1:44:43 PM
,,,Progress billing 4463,4030,Revenue:Support,,"18,037.83",,
,,,Progress billing 4463,02100,Sales tax payable,,"3,607.57",,
02/12/2025,Expense,1132,Monthly service 4465,6250,Software subscriptions,464.52,,m.laurent,02/12/2025 3:06:50 AM
,,,Monthly service 4465,1010,Cash and cash equivalents:Operating account,,464.52,,
02/13/2025,Journal Entry,1090,Reclassification,5010,Cost of sales:Materials,"2,524.39",,d.okonkwo,02/13/2025 6:41:58 AM
,,,Reclassification,6250,Software subscriptions,,"2,524.39",,
02/13/2025,Bill Payment (Check),1123,Payment to supplier 4449,2010,Accounts payable,"11,997.74",,m.laurent,02/13/2025 5:59:12 PM
,,,Payment to supplier 4449,1010,Cash and cash equivalents:Operating account,,"11,997.74",,
02/14/2025,Bill Payment (Check),1096,Payment to supplier 4393,2010,Accounts payable,799.28,,m.laurent,02/14/2025 7:29:14 AM
,,,Payment to supplier 4393,01010,Cash and cash equivalents:Operating account,,799.28,,
02/15/2025,Invoice,1107,Progress billing 4415,1200,Accounts receivable,"7,542.64-",,s.pettersen,02/15/2025 10:13:35 PM
,,,Progress billing 4415,4020,Revenue:Services,,"6,285.53-",,
,,,Progress billing 4415,02100,Sales tax payable,,"1,257.11-",,
02/15/2025,Bill,1112,Purchase order 4425,6400,Travel and entertainment,"2,215.15",,System Administrator,02/15/2025 10:37:30 PM
,,,Purchase order 4425,02010,Accounts payable,,"2,215.15",,
02/15/2025,Bill,1129,Monthly service 4460,6200,Professional fees,"11,229.02",,a.varga,02/15/2025 7:18:34 AM
,,,Monthly service 4460,2010,Accounts payable,,"11,229.02",,
02/15/2025,Invoice,1135,Progress billing 4472,1200,Accounts receivable,"10,071.34",,s.pettersen,02/15/2025 7:41:47 PM
,,,Progress billing 4472,4020,Revenue:Services,,"8,392.78",,
,,,Progress billing 4472,2100,Sales tax payable,,"1,678.56",,
02/17/2025,Payment,1080,Customer payment 4362,1010,Cash and cash equivalents:Operating account,"4,583.24",,d.okonkwo,02/17/2025 10:40:02 AM
,,,Customer payment 4362,1200,Accounts receivable,,"4,583.24",,
02/17/2025,Invoice,1091,Licence renewal 4386,1200,Accounts receivable,"10,510.07",,d.okonkwo,02/17/2025 10:19:41 PM
,,,Licence renewal 4386,4010,Revenue:Product,,"8,758.39",,
,,,Licence renewal 4386,2100,Sales tax payable,,"1,751.68",,
02/17/2025,Journal Entry,1098,Deferred revenue release,2400,Deferred revenue,"7,182.96",,System Administrator,02/17/2025 4:00:37 PM
,,,Deferred revenue release,4020,Revenue:Services,,"7,182.96",,
02/17/2025,Payment,1120,Customer payment 4444,1010,Cash and cash equivalents:Operating account,"18,949.69",,System Administrator,02/17/2025 4:48:06 PM
,,,Customer payment 4444,1200,Accounts receivable,,"18,949.69",,
02/17/2025,Deposit,1125,Bank deposit 4453,1010,Cash and cash equivalents:Operating account,"4,370.56",,a.varga,02/17/2025 10:13:23 AM
,,,Bank deposit 4453,2400,Deferred revenue,,"4,370.56",,
02/18/2025,Bill,1105,Purchase order 4410,06400,Travel and entertainment,"2,145.40",,d.okonkwo,02/18/2025 11:42:36 AM
,,,Purchase order 4410,2010,Accounts payable,,"2,145.40",,
02/19/2025,Bill,1117,Monthly service 4437,6100,Rent,"4,740.82",,System Administrator,02/19/2025 4:06:48 AM
,,,Monthly service 4437,2010,Accounts payable,,"4,740.82",,
02/21/2025,Sales Receipt,1099,Invoice 2025-4398,1010,Cash and cash equivalents:Operating account,"1,801.92",,d.okonkwo,02/21/2025 6:17:55 PM
,,,Invoice 2025-4398,4010,Revenue:Product,,"1,501.60",,
,,,Invoice 2025-4398,02100,Sales tax payable,,300.32,,
02/21/2025,Vendor Credit,1109,Supplier credit 4420,2010,Accounts payable,557.47,,d.okonkwo,02/21/2025 8:39:06 PM
,,,Supplier credit 4420,6110,Utilities,,557.47,,
02/21/2025,Payment,1110,Customer payment 4422,1010,Cash and cash equivalents:Operating account,"20,059.68",,d.okonkwo,02/21/2025 1:33:36 PM
,,,Customer payment 4422,1200,Accounts receivable,,"20,059.68",,
02/21/2025,Invoice,1134,Progress billing 4469,1200,Accounts receivable,"16,483.79",,d.okonkwo,02/21/2025 11:34:13 PM
,,,Progress billing 4469,4010,Revenue:Product,,"13,736.49",,
,,,Progress billing 4469,2100,Sales tax payable,,"2,747.30",,
02/22/2025,Bill Payment (Check),1079,Payment to supplier 4360,2010,Accounts payable,"3,822.11",,d.okonkwo,02/22/2025 1:17:45 AM
,,,Payment to supplier 4360,1010,Cash and cash equivalents:Operating account,,"3,822.11",,
02/24/2025,Credit Memo,1100,Credit note 4399,4090,Sales discounts,"1,089.53",,a.varga,02/24/2025 4:13:45 AM
,,,Credit note 4399,1200,Accounts receivable,,"1,089.53",,
02/24/2025,Payment,1136,Customer payment 4475,1010,Cash and cash equivalents:Operating account,"18,556.12",,a.varga,02/24/2025 3:14:54 AM
,,,Customer payment 4475,1200,Accounts receivable,,"18,556.12",,
02/25/2025,Bill,1085,Reimbursement 4375,06110,Utilities,"9,636.14",,d.okonkwo,02/25/2025 4:58:55 AM
,,,Reimbursement 4375,2010,Accounts payable,,"9,636.14",,
02/25/2025,Bill,1103,Reimbursement 4406,6110,Utilities,"4,757.24",,s.pettersen,02/25/2025 1:08:06 PM
,,,Reimbursement 4406,2010,Accounts payable,,"4,757.24",,
02/25/2025,Invoice,1127,Retainer 4458,1200,Accounts receivable,"2,170.20",,d.okonkwo,02/25/2025 2:11:14 AM
,,,Retainer 4458,4020,Revenue:Services,,"1,808.50",,
,,,Retainer 4458,2100,Sales tax payable,,361.70,,
02/26/2025,Journal Entry,1089,Payroll journal,6010,Salaries and wages,"38,025.51",,s.pettersen,02/26/2025 4:21:00 PM
,,,Payroll journal,6020,Employee benefits,"3,422.30",,,
,,,Payroll journal,2150,Payroll liabilities:Withholding,,"9,126.12",,
,,,Payroll journal,2160,Payroll liabilities:Pension,,"1,901.28",,
,,,Payroll journal,01020,Cash and cash equivalents:Payroll account,,"30,420.41",,
02/26/2025,Invoice,1118,Licence renewal 4440,1200,Accounts receivable,"18,754.46",,d.okonkwo,02/26/2025 11:26:23 AM
,,,Licence renewal 4440,4010,Revenue:Product,,"15,628.72",,
,,,Licence renewal 4440,2100,Sales tax payable,,"3,125.74",,
02/26/2025,Bill,1128,Reimbursement 4459,6250,Software subscriptions,"8,784.99",,s.pettersen,02/26/2025 4:08:25 PM
,,,Reimbursement 4459,2010,Accounts payable,,"8,784.99",,
02/28/2025,Bill,1076,Reimbursement 4352,6420,Travel and entertainment:Conferences,"10,934.19",,d.okonkwo,02/28/2025 12:38:28 AM
,,,Reimbursement 4352,2010,Accounts payable,,"10,934.19",,
,,,Total for February 2025,,,"417,964.48","417,964.48",,
03/01/2025,Deposit,1140,Bank deposit 4481,1010,Cash and cash equivalents:Operating account,"3,045.52",,d.okonkwo,03/01/2025 8:10:54 PM
,,,Bank deposit 4481,2400,Deferred revenue,,"3,045.52",,
03/01/2025,Bill Payment (Check),1141,Payment to supplier 4483,2010,Accounts payable,"13,496.09",,System Administrator,03/01/2025 7:45:16 AM
,,,Payment to supplier 4483,1010,Cash and cash equivalents:Operating account,,"13,496.09",,
03/03/2025,Journal Entry,1164,Accrual reversal,2050,Accrued liabilities,"1,896.41",,a.varga,03/03/2025 8:00:15 AM
,,,Accrual reversal,5010,Cost of sales:Materials,,"1,896.41",,
03/03/2025,Journal Entry,1169,Depreciation for the period,6600,Depreciation,"3,822.85-",,s.pettersen,03/03/2025 3:55:51 AM
,,,Depreciation for the period,1790,Accumulated depreciation,,"3,822.85-",,
03/04/2025,Expense,1142,Reimbursement 4485,5010,Cost of sales:Materials,"1,917.24",,System Administrator,03/04/2025 1:10:08 PM
,,,Reimbursement 4485,1010,Cash and cash equivalents:Operating account,,"1,917.24",,
03/05/2025,Credit Memo,1151,Credit note 4498,4090,Sales discounts,"1,889.39-",,d.okonkwo,03/05/2025 9:05:21 PM
,,,Credit note 4498,1200,Accounts receivable,,"1,889.39-",,
03/06/2025,Deposit,1182,Bank deposit 4558,1010,Cash and cash equivalents:Operating account,"3,410.11",,d.okonkwo,03/06/2025 1:21:12 AM
,,,Bank deposit 4558,2400,Deferred revenue,,"3,410.11",,
03/07/2025,Bill Payment (Check),1163,Payment to supplier 4521,2010,Accounts payable,"4,216.08",,System Administrator,03/07/2025 2:57:40 PM
,,,Payment to supplier 4521,1010,Cash and cash equivalents:Operating account,,"4,216.08",,
03/07/2025,Payment,1179,Customer payment 4549,1010,Cash and cash equivalents:Operating account,"16,618.32",,m.laurent,03/07/2025 12:47:04 AM
,,,Customer payment 4549,1200,Accounts receivable,,"16,618.31",,
03/07/2025,Bill,1186,Reimbursement 4564,6500,Bank charges,"10,369.78",,d.okonkwo,03/07/2025 7:13:13 PM
,,,Reimbursement 4564,02010,Accounts payable,,"10,369.78",,
03/08/2025,Sales Receipt,1139,Progress billing 4480,1010,Cash and cash equivalents:Operating account,589.66,,s.pettersen,03/08/2025 4:20:37 PM
,,,Progress billing 4480,4010,Revenue:Product,,491.38,,
,,,Progress billing 4480,2100,Sales tax payable,,98.28,,
03/08/2025,Bill Payment (Check),1191,Payment to supplier 4573,2010,Accounts payable,"8,794.30",,System Administrator,03/08/2025 11:55:23 PM
,,,Payment to supplier 4573,1010,Cash and cash equivalents:Operating account,,"8,794.30",,
03/09/2025,Bill,1172,Monthly service 4537,6100,Rent,"3,641.33",,s.pettersen,03/09/2025 4:39:58 PM
,,,Monthly service 4537,2010,Accounts payable,,"3,641.33",,
03/09/2025,Invoice,1174,Progress billing 4542,1200,Accounts receivable,"3,484.91",,System Administrator,03/09/2025 11:26:33 PM
,,,Progress billing 4542,4020,Revenue:Services,,"2,904.09",,
,,,Progress billing 4542,2100,Sales tax payable,,580.82,,
03/10/2025,Invoice,1137,Invoice 2025-4476,1200,Accounts receivable,"14,102.56",,System Administrator,03/10/2025 12:24:45 AM
,,,Invoice 2025-4476,4020,Revenue:Services,,"11,752.13",,
,,,Invoice 2025-4476,2100,Sales tax payable,,"2,350.43",,
03/11/2025,Invoice,1171,Progress billing 4535,1200,Accounts receivable,"14,090.64",,System Administrator,03/11/2025 9:32:56 AM
,,,Progress billing 4535,4010,Revenue:Product,,"11,742.20",,
,,,Progress billing 4535,2100,Sales tax payable,,"2,348.44",,
03/11/2025,Bill,1175,Monthly service 4543,5020,Cost of sales:Freight,"12,514.67",,m.laurent,03/11/2025 10:48:35 AM
,,,Monthly service 4543,2010,Accounts payable,,"12,514.67",,
03/11/2025,Invoice,1181,Invoice 2025-4555,1200,Accounts receivable,"10,449.19-",,s.pettersen,03/11/2025 2:44:03 PM
,,,Invoice 2025-4555,4020,Revenue:Services,,"8,707.66-",,
,,,Invoice 2025-4555,2100,Sales tax payable,,"1,741.53-",,
03/11/2025,Payment,1185,Customer payment 4562,1010,Cash and cash equivalents:Operating account,"8,113.18",,a.varga,03/11/2025 11:09:25 AM
,,,Customer payment 4562,1200,Accounts receivable,,"8,113.18",,
03/11/2025,Invoice,1190,Invoice 2025-4572,1200,Accounts receivable,"20,863.75",,m.laurent,03/11/2025 3:34:52 PM
,,,Invoice 2025-4572,4010,Revenue:Product,,"17,386.46",,
,,,Invoice 2025-4572,2100,Sales tax payable,,"3,477.29",,
03/12/2025,Invoice,1194,Invoice 2025-4580,1200,Accounts receivable,"4,662.18",,s.pettersen,03/12/2025 9:00:52 AM
,,,Invoice 2025-4580,4010,Revenue:Product,,"3,885.15",,
,,,Invoice 2025-4580,2100,Sales tax payable,,777.03,,
03/13/2025,Payment,1152,Customer payment 4501,1010,Cash and cash equivalents:Operating account,"18,316.52",,a.varga,03/13/2025 10:03:50 PM
,,,Customer payment 4501,1200,Accounts receivable,,"18,316.52",,
03/13/2025,Payment,1156,Customer payment 4509,1010,Cash and cash equivalents:Operating account,"20,121.43",,a.varga,03/13/2025 1:57:17 PM
,,,Customer payment 4509,1200,Accounts receivable,,"20,121.43",,
03/13/2025,Journal Entry,1161,Accrual reversal,2050,Accrued liabilities,"1,269.52",,d.okonkwo,03/13/2025 7:57:23 PM
,,,Accrual reversal,5010,Cost of sales:Materials,,"1,269.52",,
03/14/2025,Invoice,1147,Licence renewal 4491,1200,Accounts receivable,"17,777.90",,s.pettersen,03/14/2025 6:08:54 PM
,,,Licence renewal 4491,4020,Revenue:Services,,"14,814.92",,
,,,Licence renewal 4491,2100,Sales tax payable,,"2,962.98",,
03/14/2025,Bill Payment (Check),1180,Payment to supplier 4552,2010,Accounts payable,"2,430.95",,s.pettersen,03/14/2025 10:25:12 AM
,,,Payment to supplier 4552,1010,Cash and cash equivalents:Operating account,,"2,430.95",,
03/15/2025,Sales Receipt,1148,Retainer 4492,1010,Cash and cash equivalents:Operating account,"1,836.29",,m.laurent,03/15/2025 2:55:06 PM
,,,Retainer 4492,4010,Revenue:Product,,"1,530.24",,
,,,Retainer 4492,2100,Sales tax payable,,306.05,,
03/15/2025,Expense,1153,Purchase order 4502,5020,Cost of sales:Freight,768.84,,System Administrator,03/15/2025 8:45:59 PM
,,,Purchase order 4502,01010,Cash and cash equivalents:Operating account,,768.84,,
03/15/2025,Bill,1155,Reimbursement 4507,6200,Professional fees,"4,218.29",,m.laurent,03/15/2025 8:06:57 AM
,,,Reimbursement 4507,02010,Accounts payable,,"4,218.29",,
03/16/2025,Bill,1154,Reimbursement 4505,5020,Cost of sales:Freight,"8,207.23",,m.laurent,03/16/2025 11:54:33 AM
,,,Reimbursement 4505,2010,Accounts payable,,"8,207.23",,
03/16/2025,Invoice,1177,Licence renewal 4547,1200,Accounts receivable,"16,379.89",,a.varga,03/16/2025 10:23:26 PM
,,,Licence renewal 4547,4010,Revenue:Product,,"13,649.91",,
,,,Licence renewal 4547,2100,Sales tax payable,,"2,729.98",,
03/17/2025,Expense,1173,Reimbursement 4539,5020,Cost of sales:Freight,"1,352.27",,d.okonkwo,03/17/2025 10:40:00 PM
,,,Reimbursement 4539,1010,Cash and cash equivalents:Operating account,,"1,352.27",,
03/18/2025,Credit Memo,1160,Credit note 4514,4090,Sales discounts,444.08,,a.varga,03/18/2025 3:52:49 AM
,,,Credit note 4514,1200,Accounts receivable,,444.08,,
03/18/2025,Bill Payment (Check),1187,Payment to supplier 4565,2010,Accounts payable,"1,957.29",,s.pettersen,03/18/2025 10:27:22 AM
,,,Payment to supplier 4565,1010,Cash and cash equivalents:Operating account,,"1,957.29",,
03/18/2025,Bill,1189,Purchase order 4569,6300,Marketing,"10,869.17",,m.laurent,03/18/2025 7:24:03 AM
,,,Purchase order 4569,2010,Accounts payable,,"10,869.17",,
03/18/2025,Invoice,1196,Invoice 2025-4585,1200,Accounts receivable,"13,715.14",,m.laurent,03/18/2025 6:13:45 AM
,,,Invoice 2025-4585,4010,Revenue:Product,,"11,429.28",,
,,,Invoice 2025-4585,2100,Sales tax payable,,"2,285.86",,
03/19/2025,Payment,1145,Customer payment 4489,1010,Cash and cash equivalents:Operating account,"18,481.68",,m.laurent,03/19/2025 2:25:55 PM
,,,Customer payment 4489,1200,Accounts receivable,,"18,481.68",,
03/19/2025,Invoice,1167,Licence renewal 4528,1200,Accounts receivable,"12,714.07",,m.laurent,03/19/2025 9:14:30 PM
,,,Licence renewal 4528,4020,Revenue:Services,,"10,595.06",,
,,,Licence renewal 4528,2100,Sales tax payable,,"2,119.01",,
03/19/2025,Deposit,1176,Bank deposit 4545,1010,Cash and cash equivalents:Operating account,"6,137.13",,d.okonkwo,03/19/2025 4:45:30 PM
,,,Bank deposit 4545,2400,Deferred revenue,,"6,137.13",,
03/20/2025,Journal Entry,1183,Accrual reversal,2050,Accrued liabilities,"3,734.75-",,s.pettersen,03/20/2025 1:29:09 PM
,,,Accrual reversal,6200,Professional fees,,"3,734.75-",,
03/21/2025,Expense,1149,Purchase order 4494,6110,Utilities,"1,878.21",,System Administrator,03/21/2025 5:45:04 AM
,,,Purchase order 4494,1010,Cash and cash equivalents:Operating account,,"1,878.21",,
03/21/2025,Bill,1170,Monthly service 4532,6110,Utilities,"1,610.12",,s.pettersen,03/21/2025 6:52:59 PM
,,,Monthly service 4532,2010,Accounts payable,,,,
03/22/2025,Invoice,1168,Progress billing 4530,1200,Accounts receivable,"19,174.72",,s.pettersen,03/22/2025 5:30:42 PM
,,,Progress billing 4530,4030,Revenue:Support,,"15,978.93",,
,,,Progress billing 4530,2100,Sales tax payable,,"3,195.79",,
03/23/2025,Invoice,1138,Progress billing 4479,1200,Accounts receivable,"1,954.56",,d.okonkwo,03/23/2025 12:07:03 AM
,,,Progress billing 4479,4010,Revenue:Product,,"1,628.80",,
,,,Progress billing 4479,2100,Sales tax payable,,325.76,,
03/25/2025,Invoice,1146,Licence renewal 4490,1200,Accounts receivable,"6,191.70",,d.okonkwo,03/25/2025 6:12:24 PM
,,,Licence renewal 4490,04010,Revenue:Product,,"5,159.75",,
,,,Licence renewal 4490,2100,Sales tax payable,,"1,031.95",,
03/25/2025,Bill Payment (Check),1157,Payment to supplier 4511,2010,Accounts payable,"13,655.69",,s.pettersen,03/25/2025 6:07:01 AM
,,,Payment to supplier 4511,1010,Cash and cash equivalents:Operating account,,"13,655.69",,
03/25/2025,Journal Entry,1159,Accrual reversal,2050,Accrued liabilities,"4,896.77",,d.okonkwo,03/25/2025 11:37:18 PM
,,,Accrual reversal,6500,Bank charges,,"4,896.77",,
03/26/2025,Bill Payment (Check),1143,Payment to supplier 4487,2010,Accounts payable,"13,593.69",,s.pettersen,03/26/2025 5:23:49 PM
,,,Payment to supplier 4487,1010,Cash and cash equivalents:Operating account,,"13,593.69",,
03/26/2025,Bill,1144,Reimbursement 4488,6200,Professional fees,"9,179.08",,s.pettersen,03/26/2025 4:12:41 AM
,,,Reimbursement 4488,2010,Accounts payable,,"9,179.08",,
03/26/2025,Sales Receipt,1165,Progress billing 4525,1010,Cash and cash equivalents:Operating account,"3,435.12",,s.pettersen,03/26/2025 6:59:56 PM
,,,Progress billing 4525,4010,Revenue:Product,,"2,862.60",,
,,,Progress billing 4525,2100,Sales tax payable,,,,
03/26/2025,Vendor Credit,1188,Supplier credit 4566,2010,Accounts payable,"1,042.65",,s.pettersen,03/26/2025 9:34:25 AM
,,,Supplier credit 4566,6110,Utilities,,"1,042.65",,
03/27/2025,Payment,1158,Customer payment 4512,1010,Cash and cash equivalents:Operating account,"9,261.61",,d.okonkwo,03/27/2025 10:52:02 PM
,,,Customer payment 4512,1200,Accounts receivable,,"9,261.61",,
03/28/2025,Journal Entry,1192,Deferred revenue release,2400,Deferred revenue,"4,554.64",,System Administrator,03/28/2025 1:46:41 PM
,,,Deferred revenue release,4020,Revenue:Services,,"4,554.64",,
03/29/2025,Invoice,1166,Progress billing 4527,1200,Accounts receivable,"17,423.52",,a.varga,03/29/2025 8:49:13 PM
,,,Progress billing 4527,4020,Revenue:Services,,"14,519.60",,
,,,Progress billing 4527,2100,Sales tax payable,,"2,903.92",,
03/29/2025,Payment,1178,Customer payment 4548,1010,Cash and cash equivalents:Operating account,"8,103.19",,System Administrator,03/29/2025 10:37:52 AM
,,,Customer payment 4548,1200,Accounts receivable,,"8,103.19",,
03/29/2025,Payment,1193,Customer payment 4577,1010,Cash and cash equivalents:Operating account,"12,299.21",,System Administrator,03/29/2025 10:57:11 PM
,,,Customer payment 4577,01200,Accounts receivable,,"12,299.21",,
03/30/2025,Transfer,1150,Transfer between bank accounts,1020,Cash and cash equivalents:Payroll account,"7,532.23",,m.laurent,03/30/2025 10:12:11 PM
,,,Transfer between bank accounts,1010,Cash and cash equivalents:Operating account,,"7,532.23",,
03/30/2025,Bill,1184,Purchase order 4561,5020,Cost of sales:Freight,"5,397.36",,m.laurent,03/30/2025 6:29:29 AM
,,,Purchase order 4561,2010,Accounts payable,,"5,397.36",,
03/30/2025,Journal Entry,1195,Deferred revenue release,2400,Deferred revenue,"2,741.28",,System Administrator,03/30/2025 11:04:31 PM
,,,Deferred revenue release,4020,Revenue:Services,,"2,741.28",,
03/31/2025,Bill Payment (Check),1162,Payment to supplier 4519,2010,Accounts payable,"3,491.05",,a.varga,03/31/2025 4:02:08 AM
,,,Payment to supplier 4519,1010,Cash and cash equivalents:Operating account,,"3,491.05",,
,,,Total for March 2025,,,"430,344.64","430,344.64",,
04/01/2025,Payment,1224,Customer payment 4640,1010,Cash and cash equivalents:Operating account,"5,822.39-",,System Administrator,04/01/2025 8:51:23 AM
,,,Customer payment 4640,1200,Accounts receivable,,"5,822.39-",,
04/01/2025,Payment,1235,Customer payment 4662,1010,Cash and cash equivalents:Operating account,"20,044.11",,m.laurent,04/01/2025 4:10:07 PM
,,,Customer payment 4662,1200,Accounts receivable,,"20,044.11",,
04/01/2025,Bill,1247,Purchase order 4686,6100,Rent,329.14,,a.varga,04/01/2025 9:29:41 PM
,,,Purchase order 4686,2010,Accounts payable,,329.14,,
04/02/2025,Payment,1206,Customer payment 4605,1010,Cash and cash equivalents:Operating account,"18,769.34",,d.okonkwo,04/02/2025 11:58:08 AM
,,,Customer payment 4605,1200,Accounts receivable,,"18,769.34",,
04/02/2025,Bill Payment (Check),1222,Payment to supplier 4636,2010,Accounts payable,"12,635.52",,a.varga,04/02/2025 11:54:57 AM
,,,Payment to supplier 4636,1010,Cash and cash equivalents:Operating account,,"12,635.52",,
04/02/2025,Payment,1229,Customer payment 4649,1010,Cash and cash equivalents:Operating account,"14,494.53",,m.laurent,04/02/2025 12:39:07 PM
,,,Customer payment 4649,1200,Accounts receivable,,"14,494.53",,
04/03/2025,Transfer,1199,Transfer between bank accounts,01020,Cash and cash equivalents:Payroll account,"20,907.31",,d.okonkwo,04/03/2025 9:17:14 PM
,,,Transfer between bank accounts,1010,Cash and cash equivalents:Operating account,,"20,907.31",,
04/03/2025,Journal Entry,1252,Reclassification,6250,Software subscriptions,"3,036.66",,a.varga,04/03/2025 8:22:49 PM
,,,Reclassification,6100,Rent,,"3,036.66",,
04/04/2025,Invoice,1215,Progress billing 4621,1200,Accounts receivable,"14,164.40",,System Administrator,04/04/2025 12:47:17 AM
,,,Progress billing 4621,4020,Revenue:Services,,"11,803.67",,
,,,Progress billing 4621,2100,Sales tax payable,,"2,360.73",,
04/04/2025,Bill Payment (Check),1253,Payment to supplier 4697,2010,Accounts payable,161.01,,a.varga,04/04/2025 5:49:18 PM
,,,Payment to supplier 4697,1010,Cash and cash equivalents:Operating account,,161.01,,
04/04/2025,Bill,1264,Purchase order 4719,5010,Cost of sales:Materials,"7,789.04",,a.varga,04/04/2025 2:15:51 PM
,,,Purchase order 4719,2010,Accounts payable,,"7,789.04",,
04/04/2025,Credit Memo,1265,Credit note 4721,4090,Sales discounts,"1,483.45-",,a.varga,04/04/2025 8:38:31 AM
,,,Credit note 4721,1200,Accounts receivable,,"1,483.45-",,
04/05/2025,Expense,1208,Monthly service 4608,6110,Utilities,"1,389.01",,a.varga,04/05/2025 4:51:45 AM
,,,Monthly service 4608,1010,Cash and cash equivalents:Operating account,,"1,389.01",,
04/06/2025,Invoice,1233,Licence renewal 4658,1200,Accounts receivable,"16,220.72",,d.okonkwo,04/06/2025 12:31:35 AM
,,,Licence renewal 4658,4010,Revenue:Product,,"13,517.27",,
,,,Licence renewal 4658,2100,Sales tax payable,,"2,703.45",,
04/07/2025,Bill,1211,Reimbursement 4613,6250,Software subscriptions,"8,568.45",,s.pettersen,04/07/2025 1:33:04 PM
,,,Reimbursement 4613,2010,Accounts payable,,"8,568.45",,
04/08/2025,Bill Payment (Check),1204,Payment to supplier 4599,2010,Accounts payable,153.52,,s.pettersen,04/08/2025 7:50:00 PM
,,,Payment to supplier 4599,1010,Cash and cash equivalents:Operating account,,153.52,,
04/08/2025,Sales Receipt,1212,Licence renewal 4616,1010,Cash and cash equivalents:Operating account,"2,490.97",,d.okonkwo,04/08/2025 5:07:19 PM
,,,Licence renewal 4616,4010,Revenue:Product,,"2,075.81",,
,,,Licence renewal 4616,2100,Sales tax payable,,415.16,,
04/08/2025,Bill,1223,Reimbursement 4637,6420,Travel and entertainment:Conferences,"4,061.84",,a.varga,04/08/2025 2:10:21 PM
,,,Reimbursement 4637,2010,Accounts payable,,"4,061.84",,
04/08/2025,Payment,1256,Customer payment 4703,1010,Cash and cash equivalents:Operating account,"18,297.75",,d.okonkwo,04/08/2025 3:54:55 PM
,,,Customer payment 4703,1200,Accounts receivable,,"18,297.75",,
04/09/2025,Payment,1227,Customer payment 4646,1010,Cash and cash equivalents:Operating account,"8,427.78",,System Administrator,04/09/2025 2:36:25 AM
,,,Customer payment 4646,1200,Accounts receivable,,"8,427.78",,
04/10/2025,Invoice,1202,Retainer 4595,1200,Accounts receivable,"6,218.56",,a.varga,04/10/2025 9:35:59 AM
,,,Retainer 4595,4020,Revenue:Services,,"5,182.13",,
,,,Retainer 4595,2100,Sales tax payable,,"1,036.43",,
04/10/2025,Credit Memo,1225,Credit note 4643,4090,Sales discounts,"1,426.13",,a.varga,04/10/2025 8:39:46 AM
,,,Credit note 4643,1200,Accounts receivable,,"1,426.13",,
04/10/2025,Bill Payment (Check),1255,Payment to supplier 4701,2010,Accounts payable,"5,167.46",,System Administrator,04/10/2025 11:44:25 PM
,,,Payment to supplier 4701,1010,Cash and cash equivalents:Operating account,,"5,167.46",,
04/12/2025,Payment,1205,Customer payment 4602,1010,Cash and cash equivalents:Operating account,604.79,,m.laurent,04/12/2025 5:58:41 PM
,,,Customer payment 4602,1200,Accounts receivable,,604.79,,
04/13/2025,Expense,1214,Purchase order 4620,6200,Professional fees,793.51,,m.laurent,04/13/2025 3:53:16 AM
,,,Purchase order 4620,1010,Cash and cash equivalents:Operating account,,793.51,,
04/13/2025,Payment,1236,Customer payment 4663,1010,Cash and cash equivalents:Operating account,"2,801.79",,s.pettersen,04/13/2025 1:47:52 PM
,,,Customer payment 4663,1200,Accounts receivable,,"2,801.79",,
04/13/2025,Bill,1239,Monthly service 4670,6260,Software subscriptions:AI tools,"8,221.79",,s.pettersen,04/13/2025 2:10:09 AM
,,,Monthly service 4670,2010,Accounts payable,,"8,221.79",,
04/13/2025,Invoice,1243,Retainer 4679,01200,Accounts receivable,"10,821.11",,m.laurent,04/13/2025 10:00:14 AM
,,,Retainer 4679,4020,Revenue:Services,,"9,017.59",,
,,,Retainer 4679,02100,Sales tax payable,,"1,803.52",,
04/14/2025,Invoice,1203,Retainer 4598,1200,Accounts receivable,"8,489.80",,System Administrator,04/14/2025 3:19:07 PM
,,,Retainer 4598,4010,Revenue:Product,,"7,074.83",,
,,,Retainer 4598,2100,Sales tax payable,,"1,414.97",,
04/14/2025,Invoice,1209,Retainer 4609,1200,Accounts receivable,"15,286.12",,a.varga,04/14/2025 3:09:39 AM
,,,Retainer 4609,4010,Revenue:Product,,"12,738.43",,
,,,Retainer 4609,2100,Sales tax payable,,"2,547.69",,
04/14/2025,Payment,1240,Customer payment 4673,1010,Cash and cash equivalents:Operating account,"18,501.41",,System Administrator,04/14/2025 4:54:43 PM
,,,Customer payment 4673,1200,Accounts receivable,,"18,501.41",,
04/14/2025,Invoice,1249,Progress billing 4689,1200,Accounts receivable,"13,291.04",,System Administrator,04/14/2025 5:43:23 PM
,,,Progress billing 4689,04020,Revenue:Services,,"11,075.87",,
,,,Progress billing 4689,2100,Sales tax payable,,"2,215.17",,
04/14/2025,Expense,1257,Purchase order 4704,05020,Cost of sales:Freight,"1,251.73",,m.laurent,04/14/2025 8:23:33 AM
,,,Purchase order 4704,1010,Cash and cash equivalents:Operating account,,"1,251.73",,
04/15/2025,Sales Receipt,1207,Retainer 4606,1010,Cash and cash equivalents:Operating account,"1,582.37",,m.laurent,04/15/2025 4:19:12 PM
,,,Retainer 4606,4010,Revenue:Product,,"1,318.64",,
,,,Retainer 4606,2100,Sales tax payable,,263.73,,
04/15/2025,Bill,1263,Purchase order 4718,6500,Bank charges,"5,733.54",,d.okonkwo,04/15/2025 9:09:16 PM
,,,Purchase order 4718,2010,Accounts payable,,"5,733.54",,
04/15/2025,Bill,1266,Supplier invoice 4724,6400,Travel and entertainment,"8,368.52",,m.laurent,04/15/2025 3:04:17 PM
,,,Supplier invoice 4724,2010,Accounts payable,,"8,368.52",,
04/18/2025,Invoice,1244,Retainer 4680,1200,Accounts receivable,"7,525.74",,s.pettersen,04/18/2025 6:43:58 AM
,,,Retainer 4680,4020,Revenue:Services,,"6,271.45",,
,,,Retainer 4680,2100,Sales tax payable,,"1,254.29",,
04/19/2025,Sales Receipt,1217,Progress billing 4625,1010,Cash and cash equivalents:Operating account,524.99,,s.pettersen,04/19/2025 7:01:39 AM
,,,Progress billing 4625,4010,Revenue:Product,,437.49,,
,,,Progress billing 4625,2100,Sales tax payable,,87.50,,
04/19/2025,Deposit,1228,Bank deposit 4648,1010,Cash and cash equivalents:Operating account,"1,334.98",,System Administrator,04/19/2025 7:43:28 AM
,,,Bank deposit 4648,2400,Deferred revenue,,"1,334.98",,
04/19/2025,Payment,1232,Customer payment 4655,1010,Cash and cash equivalents:Operating account,"10,245.07",,m.laurent,04/19/2025 5:16:42 PM
,,,Customer payment 4655,1200,Accounts receivable,,"10,245.07",,
04/19/2025,Bill Payment (Check),1245,Payment to supplier 4683,2010,Accounts payable,"6,760.91",,d.okonkwo,04/19/2025 5:07:24 AM
,,,Payment to supplier 4683,1010,Cash and cash equivalents:Operating account,,"6,760.91",,
04/20/2025,Journal Entry,1216,Revaluation of foreign balances,6900,Foreign exchange gain or loss,774.59,,a.varga,04/20/2025 5:57:28 PM
,,,Revaluation of foreign balances,1200,Accounts receivable,,774.59,,
04/20/2025,Payment,1242,Customer payment 4678,1010,Cash and cash equivalents:Operating account,"3,777.68",,System Administrator,04/20/2025 9:39:29 PM
,,,Customer payment 4678,01200,Accounts receivable,,"3,777.68",,
04/20/2025,Invoice,1251,Progress billing 4694,1200,Accounts receivable,"10,813.66",,d.okonkwo,04/20/2025 4:36:44 AM
,,,Progress billing 4694,4020,Revenue:Services,,"9,011.38",,
,,,Progress billing 4694,2100,Sales tax payable,,"1,802.28",,
04/20/2025,Invoice,1254,Retainer 4698,1200,Accounts receivable,"3,573.52-",,s.pettersen,04/20/2025 5:59:52 PM
,,,Retainer 4698,04010,Revenue:Product,,"2,977.93-",,
,,,Retainer 4698,2100,Sales tax payable,,595.59-,,
04/21/2025,Transfer,1218,Transfer between bank accounts,1020,Cash and cash equivalents:Payroll account,"4,254.52",,d.okonkwo,04/21/2025 8:53:27 AM
,,,Transfer between bank accounts,1010,Cash and cash equivalents:Operating account,,"4,254.52",,
04/22/2025,Transfer,1219,Transfer between bank accounts,1020,Cash and cash equivalents:Payroll account,"21,924.70",,a.varga,04/22/2025 10:40:01 AM
,,,Transfer between bank accounts,1010,Cash and cash equivalents:Operating account,,"21,924.69",,
04/22/2025,Vendor Credit,1241,Supplier credit 4675,2010,Accounts payable,944.11,,d.okonkwo,04/22/2025 1:43:06 AM
,,,Supplier credit 4675,6250,Software subscriptions,,944.11,,
04/22/2025,Bill Payment (Check),1260,Payment to supplier 4711,2010,Accounts payable,"3,335.79",,s.pettersen,04/22/2025 8:08:55 PM
,,,Payment to supplier 4711,01010,Cash and cash equivalents:Operating account,,"3,335.79",,
04/23/2025,Bill Payment (Check),1200,Payment to supplier 4593,2010,Accounts payable,967.60,,System Administrator,04/23/2025 1:11:01 PM
,,,Payment to supplier 4593,1010,Cash and cash equivalents:Operating account,,967.60,,
04/23/2025,Expense,1262,Purchase order 4715,6400,Travel and entertainment,"1,728.12",,d.okonkwo,04/23/2025 9:31:35 PM
,,,Purchase order 4715,1010,Cash and cash equivalents:Operating account,,"1,728.12",,
04/24/2025,Sales Receipt,1213,Retainer 4617,1010,Cash and cash equivalents:Operating account,"1,467.66",,s.pettersen,04/24/2025 8:20:03 AM
,,,Retainer 4617,4010,Revenue:Product,,"1,223.05",,
,,,Retainer 4617,2100,Sales tax payable,,244.61,,
04/24/2025,Payment,1268,Customer payment 4729,1010,Cash and cash equivalents:Operating account,"7,372.91",,System Administrator,04/24/2025 3:18:28 PM
,,,Customer payment 4729,1200,Accounts receivable,,"7,372.91",,
04/25/2025,Invoice,1267,Progress billing 4727,1200,Accounts receivable,"6,595.73",,a.varga,04/25/2025 3:47:57 PM
,,,Progress billing 4727,4010,Revenue:Product,,"5,496.44",,
,,,Progress billing 4727,2100,Sales tax payable,,"1,099.29",,
04/25/2025,Invoice,1269,Invoice 2025-4730,1200,Accounts receivable,"7,201.80",,System Administrator,04/25/2025 5:02:30 PM
,,,Invoice 2025-4730,4030,Revenue:Support,,"6,001.50",,
,,,Invoice 2025-4730,2100,Sales tax payable,,"1,200.30",,
04/26/2025,Invoice,1197,Progress billing 4587,1200,Accounts receivable,"8,929.88",,a.varga,04/26/2025 3:19:04 AM
,,,Progress billing 4587,4020,Revenue:Services,,"7,441.57",,
,,,Progress billing 4587,2100,Sales tax payable,,"1,488.31",,
04/26/2025,Bill Payment (Check),1210,Payment to supplier 4611,02010,Accounts payable,"5,821.07",,d.okonkwo,04/26/2025 5:57:02 PM
,,,Payment to supplier 4611,1010,Cash and cash equivalents:Operating account,,"5,821.07",,
04/26/2025,Credit Memo,1230,Credit note 4652,4090,Sales discounts,"1,533.11",,a.varga,04/26/2025 3:33:48 AM
,,,Credit note 4652,1200,Accounts receivable,,"1,533.11",,
04/26/2025,Bill,1246,Supplier invoice 4685,06500,Bank charges,"10,869.23",,a.varga,04/26/2025 3:22:14 PM
,,,Supplier invoice 4685,2010,Accounts payable,,"10,869.23",,
04/26/2025,Bill,1250,Supplier invoice 4692,6200,Professional fees,"3,253.54",,d.okonkwo,04/26/2025 9:44:47 PM
,,,Supplier invoice 4692,2010,Accounts payable,,"3,253.54",,
04/26/2025,Bill,1259,Purchase order 4708,06200,Professional fees,"2,165.91",,d.okonkwo,04/26/2025 8:53:22 PM
,,,Purchase order 4708,2010,Accounts payable,,"2,165.91",,
04/27/2025,Payment,1234,Customer payment 4660,1010,Cash and cash equivalents:Operating account,"11,104.96",,a.varga,04/27/2025 5:35:50 AM
,,,Customer payment 4660,1200,Accounts receivable,,"11,104.96",,
04/27/2025,Payment,1238,Customer payment 4668,1010,Cash and cash equivalents:Operating account,"7,330.20",,s.pettersen,04/27/2025 11:24:00 PM
,,,Customer payment 4668,1200,Accounts receivable,,,,
04/28/2025,Bill Payment (Check),1221,Payment to supplier 4634,2010,Accounts payable,"5,630.72",,System Administrator,04/28/2025 2:17:39 AM
,,,Payment to supplier 4634,1010,Cash and cash equivalents:Operating account,,"5,630.72",,
04/28/2025,Transfer,1231,Transfer between bank accounts,1020,Cash and cash equivalents:Payroll account,"34,319.81",,d.okonkwo,04/28/2025 8:16:27 AM
,,,Transfer between bank accounts,1010,Cash and cash equivalents:Operating account,,"34,319.81",,
04/28/2025,Bill,1258,Supplier invoice 4706,6200,Professional fees,"10,911.10",,System Administrator,04/28/2025 5:56:23 AM
,,,Supplier invoice 4706,2010,Accounts payable,,"10,911.10",,
04/29/2025,Invoice,1198,Invoice 2025-4588,1200,Accounts receivable,"7,796.15",,m.laurent,04/29/2025 6:09:50 PM
,,,Invoice 2025-4588,4010,Revenue:Product,,"6,496.79",,
,,,Invoice 2025-4588,2100,Sales tax payable,,"1,299.36",,
04/29/2025,Expense,1226,Reimbursement 4645,6110,Utilities,"1,285.08",,a.varga,04/29/2025 10:01:27 AM
,,,Reimbursement 4645,1010,Cash and cash equivalents:Operating account,,"1,285.08",,
04/29/2025,Journal Entry,1237,Deferred revenue release,2400,Deferred revenue,779.48,,d.okonkwo,04/29/2025 4:35:58 AM
,,,Deferred revenue release,4020,Revenue:Services,,779.48,,
04/30/2025,Invoice,1201,Progress billing 4594,1200,Accounts receivable,"9,591.46",,d.okonkwo,04/30/2025 5:28:05 PM
,,,Progress billing 4594,4020,Revenue:Services,,"7,992.88",,
,,,Progress billing 4594,2100,Sales tax payable,,"1,598.58",,
04/30/2025,Sales Receipt,1220,Progress billing 4633,1010,Cash and cash equivalents:Operating account,"1,860.52-",,a.varga,04/30/2025 2:09:32 PM
,,,Progress billing 4633,4010,Revenue:Product,,"1,550.43-",,
,,,Progress billing 4633,2100,Sales tax payable,,310.09-,,
04/30/2025,Invoice,1248,Retainer 4687,01200,Accounts receivable,"4,322.35",,System Administrator,04/30/2025 5:34:01 PM
,,,Retainer 4687,4010,Revenue:Product,,"3,601.96",,
,,,Retainer 4687,2100,Sales tax payable,,720.39,,
04/30/2025,Invoice,1261,Progress billing 4714,1200,Accounts receivable,"14,725.48",,d.okonkwo,04/30/2025 10:09:34 AM
,,,Progress billing 4714,4030,Revenue:Support,,"12,271.23",,
,,,Progress billing 4714,2100,Sales tax payable,,"2,454.25",,
,,,Total for April 2025,,,"505,680.98","505,680.98",,
05/01/2025,Bill,1271,Supplier invoice 4734,5010,Cost of sales:Materials,"4,274.95",,d.okonkwo,05/01/2025 3:37:33 AM
,,,Supplier invoice 4734,2010,Accounts payable,,"4,274.95",,
05/01/2025,Invoice,1281,Progress billing 4759,1200,Accounts receivable,"20,537.45",,d.okonkwo,05/01/2025 6:16:25 AM
,,,Progress billing 4759,4010,Revenue:Product,,"17,114.54",,
,,,Progress billing 4759,2100,Sales tax payable,,"3,422.91",,
05/01/2025,Sales Receipt,1296,Licence renewal 4784,1010,Cash and cash equivalents:Operating account,"3,169.46",,d.okonkwo,05/01/2025 4:36:20 PM
,,,Licence renewal 4784,4010,Revenue:Product,,"2,641.22",,
,,,Licence renewal 4784,2100,Sales tax payable,,528.24,,
05/01/2025,Expense,1311,Monthly service 4815,6400,Travel and entertainment,"1,392.61",,m.laurent,05/01/2025 9:45:03 PM
,,,Monthly service 4815,1010,Cash and cash equivalents:Operating account,,"1,392.61",,
05/01/2025,Bill Payment (Check),1313,Payment to supplier 4818,2010,Accounts payable,"1,250.83",,a.varga,05/01/2025 7:59:54 PM
,,,Payment to supplier 4818,1010,Cash and cash equivalents:Operating account,,"1,250.83",,
05/01/2025,Sales Receipt,1327,Invoice 2025-4841,1010,Cash and cash equivalents:Operating account,"3,119.44",,d.okonkwo,05/01/2025 7:32:39 AM
,,,Invoice 2025-4841,4010,Revenue:Product,,"2,599.53",,
,,,Invoice 2025-4841,2100,Sales tax payable,,519.91,,
05/02/2025,Bill,1316,Supplier invoice 4821,6500,Bank charges,"8,230.75",,m.laurent,05/02/2025 4:20:16 AM
,,,Supplier invoice 4821,2010,Accounts payable,,"8,230.75",,
05/02/2025,Sales Receipt,1319,Retainer 4827,1010,Cash and cash equivalents:Operating account,"1,506.74",,System Administrator,05/02/2025 2:44:17 AM
,,,Retainer 4827,4010,Revenue:Product,,"1,255.62",,
,,,Retainer 4827,2100,Sales tax payable,,251.12,,
05/03/2025,Vendor Credit,1315,Supplier credit 4820,2010,Accounts payable,709.42,,System Administrator,05/03/2025 3:52:32 AM
,,,Supplier credit 4820,6200,Professional fees,,709.42,,
05/05/2025,Deposit,1289,Bank deposit 4776,1010,Cash and cash equivalents:Operating account,"4,770.51",,System Administrator,05/05/2025 7:25:40 AM
,,,Bank deposit 4776,2400,Deferred revenue,,"4,770.51",,
05/05/2025,Journal Entry,1308,Depreciation for the period,6600,Depreciation,"3,340.42",,System Administrator,05/05/2025 10:45:14 PM
,,,Depreciation for the period,1790,Accumulated depreciation,,"3,340.42",,
05/05/2025,Vendor Credit,1320,Supplier credit 4829,2010,Accounts payable,649.27,,d.okonkwo,05/05/2025 1:45:19 PM
,,,Supplier credit 4829,6500,Bank charges,,649.27,,
05/06/2025,Invoice,1274,Retainer 4742,1200,Accounts receivable,"7,284.70",,s.pettersen,05/06/2025 8:33:18 AM
,,,Retainer 4742,4010,Revenue:Product,,"6,070.58",,
,,,Retainer 4742,2100,Sales tax payable,,"1,214.12",,
05/06/2025,Expense,1305,Monthly service 4802,6500,Bank charges,"1,450.43",,s.pettersen,05/06/2025 4:37:58 PM
,,,Monthly service 4802,1010,Cash and cash equivalents:Operating account,,"1,450.43",,
05/07/2025,Bill Payment (Check),1293,Payment to supplier 4780,2010,Accounts payable,"4,474.83",,a.varga,05/07/2025 2:43:42 AM
,,,Payment to supplier 4780,1010,Cash and cash equivalents:Operating account,,"4,474.83",,
05/07/2025,Expense,1318,Reimbursement 4824,6100,Rent,762.17,,d.okonkwo,05/07/2025 12:58:36 PM
,,,Reimbursement 4824,1010,Cash and cash equivalents:Operating account,,762.17,,
05/07/2025,Invoice,1326,Retainer 4840,1200,Accounts receivable,"20,044.25",,s.pettersen,05/07/2025 9:10:00 AM
,,,Retainer 4840,4020,Revenue:Services,,"16,703.54",,
,,,Retainer 4840,2100,Sales tax payable,,"3,340.71",,
05/09/2025,Payment,1277,Customer payment 4750,1010,Cash and cash equivalents:Operating account,"15,300.01",,m.laurent,05/09/2025 9:53:48 PM
,,,Customer payment 4750,1200,Accounts receivable,,"15,300.01",,
05/09/2025,Invoice,1286,Invoice 2025-4771,1200,Accounts receivable,"20,533.63",,s.pettersen,05/09/2025 11:14:58 PM
,,,Invoice 2025-4771,4010,Revenue:Product,,"17,111.36",,
,,,Invoice 2025-4771,2100,Sales tax payable,,"3,422.27",,
05/10/2025,Payment,1284,Customer payment 4766,1010,Cash and cash equivalents:Operating account,"3,478.21",,a.varga,05/10/2025 6:22:29 AM
,,,Customer payment 4766,1200,Accounts receivable,,"3,478.21",,
05/10/2025,Bill,1321,Purchase order 4830,6200,Professional fees,168.25,,d.okonkwo,05/10/2025 12:51:02 PM
,,,Purchase order 4830,2010,Accounts payable,,168.25,,
05/12/2025,Payment,1273,Customer payment 4739,1010,Cash and cash equivalents:Operating account,"16,661.48",,m.laurent,05/12/2025 6:34:03 AM
,,,Customer payment 4739,1200,Accounts receivable,,"16,661.48",,
05/12/2025,Payment,1331,Customer payment 4849,1010,Cash and cash equivalents:Operating account,"16,606.89",,d.okonkwo,05/12/2025 7:12:38 PM
,,,Customer payment 4849,1200,Accounts receivable,,"16,606.89",,
05/13/2025,Payment,1310,Customer payment 4813,01010,Cash and cash equivalents:Operating account,"5,775.01",,d.okonkwo,05/13/2025 3:38:07 PM
,,,Customer payment 4813,1200,Accounts receivable,,"5,775.01",,
05/14/2025,Payment,1302,Customer payment 4798,1010,Cash and cash equivalents:Operating account,"5,195.51",,System Administrator,05/14/2025 7:52:45 AM
,,,Customer payment 4798,1200,Accounts receivable,,"5,195.51",,
05/14/2025,Expense,1322,Purchase order 4832,5010,Cost of sales:Materials,"1,239.94",,s.pettersen,05/14/2025 1:10:26 PM
,,,Purchase order 4832,1010,Cash and cash equivalents:Operating account,,"1,239.94",,
05/15/2025,Journal Entry,1297,Depreciation for the period,6600,Depreciation,"3,567.06",,d.okonkwo,05/15/2025 7:49:25 AM
,,,Depreciation for the period,1790,Accumulated depreciation,,"3,567.06",,
05/15/2025,Invoice,1312,Retainer 4817,1200,Accounts receivable,"7,052.74",,d.okonkwo,05/15/2025 1:37:49 PM
,,,Retainer 4817,4020,Revenue:Services,,"5,877.28",,
,,,Retainer 4817,2100,Sales tax payable,,"1,175.46",,
05/16/2025,Expense,1294,Purchase order 4781,6100,Rent,"1,714.74",,m.laurent,05/16/2025 4:45:48 PM
,,,Purchase order 4781,1010,Cash and cash equivalents:Operating account,,"1,714.74",,
05/17/2025,Bill Payment (Check),1283,Payment to supplier 4763,2010,Accounts payable,"9,967.98",,d.okonkwo,05/17/2025 4:06:21 PM
,,,Payment to supplier 4763,1010,Cash and cash equivalents:Operating account,,"9,967.98",,
05/18/2025,Payment,1285,Customer payment 4769,1010,Cash and cash equivalents:Operating account,"3,092.76",,System Administrator,05/18/2025 10:16:19 PM
,,,Customer payment 4769,01200,Accounts receivable,,"3,092.76",,
05/18/2025,Bill,1324,Supplier invoice 4836,5010,Cost of sales:Materials,"4,874.39",,a.varga,05/18/2025 3:23:06 AM
,,,Supplier invoice 4836,2010,Accounts payable,,"4,874.39",,
05/18/2025,Deposit,1325,Bank deposit 4838,1010,Cash and cash equivalents:Operating account,"7,517.41",,d.okonkwo,05/18/2025 2:58:05 PM
,,,Bank deposit 4838,2400,Deferred revenue,,"7,517.41",,
05/18/2025,Bill,1330,Purchase order 4847,6110,Utilities,"7,373.63",,d.okonkwo,05/18/2025 8:58:04 AM
,,,Purchase order 4847,2010,Accounts payable,,"7,373.63",,
05/19/2025,Invoice,1275,Invoice 2025-4745,1200,Accounts receivable,"19,741.67",,a.varga,05/19/2025 9:14:20 AM
,,,Invoice 2025-4745,4010,Revenue:Product,,"16,451.39",,
,,,Invoice 2025-4745,2100,Sales tax payable,,"3,290.28",,
05/19/2025,Journal Entry,1280,Accrual reversal,2050,Accrued liabilities,666.12,,System Administrator,05/19/2025 3:10:33 PM
,,,Accrual reversal,5010,Cost of sales:Materials,,666.12,,
05/19/2025,Journal Entry,1301,Deferred revenue release,2400,Deferred revenue,"4,734.87",,a.varga,05/19/2025 3:58:30 PM
,,,Deferred revenue release,4020,Revenue:Services,,"4,734.86",,
05/23/2025,Expense,1276,Purchase order 4748,6250,Software subscriptions,598.76,,s.pettersen,05/23/2025 6:06:56 AM
,,,Purchase order 4748,1010,Cash and cash equivalents:Operating account,,598.76,,
05/23/2025,Invoice,1290,Invoice 2025-4777,1200,Accounts receivable,"1,465.19",,a.varga,05/23/2025 2:41:21 PM
,,,Invoice 2025-4777,04010,Revenue:Product,,"1,220.99",,
,,,Invoice 2025-4777,2100,Sales tax payable,,244.20,,
05/23/2025,Payment,1292,Customer payment 4779,1010,Cash and cash equivalents:Operating account,"10,318.96",,s.pettersen,05/23/2025 10:09:23 PM
,,,Customer payment 4779,1200,Accounts receivable,,"10,318.96",,
05/24/2025,Expense,1278,Purchase order 4752,5010,Cost of sales:Materials,"1,035.87",,m.laurent,05/24/2025 9:20:45 AM
,,,Purchase order 4752,1010,Cash and cash equivalents:Operating account,,"1,035.87",,
05/24/2025,Bill Payment (Check),1282,Payment to supplier 4760,2010,Accounts payable,275.65,,System Administrator,05/24/2025 2:15:45 PM
,,,Payment to supplier 4760,1010,Cash and cash equivalents:Operating account,,275.65,,
05/24/2025,Invoice,1299,Invoice 2025-4791,1200,Accounts receivable,"18,764.18",,System Administrator,05/24/2025 11:39:46 AM
,,,Invoice 2025-4791,4020,Revenue:Services,,"15,636.82",,
,,,Invoice 2025-4791,2100,Sales tax payable,,"3,127.36",,
05/24/2025,Payment,1300,Customer payment 4793,1010,Cash and cash equivalents:Operating account,"10,783.80",,d.okonkwo,05/24/2025 1:16:49 PM
,,,Customer payment 4793,1200,Accounts receivable,,"10,783.80",,
05/24/2025,Sales Receipt,1306,Licence renewal 4805,1010,Cash and cash equivalents:Operating account,"3,259.48",,m.laurent,05/24/2025 2:22:02 AM
,,,Licence renewal 4805,4010,Revenue:Product,,"2,716.23",,
,,,Licence renewal 4805,2100,Sales tax payable,,543.25,,
05/24/2025,Invoice,1314,Retainer 4819,1200,Accounts receivable,"10,126.31",,s.pettersen,05/24/2025 1:56:38 AM
,,,Retainer 4819,4020,Revenue:Services,,"8,438.59",,
,,,Retainer 4819,2100,Sales tax payable,,"1,687.72",,
05/25/2025,Expense,1288,Reimbursement 4774,6250,Software subscriptions,"1,202.59",,s.pettersen,05/25/2025 5:01:30 PM
,,,Reimbursement 4774,1010,Cash and cash equivalents:Operating account,,"1,202.59",,
05/25/2025,Vendor Credit,1295,Supplier credit 4783,2010,Accounts payable,"1,878.10",,System Administrator,05/25/2025 4:01:01 AM
,,,Supplier credit 4783,6300,Marketing,,"1,878.10",,
05/26/2025,Invoice,1304,Licence renewal 4801,1200,Accounts receivable,"4,383.08",,System Administrator,05/26/2025 5:51:53 AM
,,,Licence renewal 4801,4010,Revenue:Product,,"3,652.57",,
,,,Licence renewal 4801,2100,Sales tax payable,,730.51,,
05/26/2025,Bill Payment (Check),1329,Payment to supplier 4844,2010,Accounts payable,"8,533.93",,m.laurent,05/26/2025 3:59:19 PM
,,,Payment to supplier 4844,1010,Cash and cash equivalents:Operating account,,"8,533.93",,
05/26/2025,Invoice,1332,Progress billing 4852,1200,Accounts receivable,"8,084.65",,System Administrator,05/26/2025 3:36:58 PM
,,,Progress billing 4852,4010,Revenue:Product,,"6,737.21",,
,,,Progress billing 4852,2100,Sales tax payable,,"1,347.44",,
05/27/2025,Invoice,1272,Licence renewal 4737,1200,Accounts receivable,"5,548.25",,m.laurent,05/27/2025 2:35:41 AM
,,,Licence renewal 4737,4010,Revenue:Product,,"4,623.54",,
,,,Licence renewal 4737,2100,Sales tax payable,,924.71,,
05/27/2025,Payment,1279,Customer payment 4755,1010,Cash and cash equivalents:Operating account,"7,270.61",,m.laurent,05/27/2025 5:33:42 PM
,,,Customer payment 4755,1200,Accounts receivable,,"7,270.61",,
05/27/2025,Payment,1307,Customer payment 4806,1010,Cash and cash equivalents:Operating account,"16,111.68",,System Administrator,05/27/2025 8:26:05 PM
,,,Customer payment 4806,1200,Accounts receivable,,"16,111.68",,
05/28/2025,Payment,1287,Customer payment 4773,01010,Cash and cash equivalents:Operating account,"13,594.33",,s.pettersen,05/28/2025 11:39:31 PM
,,,Customer payment 4773,1200,Accounts receivable,,"13,594.33",,
05/28/2025,Expense,1328,Purchase order 4843,6500,Bank charges,396.13,,System Administrator,05/28/2025 10:34:47 AM
,,,Purchase order 4843,1010,Cash and cash equivalents:Operating account,,396.13,,
05/29/2025,Bill Payment (Check),1291,Payment to supplier 4778,2010,Accounts payable,"10,144.39",,m.laurent,05/29/2025 11:02:49 AM
,,,Payment to supplier 4778,1010,Cash and cash equivalents:Operating account,,"10,144.39",,
05/30/2025,Expense,1270,Supplier invoice 4732,6200,Professional fees,310.13,,s.pettersen,05/30/2025 11:00:59 PM
,,,Supplier invoice 4732,1010,Cash and cash equivalents:Operating account,,310.13,,
05/30/2025,Bill Payment (Check),1317,Payment to supplier 4822,2010,Accounts payable,"4,455.01",,s.pettersen,05/30/2025 10:48:00 PM
,,,Payment to supplier 4822,1010,Cash and cash equivalents:Operating account,,"4,455.01",,
05/30/2025,Payment,1323,Customer payment 4834,1010,Cash and cash equivalents:Operating account,"9,523.86",,System Administrator,05/30/2025 10:29:44 PM
,,,Customer payment 4834,1200,Accounts receivable,,"9,523.86",,
05/31/2025,Expense,1298,Supplier invoice 4789,6250,Software subscriptions,"1,719.78-",,s.pettersen,05/31/2025 11:47:45 PM
,,,Supplier invoice 4789,1010,Cash and cash equivalents:Operating account,,"1,719.78-",,
05/31/2025,Payment,1303,Customer payment 4799,01010,Cash and cash equivalents:Operating account,"14,594.21",,m.laurent,05/31/2025 7:21:40 AM
,,,Customer payment 4799,1200,Accounts receivable,,"14,594.21",,
05/31/2025,Payment,1309,Customer payment 4812,1010,Cash and cash equivalents:Operating account,"6,542.42",,System Administrator,05/31/2025 11:24:03 PM
,,,Customer payment 4812,1200,Accounts receivable,,"6,542.42",,
,,,Total for May 2025,,,"409,712.32","409,712.32",,
06/01/2025,Payment,1391,Customer payment 4964,1010,Cash and cash equivalents:Operating account,"1,589.45",,s.pettersen,06/01/2025 6:49:11 AM
,,,Customer payment 4964,1200,Accounts receivable,,"1,589.45",,
06/01/2025,Bill,1400,Supplier invoice 4981,5010,Cost of sales:Materials,"8,549.48",,m.laurent,06/01/2025 7:07:00 AM
,,,Supplier invoice 4981,2010,Accounts payable,,"8,549.48",,
06/02/2025,Deposit,1372,Bank deposit 4924,1010,Cash and cash equivalents:Operating account,"2,750.49",,System Administrator,06/02/2025 4:43:49 AM
,,,Bank deposit 4924,2400,Deferred revenue,,"2,750.49",,
06/03/2025,Bill,1336,Monthly service 4858,6500,Bank charges,"7,038.86",,m.laurent,06/03/2025 9:30:59 AM
,,,Monthly service 4858,2010,Accounts payable,,"7,038.86",,
06/03/2025,Journal Entry,1348,Reclassification,6200,Professional fees,961.07,,s.pettersen,06/03/2025 6:49:02 AM
,,,Reclassification,6100,Rent,,961.07,,
06/05/2025,Expense,1347,Reimbursement 4881,6300,Marketing,"2,166.18",,d.okonkwo,06/05/2025 7:56:32 AM
,,,Reimbursement 4881,1010,Cash and cash equivalents:Operating account,,"2,166.18",,
06/05/2025,Invoice,1354,Invoice 2025-4895,1200,Accounts receivable,"7,719.68",,d.okonkwo,06/05/2025 9:19:45 PM
,,,Invoice 2025-4895,4010,Revenue:Product,,"6,433.07",,
,,,Invoice 2025-4895,2100,Sales tax payable,,"1,286.61",,
06/06/2025,Bill,1362,Purchase order 4910,6420,Travel and entertainment:Conferences,"7,029.74",,d.okonkwo,06/06/2025 10:34:49 PM
,,,Purchase order 4910,2010,Accounts payable,,"7,029.74",,
06/06/2025,Bill Payment (Check),1381,Payment to supplier 4938,2010,Accounts payable,"5,479.61",,d.okonkwo,06/06/2025 11:39:49 AM
,,,Payment to supplier 4938,1010,Cash and cash equivalents:Operating account,,"5,479.61",,
06/06/2025,Invoice,1395,Progress billing 4974,1200,Accounts receivable,"17,632.32",,d.okonkwo,06/06/2025 7:02:37 AM
,,,Progress billing 4974,4020,Revenue:Services,,"14,693.60",,
,,,Progress billing 4974,2100,Sales tax payable,,"2,938.72",,
06/06/2025,Expense,1408,Purchase order 4994,6500,Bank charges,"1,636.66",,m.laurent,06/06/2025 10:05:16 AM
,,,Purchase order 4994,1010,Cash and cash equivalents:Operating account,,"1,636.66",,
06/07/2025,Bill,1359,Purchase order 4906,5020,Cost of sales:Freight,515.99,,m.laurent,06/07/2025 4:41:39 PM
,,,Purchase order 4906,2010,Accounts payable,,515.99,,
06/07/2025,Journal Entry,1370,Reclassification,6100,Rent,"4,213.07",,d.okonkwo,06/07/2025 6:54:25 AM
,,,Reclassification,6500,Bank charges,,"4,213.07",,
06/07/2025,Payment,1385,Customer payment 4946,1010,Cash and cash equivalents:Operating account,"10,783.50",,System Administrator,06/07/2025 3:59:12 PM
,,,Customer payment 4946,1200,Accounts receivable,,"10,783.50",,
06/07/2025,Bill Payment (Check),1388,Payment to supplier 4955,2010,Accounts payable,"9,825.36",,a.varga,06/07/2025 8:17:00 AM
,,,Payment to supplier 4955,1010,Cash and cash equivalents:Operating account,,"9,825.36",,
06/09/2025,Bill,1340,Purchase order 4864,6260,Software subscriptions:AI tools,"10,014.19",,s.pettersen,06/09/2025 4:39:08 AM
,,,Purchase order 4864,2010,Accounts payable,,"10,014.19",,
06/09/2025,Bill Payment (Check),1365,Payment to supplier 4915,2010,Accounts payable,"9,598.45",,System Administrator,06/09/2025 3:14:49 AM
,,,Payment to supplier 4915,01010,Cash and cash equivalents:Operating account,,"9,598.45",,
06/09/2025,Journal Entry,1379,Revaluation of foreign balances,6900,Foreign exchange gain or loss,894.11,,d.okonkwo,06/09/2025 8:33:39 AM
,,,Revaluation of foreign balances,1200,Accounts receivable,,894.11,,
06/10/2025,Payment,1333,Customer payment 4854,1010,Cash and cash equivalents:Operating account,"13,586.82",,System Administrator,06/10/2025 4:37:21 AM
,,,Customer payment 4854,1200,Accounts receivable,,,,
06/10/2025,Expense,1350,Reimbursement 4887,5010,Cost of sales:Materials,327.52,,System Administrator,06/10/2025 7:19:52 AM
,,,Reimbursement 4887,1010,Cash and cash equivalents:Operating account,,327.52,,
06/10/2025,Bill Payment (Check),1390,Payment to supplier 4961,2010,Accounts payable,"4,007.50",,m.laurent,06/10/2025 3:48:37 AM
,,,Payment to supplier 4961,1010,Cash and cash equivalents:Operating account,,"4,007.50",,
06/12/2025,Invoice,1339,Progress billing 4862,1200,Accounts receivable,"17,524.66",,System Administrator,06/12/2025 6:02:51 AM
,,,Progress billing 4862,4020,Revenue:Services,,"14,603.88",,
,,,Progress billing 4862,2100,Sales tax payable,,"2,920.78",,
06/12/2025,Bill,1341,Purchase order 4867,5010,Cost of sales:Materials,"11,282.26",,m.laurent,06/12/2025 7:11:16 PM
,,,Purchase order 4867,2010,Accounts payable,,"11,282.26",,
06/12/2025,Invoice,1356,Retainer 4900,1200,Accounts receivable,"15,627.72-",,d.okonkwo,06/12/2025 9:12:32 AM
,,,Retainer 4900,4010,Revenue:Product,,"13,023.10-",,
,,,Retainer 4900,2100,Sales tax payable,,"2,604.62-",,
06/12/2025,Invoice,1383,Retainer 4942,1200,Accounts receivable,"16,752.05",,a.varga,06/12/2025 7:03:05 AM
,,,Retainer 4942,4010,Revenue:Product,,"13,960.04",,
,,,Retainer 4942,2100,Sales tax payable,,"2,792.01",,
06/12/2025,Invoice,1392,Licence renewal 4966,1200,Accounts receivable,"1,379.00",,System Administrator,06/12/2025 3:15:25 PM
,,,Licence renewal 4966,4010,Revenue:Product,,"1,149.17",,
,,,Licence renewal 4966,02100,Sales tax payable,,229.83,,
06/12/2025,Bill Payment (Check),1401,Payment to supplier 4983,2010,Accounts payable,"10,088.30",,s.pettersen,06/12/2025 1:27:34 AM
,,,Payment to supplier 4983,1010,Cash and cash equivalents:Operating account,,"10,088.30",,
06/13/2025,Invoice,1337,Progress billing 4859,1200,Accounts receivable,"9,950.69",,m.laurent,06/13/2025 9:46:12 AM
,,,Progress billing 4859,4020,Revenue:Services,,"8,292.24",,
,,,Progress billing 4859,2100,Sales tax payable,,"1,658.45",,
06/13/2025,Journal Entry,1368,Accrual reversal,2050,Accrued liabilities,"1,467.49",,m.laurent,06/13/2025 11:13:47 AM
,,,Accrual reversal,6100,Rent,,"1,467.49",,
06/13/2025,Invoice,1404,Licence renewal 4987,1200,Accounts receivable,"19,442.05",,System Administrator,06/13/2025 10:31:11 PM
,,,Licence renewal 4987,4010,Revenue:Product,,"16,201.71",,
,,,Licence renewal 4987,2100,Sales tax payable,,"3,240.34",,
06/13/2025,Journal Entry,1410,Depreciation for the period,6600,Depreciation,"2,167.83",,m.laurent,06/13/2025 8:44:20 PM
,,,Depreciation for the period,1790,Accumulated depreciation,,"2,167.83",,
06/14/2025,Bill,1361,Purchase order 4909,6420,Travel and entertainment:Conferences,"4,947.45",,System Administrator,06/14/2025 10:06:13 PM
,,,Purchase order 4909,2010,Accounts payable,,"4,947.45",,
06/14/2025,Journal Entry,1375,Accrual reversal,2050,Accrued liabilities,"1,240.07",,a.varga,06/14/2025 7:20:36 PM
,,,Accrual reversal,5010,Cost of sales:Materials,,,,
06/15/2025,Invoice,1346,Invoice 2025-4879,1200,Accounts receivable,"16,701.91",,d.okonkwo,06/15/2025 9:10:46 AM
,,,Invoice 2025-4879,4010,Revenue:Product,,"13,918.26",,
,,,Invoice 2025-4879,2100,Sales tax payable,,"2,783.65",,
06/15/2025,Invoice,1351,Invoice 2025-4890,01200,Accounts receivable,"5,975.58",,d.okonkwo,06/15/2025 2:42:07 PM
,,,Invoice 2025-4890,4010,Revenue:Product,,"4,979.65",,
,,,Invoice 2025-4890,2100,Sales tax payable,,995.93,,
06/15/2025,Bill Payment (Check),1363,Payment to supplier 4911,2010,Accounts payable,"6,284.76-",,m.laurent,06/15/2025 9:48:32 PM
,,,Payment to supplier 4911,1010,Cash and cash equivalents:Operating account,,"6,284.76-",,
06/15/2025,Expense,1376,Supplier invoice 4930,6300,Marketing,"1,091.52",,System Administrator,06/15/2025 5:30:51 AM
,,,Supplier invoice 4930,1010,Cash and cash equivalents:Operating account,,"1,091.52",,
06/15/2025,Payment,1384,Customer payment 4945,1010,Cash and cash equivalents:Operating account,"9,456.21",,s.pettersen,06/15/2025 1:27:05 PM
,,,Customer payment 4945,1200,Accounts receivable,,"9,456.21",,
06/16/2025,Payment,1343,Customer payment 4873,1010,Cash and cash equivalents:Operating account,"20,857.20",,System Administrator,06/16/2025 10:39:09 AM
,,,Customer payment 4873,1200,Accounts receivable,,"20,857.20",,
06/17/2025,Sales Receipt,1334,Invoice 2025-4856,1010,Cash and cash equivalents:Operating account,"2,171.77",,a.varga,06/17/2025 12:59:10 AM
,,,Invoice 2025-4856,4010,Revenue:Product,,"1,809.81",,
,,,Invoice 2025-4856,2100,Sales tax payable,,361.96,,
06/17/2025,Invoice,1398,Retainer 4979,1200,Accounts receivable,"8,878.26",,s.pettersen,06/17/2025 7:11:43 AM
,,,Retainer 4979,4010,Revenue:Product,,"7,398.55",,
,,,Retainer 4979,2100,Sales tax payable,,"1,479.71",,
06/18/2025,Expense,1377,Supplier invoice 4932,6200,Professional fees,"2,162.31",,m.laurent,06/18/2025 3:26:54 AM
,,,Supplier invoice 4932,1010,Cash and cash equivalents:Operating account,,"2,162.31",,
06/19/2025,Payment,1352,Customer payment 4893,1010,Cash and cash equivalents:Operating account,"14,421.31",,d.okonkwo,06/19/2025 5:06:29 PM
,,,Customer payment 4893,1200,Accounts receivable,,"14,421.31",,
06/19/2025,Payment,1380,Customer payment 4937,1010,Cash and cash equivalents:Operating account,"19,816.64",,d.okonkwo,06/19/2025 7:27:43 AM
,,,Customer payment 4937,1200,Accounts receivable,,"19,816.64",,
06/21/2025,Payment,1382,Customer payment 4940,1010,Cash and cash equivalents:Operating account,"11,075.08",,s.pettersen,06/21/2025 8:32:28 PM
,,,Customer payment 4940,1200,Accounts receivable,,"11,075.08",,
06/21/2025,Bill,1389,Purchase order 4958,6500,Bank charges,982.15,,s.pettersen,06/21/2025 8:39:56 AM
,,,Purchase order 4958,2010,Accounts payable,,982.15,,
06/22/2025,Payment,1349,Customer payment 4885,01010,Cash and cash equivalents:Operating account,"13,594.37",,m.laurent,06/22/2025 8:10:00 PM
,,,Customer payment 4885,1200,Accounts receivable,,"13,594.37",,
06/22/2025,Bill,1394,Supplier invoice 4972,6200,Professional fees,"6,565.02",,d.okonkwo,06/22/2025 12:56:37 AM
,,,Supplier invoice 4972,2010,Accounts payable,,"6,565.02",,
06/23/2025,Invoice,1338,Retainer 4860,1200,Accounts receivable,"12,792.28",,s.pettersen,06/23/2025 11:37:29 AM
,,,Retainer 4860,4020,Revenue:Services,,"10,660.23",,
,,,Retainer 4860,02100,Sales tax payable,,"2,132.05",,
06/23/2025,Journal Entry,1342,Reclassification,6100,Rent,"5,775.07",,System Administrator,06/23/2025 5:19:47 PM
,,,Reclassification,5010,Cost of sales:Materials,,"5,775.07",,
06/23/2025,Sales Receipt,1366,Invoice 2025-4916,1010,Cash and cash equivalents:Operating account,"1,795.99",,d.okonkwo,06/23/2025 11:25:24 AM
,,,Invoice 2025-4916,4010,Revenue:Product,,"1,496.66",,
,,,Invoice 2025-4916,2100,Sales tax payable,,299.33,,
06/23/2025,Vendor Credit,1405,Supplier credit 4989,2010,Accounts payable,"1,988.47",,s.pettersen,06/23/2025 4:36:10 PM
,,,Supplier credit 4989,6400,Travel and entertainment,,"1,988.47",,
06/24/2025,Payment,1344,Customer payment 4874,1010,Cash and cash equivalents:Operating account,615.42,,m.laurent,06/24/2025 10:00:33 PM
,,,Customer payment 4874,1200,Accounts receivable,,615.42,,
06/24/2025,Payment,1357,Customer payment 4903,1010,Cash and cash equivalents:Operating account,"14,207.60",,System Administrator,06/24/2025 12:54:03 AM
,,,Customer payment 4903,1200,Accounts receivable,,"14,207.60",,
06/25/2025,Invoice,1360,Invoice 2025-4908,1200,Accounts receivable,"2,440.72",,s.pettersen,06/25/2025 2:48:57 PM
,,,Invoice 2025-4908,4010,Revenue:Product,,"2,033.93",,
,,,Invoice 2025-4908,2100,Sales tax payable,,406.79,,
06/25/2025,Journal Entry,1378,Deferred revenue release,2400,Deferred revenue,"1,605.18",,s.pettersen,06/25/2025 8:51:47 AM
,,,Deferred revenue release,4020,Revenue:Services,,"1,605.17",,
06/25/2025,Invoice,1403,Invoice 2025-4986,1200,Accounts receivable,"18,330.53",,System Administrator,06/25/2025 2:35:55 PM
,,,Invoice 2025-4986,4010,Revenue:Product,,"15,275.44",,
,,,Invoice 2025-4986,2100,Sales tax payable,,"3,055.09",,
06/25/2025,Deposit,1407,Bank deposit 4992,1010,Cash and cash equivalents:Operating account,"7,906.57",,m.laurent,06/25/2025 11:44:12 PM
,,,Bank deposit 4992,2400,Deferred revenue,,"7,906.57",,
06/26/2025,Credit Memo,1355,Credit note 4897,4090,Sales discounts,"1,263.25",,s.pettersen,06/26/2025 2:23:25 PM
,,,Credit note 4897,1200,Accounts receivable,,"1,263.25",,
06/26/2025,Invoice,1364,Invoice 2025-4913,1200,Accounts receivable,"18,458.27",,s.pettersen,06/26/2025 6:03:22 AM
,,,Invoice 2025-4913,4010,Revenue:Product,,"15,381.89",,
,,,Invoice 2025-4913,2100,Sales tax payable,,"3,076.38",,
06/26/2025,Journal Entry,1402,Accrual reversal,2050,Accrued liabilities,555.69,,System Administrator,06/26/2025 10:50:36 AM
,,,Accrual reversal,6250,Software subscriptions,,555.69,,
06/27/2025,Bill,1335,Reimbursement 4857,6100,Rent,"10,269.87",,System Administrator,06/27/2025 3:00:29 AM
,,,Reimbursement 4857,2010,Accounts payable,,"10,269.87",,
06/27/2025,Bill,1345,Monthly service 4877,6400,Travel and entertainment,"2,103.96",,m.laurent,06/27/2025 7:38:19 AM
,,,Monthly service 4877,2010,Accounts payable,,"2,103.96",,
06/27/2025,Bill Payment (Check),1387,Payment to supplier 4952,2010,Accounts payable,"5,887.03",,s.pettersen,06/27/2025 8:59:01 PM
,,,Payment to supplier 4952,1010,Cash and cash equivalents:Operating account,,"5,887.03",,
06/27/2025,Bill Payment (Check),1396,Payment to supplier 4976,2010,Accounts payable,"6,284.03",,a.varga,06/27/2025 4:10:44 AM
,,,Payment to supplier 4976,1010,Cash and cash equivalents:Operating account,,"6,284.03",,
06/28/2025,Bill Payment (Check),1369,Payment to supplier 4921,2010,Accounts payable,"3,228.18",,s.pettersen,06/28/2025 5:30:40 AM
,,,Payment to supplier 4921,1010,Cash and cash equivalents:Operating account,,"3,228.18",,
06/28/2025,Invoice,1386,Licence renewal 4949,1200,Accounts receivable,"2,427.94",,m.laurent,06/28/2025 11:31:19 PM
,,,Licence renewal 4949,4020,Revenue:Services,,"2,023.28",,
,,,Licence renewal 4949,2100,Sales tax payable,,404.66,,
06/28/2025,Bill,1397,Purchase order 4977,5020,Cost of sales:Freight,"2,164.14",,d.okonkwo,06/28/2025 11:38:13 PM
,,,Purchase order 4977,2010,Accounts payable,,"2,164.14",,
06/28/2025,Sales Receipt,1399,Invoice 2025-4980,1010,Cash and cash equivalents:Operating account,"3,259.22",,d.okonkwo,06/28/2025 1:39:52 PM
,,,Invoice 2025-4980,04010,Revenue:Product,,"2,716.02",,
,,,Invoice 2025-4980,02100,Sales tax payable,,543.20,,
06/28/2025,Invoice,1409,Licence renewal 4995,1200,Accounts receivable,"20,262.10",,d.okonkwo,06/28/2025 3:13:34 PM
,,,Licence renewal 4995,4020,Revenue:Services,,"16,885.08",,
,,,Licence renewal 4995,2100,Sales tax payable,,"3,377.02",,
06/29/2025,Invoice,1371,Invoice 2025-4923,1200,Accounts receivable,"13,364.27",,a.varga,06/29/2025 7:44:13 PM
,,,Invoice 2025-4923,4020,Revenue:Services,,"11,136.89",,
,,,Invoice 2025-4923,2100,Sales tax payable,,"2,227.38",,
06/29/2025,Expense,1374,Purchase order 4928,6110,Utilities,662.06,,System Administrator,06/29/2025 12:19:35 AM
,,,Purchase order 4928,01010,Cash and cash equivalents:Operating account,,662.06,,
06/30/2025,Payment,1353,Customer payment 4894,01010,Cash and cash equivalents:Operating account,"9,199.35",,m.laurent,06/30/2025 1:24:14 AM
,,,Customer payment 4894,1200,Accounts receivable,,"9,199.35",,
06/30/2025,Bill,1358,Purchase order 4904,6500,Bank charges,"8,577.36",,m.laurent,06/30/2025 10:49:34 PM
,,,Purchase order 4904,2010,Accounts payable,,"8,577.36",,
06/30/2025,Invoice,1367,Progress billing 4918,1200,Accounts receivable,"8,334.14",,d.okonkwo,06/30/2025 9:50:22 PM
,,,Progress billing 4918,4010,Revenue:Product,,"6,945.12",,
,,,Progress billing 4918,2100,Sales tax payable,,"1,389.02",,
06/30/2025,Bill,1373,Purchase order 4927,5010,Cost of sales:Materials,"1,473.80",,a.varga,06/30/2025 2:28:20 AM
,,,Purchase order 4927,2010,Accounts payable,,"1,473.80",,
06/30/2025,Bill,1393,Monthly service 4969,6250,Software subscriptions,"1,306.50",,d.okonkwo,06/30/2025 6:33:54 PM
,,,Monthly service 4969,2010,Accounts payable,,"1,306.50",,
06/30/2025,Transfer,1406,Transfer between bank accounts,1020,Cash and cash equivalents:Payroll account,"42,402.65",,d.okonkwo,06/30/2025 12:38:44 AM
,,,Transfer between bank accounts,1010,Cash and cash equivalents:Operating account,,"42,402.65",,
,,,Total for June 2025,,,"563,340.39","563,340.39",,
07/01/2025,Invoice,1420,Invoice 2025-5015,1200,Accounts receivable,"15,665.27",,a.varga,07/01/2025 10:29:24 PM
,,,Invoice 2025-5015,4020,Revenue:Services,,"13,054.39",,
,,,Invoice 2025-5015,2100,Sales tax payable,,"2,610.88",,
07/01/2025,Bill,1426,Purchase order 5028,6200,Professional fees,"10,314.53",,m.laurent,07/01/2025 1:24:05 PM
,,,Purchase order 5028,2010,Accounts payable,,"10,314.53",,
07/02/2025,Expense,1411,Supplier invoice 4999,6300,Marketing,700.22,,a.varga,07/02/2025 8:01:21 AM
,,,Supplier invoice 4999,1010,Cash and cash equivalents:Operating account,,700.22,,
07/02/2025,Invoice,1462,Retainer 5096,1200,Accounts receivable,"8,091.76",,System Administrator,07/02/2025 1:23:05 PM
,,,Retainer 5096,4010,Revenue:Product,,"6,743.13",,
,,,Retainer 5096,2100,Sales tax payable,,"1,348.63",,
07/02/2025,Sales Receipt,1463,Retainer 5099,1010,Cash and cash equivalents:Operating account,604.84,,a.varga,07/02/2025 8:33:37 AM
,,,Retainer 5099,4010,Revenue:Product,,504.03,,
,,,Retainer 5099,2100,Sales tax payable,,100.81,,
07/04/2025,Payment,1435,Customer payment 5046,1010,Cash and cash equivalents:Operating account,"20,303.12",,d.okonkwo,07/04/2025 7:30:15 AM
,,,Customer payment 5046,1200,Accounts receivable,,"20,303.12",,
07/04/2025,Invoice,1447,Progress billing 5069,1200,Accounts receivable,"12,512.39",,s.pettersen,07/04/2025 7:28:02 PM
,,,Progress billing 5069,4020,Revenue:Services,,"10,426.99",,
,,,Progress billing 5069,2100,Sales tax payable,,"2,085.40",,
07/04/2025,Bill Payment (Check),1449,Payment to supplier 5073,2010,Accounts payable,"14,013.36",,d.okonkwo,07/04/2025 1:10:41 AM
,,,Payment to supplier 5073,1010,Cash and cash equivalents:Operating account,,"14,013.36",,
07/05/2025,Sales Receipt,1424,Retainer 5024,1010,Cash and cash equivalents:Operating account,209.12,,a.varga,07/05/2025 1:37:46 PM
,,,Retainer 5024,04010,Revenue:Product,,174.27,,
,,,Retainer 5024,2100,Sales tax payable,,34.85,,
07/05/2025,Invoice,1440,Licence renewal 5054,1200,Accounts receivable,"17,115.11",,d.okonkwo,07/05/2025 2:42:05 PM
,,,Licence renewal 5054,4010,Revenue:Product,,"14,262.59",,
,,,Licence renewal 5054,2100,Sales tax payable,,"2,852.52",,
07/06/2025,Invoice,1473,Retainer 5121,1200,Accounts receivable,"2,027.57",,s.pettersen,07/06/2025 7:38:03 AM
,,,Retainer 5121,4010,Revenue:Product,,"1,689.64",,
,,,Retainer 5121,2100,Sales tax payable,,337.93,,
07/07/2025,Journal Entry,1454,Prepaid release,6200,Professional fees,"2,333.78",,d.okonkwo,07/07/2025 5:06:10 PM
,,,Prepaid release,1410,Prepaid expenses:Software subscriptions,,"2,333.78",,
07/07/2025,Expense,1460,Monthly service 5092,6400,Travel and entertainment,"2,179.47",,a.varga,07/07/2025 5:57:06 PM
,,,Monthly service 5092,1010,Cash and cash equivalents:Operating account,,"2,179.47",,
07/08/2025,Invoice,1430,Progress billing 5037,1200,Accounts receivable,"12,313.91",,d.okonkwo,07/08/2025 9:14:49 PM
,,,Progress billing 5037,4020,Revenue:Services,,"10,261.59",,
,,,Progress billing 5037,2100,Sales tax payable,,"2,052.32",,
07/08/2025,Bill,1441,Purchase order 5056,6300,Marketing,"6,970.73",,d.okonkwo,07/08/2025 8:13:29 PM
,,,Purchase order 5056,2010,Accounts payable,,"6,970.73",,
07/08/2025,Bill,1467,Reimbursement 5109,6260,Software subscriptions:AI tools,"7,559.95",,s.pettersen,07/08/2025 11:27:37 AM
,,,Reimbursement 5109,2010,Accounts payable,,"7,559.95",,
07/08/2025,Bill,1474,Reimbursement 5124,6500,Bank charges,"7,856.46",,s.pettersen,07/08/2025 4:05:13 AM
,,,Reimbursement 5124,2010,Accounts payable,,"7,856.46",,
07/09/2025,Payment,1415,Customer payment 5003,1010,Cash and cash equivalents:Operating account,"19,512.80",,m.laurent,07/09/2025 4:40:06 AM
,,,Customer payment 5003,1200,Accounts receivable,,"19,512.80",,
07/09/2025,Journal Entry,1448,Accrual reversal,2050,Accrued liabilities,"1,522.98",,a.varga,07/09/2025 1:05:44 AM
,,,Accrual reversal,6200,Professional fees,,"1,522.98",,
07/09/2025,Expense,1472,Reimbursement 5120,6110,Utilities,159.19,,System Administrator,07/09/2025 4:37:23 PM
,,,Reimbursement 5120,1010,Cash and cash equivalents:Operating account,,159.19,,
07/10/2025,Expense,1469,Purchase order 5113,6300,Marketing,"1,497.07",,System Administrator,07/10/2025 11:30:35 AM
,,,Purchase order 5113,1010,Cash and cash equivalents:Operating account,,"1,497.07",,
07/10/2025,Invoice,1476,Retainer 5127,1200,Accounts receivable,"8,567.36",,d.okonkwo,07/10/2025 3:03:15 PM
,,,Retainer 5127,4010,Revenue:Product,,"7,139.47",,
,,,Retainer 5127,02100,Sales tax payable,,"1,427.89",,
07/11/2025,Bill,1414,Monthly service 5002,5010,Cost of sales:Materials,"6,884.85",,d.okonkwo,07/11/2025 7:08:58 PM
,,,Monthly service 5002,2010,Accounts payable,,"6,884.85",,
07/11/2025,Bill,1433,Supplier invoice 5043,05010,Cost of sales:Materials,"5,024.45",,System Administrator,07/11/2025 6:26:19 AM
,,,Supplier invoice 5043,2010,Accounts payable,,"5,024.45",,
07/12/2025,Deposit,1416,Bank deposit 5006,1010,Cash and cash equivalents:Operating account,770.32,,d.okonkwo,07/12/2025 3:03:02 AM
,,,Bank deposit 5006,2400,Deferred revenue,,770.32,,
07/12/2025,Bill,1438,Supplier invoice 5051,6400,Travel and entertainment,816.74,,a.varga,07/12/2025 4:47:48 PM
,,,Supplier invoice 5051,2010,Accounts payable,,816.74,,
07/12/2025,Bill,1468,Reimbursement 5111,5010,Cost of sales:Materials,"5,140.53",,System Administrator,07/12/2025 5:32:49 AM
,,,Reimbursement 5111,2010,Accounts payable,,"5,140.53",,
07/13/2025,Bill Payment (Check),1439,Payment to supplier 5053,2010,Accounts payable,"5,835.36",,d.okonkwo,07/13/2025 3:12:03 AM
,,,Payment to supplier 5053,1010,Cash and cash equivalents:Operating account,,"5,835.36",,
07/14/2025,Payment,1412,Customer payment 5000,1010,Cash and cash equivalents:Operating account,"4,027.90",,a.varga,07/14/2025 8:40:51 AM
,,,Customer payment 5000,1200,Accounts receivable,,"4,027.90",,
07/14/2025,Expense,1450,Reimbursement 5074,6400,Travel and entertainment,900.68,,d.okonkwo,07/14/2025 7:30:17 AM
,,,Reimbursement 5074,1010,Cash and cash equivalents:Operating account,,900.68,,
07/14/2025,Vendor Credit,1459,Supplier credit 5091,2010,Accounts payable,215.41,,d.okonkwo,07/14/2025 2:12:13 AM
,,,Supplier credit 5091,5010,Cost of sales:Materials,,215.41,,
07/14/2025,Payment,1475,Customer payment 5126,1010,Cash and cash equivalents:Operating account,"8,997.60",,a.varga,07/14/2025 12:41:55 AM
,,,Customer payment 5126,1200,Accounts receivable,,"8,997.60",,
07/15/2025,Payment,1466,Customer payment 5108,1010,Cash and cash equivalents:Operating account,"17,540.48",,s.pettersen,07/15/2025 6:07:59 PM
,,,Customer payment 5108,1200,Accounts receivable,,"17,540.48",,
07/16/2025,Invoice,1431,Progress billing 5039,1200,Accounts receivable,"9,785.80",,m.laurent,07/16/2025 5:11:24 AM
,,,Progress billing 5039,4020,Revenue:Services,,"8,154.83",,
,,,Progress billing 5039,2100,Sales tax payable,,"1,630.97",,
07/19/2025,Journal Entry,1471,Prepaid release,6200,Professional fees,"1,250.21",,m.laurent,07/19/2025 3:11:29 PM
,,,Prepaid release,1400,Prepaid expenses:Insurance,,"1,250.21",,
07/20/2025,Bill,1423,Supplier invoice 5022,5020,Cost of sales:Freight,"4,991.92",,s.pettersen,07/20/2025 4:57:42 PM
,,,Supplier invoice 5022,2010,Accounts payable,,"4,991.92",,
07/20/2025,Journal Entry,1443,Accrual reversal,02050,Accrued liabilities,"3,555.93",,s.pettersen,07/20/2025 5:30:14 PM
,,,Accrual reversal,5020,Cost of sales:Freight,,"3,555.93",,
07/20/2025,Bill Payment (Check),1458,Payment to supplier 5090,2010,Accounts payable,"9,239.58",,s.pettersen,07/20/2025 3:35:41 AM
,,,Payment to supplier 5090,1010,Cash and cash equivalents:Operating account,,"9,239.58",,
07/20/2025,Bill Payment (Check),1461,Payment to supplier 5093,2010,Accounts payable,"9,062.28",,d.okonkwo,07/20/2025 3:42:29 AM
,,,Payment to supplier 5093,1010,Cash and cash equivalents:Operating account,,"9,062.28",,
07/21/2025,Transfer,1419,Transfer between bank accounts,1020,Cash and cash equivalents:Payroll account,"7,087.90",,a.varga,07/21/2025 11:47:26 PM
,,,Transfer between bank accounts,1010,Cash and cash equivalents:Operating account,,"7,087.90",,
07/21/2025,Payment,1421,Customer payment 5017,1010,Cash and cash equivalents:Operating account,"12,324.62",,a.varga,07/21/2025 6:38:51 PM
,,,Customer payment 5017,1200,Accounts receivable,,,,
07/22/2025,Bill Payment (Check),1427,Payment to supplier 5029,02010,Accounts payable,"5,039.51","1,679.84",System Administrator,07/22/2025 2:33:02 PM
,,,Payment to supplier 5029,1010,Cash and cash equivalents:Operating account,,"5,039.51",,
07/22/2025,Invoice,1457,Licence renewal 5087,01200,Accounts receivable,"16,024.25",,System Administrator,07/22/2025 6:09:00 PM
,,,Licence renewal 5087,4020,Revenue:Services,,"13,353.54",,
,,,Licence renewal 5087,2100,Sales tax payable,,"2,670.71",,
07/23/2025,Invoice,1442,Invoice 2025-5058,01200,Accounts receivable,"9,761.80",,s.pettersen,07/23/2025 5:14:49 AM
,,,Invoice 2025-5058,4020,Revenue:Services,,"8,134.83",,
,,,Invoice 2025-5058,02100,Sales tax payable,,"1,626.97",,
07/23/2025,Expense,1455,Monthly service 5084,6200,Professional fees,"2,098.34",,d.okonkwo,07/23/2025 8:34:29 PM
,,,Monthly service 5084,1010,Cash and cash equivalents:Operating account,,"2,098.34",,
07/24/2025,Sales Receipt,1434,Licence renewal 5045,1010,Cash and cash equivalents:Operating account,"3,870.19",,d.okonkwo,07/24/2025 10:36:39 AM
,,,Licence renewal 5045,04010,Revenue:Product,,"3,225.16",,
,,,Licence renewal 5045,2100,Sales tax payable,,645.03,,
07/24/2025,Invoice,1444,Progress billing 5061,1200,Accounts receivable,"3,948.46",,m.laurent,07/24/2025 11:45:05 AM
,,,Progress billing 5061,4010,Revenue:Product,,"3,290.38",,
,,,Progress billing 5061,2100,Sales tax payable,,658.08,,
07/25/2025,Bill Payment (Check),1453,Payment to supplier 5082,2010,Accounts payable,"3,717.97",,m.laurent,07/25/2025 4:57:30 AM
,,,Payment to supplier 5082,1010,Cash and cash equivalents:Operating account,,"3,717.97",,
07/25/2025,Expense,1470,Monthly service 5116,6500,Bank charges,98.74,,System Administrator,07/25/2025 7:41:55 AM
,,,Monthly service 5116,1010,Cash and cash equivalents:Operating account,,98.74,,
07/26/2025,Deposit,1422,Bank deposit 5020,01010,Cash and cash equivalents:Operating account,"3,627.51",,System Administrator,07/26/2025 7:59:35 AM
,,,Bank deposit 5020,2400,Deferred revenue,,"3,627.51",,
07/26/2025,Transfer,1437,Transfer between bank accounts,1020,Cash and cash equivalents:Payroll account,"27,085.98",,s.pettersen,07/26/2025 1:57:18 AM
,,,Transfer between bank accounts,1010,Cash and cash equivalents:Operating account,,"27,085.98",,
07/26/2025,Invoice,1445,Licence renewal 5064,1200,Accounts receivable,"1,721.15",,s.pettersen,07/26/2025 2:13:12 PM
,,,Licence renewal 5064,4010,Revenue:Product,,"1,434.29",,
,,,Licence renewal 5064,2100,Sales tax payable,,286.86,,
07/26/2025,Bill Payment (Check),1465,Payment to supplier 5105,2010,Accounts payable,"7,980.87",,s.pettersen,07/26/2025 3:08:26 AM
,,,Payment to supplier 5105,1010,Cash and cash equivalents:Operating account,,"7,980.87",,
07/27/2025,Bill,1417,Monthly service 5009,6500,Bank charges,"6,375.81-",,s.pettersen,07/27/2025 12:33:03 PM
,,,Monthly service 5009,2010,Accounts payable,,"6,375.81-",,
07/27/2025,Payment,1418,Customer payment 5012,1010,Cash and cash equivalents:Operating account,730.24,,d.okonkwo,07/27/2025 12:12:17 AM
,,,Customer payment 5012,1200,Accounts receivable,,730.24,,
07/27/2025,Credit Memo,1451,Credit note 5077,4090,Sales discounts,329.98,,s.pettersen,07/27/2025 10:12:50 AM
,,,Credit note 5077,1200,Accounts receivable,,329.98,,
07/28/2025,Invoice,1425,Licence renewal 5026,1200,Accounts receivable,"3,578.52",,m.laurent,07/28/2025 11:30:36 PM
,,,Licence renewal 5026,4010,Revenue:Product,,"2,982.10",,
,,,Licence renewal 5026,2100,Sales tax payable,,596.42,,
07/29/2025,Expense,1436,Supplier invoice 5048,6250,Software subscriptions,44.84,,d.okonkwo,07/29/2025 11:48:48 AM
,,,Supplier invoice 5048,1010,Cash and cash equivalents:Operating account,,44.83,,
07/29/2025,Bill,1446,Reimbursement 5066,5020,Cost of sales:Freight,"4,979.58",,m.laurent,07/29/2025 4:05:21 PM
,,,Reimbursement 5066,2010,Accounts payable,,"4,979.58",,
07/29/2025,Journal Entry,1464,Deferred revenue release,2400,Deferred revenue,967.90,,m.laurent,07/29/2025 9:31:08 AM
,,,Deferred revenue release,4020,Revenue:Services,,967.90,,
07/30/2025,Bill Payment (Check),1413,Payment to supplier 5001,2010,Accounts payable,"8,385.17",,m.laurent,07/30/2025 2:53:58 PM
,,,Payment to supplier 5001,1010,Cash and cash equivalents:Operating account,,"8,385.17",,
07/30/2025,Deposit,1429,Bank deposit 5034,1010,Cash and cash equivalents:Operating account,"3,315.97",,m.laurent,07/30/2025 10:00:17 AM
,,,Bank deposit 5034,2400,Deferred revenue,,"3,315.97",,
07/30/2025,Invoice,1452,Progress billing 5080,1200,Accounts receivable,"10,699.08",,s.pettersen,07/30/2025 10:19:28 PM
,,,Progress billing 5080,4020,Revenue:Services,,"8,915.90",,
,,,Progress billing 5080,2100,Sales tax payable,,"1,783.18",,
07/30/2025,Bill,1456,Monthly service 5085,6400,Travel and entertainment,"8,241.62",,m.laurent,07/30/2025 11:55:28 PM
,,,Monthly service 5085,2010,Accounts payable,,"8,241.62",,
07/31/2025,Bill,1428,Supplier invoice 5032,5020,Cost of sales:Freight,91.10,,s.pettersen,07/31/2025 1:42:51 AM
,,,Supplier invoice 5032,2010,Accounts payable,,91.10,,
07/31/2025,Expense,1432,Supplier invoice 5040,6300,Marketing,"1,681.18",,System Administrator,07/31/2025 7:54:56 PM
,,,Supplier invoice 5040,1010,Cash and cash equivalents:Operating account,,"1,681.18",,
,,,Total for July 2025,,,"407,127.69","407,127.69",,
08/01/2025,Bill,1509,Monthly service 5186,5010,Cost of sales:Materials,711.82,,m.laurent,08/01/2025 6:01:53 PM
,,,Monthly service 5186,2010,Accounts payable,,711.82,,
08/01/2025,Sales Receipt,1534,Invoice 2025-5236,1010,Cash and cash equivalents:Operating account,511.27,,System Administrator,08/01/2025 4:16:18 AM
,,,Invoice 2025-5236,4010,Revenue:Product,,426.06,,
,,,Invoice 2025-5236,2100,Sales tax payable,,85.21,,
08/02/2025,Invoice,1483,Progress billing 5138,1200,Accounts receivable,"17,344.09",,d.okonkwo,08/02/2025 12:13:58 PM
,,,Progress billing 5138,4010,Revenue:Product,,"14,453.41",,
,,,Progress billing 5138,2100,Sales tax payable,,"2,890.68",,
08/02/2025,Expense,1502,Purchase order 5174,6500,Bank charges,202.32,,d.okonkwo,08/02/2025 1:01:26 PM
,,,Purchase order 5174,1010,Cash and cash equivalents:Operating account,,202.32,,
08/03/2025,Payment,1508,Customer payment 5185,1010,Cash and cash equivalents:Operating account,"2,139.07",,s.pettersen,08/03/2025 11:02:57 PM
,,,Customer payment 5185,1200,Accounts receivable,,"2,139.07",,
08/03/2025,Expense,1517,Supplier invoice 5203,6300,Marketing,798.34,,a.varga,08/03/2025 11:45:27 AM
,,,Supplier invoice 5203,1010,Cash and cash equivalents:Operating account,,798.34,,
08/04/2025,Bill Payment (Check),1478,Payment to supplier 5129,2010,Accounts payable,"1,037.04",,a.varga,08/04/2025 6:02:21 PM
,,,Payment to supplier 5129,1010,Cash and cash equivalents:Operating account,,"1,037.04",,
08/04/2025,Bill Payment (Check),1520,Payment to supplier 5208,2010,Accounts payable,"1,108.53",,m.laurent,08/04/2025 2:33:40 AM
,,,Payment to supplier 5208,1010,Cash and cash equivalents:Operating account,,"1,108.53",,
08/05/2025,Sales Receipt,1480,Licence renewal 5133,1010,Cash and cash equivalents:Operating account,"2,304.37",,d.okonkwo,08/05/2025 5:00:01 AM
,,,Licence renewal 5133,4010,Revenue:Product,,"1,920.31",,
,,,Licence renewal 5133,2100,Sales tax payable,,384.06,,
08/05/2025,Invoice,1499,Licence renewal 5169,1200,Accounts receivable,"13,599.58-",,d.okonkwo,08/05/2025 7:43:29 PM
,,,Licence renewal 5169,04030,Revenue:Support,,"11,332.98-",,
,,,Licence renewal 5169,2100,Sales tax payable,,"2,266.60-",,
08/05/2025,Bill Payment (Check),1503,Payment to supplier 5176,2010,Accounts payable,"5,457.07",,System Administrator,08/05/2025 9:07:03 AM
,,,Payment to supplier 5176,1010,Cash and cash equivalents:Operating account,,"5,457.07",,
08/05/2025,Payment,1528,Customer payment 5225,1010,Cash and cash equivalents:Operating account,"16,412.76",,m.laurent,08/05/2025 7:39:20 PM
,,,Customer payment 5225,1200,Accounts receivable,,"16,412.76",,
08/06/2025,Sales Receipt,1479,Retainer 5132,1010,Cash and cash equivalents:Operating account,"1,164.56",,d.okonkwo,08/06/2025 8:11:50 PM
,,,Retainer 5132,4010,Revenue:Product,,970.47,,
,,,Retainer 5132,2100,Sales tax payable,,194.09,,
08/06/2025,Transfer,1519,Transfer between bank accounts,1020,Cash and cash equivalents:Payroll account,"40,197.48",,s.pettersen,08/06/2025 8:01:42 PM
,,,Transfer between bank accounts,1010,Cash and cash equivalents:Operating account,,"40,197.48",,
08/07/2025,Transfer,1489,Transfer between bank accounts,1020,Cash and cash equivalents:Payroll account,"17,489.01",,a.varga,08/07/2025 1:14:30 AM
,,,Transfer between bank accounts,1010,Cash and cash equivalents:Operating account,,"17,489.01",,
08/07/2025,Credit Memo,1529,Credit note 5227,4090,Sales discounts,527.36,,s.pettersen,08/07/2025 3:17:25 PM
,,,Credit note 5227,1200,Accounts receivable,,527.36,,
08/07/2025,Bill,1532,Purchase order 5231,6110,Utilities,"9,769.71",,s.pettersen,08/07/2025 11:42:25 PM
,,,Purchase order 5231,2010,Accounts payable,,"9,769.71",,
08/08/2025,Sales Receipt,1477,Retainer 5128,1010,Cash and cash equivalents:Operating account,"3,779.40",,d.okonkwo,08/08/2025 12:17:19 PM
,,,Retainer 5128,4010,Revenue:Product,,"3,149.50",,
,,,Retainer 5128,2100,Sales tax payable,,629.90,,
08/08/2025,Sales Receipt,1481,Licence renewal 5135,1010,Cash and cash equivalents:Operating account,"2,094.66",,s.pettersen,08/08/2025 6:39:44 PM
,,,Licence renewal 5135,4010,Revenue:Product,,"1,745.55",,
,,,Licence renewal 5135,2100,Sales tax payable,,349.10,,
08/08/2025,Payment,1526,Customer payment 5222,1010,Cash and cash equivalents:Operating account,"6,281.05",,m.laurent,08/08/2025 4:31:59 PM
,,,Customer payment 5222,1200,Accounts receivable,,"6,281.05",,
08/08/2025,Bill,1530,Monthly service 5229,6100,Rent,"6,090.33",,s.pettersen,08/08/2025 8:09:24 PM
,,,Monthly service 5229,2010,Accounts payable,,"6,090.33",,
08/10/2025,Expense,1482,Purchase order 5136,5010,Cost of sales:Materials,"1,430.72",,s.pettersen,08/10/2025 5:02:22 PM
,,,Purchase order 5136,1010,Cash and cash equivalents:Operating account,,"1,430.72",,
08/10/2025,Credit Memo,1492,Credit note 5155,04090,Sales discounts,"1,697.76",,d.okonkwo,08/10/2025 1:13:27 PM
,,,Credit note 5155,01200,Accounts receivable,,"1,697.76",,
08/10/2025,Bill,1495,Purchase order 5160,6500,Bank charges,"5,318.02",,System Administrator,08/10/2025 7:08:02 PM
,,,Purchase order 5160,2010,Accounts payable,,"5,318.02",,
08/10/2025,Bill,1527,Purchase order 5223,5020,Cost of sales:Freight,940.30,,System Administrator,08/10/2025 4:15:48 PM
,,,Purchase order 5223,2010,Accounts payable,,940.30,,
08/11/2025,Bill,1504,Reimbursement 5177,6400,Travel and entertainment,533.60,,s.pettersen,08/11/2025 10:37:20 PM
,,,Reimbursement 5177,2010,Accounts payable,,533.60,,
08/12/2025,Sales Receipt,1487,Invoice 2025-5147,1010,Cash and cash equivalents:Operating account,"2,321.24",,System Administrator,08/12/2025 11:05:12 PM
,,,Invoice 2025-5147,4010,Revenue:Product,,"1,934.37",,
,,,Invoice 2025-5147,2100,Sales tax payable,,386.87,,
08/12/2025,Bill,1515,Reimbursement 5201,6100,Rent,"7,602.14",,m.laurent,08/12/2025 1:52:00 PM
,,,Reimbursement 5201,2010,Accounts payable,,"7,602.14",,
08/13/2025,Sales Receipt,1522,Licence renewal 5213,1010,Cash and cash equivalents:Operating account,518.16,,System Administrator,08/13/2025 11:14:21 AM
,,,Licence renewal 5213,4010,Revenue:Product,,431.80,,
,,,Licence renewal 5213,2100,Sales tax payable,,86.36,,
08/13/2025,Invoice,1535,Invoice 2025-5238,1200,Accounts receivable,"1,682.66",,d.okonkwo,08/13/2025 8:07:11 PM
,,,Invoice 2025-5238,4020,Revenue:Services,,"1,402.22",,
,,,Invoice 2025-5238,2100,Sales tax payable,,280.44,,
08/14/2025,Bill,1510,Purchase order 5189,6250,Software subscriptions,"8,465.93",,d.okonkwo,08/14/2025 11:07:46 AM
,,,Purchase order 5189,02010,Accounts payable,,"8,465.93",,
08/15/2025,Payment,1486,Customer payment 5145,1010,Cash and cash equivalents:Operating account,"10,541.12",,System Administrator,08/15/2025 8:15:38 AM
,,,Customer payment 5145,1200,Accounts receivable,,"10,541.12",,
08/15/2025,Bill,1493,Monthly service 5156,6500,Bank charges,"8,456.97",,d.okonkwo,08/15/2025 6:37:15 PM
,,,Monthly service 5156,2010,Accounts payable,,"8,456.97",,
08/15/2025,Payment,1506,Customer payment 5181,1010,Cash and cash equivalents:Operating account,"3,804.08",,m.laurent,08/15/2025 1:40:24 AM
,,,Customer payment 5181,1200,Accounts receivable,,"3,804.08",,
08/15/2025,Bill,1518,Purchase order 5205,05010,Cost of sales:Materials,"4,547.79",,m.laurent,08/15/2025 1:36:19 PM
,,,Purchase order 5205,2010,Accounts payable,,"4,547.79",,
08/16/2025,Bill Payment (Check),1514,Payment to supplier 5198,2010,Accounts payable,"8,957.20",,a.varga,08/16/2025 2:26:53 PM
,,,Payment to supplier 5198,1010,Cash and cash equivalents:Operating account,,"8,957.20",,
08/18/2025,Bill Payment (Check),1533,Payment to supplier 5233,2010,Accounts payable,"9,772.30",,d.okonkwo,08/18/2025 8:04:40 AM
,,,Payment to supplier 5233,1010,Cash and cash equivalents:Operating account,,"9,772.30",,
08/19/2025,Invoice,1511,Invoice 2025-5191,1200,Accounts receivable,"16,303.26",,System Administrator,08/19/2025 2:55:41 PM
,,,Invoice 2025-5191,4020,Revenue:Services,,"13,586.05",,
,,,Invoice 2025-5191,2100,Sales tax payable,,"2,717.21",,
08/20/2025,Bill Payment (Check),1484,Payment to supplier 5141,2010,Accounts payable,"5,068.05",,m.laurent,08/20/2025 1:17:47 PM
,,,Payment to supplier 5141,1010,Cash and cash equivalents:Operating account,,"5,068.05",,
08/20/2025,Bill Payment (Check),1516,Payment to supplier 5202,2010,Accounts payable,"4,505.51",,m.laurent,08/20/2025 1:23:50 PM
,,,Payment to supplier 5202,1010,Cash and cash equivalents:Operating account,,"4,505.51",,
08/21/2025,Payment,1512,Customer payment 5194,1010,Cash and cash equivalents:Operating account,"8,056.57",,a.varga,08/21/2025 12:56:18 AM
,,,Customer payment 5194,1200,Accounts receivable,,"8,056.57",,
08/22/2025,Bill,1524,Reimbursement 5218,6500,Bank charges,894.89,,a.varga,08/22/2025 2:19:19 PM
,,,Reimbursement 5218,2010,Accounts payable,,894.89,,
08/23/2025,Bill Payment (Check),1505,Payment to supplier 5178,2010,Accounts payable,"5,815.45",,m.laurent,08/23/2025 6:34:24 PM
,,,Payment to supplier 5178,1010,Cash and cash equivalents:Operating account,,"5,815.45",,
08/24/2025,Sales Receipt,1513,Invoice 2025-5195,1010,Cash and cash equivalents:Operating account,"2,599.30",,m.laurent,08/24/2025 6:19:17 PM
,,,Invoice 2025-5195,4010,Revenue:Product,,"2,166.08",,
,,,Invoice 2025-5195,2100,Sales tax payable,,433.22,,
08/24/2025,Bill,1521,Monthly service 5211,6300,Marketing,"4,623.50",,System Administrator,08/24/2025 5:43:59 PM
,,,Monthly service 5211,2010,Accounts payable,,"4,623.50",,
08/24/2025,Sales Receipt,1531,Progress billing 5230,1010,Cash and cash equivalents:Operating account,"3,199.56",,System Administrator,08/24/2025 4:50:52 AM
,,,Progress billing 5230,4010,Revenue:Product,,"2,666.30",,
,,,Progress billing 5230,2100,Sales tax payable,,533.26,,
08/25/2025,Sales Receipt,1485,Progress billing 5143,1010,Cash and cash equivalents:Operating account,243.05,,m.laurent,08/25/2025 12:28:23 AM
,,,Progress billing 5143,4010,Revenue:Product,,202.54,,
,,,Progress billing 5143,2100,Sales tax payable,,40.51,,
08/25/2025,Bill Payment (Check),1488,Payment to supplier 5148,2010,Accounts payable,"1,792.96",,m.laurent,08/25/2025 3:44:44 PM
,,,Payment to supplier 5148,1010,Cash and cash equivalents:Operating account,,"1,792.96",,
08/26/2025,Bill Payment (Check),1496,Payment to supplier 5163,2010,Accounts payable,"5,350.82",,System Administrator,08/26/2025 2:40:23 AM
,,,Payment to supplier 5163,1010,Cash and cash equivalents:Operating account,,"5,350.82",,
08/26/2025,Journal Entry,1497,Revaluation of foreign balances,6900,Foreign exchange gain or loss,"1,664.13",,System Administrator,08/26/2025 7:02:51 PM
,,,Revaluation of foreign balances,1200,Accounts receivable,,"1,664.13",,
08/26/2025,Deposit,1536,Bank deposit 5239,1010,Cash and cash equivalents:Operating account,"3,102.38",,System Administrator,08/26/2025 2:49:28 PM
,,,Bank deposit 5239,2400,Deferred revenue,,"3,102.38",,
08/27/2025,Expense,1507,Reimbursement 5182,05020,Cost of sales:Freight,782.40,,a.varga,08/27/2025 7:03:18 AM
,,,Reimbursement 5182,1010,Cash and cash equivalents:Operating account,,782.40,,
08/28/2025,Invoice,1498,Invoice 2025-5168,1200,Accounts receivable,"21,301.36",,d.okonkwo,08/28/2025 11:00:22 AM
,,,Invoice 2025-5168,4010,Revenue:Product,,"17,751.13",,
,,,Invoice 2025-5168,2100,Sales tax payable,,"3,550.23",,
08/28/2025,Payment,1523,Customer payment 5216,1010,Cash and cash equivalents:Operating account,"9,557.53",,m.laurent,08/28/2025 1:01:03 AM
,,,Customer payment 5216,1200,Accounts receivable,,"9,557.53",,
08/29/2025,Invoice,1490,Progress billing 5151,1200,Accounts receivable,"1,747.82",,System Administrator,08/29/2025 6:59:38 AM
,,,Progress billing 5151,4010,Revenue:Product,,"1,456.52",,
,,,Progress billing 5151,2100,Sales tax payable,,291.30,,
08/29/2025,Transfer,1494,Transfer between bank accounts,1020,Cash and cash equivalents:Payroll account,"6,339.50",,d.okonkwo,08/29/2025 3:27:53 PM
,,,Transfer between bank accounts,1010,Cash and cash equivalents:Operating account,,"6,339.50",,
08/29/2025,Payment,1501,Customer payment 5171,1010,Cash and cash equivalents:Operating account,"6,977.13",,s.pettersen,08/29/2025 12:53:27 PM
,,,Customer payment 5171,1200,Accounts receivable,,"6,977.13",,
08/30/2025,Invoice,1537,Licence renewal 5240,1200,Accounts receivable,"7,137.11",,a.varga,08/30/2025 8:09:32 AM
,,,Licence renewal 5240,4010,Revenue:Product,,"5,947.59",,
,,,Licence renewal 5240,2100,Sales tax payable,,"1,189.52",,
08/31/2025,Vendor Credit,1491,Supplier credit 5153,2010,Accounts payable,198.88,,a.varga,08/31/2025 6:26:46 PM
,,,Supplier credit 5153,06110,Utilities,,198.88,,
08/31/2025,Invoice,1500,Retainer 5170,01200,Accounts receivable,"15,412.51",,m.laurent,08/31/2025 11:52:49 AM
,,,Retainer 5170,4020,Revenue:Services,,"12,843.76",,
,,,Retainer 5170,2100,Sales tax payable,,,,
08/31/2025,Payment,1525,Customer payment 5220,1010,Cash and cash equivalents:Operating account,"10,630.15",,d.okonkwo,08/31/2025 8:37:23 PM
,,,Customer payment 5220,01200,Accounts receivable,,"10,630.15",,
,,,Total for August 2025,,,"341,714.47","341,714.47",,
09/01/2025,Invoice,1580,Retainer 5329,1200,Accounts receivable,"8,967.04",,a.varga,09/01/2025 6:48:01 PM
,,,Retainer 5329,04020,Revenue:Services,,"7,472.53",,
,,,Retainer 5329,2100,Sales tax payable,,"1,494.51",,
09/01/2025,Journal Entry,1583,Prepaid release,6200,Professional fees,"1,462.57",,System Administrator,09/01/2025 7:45:08 AM
,,,Prepaid release,1400,Prepaid expenses:Insurance,,"1,462.57",,
09/02/2025,Expense,1575,Reimbursement 5318,6400,Travel and entertainment,"2,239.83",,d.okonkwo,09/02/2025 10:22:18 PM
,,,Reimbursement 5318,1010,Cash and cash equivalents:Operating account,,"2,239.83",,
09/03/2025,Payment,1569,Customer payment 5310,1010,Cash and cash equivalents:Operating account,"2,564.28",,m.laurent,09/03/2025 3:17:39 PM
,,,Customer payment 5310,1200,Accounts receivable,,"2,564.28",,
09/04/2025,Invoice,1584,Licence renewal 5335,1200,Accounts receivable,"7,527.55",,m.laurent,09/04/2025 11:09:10 AM
,,,Licence renewal 5335,4020,Revenue:Services,,"6,272.96",,
,,,Licence renewal 5335,2100,Sales tax payable,,"1,254.59",,
09/04/2025,Payment,1603,Customer payment 5370,1010,Cash and cash equivalents:Operating account,"12,001.14",,a.varga,09/04/2025 6:02:57 PM
,,,Customer payment 5370,1200,Accounts receivable,,"12,001.14",,
09/04/2025,Transfer,1605,Transfer between bank accounts,1020,Cash and cash equivalents:Payroll account,"10,604.35",,m.laurent,09/04/2025 5:36:39 PM
,,,Transfer between bank accounts,01010,Cash and cash equivalents:Operating account,,"10,604.35",,
09/05/2025,Bill Payment (Check),1564,Payment to supplier 5301,2010,Accounts payable,"2,668.04",,d.okonkwo,09/05/2025 6:23:27 AM
,,,Payment to supplier 5301,1010,Cash and cash equivalents:Operating account,,"2,668.04",,
09/06/2025,Credit Memo,1581,Credit note 5331,4090,Sales discounts,138.46,,s.pettersen,09/06/2025 12:02:06 PM
,,,Credit note 5331,1200,Accounts receivable,,138.46,,
09/06/2025,Payment,1588,Customer payment 5342,1010,Cash and cash equivalents:Operating account,"13,510.30",,a.varga,09/06/2025 9:52:12 PM
,,,Customer payment 5342,1200,Accounts receivable,,"13,510.30",,
09/07/2025,Payment,1559,Customer payment 5290,1010,Cash and cash equivalents:Operating account,"20,766.55",,a.varga,09/07/2025 12:14:19 PM
,,,Customer payment 5290,1200,Accounts receivable,,"20,766.55",,
09/07/2025,Credit Memo,1562,Credit note 5297,4090,Sales discounts,845.45,,d.okonkwo,09/07/2025 7:50:22 AM
,,,Credit note 5297,1200,Accounts receivable,,845.45,,
09/07/2025,Sales Receipt,1565,Licence renewal 5302,1010,Cash and cash equivalents:Operating account,"1,170.32",,s.pettersen,09/07/2025 1:29:43 PM
,,,Licence renewal 5302,4010,Revenue:Product,,975.27,,
,,,Licence renewal 5302,2100,Sales tax payable,,195.05,,
09/08/2025,Journal Entry,1541,Payroll journal,6010,Salaries and wages,"28,635.23",,a.varga,09/08/2025 11:04:16 AM
,,,Payroll journal,6020,Employee benefits,"2,577.17",,,
,,,Payroll journal,2150,Payroll liabilities:Withholding,,"6,872.46",,
,,,Payroll journal,02160,Payroll liabilities:Pension,,"1,431.76",,
,,,Payroll journal,1020,Cash and cash equivalents:Payroll account,,"22,908.18",,
09/08/2025,Deposit,1546,Bank deposit 5262,1010,Cash and cash equivalents:Operating account,"4,550.41",,d.okonkwo,09/08/2025 6:05:14 AM
,,,Bank deposit 5262,2400,Deferred revenue,,"4,550.41",,
09/08/2025,Bill Payment (Check),1563,Payment to supplier 5299,2010,Accounts payable,"12,205.67",,s.pettersen,09/08/2025 10:18:02 PM
,,,Payment to supplier 5299,1010,Cash and cash equivalents:Operating account,,"12,205.67",,
09/08/2025,Invoice,1568,Retainer 5307,1200,Accounts receivable,"4,284.56",,m.laurent,09/08/2025 1:19:03 AM
,,,Retainer 5307,4010,Revenue:Product,,"3,570.47",,
,,,Retainer 5307,2100,Sales tax payable,,714.09,,
09/10/2025,Invoice,1547,Progress billing 5265,1200,Accounts receivable,"10,743.73",,a.varga,09/10/2025 10:50:06 PM
,,,Progress billing 5265,4020,Revenue:Services,,"8,953.11",,
,,,Progress billing 5265,2100,Sales tax payable,,"1,790.62",,
09/10/2025,Invoice,1599,Licence renewal 5360,1200,Accounts receivable,"19,886.00",,a.varga,09/10/2025 1:06:49 PM
,,,Licence renewal 5360,4020,Revenue:Services,,"16,571.67",,
,,,Licence renewal 5360,02100,Sales tax payable,,"3,314.33",,
09/11/2025,Expense,1561,Purchase order 5295,5020,Cost of sales:Freight,"1,726.00",,System Administrator,09/11/2025 1:13:17 AM
,,,Purchase order 5295,1010,Cash and cash equivalents:Operating account,,"1,726.00",,
09/11/2025,Invoice,1589,Licence renewal 5343,1200,Accounts receivable,"15,129.54",,s.pettersen,09/11/2025 1:35:39 PM
,,,Licence renewal 5343,4020,Revenue:Services,,"12,607.95",,
,,,Licence renewal 5343,2100,Sales tax payable,,"2,521.59",,
09/13/2025,Invoice,1574,Invoice 2025-5317,1200,Accounts receivable,"18,566.30",,a.varga,09/13/2025 4:53:02 PM
,,,Invoice 2025-5317,4010,Revenue:Product,,"15,471.92",,
,,,Invoice 2025-5317,2100,Sales tax payable,,"3,094.38",,
09/13/2025,Payment,1597,Customer payment 5356,1010,Cash and cash equivalents:Operating account,"10,880.68",,s.pettersen,09/13/2025 10:07:36 AM
,,,Customer payment 5356,1200,Accounts receivable,,"10,880.68",,
09/14/2025,Payment,1543,Customer payment 5258,1010,Cash and cash equivalents:Operating account,"7,886.22",,d.okonkwo,09/14/2025 11:24:00 PM
,,,Customer payment 5258,1200,Accounts receivable,,"7,886.22",,
09/14/2025,Bill Payment (Check),1555,Payment to supplier 5280,2010,Accounts payable,"6,918.43",,m.laurent,09/14/2025 5:50:58 AM
,,,Payment to supplier 5280,1010,Cash and cash equivalents:Operating account,,"6,918.43",,
09/14/2025,Sales Receipt,1556,Progress billing 5283,1010,Cash and cash equivalents:Operating account,709.90,,m.laurent,09/14/2025 12:38:14 AM
,,,Progress billing 5283,04010,Revenue:Product,,591.58,,
,,,Progress billing 5283,2100,Sales tax payable,,118.32,,
09/14/2025,Journal Entry,1590,Deferred revenue release,2400,Deferred revenue,"2,800.63",,System Administrator,09/14/2025 2:33:45 PM
,,,Deferred revenue release,4020,Revenue:Services,,"2,800.63",,
09/15/2025,Invoice,1570,Retainer 5312,1200,Accounts receivable,"1,933.31",,a.varga,09/15/2025 12:13:03 PM
,,,Retainer 5312,4010,Revenue:Product,,"1,611.09",,
,,,Retainer 5312,2100,Sales tax payable,,322.22,,
09/16/2025,Invoice,1600,Invoice 2025-5363,1200,Accounts receivable,"6,475.58",,a.varga,09/16/2025 11:23:45 AM
,,,Invoice 2025-5363,4010,Revenue:Product,,"5,396.32",,
,,,Invoice 2025-5363,2100,Sales tax payable,,"1,079.26",,
09/17/2025,Bill Payment (Check),1601,Payment to supplier 5366,2010,Accounts payable,"3,916.70",,m.laurent,09/17/2025 11:42:21 AM
,,,Payment to supplier 5366,1010,Cash and cash equivalents:Operating account,,"3,916.70",,
09/17/2025,Invoice,1606,Progress billing 5377,1200,Accounts receivable,"19,796.81",,System Administrator,09/17/2025 9:07:00 PM
,,,Progress billing 5377,4020,Revenue:Services,,"16,497.34",,
,,,Progress billing 5377,2100,Sales tax payable,,"3,299.47",,
09/19/2025,Expense,1545,Monthly service 5261,6400,Travel and entertainment,"1,466.57",,s.pettersen,09/19/2025 11:29:06 PM
,,,Monthly service 5261,1010,Cash and cash equivalents:Operating account,,"1,466.57",,
09/19/2025,Invoice,1552,Invoice 2025-5275,1200,Accounts receivable,"5,056.63",,System Administrator,09/19/2025 4:40:40 AM
,,,Invoice 2025-5275,4010,Revenue:Product,,"4,213.86",,
,,,Invoice 2025-5275,2100,Sales tax payable,,842.77,,
09/19/2025,Invoice,1604,Retainer 5373,1200,Accounts receivable,"1,089.30",,System Administrator,09/19/2025 9:36:49 PM
,,,Retainer 5373,04020,Revenue:Services,,907.75,,
,,,Retainer 5373,02100,Sales tax payable,,181.55,,
09/20/2025,Credit Memo,1542,Credit note 5255,4090,Sales discounts,"1,661.02",,d.okonkwo,09/20/2025 12:36:13 AM
,,,Credit note 5255,1200,Accounts receivable,,"1,661.02",,
09/20/2025,Journal Entry,1554,Prepaid release,6200,Professional fees,"2,485.05",,System Administrator,09/20/2025 5:03:17 AM
,,,Prepaid release,1400,Prepaid expenses:Insurance,,"2,485.05",,
09/20/2025,Deposit,1576,Bank deposit 5320,01010,Cash and cash equivalents:Operating account,"1,106.10",,d.okonkwo,09/20/2025 10:51:02 PM
,,,Bank deposit 5320,2400,Deferred revenue,,"1,106.10",,
09/20/2025,Expense,1587,Supplier invoice 5341,5010,Cost of sales:Materials,"1,678.92",,System Administrator,09/20/2025 7:09:16 PM
,,,Supplier invoice 5341,1010,Cash and cash equivalents:Operating account,,"1,678.92",,
09/20/2025,Transfer,1592,Transfer between bank accounts,1020,Cash and cash equivalents:Payroll account,"5,422.36",,d.okonkwo,09/20/2025 7:48:35 PM
,,,Transfer between bank accounts,1010,Cash and cash equivalents:Operating account,,"5,422.36",,
09/20/2025,Invoice,1593,Licence renewal 5349,1200,Accounts receivable,"20,428.28",,s.pettersen,09/20/2025 7:39:33 AM
,,,Licence renewal 5349,4010,Revenue:Product,,"17,023.57",,
,,,Licence renewal 5349,2100,Sales tax payable,,"3,404.71",,
09/21/2025,Payment,1550,Customer payment 5270,1010,Cash and cash equivalents:Operating account,"6,166.24",,a.varga,09/21/2025 1:30:24 PM
,,,Customer payment 5270,1200,Accounts receivable,,"6,166.24",,
09/21/2025,Bill,1579,Monthly service 5328,6400,Travel and entertainment,"3,482.38",,a.varga,09/21/2025 7:44:53 PM
,,,Monthly service 5328,2010,Accounts payable,,"3,482.38",,
09/21/2025,Sales Receipt,1602,Progress billing 5368,1010,Cash and cash equivalents:Operating account,"3,216.34",,a.varga,09/21/2025 11:48:11 AM
,,,Progress billing 5368,4010,Revenue:Product,,"2,680.28",,
,,,Progress billing 5368,2100,Sales tax payable,,536.06,,
09/22/2025,Invoice,1553,Retainer 5276,1200,Accounts receivable,"13,760.68",,System Administrator,09/22/2025 11:19:21 AM
,,,Retainer 5276,4010,Revenue:Product,,"11,467.23",,
,,,Retainer 5276,2100,Sales tax payable,,"2,293.45",,
09/23/2025,Payment,1549,Customer payment 5268,1010,Cash and cash equivalents:Operating account,"18,258.88",,System Administrator,09/23/2025 5:32:22 AM
,,,Customer payment 5268,1200,Accounts receivable,,"18,258.88",,
09/23/2025,Payment,1578,Customer payment 5326,1010,Cash and cash equivalents:Operating account,"12,724.92",,d.okonkwo,09/23/2025 12:37:06 AM
,,,Customer payment 5326,1200,Accounts receivable,,"12,724.92",,
09/23/2025,Sales Receipt,1585,Licence renewal 5336,1010,Cash and cash equivalents:Operating account,"3,762.29",,System Administrator,09/23/2025 4:15:12 AM
,,,Licence renewal 5336,4010,Revenue:Product,,"3,135.24",,
,,,Licence renewal 5336,2100,Sales tax payable,,627.05,,
09/24/2025,Journal Entry,1538,Deferred revenue release,2400,Deferred revenue,"6,037.15",,s.pettersen,09/24/2025 10:23:09 PM
,,,Deferred revenue release,4020,Revenue:Services,,"6,037.15",,
09/24/2025,Bill Payment (Check),1557,Payment to supplier 5285,2010,Accounts payable,"9,501.43",,m.laurent,09/24/2025 6:17:32 PM
,,,Payment to supplier 5285,1010,Cash and cash equivalents:Operating account,,"9,501.43",,
09/24/2025,Payment,1572,Customer payment 5315,1010,Cash and cash equivalents:Operating account,"9,084.68",,s.pettersen,09/24/2025 9:45:03 PM
,,,Customer payment 5315,1200,Accounts receivable,,"9,084.67",,
09/24/2025,Expense,1595,Supplier invoice 5353,5010,Cost of sales:Materials,"1,745.53",,m.laurent,09/24/2025 5:09:58 PM
,,,Supplier invoice 5353,1010,Cash and cash equivalents:Operating account,,"1,745.53",,
09/25/2025,Invoice,1540,Retainer 5249,1200,Accounts receivable,"20,038.62",,a.varga,09/25/2025 7:53:28 AM
,,,Retainer 5249,4010,Revenue:Product,,"16,698.85",,
,,,Retainer 5249,2100,Sales tax payable,,"3,339.77",,
09/25/2025,Transfer,1571,Transfer between bank accounts,1020,Cash and cash equivalents:Payroll account,"43,604.58",,s.pettersen,09/25/2025 12:29:00 PM
,,,Transfer between bank accounts,1010,Cash and cash equivalents:Operating account,,"43,604.58",,
09/25/2025,Journal Entry,1573,Prepaid release,6200,Professional fees,"1,370.08",,d.okonkwo,09/25/2025 4:00:23 AM
,,,Prepaid release,1410,Prepaid expenses:Software subscriptions,,"1,370.08",,
09/25/2025,Bill Payment (Check),1598,Payment to supplier 5357,2010,Accounts payable,"13,390.20",,s.pettersen,09/25/2025 7:25:44 PM
,,,Payment to supplier 5357,1010,Cash and cash equivalents:Operating account,,"13,390.20",,
09/26/2025,Bill Payment (Check),1591,Payment to supplier 5346,2010,Accounts payable,"13,289.58",,a.varga,09/26/2025 1:05:16 PM
,,,Payment to supplier 5346,1010,Cash and cash equivalents:Operating account,,"13,289.58",,
09/27/2025,Invoice,1544,Progress billing 5259,1200,Accounts receivable,"12,786.96",,a.varga,09/27/2025 11:18:44 AM
,,,Progress billing 5259,4020,Revenue:Services,,"10,655.80",,
,,,Progress billing 5259,2100,Sales tax payable,,"2,131.16",,
09/27/2025,Expense,1548,Supplier invoice 5267,6300,Marketing,683.49,,d.okonkwo,09/27/2025 3:00:09 PM
,,,Supplier invoice 5267,1010,Cash and cash equivalents:Operating account,,683.49,,
09/27/2025,Vendor Credit,1551,Supplier credit 5273,2010,Accounts payable,890.16,,d.okonkwo,09/27/2025 5:20:49 AM
,,,Supplier credit 5273,6200,Professional fees,,890.16,,
09/28/2025,Bill,1539,Purchase order 5246,6300,Marketing,"6,673.71",,System Administrator,09/28/2025 12:10:12 AM
,,,Purchase order 5246,2010,Accounts payable,,"6,673.70",,
09/28/2025,Payment,1558,Customer payment 5287,1010,Cash and cash equivalents:Operating account,"16,025.76",,System Administrator,09/28/2025 7:24:04 PM
,,,Customer payment 5287,1200,Accounts receivable,,"16,025.76",,
09/28/2025,Transfer,1560,Transfer between bank accounts,01020,Cash and cash equivalents:Payroll account,"14,520.61",,m.laurent,09/28/2025 9:06:59 AM
,,,Transfer between bank accounts,1010,Cash and cash equivalents:Operating account,,"14,520.61",,
09/28/2025,Bill Payment (Check),1566,Payment to supplier 5304,2010,Accounts payable,"8,884.74",,System Administrator,09/28/2025 9:06:29 AM
,,,Payment to supplier 5304,1010,Cash and cash equivalents:Operating account,,"8,884.74",,
09/28/2025,Deposit,1596,Bank deposit 5355,1010,Cash and cash equivalents:Operating account,"2,112.76",,a.varga,09/28/2025 11:55:53 PM
,,,Bank deposit 5355,2400,Deferred revenue,,"2,112.76",,
09/29/2025,Invoice,1567,Progress billing 5306,1200,Accounts receivable,"18,011.74","6,003.91",m.laurent,09/29/2025 9:55:16 PM
,,,Progress billing 5306,4020,Revenue:Services,,"15,009.78",,
,,,Progress billing 5306,2100,Sales tax payable,,"3,001.96",,
09/29/2025,Invoice,1577,Licence renewal 5323,1200,Accounts receivable,"2,582.95",,a.varga,09/29/2025 3:37:47 AM
,,,Licence renewal 5323,4010,Revenue:Product,,"2,152.46",,
,,,Licence renewal 5323,02100,Sales tax payable,,430.49,,
09/29/2025,Vendor Credit,1594,Supplier credit 5350,2010,Accounts payable,910.14,,m.laurent,09/29/2025 11:20:02 PM
,,,Supplier credit 5350,5010,Cost of sales:Materials,,910.14,,
09/30/2025,Credit Memo,1582,Credit note 5332,4090,Sales discounts,228.74,,d.okonkwo,09/30/2025 11:58:12 PM
,,,Credit note 5332,1200,Accounts receivable,,228.74,,
09/30/2025,Journal Entry,1586,Depreciation for the period,6600,Depreciation,"1,543.68",,a.varga,09/30/2025 8:18:13 PM
,,,Depreciation for the period,1790,Accumulated depreciation,,"1,543.68",,
,,,Total for September 2025,,,"569,772.00","569,772.00",,
10/01/2025,Bill,1612,Purchase order 5391,5010,Cost of sales:Materials,"12,354.79",,m.laurent,10/01/2025 5:12:47 AM
,,,Purchase order 5391,2010,Accounts payable,,"12,354.79",,
10/01/2025,Expense,1614,Reimbursement 5394,6300,Marketing,"1,887.54",,a.varga,10/01/2025 12:24:58 AM
,,,Reimbursement 5394,1010,Cash and cash equivalents:Operating account,,"1,887.54",,
10/01/2025,Bill,1666,Purchase order 5497,05010,Cost of sales:Materials,"4,184.39",,System Administrator,10/01/2025 10:51:41 PM
,,,Purchase order 5497,2010,Accounts payable,,"4,184.39",,
10/01/2025,Transfer,1673,Transfer between bank accounts,1020,Cash and cash equivalents:Payroll account,"32,974.11",,s.pettersen,10/01/2025 5:41:43 AM
,,,Transfer between bank accounts,1010,Cash and cash equivalents:Operating account,,"32,974.11",,
10/02/2025,Journal Entry,1615,Reclassification,6110,Utilities,"5,327.86",,d.okonkwo,10/02/2025 2:11:30 PM
,,,Reclassification,6400,Travel and entertainment,,"5,327.86",,
10/02/2025,Payment,1653,Customer payment 5470,1010,Cash and cash equivalents:Operating account,"4,765.99",,d.okonkwo,10/02/2025 11:34:17 AM
,,,Customer payment 5470,1200,Accounts receivable,,"4,765.99",,
10/03/2025,Bill,1648,Monthly service 5459,5010,Cost of sales:Materials,"11,003.28",,m.laurent,10/03/2025 5:11:54 PM
,,,Monthly service 5459,2010,Accounts payable,,"11,003.28",,
10/03/2025,Invoice,1655,Progress billing 5475,1200,Accounts receivable,"11,457.54",,System Administrator,10/03/2025 8:40:22 AM
,,,Progress billing 5475,4020,Revenue:Services,,"9,547.95",,
,,,Progress billing 5475,2100,Sales tax payable,,"1,909.59",,
10/04/2025,Bill Payment (Check),1631,Payment to supplier 5428,2010,Accounts payable,"7,815.40",,d.okonkwo,10/04/2025 11:27:37 AM
,,,Payment to supplier 5428,01010,Cash and cash equivalents:Operating account,,"7,815.40",,
10/04/2025,Bill Payment (Check),1632,Payment to supplier 5430,2010,Accounts payable,"13,807.43",,a.varga,10/04/2025 12:17:24 PM
,,,Payment to supplier 5430,1010,Cash and cash equivalents:Operating account,,"13,807.43",,
10/04/2025,Expense,1656,Supplier invoice 5478,6110,Utilities,"1,163.34",,m.laurent,10/04/2025 2:55:29 PM
,,,Supplier invoice 5478,1010,Cash and cash equivalents:Operating account,,"1,163.34",,
10/05/2025,Bill,1650,Supplier invoice 5463,5010,Cost of sales:Materials,669.07,,d.okonkwo,10/05/2025 5:17:27 PM
,,,Supplier invoice 5463,2010,Accounts payable,,669.07,,
10/06/2025,Bill Payment (Check),1608,Payment to supplier 5382,2010,Accounts payable,"13,622.02",,System Administrator,10/06/2025 3:26:11 AM
,,,Payment to supplier 5382,1010,Cash and cash equivalents:Operating account,,"13,622.02",,
10/06/2025,Payment,1623,Customer payment 5411,1010,Cash and cash equivalents:Operating account,"1,208.80",,m.laurent,10/06/2025 8:36:02 PM
,,,Customer payment 5411,1200,Accounts receivable,,"1,208.80",,
10/06/2025,Vendor Credit,1665,Supplier credit 5496,2010,Accounts payable,"1,804.98",,a.varga,10/06/2025 10:50:35 PM
,,,Supplier credit 5496,6400,Travel and entertainment,,"1,804.98",,
10/06/2025,Invoice,1674,Retainer 5511,1200,Accounts receivable,"10,740.61",,s.pettersen,10/06/2025 8:08:58 PM
,,,Retainer 5511,4020,Revenue:Services,,"8,950.51",,
,,,Retainer 5511,2100,Sales tax payable,,"1,790.10",,
10/07/2025,Journal Entry,1619,Deferred revenue release,2400,Deferred revenue,"4,585.33",,System Administrator,10/07/2025 11:50:59 PM
,,,Deferred revenue release,4020,Revenue:Services,,"4,585.33",,
10/07/2025,Invoice,1647,Progress billing 5458,1200,Accounts receivable,"21,060.60",,System Administrator,10/07/2025 7:25:53 PM
,,,Progress billing 5458,4020,Revenue:Services,,"17,550.50",,
,,,Progress billing 5458,2100,Sales tax payable,,"3,510.10",,
10/07/2025,Invoice,1662,Licence renewal 5489,1200,Accounts receivable,"11,758.86",,s.pettersen,10/07/2025 12:42:07 PM
,,,Licence renewal 5489,4030,Revenue:Support,,"9,799.05",,
,,,Licence renewal 5489,2100,Sales tax payable,,"1,959.81",,
10/08/2025,Bill,1613,Monthly service 5392,5020,Cost of sales:Freight,"7,377.59",,d.okonkwo,10/08/2025 9:11:36 PM
,,,Monthly service 5392,2010,Accounts payable,,"7,377.59",,
10/08/2025,Journal Entry,1654,Revaluation of foreign balances,6900,Foreign exchange gain or loss,"1,491.72",,s.pettersen,10/08/2025 11:52:29 AM
,,,Revaluation of foreign balances,1200,Accounts receivable,,"1,491.72",,
10/09/2025,Journal Entry,1636,Accrual reversal,2050,Accrued liabilities,"1,178.56",,a.varga,10/09/2025 10:27:29 AM
,,,Accrual reversal,6300,Marketing,,"1,178.56",,
10/09/2025,Sales Receipt,1671,Progress billing 5506,1010,Cash and cash equivalents:Operating account,"3,573.30",,d.okonkwo,10/09/2025 9:58:30 PM
,,,Progress billing 5506,4010,Revenue:Product,,"2,977.75",,
,,,Progress billing 5506,2100,Sales tax payable,,595.55,,
10/10/2025,Credit Memo,1668,Credit note 5501,4090,Sales discounts,700.24,,s.pettersen,10/10/2025 10:57:42 AM
,,,Credit note 5501,1200,Accounts receivable,,700.24,,
10/11/2025,Invoice,1642,Retainer 5447,1200,Accounts receivable,"1,811.77",,a.varga,10/11/2025 6:32:23 AM
,,,Retainer 5447,4010,Revenue:Product,,"1,509.81",,
,,,Retainer 5447,2100,Sales tax payable,,301.96,,
10/12/2025,Expense,1607,Purchase order 5379,6200,Professional fees,762.02,,System Administrator,10/12/2025 12:13:45 AM
,,,Purchase order 5379,1010,Cash and cash equivalents:Operating account,,762.02,,
10/12/2025,Transfer,1667,Transfer between bank accounts,1020,Cash and cash equivalents:Payroll account,"45,910.26",,System Administrator,10/12/2025 7:06:51 AM
,,,Transfer between bank accounts,1010,Cash and cash equivalents:Operating account,,"45,910.26",,
10/12/2025,Bill,1670,Monthly service 5503,5020,Cost of sales:Freight,"5,435.62",,m.laurent,10/12/2025 12:28:53 PM
,,,Monthly service 5503,02010,Accounts payable,,"5,435.62",,
10/13/2025,Expense,1616,Reimbursement 5399,5020,Cost of sales:Freight,32.46,,d.okonkwo,10/13/2025 12:07:00 PM
,,,Reimbursement 5399,1010,Cash and cash equivalents:Operating account,,32.46,,
10/13/2025,Bill Payment (Check),1646,Payment to supplier 5456,2010,Accounts payable,409.81,,System Administrator,10/13/2025 7:07:32 PM
,,,Payment to supplier 5456,1010,Cash and cash equivalents:Operating account,,409.81,,
10/13/2025,Payment,1661,Customer payment 5488,01010,Cash and cash equivalents:Operating account,"13,113.73",,d.okonkwo,10/13/2025 10:18:47 AM
,,,Customer payment 5488,1200,Accounts receivable,,"13,113.73",,
10/14/2025,Journal Entry,1633,Prepaid release,6200,Professional fees,"2,564.27",,a.varga,10/14/2025 7:16:39 AM
,,,Prepaid release,1410,Prepaid expenses:Software subscriptions,,"2,564.27",,
10/14/2025,Invoice,1634,Retainer 5435,1200,Accounts receivable,"18,239.21",,d.okonkwo,10/14/2025 3:12:36 AM
,,,Retainer 5435,4020,Revenue:Services,,"15,199.34",,
,,,Retainer 5435,2100,Sales tax payable,,"3,039.87",,
10/14/2025,Bill,1637,Purchase order 5439,6200,Professional fees,"2,791.44",,m.laurent,10/14/2025 7:30:42 PM
,,,Purchase order 5439,2010,Accounts payable,,,,
10/15/2025,Bill,1640,Monthly service 5442,6200,Professional fees,"10,950.73",,d.okonkwo,10/15/2025 5:47:35 PM
,,,Monthly service 5442,2010,Accounts payable,,"10,950.73",,
10/15/2025,Invoice,1645,Retainer 5455,1200,Accounts receivable,"4,329.12",,m.laurent,10/15/2025 10:43:11 AM
,,,Retainer 5455,4010,Revenue:Product,,"3,607.60",,
,,,Retainer 5455,2100,Sales tax payable,,,,
10/16/2025,Bill,1624,Reimbursement 5413,6200,Professional fees,"11,685.15",,m.laurent,10/16/2025 1:24:08 AM
,,,Reimbursement 5413,2010,Accounts payable,,"11,685.15",,
10/16/2025,Bill Payment (Check),1625,Payment to supplier 5414,2010,Accounts payable,"10,667.97",,d.okonkwo,10/16/2025 11:15:36 PM
,,,Payment to supplier 5414,1010,Cash and cash equivalents:Operating account,,"10,667.97",,
10/17/2025,Journal Entry,1659,Accrual reversal,2050,Accrued liabilities,"3,636.75",,a.varga,10/17/2025 9:36:14 PM
,,,Accrual reversal,6500,Bank charges,,"3,636.75",,
10/17/2025,Bill,1660,Supplier invoice 5485,5020,Cost of sales:Freight,"5,563.86",,d.okonkwo,10/17/2025 12:12:25 PM
,,,Supplier invoice 5485,2010,Accounts payable,,"5,563.86",,
10/18/2025,Invoice,1629,Progress billing 5425,1200,Accounts receivable,"16,657.37",,s.pettersen,10/18/2025 6:29:45 AM
,,,Progress billing 5425,4010,Revenue:Product,,"13,881.14",,
,,,Progress billing 5425,2100,Sales tax payable,,"2,776.23",,
10/19/2025,Transfer,1626,Transfer between bank accounts,01020,Cash and cash equivalents:Payroll account,"45,657.60",,d.okonkwo,10/19/2025 5:45:33 PM
,,,Transfer between bank accounts,1010,Cash and cash equivalents:Operating account,,"45,657.60",,
10/19/2025,Payment,1652,Customer payment 5467,1010,Cash and cash equivalents:Operating account,"4,184.93",,m.laurent,10/19/2025 6:38:03 PM
,,,Customer payment 5467,1200,Accounts receivable,,"4,184.93",,
10/20/2025,Invoice,1639,Progress billing 5441,1200,Accounts receivable,"13,817.41",,System Administrator,10/20/2025 5:07:36 PM
,,,Progress billing 5441,4030,Revenue:Support,,"11,514.51",,
,,,Progress billing 5441,2100,Sales tax payable,,"2,302.90",,
10/21/2025,Journal Entry,1611,Accrual reversal,2050,Accrued liabilities,"4,645.55",,a.varga,10/21/2025 6:34:02 AM
,,,Accrual reversal,5020,Cost of sales:Freight,,"4,645.55",,
10/21/2025,Expense,1644,Reimbursement 5452,5020,Cost of sales:Freight,447.02,,m.laurent,10/21/2025 11:53:11 AM
,,,Reimbursement 5452,1010,Cash and cash equivalents:Operating account,,447.02,,
10/22/2025,Bill,1621,Supplier invoice 5409,6110,Utilities,"10,105.20",,s.pettersen,10/22/2025 3:52:13 AM
,,,Supplier invoice 5409,2010,Accounts payable,,"10,105.20",,
10/22/2025,Bill,1663,Reimbursement 5492,6400,Travel and entertainment,"1,921.56",,System Administrator,10/22/2025 2:30:07 PM
,,,Reimbursement 5492,2010,Accounts payable,,"1,921.56",,
10/23/2025,Bill,1658,Purchase order 5482,5010,Cost of sales:Materials,"1,373.76-",,System Administrator,10/23/2025 10:50:17 AM
,,,Purchase order 5482,2010,Accounts payable,,"1,373.76-",,
10/23/2025,Payment,1669,Customer payment 5502,1010,Cash and cash equivalents:Operating account,"15,907.84",,m.laurent,10/23/2025 10:30:03 AM
,,,Customer payment 5502,1200,Accounts receivable,,"15,907.84",,
10/24/2025,Invoice,1635,Retainer 5436,1200,Accounts receivable,"13,541.74",,a.varga,10/24/2025 10:29:43 AM
,,,Retainer 5436,4010,Revenue:Product,,"11,284.78",,
,,,Retainer 5436,2100,Sales tax payable,,"2,256.95",,
10/24/2025,Invoice,1651,Invoice 2025-5465,1200,Accounts receivable,"6,009.26",,a.varga,10/24/2025 1:44:01 AM
,,,Invoice 2025-5465,4010,Revenue:Product,,"5,007.72",,
,,,Invoice 2025-5465,2100,Sales tax payable,,"1,001.54",,
10/25/2025,Sales Receipt,1609,Licence renewal 5385,1010,Cash and cash equivalents:Operating account,"2,653.14",,m.laurent,10/25/2025 1:27:10 AM
,,,Licence renewal 5385,4010,Revenue:Product,,"2,210.95",,
,,,Licence renewal 5385,2100,Sales tax payable,,442.19,,
10/26/2025,Invoice,1617,Retainer 5402,1200,Accounts receivable,"11,996.66",,System Administrator,10/26/2025 5:35:03 AM
,,,Retainer 5402,4020,Revenue:Services,,"9,997.22",,
,,,Retainer 5402,2100,Sales tax payable,,"1,999.44",,
10/26/2025,Payment,1630,Customer payment 5427,1010,Cash and cash equivalents:Operating account,"18,954.62",,s.pettersen,10/26/2025 12:30:22 PM
,,,Customer payment 5427,1200,Accounts receivable,,"18,954.62",,
10/26/2025,Credit Memo,1643,Credit note 5450,4090,Sales discounts,"1,830.81",,s.pettersen,10/26/2025 1:37:28 AM
,,,Credit note 5450,1200,Accounts receivable,,"1,830.81",,
10/27/2025,Bill Payment (Check),1620,Payment to supplier 5407,2010,Accounts payable,"12,235.13",,a.varga,10/27/2025 7:51:35 AM
,,,Payment to supplier 5407,1010,Cash and cash equivalents:Operating account,,"12,235.13",,
10/27/2025,Journal Entry,1627,Accrual reversal,2050,Accrued liabilities,"3,193.17",,s.pettersen,10/27/2025 3:00:20 AM
,,,Accrual reversal,5010,Cost of sales:Materials,,"3,193.17",,
10/27/2025,Sales Receipt,1641,Invoice 2025-5445,1010,Cash and cash equivalents:Operating account,"3,154.06",,System Administrator,10/27/2025 9:50:05 PM
,,,Invoice 2025-5445,4010,Revenue:Product,,"2,628.38",,
,,,Invoice 2025-5445,2100,Sales tax payable,,525.68,,
10/28/2025,Invoice,1618,Retainer 5404,1200,Accounts receivable,"10,480.15",,d.okonkwo,10/28/2025 6:47:22 PM
,,,Retainer 5404,4010,Revenue:Product,,"8,733.46",,
,,,Retainer 5404,2100,Sales tax payable,,"1,746.69",,
10/28/2025,Payment,1649,Customer payment 5461,1010,Cash and cash equivalents:Operating account,"6,907.79",,m.laurent,10/28/2025 8:51:31 PM
,,,Customer payment 5461,1200,Accounts receivable,,"6,907.79",,
10/28/2025,Invoice,1664,Invoice 2025-5493,1200,Accounts receivable,"21,067.43-",,m.laurent,10/28/2025 10:58:49 PM
,,,Invoice 2025-5493,4020,Revenue:Services,,"17,556.19-",,
,,,Invoice 2025-5493,2100,Sales tax payable,,"3,511.24-",,
10/29/2025,Bill,1610,Monthly service 5388,6420,Travel and entertainment:Conferences,"8,341.16",,d.okonkwo,10/29/2025 7:56:25 AM
,,,Monthly service 5388,02010,Accounts payable,,"8,341.16",,
10/29/2025,Expense,1628,Supplier invoice 5422,6200,Professional fees,"1,181.96",,m.laurent,10/29/2025 10:52:56 PM
,,,Supplier invoice 5422,1010,Cash and cash equivalents:Operating account,,"1,181.96",,
10/29/2025,Bill,1672,Supplier invoice 5507,6300,Marketing,"1,217.68",,d.okonkwo,10/29/2025 8:29:09 PM
,,,Supplier invoice 5507,2010,Accounts payable,,"1,217.68",,
10/30/2025,Bill,1622,Purchase order 5410,6400,Travel and entertainment,665.51,,d.okonkwo,10/30/2025 10:17:20 PM
,,,Purchase order 5410,2010,Accounts payable,,665.51,,
10/30/2025,Bill,1638,Purchase order 5440,6110,Utilities,"5,215.58",,s.pettersen,10/30/2025 9:21:18 AM
,,,Purchase order 5440,2010,Accounts payable,,"5,215.57",,
10/31/2025,Payment,1657,Customer payment 5479,1010,Cash and cash equivalents:Operating account,"19,776.62",,s.pettersen,10/31/2025 1:10:59 PM
,,,Customer payment 5479,1200,Accounts receivable,,"19,776.62",,
,,,Total for October 2025,,,"542,675.85","542,675.85",,
11/01/2025,Invoice,1676,Progress billing 5515,01200,Accounts receivable,"3,151.02",,a.varga,11/01/2025 9:20:35 PM
,,,Progress billing 5515,4010,Revenue:Product,,"2,625.85",,
,,,Progress billing 5515,2100,Sales tax payable,,525.17,,
11/01/2025,Journal Entry,1696,Revaluation of foreign balances,6900,Foreign exchange gain or loss,"1,064.31",,m.laurent,11/01/2025 1:49:13 PM
,,,Revaluation of foreign balances,1200,Accounts receivable,,"1,064.31",,
11/01/2025,Expense,1732,Monthly service 5626,6200,Professional fees,902.39,,s.pettersen,11/01/2025 3:02:22 AM
,,,Monthly service 5626,1010,Cash and cash equivalents:Operating account,,902.39,,
11/03/2025,Bill Payment (Check),1702,Payment to supplier 5561,2010,Accounts payable,609.58,,System Administrator,11/03/2025 11:32:12 PM
,,,Payment to supplier 5561,1010,Cash and cash equivalents:Operating account,,609.58,,
11/03/2025,Invoice,1709,Retainer 5575,1200,Accounts receivable,"20,103.52",,d.okonkwo,11/03/2025 11:05:42 PM
,,,Retainer 5575,04020,Revenue:Services,,"16,752.93",,
,,,Retainer 5575,2100,Sales tax payable,,"3,350.59",,
11/03/2025,Journal Entry,1722,Accrual reversal,2050,Accrued liabilities,"3,720.76",,m.laurent,11/03/2025 9:36:00 PM
,,,Accrual reversal,5020,Cost of sales:Freight,,"3,720.76",,
11/04/2025,Deposit,1683,Bank deposit 5527,1010,Cash and cash equivalents:Operating account,979.06,,s.pettersen,11/04/2025 6:08:18 PM
,,,Bank deposit 5527,2400,Deferred revenue,,979.06,,
11/04/2025,Expense,1738,Monthly service 5638,6300,Marketing,"1,083.16",,d.okonkwo,11/04/2025 5:41:24 PM
,,,Monthly service 5638,1010,Cash and cash equivalents:Operating account,,"1,083.16",,
11/05/2025,Bill,1684,Reimbursement 5528,6250,Software subscriptions,"3,162.19",,d.okonkwo,11/05/2025 2:18:51 AM
,,,Reimbursement 5528,2010,Accounts payable,,"3,162.19",,
11/05/2025,Bill Payment (Check),1694,Payment to supplier 5549,2010,Accounts payable,"2,734.80",,m.laurent,11/05/2025 9:31:28 AM
,,,Payment to supplier 5549,1010,Cash and cash equivalents:Operating account,,"2,734.80",,
11/05/2025,Payment,1703,Customer payment 5564,1010,Cash and cash equivalents:Operating account,"1,727.22",,System Administrator,11/05/2025 3:57:35 AM
,,,Customer payment 5564,1200,Accounts receivable,,"1,727.22",,
11/05/2025,Bill Payment (Check),1734,Payment to supplier 5630,2010,Accounts payable,"3,160.56",,m.laurent,11/05/2025 1:25:43 PM
,,,Payment to supplier 5630,1010,Cash and cash equivalents:Operating account,,"3,160.56",,
11/05/2025,Bill Payment (Check),1735,Payment to supplier 5632,2010,Accounts payable,"4,292.31",,System Administrator,11/05/2025 2:17:35 AM
,,,Payment to supplier 5632,1010,Cash and cash equivalents:Operating account,,"4,292.31",,
11/07/2025,Bill Payment (Check),1677,Payment to supplier 5516,2010,Accounts payable,"3,464.91",,a.varga,11/07/2025 3:24:29 PM
,,,Payment to supplier 5516,1010,Cash and cash equivalents:Operating account,,"3,464.91",,
11/07/2025,Transfer,1685,Transfer between bank accounts,1020,Cash and cash equivalents:Payroll account,"27,434.70",,m.laurent,11/07/2025 2:37:04 AM
,,,Transfer between bank accounts,1010,Cash and cash equivalents:Operating account,,"27,434.70",,
11/07/2025,Bill,1718,Monthly service 5596,6500,Bank charges,"2,425.07",,s.pettersen,11/07/2025 6:55:37 AM
,,,Monthly service 5596,2010,Accounts payable,,"2,425.07",,
11/07/2025,Bill,1725,Monthly service 5611,6400,Travel and entertainment,"12,480.53",,a.varga,11/07/2025 11:29:36 AM
,,,Monthly service 5611,2010,Accounts payable,,"12,480.53",,
11/08/2025,Bill,1699,Reimbursement 5557,5010,Cost of sales:Materials,"9,515.15",,d.okonkwo,11/08/2025 6:11:43 PM
,,,Reimbursement 5557,2010,Accounts payable,,"9,515.15",,
11/08/2025,Transfer,1713,Transfer between bank accounts,1020,Cash and cash equivalents:Payroll account,"24,600.92",,d.okonkwo,11/08/2025 2:24:29 PM
,,,Transfer between bank accounts,1010,Cash and cash equivalents:Operating account,,"24,600.91",,
11/08/2025,Bill,1726,Monthly service 5613,6100,Rent,"5,349.38",,System Administrator,11/08/2025 3:38:53 PM
,,,Monthly service 5613,2010,Accounts payable,,"5,349.38",,
11/08/2025,Expense,1748,Supplier invoice 5659,6200,Professional fees,888.55,,System Administrator,11/08/2025 4:32:08 AM
,,,Supplier invoice 5659,1010,Cash and cash equivalents:Operating account,,888.55,,
11/09/2025,Payment,1682,Customer payment 5526,1010,Cash and cash equivalents:Operating account,"7,542.94",,s.pettersen,11/09/2025 1:13:51 PM
,,,Customer payment 5526,1200,Accounts receivable,,"7,542.94",,
11/09/2025,Journal Entry,1743,Deferred revenue release,2400,Deferred revenue,884.59,,System Administrator,11/09/2025 6:24:32 PM
,,,Deferred revenue release,4020,Revenue:Services,,884.59,,
11/10/2025,Journal Entry,1675,Deferred revenue release,2400,Deferred revenue,"4,866.11",,d.okonkwo,11/10/2025 7:50:10 PM
,,,Deferred revenue release,4020,Revenue:Services,,"4,866.11",,
11/10/2025,Invoice,1723,Invoice 2025-5606,1200,Accounts receivable,"3,929.75",,d.okonkwo,11/10/2025 3:09:04 PM
,,,Invoice 2025-5606,04030,Revenue:Support,,"3,274.79",,
,,,Invoice 2025-5606,2100,Sales tax payable,,654.96,,
11/11/2025,Expense,1678,Purchase order 5518,6100,Rent,716.24,,s.pettersen,11/11/2025 6:18:07 PM
,,,Purchase order 5518,01010,Cash and cash equivalents:Operating account,,716.24,,
11/11/2025,Invoice,1724,Progress billing 5608,1200,Accounts receivable,"1,903.28",,d.okonkwo,11/11/2025 4:38:20 AM
,,,Progress billing 5608,4020,Revenue:Services,,"1,586.07",,
,,,Progress billing 5608,2100,Sales tax payable,,317.21,,
11/12/2025,Invoice,1739,Retainer 5640,1200,Accounts receivable,"18,037.34",,d.okonkwo,11/12/2025 9:44:09 AM
,,,Retainer 5640,4020,Revenue:Services,,"15,031.12",,
,,,Retainer 5640,02100,Sales tax payable,,"3,006.22",,
11/12/2025,Transfer,1740,Transfer between bank accounts,1020,Cash and cash equivalents:Payroll account,"28,962.47-",,d.okonkwo,11/12/2025 11:03:48 PM
,,,Transfer between bank accounts,1010,Cash and cash equivalents:Operating account,,"28,962.47-",,
11/12/2025,Expense,1749,Reimbursement 5662,6100,Rent,"1,660.09",,a.varga,11/12/2025 10:31:52 PM
,,,Reimbursement 5662,1010,Cash and cash equivalents:Operating account,,"1,660.09",,
11/13/2025,Journal Entry,1727,Reclassification,6250,Software subscriptions,"1,662.27",,m.laurent,11/13/2025 11:22:43 PM
,,,Reclassification,5020,Cost of sales:Freight,,"1,662.27",,
11/14/2025,Bill,1704,Purchase order 5567,6110,Utilities,"7,656.18",,System Administrator,11/14/2025 8:07:28 PM
,,,Purchase order 5567,2010,Accounts payable,,"7,656.18",,
11/14/2025,Invoice,1715,Invoice 2025-5589,1200,Accounts receivable,"3,076.22",,d.okonkwo,11/14/2025 5:30:57 AM
,,,Invoice 2025-5589,4020,Revenue:Services,,"2,563.52",,
,,,Invoice 2025-5589,2100,Sales tax payable,,512.70,,
11/15/2025,Sales Receipt,1714,Invoice 2025-5588,1010,Cash and cash equivalents:Operating account,"1,088.06",,a.varga,11/15/2025 4:05:23 PM
,,,Invoice 2025-5588,4010,Revenue:Product,,906.72,,
,,,Invoice 2025-5588,2100,Sales tax payable,,181.34,,
11/16/2025,Bill,1697,Reimbursement 5554,6100,Rent,"12,425.46",,d.okonkwo,11/16/2025 8:47:53 PM
,,,Reimbursement 5554,2010,Accounts payable,,"12,425.46",,
11/17/2025,Invoice,1721,Retainer 5602,1200,Accounts receivable,"20,985.86",,System Administrator,11/17/2025 4:57:00 PM
,,,Retainer 5602,04010,Revenue:Product,,"17,488.22",,
,,,Retainer 5602,2100,Sales tax payable,,"3,497.64",,
11/17/2025,Expense,1737,Reimbursement 5635,6100,Rent,33.32,,s.pettersen,11/17/2025 8:57:11 PM
,,,Reimbursement 5635,1010,Cash and cash equivalents:Operating account,,33.32,,
11/18/2025,Expense,1688,Supplier invoice 5539,5010,Cost of sales:Materials,"2,061.20",,System Administrator,11/18/2025 6:52:49 PM
,,,Supplier invoice 5539,1010,Cash and cash equivalents:Operating account,,"2,061.20",,
11/19/2025,Invoice,1691,Retainer 5545,1200,Accounts receivable,"21,212.66",,a.varga,11/19/2025 6:27:52 AM
,,,Retainer 5545,4020,Revenue:Services,,"17,677.22",,
,,,Retainer 5545,2100,Sales tax payable,,"3,535.44",,
11/19/2025,Expense,1710,Reimbursement 5578,5010,Cost of sales:Materials,"2,148.96",,m.laurent,11/19/2025 7:05:53 AM
,,,Reimbursement 5578,1010,Cash and cash equivalents:Operating account,,"2,148.96",,
11/19/2025,Credit Memo,1729,Credit note 5621,4090,Sales discounts,"1,430.86",,System Administrator,11/19/2025 7:31:50 PM
,,,Credit note 5621,1200,Accounts receivable,,"1,430.86",,
11/19/2025,Vendor Credit,1742,Supplier credit 5647,2010,Accounts payable,"1,591.61",,m.laurent,11/19/2025 10:47:56 PM
,,,Supplier credit 5647,6300,Marketing,,"1,591.61",,
11/19/2025,Bill Payment (Check),1747,Payment to supplier 5658,2010,Accounts payable,"8,229.30",,d.okonkwo,11/19/2025 6:27:10 AM
,,,Payment to supplier 5658,1010,Cash and cash equivalents:Operating account,,"8,229.30",,
11/20/2025,Transfer,1692,Transfer between bank accounts,1020,Cash and cash equivalents:Payroll account,"44,087.07",,m.laurent,11/20/2025 1:06:17 AM
,,,Transfer between bank accounts,1010,Cash and cash equivalents:Operating account,,"44,087.07",,
11/20/2025,Invoice,1693,Retainer 5548,1200,Accounts receivable,"6,345.41",,a.varga,11/20/2025 12:22:14 AM
,,,Retainer 5548,4020,Revenue:Services,,"5,287.84",,
,,,Retainer 5548,2100,Sales tax payable,,"1,057.57",,
11/20/2025,Bill,1712,Reimbursement 5584,6500,Bank charges,"1,810.05",,a.varga,11/20/2025 8:52:27 AM
,,,Reimbursement 5584,2010,Accounts payable,,"1,810.05",,
11/21/2025,Bill,1680,Monthly service 5523,6100,Rent,"3,324.82",,System Administrator,11/21/2025 6:04:52 PM
,,,Monthly service 5523,2010,Accounts payable,,"3,324.82",,
11/21/2025,Expense,1700,Purchase order 5558,6100,Rent,100.06,,d.okonkwo,11/21/2025 12:52:40 PM
,,,Purchase order 5558,1010,Cash and cash equivalents:Operating account,,100.06,,
11/22/2025,Payment,1686,Customer payment 5534,1010,Cash and cash equivalents:Operating account,"11,753.15",,s.pettersen,11/22/2025 5:25:17 PM
,,,Customer payment 5534,01200,Accounts receivable,,"11,753.15",,
11/22/2025,Journal Entry,1720,Accrual reversal,2050,Accrued liabilities,"3,161.20",,d.okonkwo,11/22/2025 4:19:18 AM
,,,Accrual reversal,6250,Software subscriptions,,"3,161.20",,
11/22/2025,Sales Receipt,1731,Progress billing 5624,1010,Cash and cash equivalents:Operating account,316.88,,System Administrator,11/22/2025 2:32:13 PM
,,,Progress billing 5624,4010,Revenue:Product,,264.07,,
,,,Progress billing 5624,2100,Sales tax payable,,52.81,,
11/23/2025,Sales Receipt,1705,Invoice 2025-5568,1010,Cash and cash equivalents:Operating account,"1,922.98",,m.laurent,11/23/2025 2:10:31 AM
,,,Invoice 2025-5568,4010,Revenue:Product,,"1,602.48",,
,,,Invoice 2025-5568,2100,Sales tax payable,,320.50,,
11/23/2025,Invoice,1706,Invoice 2025-5569,1200,Accounts receivable,"18,671.05",,s.pettersen,11/23/2025 9:35:28 AM
,,,Invoice 2025-5569,4020,Revenue:Services,,"15,559.21",,
,,,Invoice 2025-5569,02100,Sales tax payable,,"3,111.84",,
11/23/2025,Payment,1717,Customer payment 5594,1010,Cash and cash equivalents:Operating account,"17,939.56-",,m.laurent,11/23/2025 8:07:37 AM
,,,Customer payment 5594,01200,Accounts receivable,,"17,939.56-",,
11/23/2025,Expense,1736,Monthly service 5634,6400,Travel and entertainment,129.49,,a.varga,11/23/2025 9:47:23 AM
,,,Monthly service 5634,1010,Cash and cash equivalents:Operating account,,129.49,,
11/24/2025,Bill,1701,Monthly service 5559,6200,Professional fees,"3,659.37",,a.varga,11/24/2025 12:59:50 PM
,,,Monthly service 5559,2010,Accounts payable,,"3,659.36",,
11/25/2025,Bill Payment (Check),1681,Payment to supplier 5524,2010,Accounts payable,"11,470.98",,System Administrator,11/25/2025 3:28:29 AM
,,,Payment to supplier 5524,1010,Cash and cash equivalents:Operating account,,"11,470.97",,
11/25/2025,Invoice,1689,Licence renewal 5542,1200,Accounts receivable,"16,057.09",,a.varga,11/25/2025 1:45:27 PM
,,,Licence renewal 5542,4030,Revenue:Support,,"13,380.91",,
,,,Licence renewal 5542,2100,Sales tax payable,,"2,676.18",,
11/25/2025,Journal Entry,1716,Reclassification,6110,Utilities,"5,691.95",,System Administrator,11/25/2025 5:37:35 AM
,,,Reclassification,5020,Cost of sales:Freight,,"5,691.95",,
11/26/2025,Bill Payment (Check),1695,Payment to supplier 5550,2010,Accounts payable,"9,474.36",,d.okonkwo,11/26/2025 9:47:20 PM
,,,Payment to supplier 5550,1010,Cash and cash equivalents:Operating account,,"9,474.36",,
11/27/2025,Payment,1708,Customer payment 5574,1010,Cash and cash equivalents:Operating account,"7,083.59",,s.pettersen,11/27/2025 10:22:31 AM
,,,Customer payment 5574,1200,Accounts receivable,,"7,083.59",,
11/27/2025,Payment,1730,Customer payment 5623,1010,Cash and cash equivalents:Operating account,"6,713.85",,d.okonkwo,11/27/2025 4:52:03 PM
,,,Customer payment 5623,01200,Accounts receivable,,"6,713.85",,
11/27/2025,Vendor Credit,1746,Supplier credit 5655,02010,Accounts payable,"1,143.57",,d.okonkwo,11/27/2025 6:30:23 PM
,,,Supplier credit 5655,6200,Professional fees,,"1,143.57",,
11/28/2025,Expense,1679,Monthly service 5521,6400,Travel and entertainment,"2,059.54",,d.okonkwo,11/28/2025 7:17:25 PM
,,,Monthly service 5521,1010,Cash and cash equivalents:Operating account,,"2,059.54",,
11/28/2025,Vendor Credit,1728,Supplier credit 5619,02010,Accounts payable,"1,298.03",,m.laurent,11/28/2025 11:33:44 PM
,,,Supplier credit 5619,06110,Utilities,,"1,298.03",,
11/29/2025,Journal Entry,1719,Reclassification,5020,Cost of sales:Freight,"5,141.61",,d.okonkwo,11/29/2025 6:32:41 AM
,,,Reclassification,6300,Marketing,,"5,141.61",,
11/29/2025,Bill Payment (Check),1741,Payment to supplier 5645,2010,Accounts payable,"9,862.96",,s.pettersen,11/29/2025 12:24:04 PM
,,,Payment to supplier 5645,1010,Cash and cash equivalents:Operating account,,"9,862.96",,
11/30/2025,Expense,1687,Reimbursement 5536,5020,Cost of sales:Freight,907.31,,m.laurent,11/30/2025 12:29:41 PM
,,,Reimbursement 5536,1010,Cash and cash equivalents:Operating account,,907.31,,
11/30/2025,Deposit,1690,Bank deposit 5543,01010,Cash and cash equivalents:Operating account,"6,917.20",,d.okonkwo,11/30/2025 12:24:55 AM
,,,Bank deposit 5543,2400,Deferred revenue,,"6,917.20",,
11/30/2025,Invoice,1698,Progress billing 5555,1200,Accounts receivable,"9,916.84",,s.pettersen,11/30/2025 3:45:23 AM
,,,Progress billing 5555,4020,Revenue:Services,,"8,264.03",,
,,,Progress billing 5555,02100,Sales tax payable,,"1,652.81",,
11/30/2025,Bill Payment (Check),1707,Payment to supplier 5572,2010,Accounts payable,"3,661.55",,m.laurent,11/30/2025 3:20:21 AM
,,,Payment to supplier 5572,1010,Cash and cash equivalents:Operating account,,"3,661.55",,
11/30/2025,Bill,1711,Supplier invoice 5581,6110,Utilities,309.79,,d.okonkwo,11/30/2025 2:45:44 PM
,,,Supplier invoice 5581,2010,Accounts payable,,309.79,,
11/30/2025,Invoice,1733,Invoice 2025-5628,01200,Accounts receivable,"18,279.96",,a.varga,11/30/2025 4:34:55 PM
,,,Invoice 2025-5628,4010,Revenue:Product,,"15,233.30",,
,,,Invoice 2025-5628,2100,Sales tax payable,,"3,046.66",,
11/30/2025,Expense,1744,Supplier invoice 5651,6110,Utilities,"1,751.95",,m.laurent,11/30/2025 5:20:15 PM
,,,Supplier invoice 5651,1010,Cash and cash equivalents:Operating account,,"1,751.95",,
11/30/2025,Bill Payment (Check),1745,Payment to supplier 5653,2010,Accounts payable,388.62,,System Administrator,11/30/2025 10:45:43 PM
,,,Payment to supplier 5653,1010,Cash and cash equivalents:Operating account,,388.62,,
,,,Total for November 2025,,,"422,502.64","422,502.64",,
12/01/2025,Bill,1769,Supplier invoice 5701,5010,Cost of sales:Materials,"1,463.06",,a.varga,12/01/2025 2:16:36 AM
,,,Supplier invoice 5701,2010,Accounts payable,,"1,463.06",,
12/01/2025,Sales Receipt,1789,Invoice 2025-5730,1010,Cash and cash equivalents:Operating account,"2,396.60",,a.varga,12/01/2025 10:35:27 PM
,,,Invoice 2025-5730,4010,Revenue:Product,,"1,997.17",,
,,,Invoice 2025-5730,2100,Sales tax payable,,399.43,,
12/01/2025,Expense,1806,Reimbursement 5760,6200,Professional fees,"1,093.63",,s.pettersen,12/01/2025 12:20:07 PM
,,,Reimbursement 5760,1010,Cash and cash equivalents:Operating account,,"1,093.63",,
12/02/2025,Deposit,1773,Bank deposit 5706,1010,Cash and cash equivalents:Operating account,"3,506.53",,m.laurent,12/02/2025 8:19:34 PM
,,,Bank deposit 5706,2400,Deferred revenue,,"3,506.53",,
12/03/2025,Bill,1761,Purchase order 5688,5010,Cost of sales:Materials,"8,416.65",,d.okonkwo,12/03/2025 5:23:06 PM
,,,Purchase order 5688,2010,Accounts payable,,"8,416.65",,
12/03/2025,Sales Receipt,1762,Invoice 2025-5689,1010,Cash and cash equivalents:Operating account,"2,662.43",,m.laurent,12/03/2025 5:04:42 AM
,,,Invoice 2025-5689,4010,Revenue:Product,,"2,218.69",,
,,,Invoice 2025-5689,2100,Sales tax payable,,443.74,,
12/03/2025,Deposit,1812,Bank deposit 5772,1010,Cash and cash equivalents:Operating account,"1,233.59",,d.okonkwo,12/03/2025 2:28:47 PM
,,,Bank deposit 5772,2400,Deferred revenue,,"1,233.59",,
12/03/2025,Bill Payment (Check),1815,Payment to supplier 5777,02010,Accounts payable,"8,232.96",,System Administrator,12/03/2025 10:34:18 AM
,,,Payment to supplier 5777,1010,Cash and cash equivalents:Operating account,,"8,232.96",,
12/03/2025,Invoice,1818,Retainer 5781,1200,Accounts receivable,"11,626.42",,m.laurent,12/03/2025 9:15:03 AM
,,,Retainer 5781,4020,Revenue:Services,,"9,688.68",,
,,,Retainer 5781,2100,Sales tax payable,,"1,937.74",,
12/04/2025,Transfer,1754,Transfer between bank accounts,1020,Cash and cash equivalents:Payroll account,"21,255.44",,m.laurent,12/04/2025 4:26:06 PM
,,,Transfer between bank accounts,1010,Cash and cash equivalents:Operating account,,"21,255.44",,
12/04/2025,Invoice,1771,Progress billing 5703,1200,Accounts receivable,"15,705.26",,d.okonkwo,12/04/2025 6:35:11 PM
,,,Progress billing 5703,4010,Revenue:Product,,"13,087.72",,
,,,Progress billing 5703,2100,Sales tax payable,,"2,617.54",,
12/04/2025,Payment,1775,Customer payment 5709,1010,Cash and cash equivalents:Operating account,"13,359.37",,d.okonkwo,12/04/2025 3:29:21 AM
,,,Customer payment 5709,1200,Accounts receivable,,"13,359.36",,
12/04/2025,Invoice,1791,Retainer 5732,1200,Accounts receivable,"17,867.21",,System Administrator,12/04/2025 5:15:56 PM
,,,Retainer 5732,4010,Revenue:Product,,"14,889.34",,
,,,Retainer 5732,2100,Sales tax payable,,"2,977.87",,
12/04/2025,Bill Payment (Check),1793,Payment to supplier 5736,2010,Accounts payable,"5,251.05",,d.okonkwo,12/04/2025 5:27:05 AM
,,,Payment to supplier 5736,1010,Cash and cash equivalents:Operating account,,"5,251.05",,
12/06/2025,Expense,1753,Reimbursement 5671,6400,Travel and entertainment,"2,388.13",,System Administrator,12/06/2025 9:01:07 PM
,,,Reimbursement 5671,1010,Cash and cash equivalents:Operating account,,"2,388.13",,
12/06/2025,Invoice,1759,Invoice 2025-5685,01200,Accounts receivable,"14,785.80",,s.pettersen,12/06/2025 4:44:53 AM
,,,Invoice 2025-5685,4010,Revenue:Product,,"12,321.50",,
,,,Invoice 2025-5685,2100,Sales tax payable,,"2,464.30",,
12/06/2025,Bill,1813,Purchase order 5774,6400,Travel and entertainment,"4,122.04",,m.laurent,12/06/2025 2:43:31 PM
,,,Purchase order 5774,2010,Accounts payable,,"4,122.04",,
12/07/2025,Bill Payment (Check),1760,Payment to supplier 5686,2010,Accounts payable,"10,231.85",,d.okonkwo,12/07/2025 5:00:14 AM
,,,Payment to supplier 5686,1010,Cash and cash equivalents:Operating account,,"10,231.85",,
12/07/2025,Payment,1777,Customer payment 5711,1010,Cash and cash equivalents:Operating account,"16,637.86",,s.pettersen,12/07/2025 3:10:30 PM
,,,Customer payment 5711,1200,Accounts receivable,,"16,637.86",,
12/07/2025,Journal Entry,1799,Depreciation for the period,6600,Depreciation,"1,348.37",449.46,System Administrator,12/07/2025 2:17:08 PM
,,,Depreciation for the period,1790,Accumulated depreciation,,"1,348.37",,
12/08/2025,Invoice,1780,Progress billing 5716,1200,Accounts receivable,"2,227.12",,d.okonkwo,12/08/2025 12:46:53 AM
,,,Progress billing 5716,4030,Revenue:Support,,"1,855.93",,
,,,Progress billing 5716,2100,Sales tax payable,,371.19,,
12/08/2025,Journal Entry,1817,Depreciation for the period,6600,Depreciation,"2,443.09",,d.okonkwo,12/08/2025 5:42:47 AM
,,,Depreciation for the period,01790,Accumulated depreciation,,"2,443.09",,
12/08/2025,Journal Entry,1821,Payroll journal,6010,Salaries and wages,"54,781.28",,a.varga,12/08/2025 3:13:34 AM
,,,Payroll journal,6020,Employee benefits,"4,930.32",,,
,,,Payroll journal,2150,Payroll liabilities:Withholding,,"13,147.51",,
,,,Payroll journal,2160,Payroll liabilities:Pension,,"2,739.06",,
,,,Payroll journal,1020,Cash and cash equivalents:Payroll account,,"43,825.03",,
12/09/2025,Invoice,1790,Invoice 2025-5731,1200,Accounts receivable,"7,614.84",,s.pettersen,12/09/2025 1:56:36 PM
,,,Invoice 2025-5731,4010,Revenue:Product,,"6,345.70",,
,,,Invoice 2025-5731,2100,Sales tax payable,,"1,269.14",,
12/09/2025,Credit Memo,1796,Credit note 5740,4090,Sales discounts,523.77,,s.pettersen,12/09/2025 7:27:52 PM
,,,Credit note 5740,1200,Accounts receivable,,523.76,,
12/10/2025,Invoice,1758,Progress billing 5682,1200,Accounts receivable,"2,898.19",,a.varga,12/10/2025 3:47:27 PM
,,,Progress billing 5682,4020,Revenue:Services,,"2,415.16",,
,,,Progress billing 5682,2100,Sales tax payable,,483.03,,
12/10/2025,Invoice,1805,Progress billing 5758,01200,Accounts receivable,"7,533.72",,a.varga,12/10/2025 3:38:05 PM
,,,Progress billing 5758,4010,Revenue:Product,,"6,278.10",,
,,,Progress billing 5758,2100,Sales tax payable,,"1,255.62",,
12/10/2025,Credit Memo,1808,Credit note 5763,4090,Sales discounts,502.55,,System Administrator,12/10/2025 9:21:45 AM
,,,Credit note 5763,01200,Accounts receivable,,502.55,,
12/11/2025,Invoice,1776,Invoice 2025-5710,1200,Accounts receivable,"11,636.77-",,s.pettersen,12/11/2025 6:16:23 PM
,,,Invoice 2025-5710,4010,Revenue:Product,,"9,697.31-",,
,,,Invoice 2025-5710,02100,Sales tax payable,,"1,939.46-",,
12/11/2025,Bill,1804,Reimbursement 5757,6400,Travel and entertainment,"5,472.26",,a.varga,12/11/2025 12:06:27 PM
,,,Reimbursement 5757,2010,Accounts payable,,"5,472.26",,
12/12/2025,Journal Entry,1763,Payroll journal,6010,Salaries and wages,"53,077.40",,d.okonkwo,12/12/2025 6:30:34 AM
,,,Payroll journal,6020,Employee benefits,"4,776.97",,,
,,,Payroll journal,02150,Payroll liabilities:Withholding,,"12,738.58",,
,,,Payroll journal,2160,Payroll liabilities:Pension,,"2,653.87",,
,,,Payroll journal,1020,Cash and cash equivalents:Payroll account,,"42,461.92",,
12/12/2025,Invoice,1788,Invoice 2025-5729,1200,Accounts receivable,"3,614.40",,a.varga,12/12/2025 5:03:05 AM
,,,Invoice 2025-5729,4010,Revenue:Product,,"3,012.00",,
,,,Invoice 2025-5729,2100,Sales tax payable,,602.40,,
12/12/2025,Bill,1800,Reimbursement 5750,6110,Utilities,"11,827.97",,System Administrator,12/12/2025 1:07:27 PM
,,,Reimbursement 5750,2010,Accounts payable,,"11,827.97",,
12/13/2025,Invoice,1782,Invoice 2025-5721,1200,Accounts receivable,"3,591.97",,d.okonkwo,12/13/2025 2:42:44 AM
,,,Invoice 2025-5721,04010,Revenue:Product,,"2,993.31",,
,,,Invoice 2025-5721,2100,Sales tax payable,,598.66,,
12/13/2025,Invoice,1783,Progress billing 5724,1200,Accounts receivable,"15,828.53",,System Administrator,12/13/2025 7:39:08 AM
,,,Progress billing 5724,04010,Revenue:Product,,"13,190.44",,
,,,Progress billing 5724,2100,Sales tax payable,,"2,638.09",,
12/14/2025,Bill,1786,Monthly service 5727,6110,Utilities,"8,479.04",,s.pettersen,12/14/2025 11:00:48 PM
,,,Monthly service 5727,2010,Accounts payable,,"8,479.04",,
12/14/2025,Bill Payment (Check),1820,Payment to supplier 5786,2010,Accounts payable,"8,641.74",,m.laurent,12/14/2025 11:19:46 PM
,,,Payment to supplier 5786,1010,Cash and cash equivalents:Operating account,,"8,641.74",,
12/15/2025,Bill Payment (Check),1778,Payment to supplier 5712,2010,Accounts payable,"9,450.69",,d.okonkwo,12/15/2025 7:01:29 AM
,,,Payment to supplier 5712,1010,Cash and cash equivalents:Operating account,,"9,450.69",,
12/15/2025,Invoice,1801,Retainer 5752,1200,Accounts receivable,"21,745.76",,System Administrator,12/15/2025 4:00:19 PM
,,,Retainer 5752,4020,Revenue:Services,,"18,121.47",,
,,,Retainer 5752,2100,Sales tax payable,,"3,624.29",,
12/16/2025,Bill Payment (Check),1774,Payment to supplier 5708,2010,Accounts payable,"8,406.23",,a.varga,12/16/2025 3:39:11 PM
,,,Payment to supplier 5708,1010,Cash and cash equivalents:Operating account,,"8,406.23",,
12/16/2025,Expense,1803,Purchase order 5756,5020,Cost of sales:Freight,"1,047.30",,System Administrator,12/16/2025 11:01:00 AM
,,,Purchase order 5756,1010,Cash and cash equivalents:Operating account,,"1,047.30",,
12/17/2025,Bill,1785,Reimbursement 5726,6110,Utilities,"4,017.17",,d.okonkwo,12/17/2025 12:20:11 PM
,,,Reimbursement 5726,2010,Accounts payable,,"4,017.17",,
12/18/2025,Bill,1768,Supplier invoice 5700,6100,Rent,"6,160.11",,s.pettersen,12/18/2025 9:48:19 PM
,,,Supplier invoice 5700,2010,Accounts payable,,"6,160.11",,
12/18/2025,Invoice,1810,Invoice 2025-5768,1200,Accounts receivable,"14,290.46",,s.pettersen,12/18/2025 1:16:28 PM
,,,Invoice 2025-5768,4020,Revenue:Services,,"11,908.72",,
,,,Invoice 2025-5768,2100,Sales tax payable,,"2,381.74",,
12/19/2025,Invoice,1770,Retainer 5702,1200,Accounts receivable,"21,726.28",,d.okonkwo,12/19/2025 11:07:47 AM
,,,Retainer 5702,4010,Revenue:Product,,"18,105.23",,
,,,Retainer 5702,2100,Sales tax payable,,"3,621.05",,
12/19/2025,Bill,1814,Purchase order 5775,6110,Utilities,"12,289.32",,a.varga,12/19/2025 2:29:46 AM
,,,Purchase order 5775,2010,Accounts payable,,"12,289.32",,
12/20/2025,Bill Payment (Check),1781,Payment to supplier 5718,2010,Accounts payable,"1,494.64-",,s.pettersen,12/20/2025 1:14:53 PM
,,,Payment to supplier 5718,1010,Cash and cash equivalents:Operating account,,"1,494.64-",,
12/20/2025,Expense,1784,Supplier invoice 5725,6100,Rent,316.84,,s.pettersen,12/20/2025 2:30:54 PM
,,,Supplier invoice 5725,1010,Cash and cash equivalents:Operating account,,316.84,,
12/20/2025,Invoice,1798,Progress billing 5744,1200,Accounts receivable,"11,200.75",,System Administrator,12/20/2025 2:50:43 AM
,,,Progress billing 5744,4010,Revenue:Product,,"9,333.96",,
,,,Progress billing 5744,2100,Sales tax payable,,"1,866.79",,
12/20/2025,Payment,1807,Customer payment 5762,1010,Cash and cash equivalents:Operating account,"9,468.82",,d.okonkwo,12/20/2025 6:13:03 AM
,,,Customer payment 5762,1200,Accounts receivable,,"9,468.82",,
12/21/2025,Payment,1802,Customer payment 5755,1010,Cash and cash equivalents:Operating account,"6,541.34",,s.pettersen,12/21/2025 6:33:56 PM
,,,Customer payment 5755,1200,Accounts receivable,,"6,541.34",,
12/21/2025,Bill Payment (Check),1811,Payment to supplier 5771,2010,Accounts payable,"11,588.85",,System Administrator,12/21/2025 2:05:29 PM
,,,Payment to supplier 5771,1010,Cash and cash equivalents:Operating account,,"11,588.85",,
12/22/2025,Bill,1750,Supplier invoice 5665,06200,Professional fees,"4,390.22",,System Administrator,12/22/2025 8:43:36 AM
,,,Supplier invoice 5665,2010,Accounts payable,,"4,390.22",,
12/22/2025,Sales Receipt,1766,Licence renewal 5695,1010,Cash and cash equivalents:Operating account,548.58,,s.pettersen,12/22/2025 2:59:48 AM
,,,Licence renewal 5695,4010,Revenue:Product,,457.15,,
,,,Licence renewal 5695,2100,Sales tax payable,,91.43,,
12/22/2025,Vendor Credit,1809,Supplier credit 5765,2010,Accounts payable,"1,648.22",,d.okonkwo,12/22/2025 10:27:02 PM
,,,Supplier credit 5765,6100,Rent,,"1,648.22",,
12/23/2025,Payment,1772,Customer payment 5705,1010,Cash and cash equivalents:Operating account,"9,067.08",,System Administrator,12/23/2025 12:23:43 AM
,,,Customer payment 5705,1200,Accounts receivable,,"9,067.08",,
12/23/2025,Sales Receipt,1797,Retainer 5742,1010,Cash and cash equivalents:Operating account,"3,281.54",,a.varga,12/23/2025 2:15:40 PM
,,,Retainer 5742,4010,Revenue:Product,,"2,734.62",,
,,,Retainer 5742,2100,Sales tax payable,,546.92,,
12/23/2025,Invoice,1819,Retainer 5783,1200,Accounts receivable,"1,895.24",,s.pettersen,12/23/2025 1:53:03 AM
,,,Retainer 5783,4010,Revenue:Product,,"1,579.37",,
,,,Retainer 5783,2100,Sales tax payable,,315.87,,
12/24/2025,Expense,1755,Monthly service 5674,6110,Utilities,"1,269.02",,System Administrator,12/24/2025 2:04:39 AM
,,,Monthly service 5674,1010,Cash and cash equivalents:Operating account,,"1,269.01",,
12/24/2025,Bill,1794,Supplier invoice 5738,6300,Marketing,"1,561.21",,s.pettersen,12/24/2025 12:02:59 PM
,,,Supplier invoice 5738,2010,Accounts payable,,"1,561.21",,
12/25/2025,Bill Payment (Check),1764,Payment to supplier 5692,2010,Accounts payable,"11,087.95",,a.varga,12/25/2025 8:16:12 AM
,,,Payment to supplier 5692,1010,Cash and cash equivalents:Operating account,,"11,087.95",,
12/26/2025,Payment,1767,Customer payment 5697,1010,Cash and cash equivalents:Operating account,"12,156.78",,s.pettersen,12/26/2025 12:14:23 PM
,,,Customer payment 5697,1200,Accounts receivable,,"12,156.78",,
12/27/2025,Expense,1795,Monthly service 5739,6500,Bank charges,"1,392.18",,a.varga,12/27/2025 3:50:46 AM
,,,Monthly service 5739,1010,Cash and cash equivalents:Operating account,,"1,392.18",,
12/27/2025,Expense,1816,Reimbursement 5778,6300,Marketing,266.05,,d.okonkwo,12/27/2025 12:06:47 PM
,,,Reimbursement 5778,1010,Cash and cash equivalents:Operating account,,266.05,,
12/28/2025,Journal Entry,1787,Revaluation of foreign balances,6900,Foreign exchange gain or loss,"1,589.71",,System Administrator,12/28/2025 1:48:29 PM
,,,Revaluation of foreign balances,1200,Accounts receivable,,"1,589.71",,
12/29/2025,Journal Entry,1752,Accrual reversal,2050,Accrued liabilities,"1,584.66",,s.pettersen,12/29/2025 5:00:24 AM
,,,Accrual reversal,6110,Utilities,,"1,584.66",,
12/29/2025,Payment,1756,Customer payment 5677,1010,Cash and cash equivalents:Operating account,"6,638.09",,d.okonkwo,12/29/2025 11:41:05 PM
,,,Customer payment 5677,1200,Accounts receivable,,"6,638.09",,
12/29/2025,Sales Receipt,1792,Retainer 5735,1010,Cash and cash equivalents:Operating account,"1,780.25",,m.laurent,12/29/2025 1:25:41 PM
,,,Retainer 5735,4010,Revenue:Product,,"1,483.54",,
,,,Retainer 5735,2100,Sales tax payable,,296.71,,
12/30/2025,Bill,1751,Purchase order 5666,6100,Rent,"11,337.59",,m.laurent,12/30/2025 10:47:13 PM
,,,Purchase order 5666,2010,Accounts payable,,"11,337.59",,
12/30/2025,Payment,1779,Customer payment 5715,01010,Cash and cash equivalents:Operating account,"18,490.92-",,d.okonkwo,12/30/2025 5:41:25 AM
,,,Customer payment 5715,1200,Accounts receivable,,"18,490.92-",,
12/31/2025,Invoice,1757,Licence renewal 5680,1200,Accounts receivable,"5,331.86",,System Administrator,12/31/2025 1:05:20 PM
,,,Licence renewal 5680,4010,Revenue:Product,,"4,443.22",,
,,,Licence renewal 5680,2100,Sales tax payable,,888.64,,
12/31/2025,Payment,1765,Customer payment 5693,1010,Cash and cash equivalents:Operating account,"18,458.40",,m.laurent,12/31/2025 3:40:37 PM
,,,Customer payment 5693,1200,Accounts receivable,,"18,458.40",,
,,,Total for December 2025,,,"564,261.63","564,261.63",,
,,,TOTAL,,,"5,688,871.26","5,688,871.26",,
