Prop,Property,Property Address,Unit,SqFt,Beds,Baths,Status,Resident,Email,Lease From,Lease To,Market Rent,Rent
GRN,Greenfield Commons,1400 Greenfield Road,A101,689,1,1,Occupied,"Villanueva, Nadim",nadim.villanueva@mail.example.net,2025-11-08,2026-09-01,"1,565.00","$1,565.00"
GRN,GREENFIELD COMMONS,1400 Greenfield Rd,A102,710,1,1,Vacant-Ready,,,,,"$1,535.00",
GRN,Greenfield Commons,1400 Greenfield Rd,A103,"1,039",2,1,MTM,"Sorokin, Tamsin",tamsin.sorokin@example.com,2024-09-24,2025-05-05,"1,875.00","1,850.00"
GRN,Greenfield Commons,1400 Greenfield Road,A104,"1,266",3,2,Occupied,"Jelinek, Amara",amara.jelinek@example.com,2025-10-06,2026-05-30,"2,435.00","2,375.00"
GRN,Greenfield Commons,1400 Greenfield Rd,A105,772,1,1,Occupied,"Tavares, Wilhelmina",wilhelmina.tavares@example.com,2026-06-28,2027-04-14,"$1,655.00","1,615.00"
GRN,Greenfield Commons,1400 Greenfield Rd,A106,966,2,1,Occupied,"Ubaldi, Amara",amara.ubaldi@example.org,2025-04-19,2025-12-27,"$2,025.00","$1,965.00"
GRN,Greenfield Commons,1400 Greenfield Rd,A107,"1,011",2,1.5,Occ,"Kowalczyk, Nadim",nadim.kowalczyk@example.com,2024-09-10,,"$2,065.00","$2,025.00"
GRN,Greenfield Commons,1400 Greenfield Rd,A107,"1,011",2,1.5,Occupied,"Calderon, Yannick",yannick.calderon@example.com,2024-11-24,2025-06-22,"2,065.00","$2,050.00"
GRN,Greenfield Commons,1400 Greenfield Rd,A108,"1,291",3,2,Occupied,"Mwangi, Aurelio",aurelio.mwangi@example.com,2024-03-04,2025-01-30,"$2,450.00","$2,400.00"
GRN,Greenfield Commons,1400 Greenfield Rd,A109,723,1,1,Vacant,,,,,"1,535.00",
GRN,Greenfield Commons,1400 Greenfield Rd,A110,"1,290",3,2,Vacant,,,,,"2,325.00",
GRN,Greenfield Commons,1400 Greenfield Rd,A111,735,1,1,Occupied,"Yoshida, Tamsin",tamsin.yoshida@mail.example.net,2026-03-13,2027-04-11,"1,610.00","$1,600.00"
GRN,Greenfield Commons,1400 Greenfield Rd,A112,"1,049",2,2,Occupied,"Dupont, Zora",zora.dupont@example.com,2024-08-02,2025-02-27,"1,820.00","$1,790.00"
GRN,Greenfield Commons,1400 Greenfield Rd,A113,991,2,2,Occupied,"Pemberton, Valentina",valentina.pemberton@example.com,2026-03-01,2027-03-15,"1,895.00","$1,870.00"
GRN,Greenfield Commons,1400 Greenfield Rd,A114,448,0,1,Occupied,"Wexler, Greta",greta.wexler@mail.example.net,2026-03-19,2027-01-21,"$1,150.00","1,130.00"
GRN,Greenfield Commons,1400 Greenfield Rd,A115,"1,037",2,2,NTV,"Oyelaran, Ulrich",ulrich.oyelaran@example.com,2026-03-26,2027-04-05,"$1,865.00","1,855.00"
GRN,Greenfield Commons,1400 Greenfield Rd,A116,983,2,1.5,Occupied,"Beaumont, Elke",elke.beaumont@example.com,2026-02-17,2027-02-21,"$1,840.00","$1,810.00"
GRN,Greenfield Commons Apartments,1400 Greenfield Rd,A117,"1,039",2,2,NTV,"Eriksen, Ferran",ferran.eriksen@example.org,2024-12-17,2025-06-26,"$1,825.00","$1,770.00"
GRN,Greenfield Commons,1400 Greenfield Rd,A118,970,2,1.5,MTM,"Ashworth, Valentina",valentina.ashworth@example.com,2026-04-02,2027-03-31,"1,930.00","$1,905.00"
GRN,Greenfield Commons,1400 Greenfield Road,A119,758,1,1,Notice,"Cisneros, Aurelio",aurelio.cisneros@example.com,2025-02-24,2025-09-02,"$1,660.00","$1,640.00"
GRN,Greenfield Commons,1400 Greenfield Rd,A120,955,2,1.5,MTM,"Ferrante, Marisol",marisol.ferrante@example.com,06/2026,2027-04-13,"$2,070.00","$2,010.00"
GRN,Greenfield Commons,1400 Greenfield Rd,A121,"1,051",2,2,Occupied,"Villanueva, Nadim",nadim.villanueva@example.com,2026-02-14,2026-12-07,"2,040.00","2,035.00"
GRN,Greenfield Commons,1400 Greenfield Rd,A122,530,0,1,Occupied,"Beaumont, Valentina",valentina.beaumont@example.com,2024-08-21,2025-09-16,"$1,140.00","1,100.00"
GRN,Greenfield Commons,1400 Greenfield Rd,A122,530,0,1,Occupied,"Radulescu, Quentin",quentin.radulescu@mail.example.net,2024-08-21,2025-09-16,"$1,140.00","1,100.00"
GRN,GREENFIELD COMMONS,1400 Greenfield Rd,A123,"1,024",2,2,MTM,"Mwangi, Hamza",hamza.mwangi@example.com,2025-04-13,2026-01-01,"1,975.00","$1,920.00"
GRN,Greenfield Commons,1400 Greenfield Rd,A123,"1,024",2,2,MTM,"Ubaldi, Hamza",hamza.ubaldi@mail.example.net,2025-04-13,2026-01-01,"1,975.00","$1,920.00"
GRN,Greenfield Commons Apartments,1400 Greenfield Rd,A124,"1,077",2,1,Occupied,"Tavares, Elke",elke.tavares@example.org,2026-02-09,2026-09-04,"$2,005.00","$1,975.00"
GRN,Greenfield Commons,1400 Greenfield Rd,A124,"1,077",2,1,Occupied,"Dupont, Soren",soren.dupont@example.org,2026-02-09,2026-09-04,"$2,005.00","1,975.00"
GRN,Greenfield Commons,1400 Greenfield Road,A125,810,1,1,Occ,"Beaumont, Katrien",katrien.beaumont@example.com,2026-03-23,2026-10-02,"1,440.00","$1,440.00"
GRN,Greenfield Commons,1400 Greenfield Rd,A125,810,1,1,Occ,"Beaumont, Ilse",ilse.beaumont@example.com,2026-03-23,2026-10-02,"$1,440.00","$1,440.00"
GRN,Greenfield Commons,1400 Greenfield Rd,A126,457,0,1,Occupied,"Nakamura, Marisol",marisol.nakamura@example.com,2024-07-29,2025-05-10,985.00,980.00
GRN,Greenfield Commons,1400 Greenfield Rd,A127,"1,022",2,1,MTM,"Quintero, Katrien",katrien.quintero@mail.example.net,04/2024,,"2,060.00","$2,030.00"
GRN,Greenfield Commons,1400 Greenfield Rd,A128,755,1,1,Occ,"Mwangi, Marisol",marisol.mwangi@example.org,2024-06-05,2025-04-02,"1,420.00","1,375.00"
GRN,Greenfield Commons,1400 Greenfield Rd,A129,764,1,1,Occupied,"Wexler, Joaquin",joaquin.wexler@example.com,2025-05-02,2026-03-31,"$1,515.00","$1,465.00"
GRN,Greenfield Commons,1400 Greenfield Rd,A129,764,1,1,MTM,"Yoshida, Priya",priya.yoshida@example.com,2026-04-16,2027-02-18,"$1,515.00","$1,505.00"
GRN,Greenfield Commons,1400 Greenfield Rd,A130,768,1,1,Notice,"Haddad, Greta",greta.haddad@example.com,2024-06-29,2025-03-17,"$1,505.00","1,455.00"
GRN,Greenfield Commons,1400 Greenfield Rd,A201,696,1,1,Vacant,,,,,"$1,615.00",
GRN,Greenfield Commons,1400 Greenfield Rd,A202,791,1,1,MTM,"Fontaine, Ottilie",ottilie.fontaine@example.com,2025-01-20,2025-12-28,"1,540.00","$1,540.00"
GRN,Greenfield Commons,1400 Greenfield Rd,A203,745,1,1,Occ,"Zambrano, Joaquin",joaquin.zambrano@mail.example.net,2026-01-06,2027-01-21,"$1,520.00","1,485.00"
GRN,Greenfield Commons,1400 Greenfield Rd,A203,745,1,1,Occ,"Pemberton, Katrien",katrien.pemberton@example.com,2026-01-06,2027-01-21,"1,520.00","$1,485.00"
GRN,Greenfield Commons,1400 Greenfield Rd,A204,697,1,1,Occ,"Ferrante, Ilse",ilse.ferrante@example.com,2026-06-23,2027-02-19,"1,440.00","1,380.00"
GRN,Greenfield Commons,1400 Greenfield Rd,A204,697,1,1,Occ,"Oyelaran, Bastien",bastien.oyelaran@example.org,2026-06-23,2027-02-19,"1,440.00","$1,380.00"
GRN,Greenfield Commons,1400 Greenfield Rd,A205,781,1,1,Occupied,"Jelinek, Joaquin",joaquin.jelinek@example.com,2024-08-08,2025-02-25,"$1,605.00","$1,600.00"
GRN,Greenfield Commons Apartments,1400 Greenfield Rd,A206,769,1,1,Employee,"Lindgren, Casimir",casimir.lindgren@example.com,2026-03-20,2027-01-05,"1,620.00","$1,570.00"
GRN,Greenfield Commons,1400 Greenfield Rd,A207,"1,301",3,1,Occupied,"Ashworth, Soren",soren.ashworth@example.com,2024-03-10,2025-03-01,"2,285.00","$2,285.00"
GRN,Greenfield Commons,1400 Greenfield Rd,A208,"1,014",2,1.5,Occupied,"Pemberton, Soren",soren.pemberton@example.com,2025-07-28,2026-08-29,"$1,980.00","$1,955.00"
GRN,Greenfield Commons,1400 Greenfield Rd,A209,"1,201",3,1,Occ,"Oyelaran, Ottilie",ottilie.oyelaran@example.org,2024-12-04,2025-10-28,"$2,265.00","2,245.00"
GRN,Greenfield Commons,1400 Greenfield Rd,A210,966,2,2,Notice,"Fontaine, Xavier",xavier.fontaine@example.com,2025-09-05,2026-04-24,"$1,860.00","1,825.00"
GRN,Greenfield Commons,1400 Greenfield Rd,A211,698,1,1,Occ,"Nakamura, Yannick",yannick.nakamura@mail.example.net,2026-01-22,2026-12-22,"$1,450.00","$1,390.00"
GRN,Greenfield Commons,1400 Greenfield Rd,A212,547,0,1,Vacant-Ready,,,,,"$1,050.00",
GRN,Greenfield Commons,1400 Greenfield Rd,A213,689,1,1,Occupied,"Kowalczyk, Aurelio",aurelio.kowalczyk@example.org,2024-03-06,2024-09-13,"1,460.00","$1,425.00"
GRN,Greenfield Commons,1400 Greenfield Rd,A214,"1,001",2,1,Occupied,"Ishikawa, Tamsin",tamsin.ishikawa@example.com,2026-01-09,2026-12-23,"1,935.00","$1,910.00"
GRN,Greenfield Commons,1400 Greenfield Rd,A215,794,1,1,Occ,"Broussard, Clemence",clemence.broussard@example.com,2024-04-05,,"1,490.00","$1,470.00"
GRN,Greenfield Commons,1400 Greenfield Rd,A216,796,1,1,Notice,"Ferrante, Dario",dario.ferrante@example.org,2025-10-01,2026-09-02,"1,520.00","$1,485.00"
GRN,Greenfield Commons Apartments,1400 Greenfield Rd,A217,"1,021",2,1,MTM,"Yoshida, Priya",priya.yoshida@example.com,2024-06-24,2025-03-16,"$1,855.00","$1,805.00"
GRN,Greenfield Commons,1400 Greenfield Rd,A218,814,1,1,Occupied,"Engelhardt, Ottilie",ottilie.engelhardt@example.com,2026-06-08,2027-06-09,"1,445.00","$1,395.00"
GRN,Greenfield Commons,1400 Greenfield Rd,A219,554,0,1,Occupied,"Dupont, Soren",soren.dupont@example.com,2024-08-29,2025-07-06,"1,075.00","$1,020.00"
GRN,Greenfield Commons,1400 Greenfield Rd,A219,554,0,1,Occupied,"Beaumont, Xavier",xavier.beaumont@example.com,2024-08-29,2025-07-06,"$1,075.00","1,020.00"
GRN,Greenfield Commons,1400 Greenfield Rd,A220,,2,2,Occupied,"Broussard, Casimir",casimir.broussard@mail.example.net,2024-07-10,2025-04-09,"$2,050.00","2,025.00"
GRN,Greenfield Commons,1400 Greenfield Rd,A221,475,0,1,MTM,"Beaumont, Yannick",yannick.beaumont@example.com,2026-02-16,2027-03-07,"1,060.00","$1,045.00"
GRN,Greenfield Commons,1400 Greenfield Rd,A222,446,0,1,Occupied,"Radulescu, Amara",amara.radulescu@mail.example.net,2024-02-25,2024-11-09,"$1,115.00","$1,075.00"
GRN,Greenfield Commons,1400 Greenfield Rd,A223,"1,312",3,1,Occupied,"Dupont, Delphine",delphine.dupont@example.com,2025-06-03,,"2,485.00","2,470.00"
GRN,Greenfield Commons,1400 Greenfield Rd,A224,803,1,1,Notice,"Grierson, Priya",priya.grierson@example.org,2025-06-20,2026-02-12,"$1,605.00","$1,600.00"
GRN,Greenfield Commons,1400 Greenfield Rd,A225,705,1,1,Occupied,"Ubaldi, Amara",amara.ubaldi@example.com,2025-02-04,2025-12-24,"1,605.00","1,600.00"
GRN,Greenfield Commons,1400 Greenfield Rd,A225,705,1,1,Occupied,"Beaumont, Wilhelmina",wilhelmina.beaumont@example.com,2025-02-04,2025-12-24,"1,605.00","$1,600.00"
GRN,Greenfield Commons,1400 Greenfield Rd,A226,"1,009",2,1,Occupied,"Pemberton, Bastien",bastien.pemberton@example.com,2024-09-05,2025-10-10,"$1,950.00","1,925.00"
GRN,Greenfield Commons,1400 Greenfield Rd,A227,728,1,1,Occupied,"Broussard, Katrien",katrien.broussard@mail.example.net,2023-06-23,2024-05-31,"$1,535.00","1,480.00"
GRN,Greenfield Commons,1400 Greenfield Rd,A227,728,1,1,Occ,"Ubaldi, Dario",dario.ubaldi@example.org,2024-06-26,2025-04-11,"1,535.00","1,520.00"
GRN,Greenfield Commons,1400 Greenfield Rd,A228,"1,048",2,2,NTV,"Sorokin, Bastien",bastien.sorokin@mail.example.net,02/2026,2027-03-29,"$2,050.00","$1,990.00"
GRN,Greenfield Commons,1400 Greenfield Rd,A229,983,2,1,MTM,"Engelhardt, Wilhelmina",wilhelmina.engelhardt@example.org,2024-03-02,2025-02-11,"$1,950.00","$1,895.00"
GRN,Greenfield Commons,1400 Greenfield Rd,A230,"1,010",2,2,Occ,"Ishikawa, Ulrich",ulrich.ishikawa@mail.example.net,08/2024,2025-03-16,"$1,875.00","$1,845.00"
GRN,Greenfield Commons,1400 Greenfield Rd,A301,680,1,1,Occupied,"Calderon, Delphine",delphine.calderon@example.com,2025-11-27,2026-12-24,"$1,480.00","$1,450.00"
GRN,Greenfield Commons,1400 Greenfield Rd,A302,747,1,1,Occupied,"Haddad, Aurelio",aurelio.haddad@example.com,2025-01-13,2025-12-20,"$1,465.00","1,405.00"
GRN,Greenfield Commons,1400 Greenfield Rd,A303,"1,220",3,2,Employee,"Broussard, Ilse",ilse.broussard@example.com,2024-03-07,2024-11-07,"2,375.00","$2,320.00"
GRN,Greenfield Commons,1400 Greenfield Road,A304,755,1,1,Notice,"Jelinek, Nadim","nadim.jelinek@example,com",2026-05-07,,"$1,550.00","$1,540.00"
GRN,Greenfield Commons Apartments,1400 Greenfield Rd,A305,"1,239",3,1.5,MTM,"Ubaldi, Aurelio",aurelio.ubaldi@example.com,2025-08-27,2026-04-02,"$2,255.00","$2,250.00"
GRN,Greenfield Commons,1400 Greenfield Rd,A306,"1,014",2,1.5,Vacant-Ready,,,,,"$1,905.00",
GRN,Greenfield Commons,1400 Greenfield Rd,A307,"1,017",2,2,Occupied,"Eriksen, Marisol",marisol.eriksen@example.com,2025-11-29,2026-09-09,"$1,900.00","$1,880.00"
GRN,Greenfield Commons,1400 Greenfield Rd,A308,"1,000",2,1,Occupied,"Yoshida, Priya",priya.yoshida@example.com,2024-04-08,2024-10-29,"$2,015.00","2,010.00"
GRN,Greenfield Commons,1400 Greenfield Rd,A309,767,1,1,Occupied,"Sorokin, Elke",elke.sorokin@mail.example.net,2024-06-17,2025-04-06,"$1,415.00","1,365.00"
GRN,Greenfield Commons,1400 Greenfield Rd,A310,778,1,1,Occupied,"Cisneros, Zora",zora.cisneros@example.com,2024-11-25,2025-07-28,"1,485.00","$1,485.00"
GRN,Greenfield Commons,1400 Greenfield Rd,A311,981,2,1.5,Occupied,"Broussard, Lachlan",lachlan.broussard@mail.example.net,2024-03-02,2024-10-06,"$2,060.00","$2,025.00"
GRN,Greenfield Commons,1400 Greenfield Rd,A312,771,1,1,Notice,"Oyelaran, Soren",soren.oyelaran@example.com,2025-05-19,2026-02-22,"1,660.00","$1,600.00"
GRN,Greenfield Commons,1400 Greenfield Road,A313,552,0,1,Occupied,"Quintero, Ottilie",ottilie.quintero@example.org,2026-06-20,2027-02-26,"$1,005.00",$965.00
GRN,Greenfield Commons,1400 Greenfield Rd,A314,734,1,1,Occ,"Yoshida, Casimir",casimir.yoshida@mail.example.net,2026-01-19,2026-08-30,"1,445.00","1,410.00"
GRN,Greenfield Commons,1400 Greenfield Rd,A315,"1,298",3,1.5,Vacant,,,,,"$2,495.00",
GRN,Greenfield Commons,1400 Greenfield Rd,A316,727,1,1,Occupied,"Engelhardt, Bettina",bettina.engelhardt@example.com,2024-01-23,2024-12-10,"1,580.00","$1,515.00"
GRN,Greenfield Commons,1400 Greenfield Rd,A316,727,1,1,Occupied,"Haddad, Clemence",clemence.haddad@example.com,2025-01-04,2025-09-30,"$1,580.00","$1,555.00"
GRN,Greenfield Commons,1400 Greenfield Rd,A317,739,1,1,Occupied,"Dupont, Dario",dario.dupont@example.com,2025-09-12,2026-05-02,"$1,600.00","$1,580.00"
GRN,Greenfield Commons,1400 Greenfield Rd,A318,718,1,1,Occupied,"Beaumont, Quentin",quentin.beaumont@example.com,2026-06-22,2027-06-15,"$1,585.00","$1,530.00"
GRN,Greenfield Commons,1400 Greenfield Rd,A319,965,2,1.5,Occupied,"Villanueva, Clemence",clemence.villanueva@mail.example.net,2026-02-11,2027-03-05,"$1,930.00","1,920.00"
GRN,Greenfield Commons,1400 Greenfield Rd,A319,965,2,1.5,Occupied,"Ashworth, Bettina",bettina.ashworth@example.com,02/2026,2027-03-05,"$1,930.00","$1,920.00"
GRN,Greenfield Commons,1400 Greenfield Rd,A320,"1,016",2,1.5,Occ,"Fontaine, Lachlan",lachlan.fontaine@example.org,2026-04-25,2026-11-09,"2,020.00","$2,015.00"
GRN,Greenfield Commons,1400 Greenfield Rd,A321,779,1,1,Occupied,"Sorokin, Soren",soren.sorokin@mail.example.net,2024-08-22,,"$1,495.00","$1,475.00"
GRN,Greenfield Commons,1400 Greenfield Rd,A322,979,2,1.5,Occupied,"Jelinek, Ferran",ferran.jelinek@example.org,2024-03-07,,"$1,980.00","1,970.00"
GRN,Greenfield Commons,1400 Greenfield Rd,A323,"1,031",2,2,Occupied,"Dupont, Ferran",ferran.dupont@example.org,2026-06-01,2027-03-09,"2,055.00","2,055.00"
GRN,Greenfield Commons,1400 Greenfield Rd,A324,466,0,1,Occ,"Villanueva, Katrien",katrien.villanueva@example.com,2026-02-14,2026-09-01,$995.00,995.00
GRN,Greenfield Commons,1400 Greenfield Road,A325,756,1,1,VAC,,,,,"$1,435.00",
GRN,Greenfield Commons,1400 Greenfield Rd,A326,979,2,1.5,Occ,"Calderon, Bettina",bettina.calderon@mail.example.net,2024-11-29,2025-09-22,"$1,920.00","$1,875.00"
GRN,Greenfield Commons,1400 Greenfield Rd,A327,808,1,1,Occupied,"Mwangi, Xavier",xavier.mwangi@example.org,2024-05-08,2025-05-05,"1,405.00","1,370.00"
GRN,Greenfield Commons,1400 Greenfield Rd,A328,715,1,1,Occ,"Radulescu, Rosalind",rosalind.radulescu@example.org,2024-05-23,2024-12-31,"1,485.00","$1,460.00"
GRN,Greenfield Commons,1400 Greenfield Rd,A329,"1,010",2,2,NTV,"Lindgren, Xavier",xavier.lindgren@mail.example.net,2025-03-11,2026-03-25,"$2,075.00","2,040.00"
GRN,Greenfield Commons,1400 Greenfield Rd,A330,517,0,1,Occ,"Haddad, Hamza",hamza.haddad@example.com,2025-04-19,2026-03-25,"$1,225.00","$1,220.00"
GRN,Greenfield Commons,1400 Greenfield Rd,A401,"1,331",3,1.5,NTV,"Villanueva, Lachlan",lachlan.villanueva@example.com,2024-08-07,2025-03-23,"$2,490.00","$2,480.00"
GRN,Greenfield Commons,1400 Greenfield Rd,A402,,3,1,MTM,"Yoshida, Hamza",hamza.yoshida@example.org,2026-06-06,2027-04-09,"$2,380.00","2,320.00"
GRN,Greenfield Commons,1400 Greenfield Road,A403,741,1,1,Vacant,,,,,"1,570.00",
GRN,Greenfield Commons,1400 Greenfield Rd,A404,"1,317",3,1,Occupied,"Beaumont, Soren",soren.beaumont@example.com,2025-12-15,2027-01-07,"$2,375.00","$2,325.00"
GRN,Greenfield Commons,1400 Greenfield Rd,A405,807,1,1,Occupied,"Beaumont, Elke",elke.beaumont@mail.example.net,2026-04-02,,"$1,455.00","1,440.00"
GRN,Greenfield Commons,1400 Greenfield Rd,A406,998,2,2,Notice,"Oyelaran, Ottilie",ottilie.oyelaran@example.com,2025-06-15,2026-04-10,"2,075.00","2,040.00"
GRN,Greenfield Commons,1400 Greenfield Road,A407,799,1,1,Occupied,"Villanueva, Elke",elke.villanueva@example.com,2024-08-18,2025-07-31,"1,405.00","1,390.00"
GRN,Greenfield Commons,1400 Greenfield Rd,A408,689,1,1,Occupied,"Beaumont, Aurelio",aurelio.beaumont@example.org,2026-04-19,2027-04-08,"$1,630.00","$1,590.00"
GRN,Greenfield Commons,1400 Greenfield Rd,A409,816,1,1,Occupied,"Fontaine, Joaquin",joaquin.fontaine@example.com,2025-03-01,2025-09-13,"1,500.00","1,440.00"
GRN,Greenfield Commons,1400 Greenfield Rd,A410,"1,070",2,1,Employee,"Cisneros, Clemence",clemence.cisneros@mail.example.net,2026-02-11,2026-08-30,"$1,885.00","$1,880.00"
GRN,Greenfield Commons Apartments,1400 Greenfield Road,A411,"1,340",3,1,Occ,"Ishikawa, Yannick",yannick.ishikawa@example.org,2025-07-13,2026-01-19,"2,285.00","2,275.00"
GRN,Greenfield Commons,1400 Greenfield Rd,A412,701,1,1,Vacant,,,,,"$1,440.00",
GRN,Greenfield Commons,1400 Greenfield Rd,A413,696,1,1,NTV,"Haddad, Nadim",nadim.haddad@example.com,2024-03-26,2025-03-07,"1,400.00","$1,370.00"
GRN,Greenfield Commons,1400 Greenfield Rd,A414,"1,075",2,2,VAC,"Radulescu, Clemence",,,,"$1,840.00",
GRN,Greenfield Commons,1400 Greenfield Rd,A415,964,2,1.5,Occupied,"Pemberton, Joaquin",joaquin.pemberton@example.com,2025-02-28,2025-09-26,"2,080.00","$2,065.00"
GRN,Greenfield Commons,1400 Greenfield Rd,A416,"1,040",2,2,Occ,"Ferrante, Casimir",casimir.ferrante@mail.example.net,2025-06-12,2026-02-14,"2,065.00","$2,005.00"
GRN,Greenfield Commons,1400 Greenfield Rd,A417,484,0,1,Occupied,"Cisneros, Katrien",katrien.cisneros@example.org,2025-06-04,2026-02-09,"1,155.00","$1,110.00"
GRN,Greenfield Commons,1400 Greenfield Rd,A418,994,2,1,NTV,"Beaumont, Zora",zora.beaumont@mail.example.net,2025-05-16,2026-03-04,"$1,945.00","$1,945.00"
GRN,Greenfield Commons,1400 Greenfield Road,A418,,2,1,NTV,"Zambrano, Amara",amara.zambrano@example.com,2025-05-16,2026-03-04,"$1,945.00","1,945.00"
GRN,Greenfield Commons,1400 Greenfield Rd,A419,"1,216",3,1,NTV,"Beaumont, Hamza",hamza.beaumont@example.com,2026-06-05,2027-03-10,"$2,490.00","$2,440.00"
GRN,Greenfield Commons,1400 Greenfield Rd,A420,797,1,1,Occupied,"Yoshida, Nadim",nadim.yoshida@example.org,2026-05-07,,"1,490.00","1,480.00"
GRN,Greenfield Commons,1400 Greenfield Rd,A421,421,0,1,MTM,"Nakamura, Clemence",clemence.nakamura@mail.example.net,2026-02-04,2026-12-15,"1,085.00","$1,060.00"
GRN,Greenfield Commons,1400 Greenfield Rd,A422,771,1,1,Employee,"Engelhardt, Xavier",xavier.engelhardt@mail.example.net,2026-05-15,2026-12-01,"$1,535.00","$1,485.00"
GRN,Greenfield Commons,1400 Greenfield Rd,A423,953,2,1,NTV,"Eriksen, Yannick",yannick.eriksen@example.com,01/2026,2026-07-27,"2,000.00","1,940.00"
GRN,Greenfield Commons Apartments,1400 Greenfield Road,A424,952,2,1.5,Occupied,"Mwangi, Casimir",casimir.mwangi@mail.example.net,2026-06-28,2027-05-07,"2,000.00","1,985.00"
GRN,Greenfield Commons,1400 Greenfield Rd,A424,952,2,1.5,Occupied,"Wexler, Xavier",xavier.wexler@example.com,2026-09-21,2027-04-22,"$2,000.00","$2,010.00"
GRN,Greenfield Commons Apartments,1400 Greenfield Rd,A425,803,1,1,Occ,"Zambrano, Joaquin",joaquin.zambrano@mail.example.net,2024-10-04,,"1,405.00","1,355.00"
GRN,Greenfield Commons,1400 Greenfield Rd,A426,685,1,1,Occupied,"Calderon, Rosalind",rosalind.calderon@example.com,2024-02-24,2024-08-26,"$1,505.00","1,455.00"
GRN,Greenfield Commons,1400 Greenfield Rd,A427,"1,223",3,1,Vacant,,,,,"2,455.00",
GRN,Greenfield Commons,1400 Greenfield Rd,A428,426,0,1,Model,,,,,"1,135.00",
GRN,Greenfield Commons,1400 Greenfield Rd,A429,"1,231",3,1.5,MTM,"Tavares, Nadim",nadim.tavares@mail.example.net,2025-04-28,2025-11-24,"2,415.00","$2,395.00"
GRN,Greenfield Commons,1400 Greenfield Rd,A430,"1,288",3,2,Notice,"Wexler, Ilse",ilse.wexler@example.org,2026-05-17,2027-01-13,"2,240.00","$2,200.00"
GRN,Greenfield Commons,1400 Greenfield Rd,B101,941,2,2,Occupied,"Danquah, Hamza",hamza.danquah@example.org,2025-02-07,2025-12-31,"1,900.00","$1,840.00"
GRN,Greenfield Commons,1400 Greenfield Rd,B102,789,1,1,NTV,"Ferrante, Katrien",katrien.ferrante@example.com,2024-08-21,2025-08-04,"1,565.00","$1,530.00"
GRN,Greenfield Commons,1400 Greenfield Rd,B103,811,1,1,Occupied,"Dupont, Valentina",valentina.dupont@example.com,2025-06-28,2026-03-05,"1,455.00","1,395.00"
GRN,Greenfield Commons Apartments,1400 Greenfield Rd,B104,696,1,1,Occupied,"Radulescu, Bastien",bastien.radulescu@example.com,2025-01-11,2026-01-30,"$1,410.00","1,385.00"
GRN,Greenfield Commons,1400 Greenfield Rd,B105,724,1,1,Occupied,"Danquah, Lachlan",lachlan.danquah@example.org,2024-05-26,2025-04-20,"$1,650.00","1,630.00"
GRN,Greenfield Commons,1400 Greenfield Rd,B106,"1,292",3,2,Notice,"Broussard, Wilhelmina",wilhelmina.broussard@example.com,2024-03-03,2025-04-05,"$2,295.00","2,245.00"
GRN,Greenfield Commons,1400 Greenfield Rd,B107,810,1,1,Notice,"Ishikawa, Clemence",clemence.ishikawa@mail.example.net,2024-10-15,2025-09-29,"$1,490.00","$1,460.00"
GRN,Greenfield Commons,1400 Greenfield Rd,B107,810,1,1,Notice,"Jelinek, Rosalind",rosalind.jelinek@example.com,2024-10-15,2025-09-29,"$1,490.00","$1,460.00"
GRN,Greenfield Commons,1400 Greenfield Rd,B108,"1,011",2,1,Notice,"Tavares, Bettina",bettina.tavares@example.com,2026-06-26,,"$1,825.00","$1,765.00"
GRN,Greenfield Commons,1400 Greenfield Rd,B109,787,1,1,Occupied,"Mwangi, Quentin",quentin.mwangi@example.com,2024-10-17,2025-08-07,"$1,435.00","$1,425.00"
GRN,Greenfield Commons,1400 Greenfield Rd,B109,787,1,1,Occupied,"Tavares, Yannick",yannick.tavares@mail.example.net,2024-10-17,2025-08-07,"1,435.00","1,425.00"
GRN,Greenfield Commons,1400 Greenfield Rd,B110,809,1,1,Occupied,"Zambrano, Quentin",quentin.zambrano@mail.example.net,2026-05-22,2027-06-07,"1,545.00","$1,485.00"
GRN,Greenfield Commons,1400 Greenfield Rd,B111,"1,200",3,2,Occupied,"Jelinek, Rosalind",rosalind.jelinek@example.org,2026-02-02,2026-09-06,"$2,325.00","$2,265.00"
GRN,Greenfield Commons,1400 Greenfield Road,B112,723,1,1,Occupied,"Danquah, Dario",dario.danquah@example.org,2023-09-13,2024-09-15,"$1,580.00","1,515.00"
GRN,Greenfield Commons,1400 Greenfield Rd,B112,723,1,1,MTM,"Haddad, Marisol",marisol.haddad@example.com,2024-10-23,2025-06-17,"$1,580.00","$1,555.00"
GRN,Greenfield Commons,1400 Greenfield Rd,B113,486,0,1,Occupied,"Sorokin, Joaquin","joaquin.sorokin@example,com",2025-07-19,2026-04-11,"$1,150.00","$1,130.00"
GRN,Greenfield Commons,1400 Greenfield Rd,B114,698,1,1,Occupied,"Quintero, Xavier",xavier.quintero@example.com,2023-04-23,2024-05-27,"1,475.00","$1,385.00"
GRN,Greenfield Commons,1400 Greenfield Rd,B114,698,1,1,Occ,"Engelhardt, Zora",zora.engelhardt@example.com,2024-07-03,2025-01-30,"$1,475.00","$1,425.00"
GRN,Greenfield Commons,1400 Greenfield Rd,B115,948,2,2,Occupied,"Danquah, Valentina",valentina.danquah@example.com,2024-12-06,2025-11-05,"$1,965.00","$1,905.00"
GRN,Greenfield Commons,1400 Greenfield Rd,B116,"1,046",2,1,Vacant,,,,,"$1,940.00",
GRN,Greenfield Commons,1400 Greenfield Rd,B117,"1,013",2,1.5,Occupied,"Zambrano, Clemence",clemence.zambrano@example.com,2024-12-16,2025-08-28,"1,930.00","$1,890.00"
GRN,Greenfield Commons,1400 Greenfield Rd,B118,"1,031",2,2,Down,,,,,"1,860.00",
GRN,Greenfield Commons,1400 Greenfield Road,B119,713,1,1,Occ,"Oyelaran, Yannick",yannick.oyelaran@example.com,2026-03-17,2026-10-17,"$1,445.00","1,405.00"
GRN,Greenfield Commons,1400 Greenfield Rd,B120,"1,042",2,2,Occupied,"Engelhardt, Rosalind",rosalind.engelhardt@mail.example.net,2026-05-18,2027-05-21,"$2,080.00","2,030.00"
GRN,Greenfield Commons,1400 Greenfield Rd,B121,959,2,1.5,Occupied,"Quintero, Xavier",xavier.quintero@mail.example.net,11/2024,2025-06-09,"1,835.00","$1,820.00"
GRN,Greenfield Commons,1400 Greenfield Rd,B122,947,2,2,Occupied,"Calderon, Greta",greta.calderon@example.org,2025-08-07,2026-09-06,"$1,885.00","$1,885.00"
GRN,Greenfield Commons,1400 Greenfield Road,B123,751,1,1,Occupied,"Ubaldi, Ilse",ilse.ubaldi@example.com,2025-06-28,2026-03-18,"$1,460.00","1,420.00"
GRN,Greenfield Commons,1400 Greenfield Rd,B123,751,1,1,Occupied,"Danquah, Katrien",katrien.danquah@example.com,2025-07-20,2026-07-24,"1,460.00","$1,445.00"
GRN,Greenfield Commons,1400 Greenfield Rd,B124,"1,017",2,1,Occupied,"Wexler, Amara",amara.wexler@example.com,2026-03-03,2027-04-02,"1,935.00","$1,900.00"
GRN,GREENFIELD COMMONS,1400 Greenfield Rd,B125,694,1,1,Vacant,,,,,"1,555.00",
GRN,Greenfield Commons,1400 Greenfield Rd,B126,778,1,1,Occupied,"Tavares, Bettina",bettina.tavares@example.com,2024-12-05,2025-06-23,"$1,615.00","1,555.00"
GRN,Greenfield Commons,1400 Greenfield Rd,B127,,0,1,Occupied,"Oyelaran, Valentina",valentina.oyelaran@example.com,2026-02-23,2026-10-20,"$1,040.00","$1,035.00"
GRN,Greenfield Commons,1400 Greenfield Rd,B128,"1,338",3,1,Occ,"Beaumont, Priya",priya.beaumont@mail.example.net,2026-03-17,2026-11-29,"$2,450.00","2,420.00"
GRN,Greenfield Commons,1400 Greenfield Rd,B129,718,1,1,Occ,"Mwangi, Zora",zora.mwangi@example.com,2025-12-25,2026-08-02,"$1,610.00","$1,575.00"
GRN,Greenfield Commons,1400 Greenfield Rd,B130,"1,204",3,1,Occupied,"Kowalczyk, Marisol",marisol.kowalczyk@mail.example.net,2025-06-06,2026-03-18,"$2,370.00","2,355.00"
GRN,Greenfield Commons,1400 Greenfield Rd,B201,"1,065",2,2,Occupied,"Sorokin, Marisol",marisol.sorokin@example.org,2024-05-26,,"$2,040.00","2,010.00"
GRN,Greenfield Commons Apartments,1400 Greenfield Rd,B202,"1,331",3,1.5,Employee,"Grierson, Wilhelmina",wilhelmina.grierson@example.com,2026-02-26,2026-09-13,"2,325.00","$2,270.00"
GRN,Greenfield Commons,1400 Greenfield Rd,B203,"1,002",2,1.5,Occ,"Calderon, Katrien",katrien.calderon@example.org,2026-04-21,2026-10-19,"$1,830.00","$1,775.00"
GRN,Greenfield Commons,1400 Greenfield Road,B204,737,1,1,Occ,"Ishikawa, Wilhelmina",wilhelmina.ishikawa@mail.example.net,2026-06-24,,"1,625.00","$1,565.00"
GRN,Greenfield Commons,1400 Greenfield Rd,B205,"1,059",2,1,Occupied,"Sorokin, Lachlan",lachlan.sorokin@example.com,2024-11-18,2025-11-16,"$2,050.00","$2,030.00"
GRN,GREENFIELD COMMONS,1400 Greenfield Rd,B206,423,0,1,Occ,"Villanueva, Clemence",clemence.villanueva@example.com,2026-05-29,2027-03-26,"1,235.00","$1,220.00"
GRN,Greenfield Commons,1400 Greenfield Rd,B207,950,2,2,Occupied,"Broussard, Joaquin",joaquin.broussard@example.com,2025-04-11,2026-01-24,"$2,020.00","$1,965.00"
GRN,Greenfield Commons,1400 Greenfield Rd,B208,551,0,1,Notice,"Radulescu, Tamsin",tamsin.radulescu@example.com,2025-04-26,2025-11-28,"1,220.00","1,175.00"
GRN,Greenfield Commons,1400 Greenfield Rd,B208,551,0,1,Notice,"Fontaine, Ferran",ferran.fontaine@example.com,2025-04-26,2025-11-28,"$1,220.00","1,175.00"
GRN,Greenfield Commons,1400 Greenfield Rd,B209,"1,061",2,2,VAC,,,,,"$2,075.00",
GRN,Greenfield Commons,1400 Greenfield Rd,B210,689,1,1,MTM,"Danquah, Hamza",hamza.danquah@example.com,2025-06-13,2025-12-22,"$1,635.00","1,600.00"
GRN,Greenfield Commons,1400 Greenfield Rd,B211,"1,287",3,2,Notice,"Ubaldi, Joaquin",joaquin.ubaldi@example.org,2025-05-26,2025-12-03,"$2,310.00","$2,275.00"
GRN,Greenfield Commons,1400 Greenfield Rd,B212,689,1,1,Occupied,"Ferrante, Bastien",bastien.ferrante@example.com,2025-11-09,2026-06-09,"1,655.00","1,640.00"
GRN,Greenfield Commons,1400 Greenfield Rd,B213,701,1,1,Occ,"Grierson, Bastien",bastien.grierson@mail.example.net,2025-08-17,2026-09-06,"$1,575.00","$1,550.00"
GRN,Greenfield Commons,1400 Greenfield Road,B214,"1,301",3,2,Occupied,"Eriksen, Valentina",valentina.eriksen@example.com,2024-07-07,2025-05-01,"$2,450.00","$2,445.00"
GRN,Greenfield Commons,1400 Greenfield Rd,B215,759,1,1,MTM,"Fontaine, Aurelio",aurelio.fontaine@mail.example.net,2026-02-18,2026-08-25,"1,465.00","1,435.00"
GRN,Greenfield Commons,1400 Greenfield Rd,B216,,1,1,Occ,"Engelhardt, Tamsin",tamsin.engelhardt@mail.example.net,2025-02-12,2025-12-24,"1,495.00","1,435.00"
GRN,Greenfield Commons Apartments,1400 Greenfield Rd,B217,968,2,1.5,Notice,"Engelhardt, Wilhelmina",wilhelmina.engelhardt@example.com,2026-03-06,2026-10-13,"2,060.00","2,050.00"
GRN,Greenfield Commons,1400 Greenfield Rd,B218,"1,288",3,1.5,Occupied,"Kowalczyk, Amara",amara.kowalczyk@example.com,2026-02-18,2027-01-02,"$2,460.00","$2,455.00"
GRN,Greenfield Commons,1400 Greenfield Rd,B219,"1,015",2,1.5,Notice,"Yoshida, Marisol",marisol.yoshida@example.com,2024-03-05,2024-09-02,"$1,910.00","$1,895.00"
GRN,Greenfield Commons,1400 Greenfield Rd,B220,946,2,1.5,Occupied,"Ferrante, Soren",soren.ferrante@example.com,2023-07-22,2024-07-19,"2,010.00","1,930.00"
GRN,Greenfield Commons,1400 Greenfield Road,B220,946,2,1.5,Occupied,"Haddad, Aurelio",aurelio.haddad@example.com,2024-08-21,2025-03-25,"2,010.00","1,970.00"
GRN,Greenfield Commons,1400 Greenfield Rd,B221,761,1,1,Occupied,"Eriksen, Ottilie",ottilie.eriksen@mail.example.net,04/2025,2026-01-05,"$1,525.00","$1,485.00"
GRN,Greenfield Commons,1400 Greenfield Rd,B222,709,1,1,MTM,"Oyelaran, Elke",elke.oyelaran@example.com,2026-01-25,2026-11-25,"$1,440.00","1,440.00"
GRN,Greenfield Commons,1400 Greenfield Rd,B223,960,2,1.5,Occupied,"Zambrano, Greta",greta.zambrano@example.com,03/2025,2025-12-14,"$2,040.00","$2,040.00"
GRN,Greenfield Commons,1400 Greenfield Rd,B224,"1,056",2,1,Occ,"Lindgren, Greta",greta.lindgren@example.com,2024-10-23,2025-07-20,"1,970.00","$1,950.00"
GRN,Greenfield Commons,1400 Greenfield Rd,B224,"1,056",2,1,Occ,"Lindgren, Wilhelmina",wilhelmina.lindgren@example.com,2024-10-23,2025-07-20,"1,970.00","1,950.00"
GRN,Greenfield Commons,1400 Greenfield Rd,B225,787,1,1,Occ,"Wexler, Lachlan",lachlan.wexler@example.com,2024-08-11,2025-04-10,"$1,520.00","$1,465.00"
GRN,Greenfield Commons Apartments,1400 Greenfield Rd,B226,695,1,1,Vacant,,,,,"$1,510.00",
GRN,Greenfield Commons,1400 Greenfield Rd,B227,987,2,1.5,Vacant,,,,,"$1,895.00",
GRN,Greenfield Commons,1400 Greenfield Rd,B228,,1,1,Occupied,"Radulescu, Ferran",ferran.radulescu@mail.example.net,2024-11-02,2025-11-20,"1,420.00","1,410.00"
GRN,Greenfield Commons Apartments,1400 Greenfield Rd,B229,819,1,1,Occupied,"Quintero, Lachlan",lachlan.quintero@example.com,2026-06-16,2027-01-17,"1,640.00","$1,590.00"
GRN,Greenfield Commons,1400 Greenfield Rd,B229,819,1,1,Occupied,"Quintero, Clemence",clemence.quintero@mail.example.net,2026-06-16,2027-01-17,"$1,640.00","$1,590.00"
GRN,Greenfield Commons,1400 Greenfield Rd,B230,"1,072",2,2,Occupied,"Wexler, Ilse",ilse.wexler@example.com,2025-01-25,2025-09-26,"$1,925.00","$1,865.00"
GRN,Greenfield Commons,1400 Greenfield Rd,B301,"1,037",2,1,Notice,"Calderon, Delphine",delphine.calderon@example.com,2025-04-19,2026-02-16,"$2,060.00","2,030.00"
GRN,Greenfield Commons,1400 Greenfield Rd,B302,"1,248",3,1,Occupied,"Haddad, Valentina",valentina.haddad@example.com,2024-07-22,2025-06-26,-,"$2,290.00"
GRN,Greenfield Commons,1400 Greenfield Rd,B303,807,1,1,Occupied,"Villanueva, Katrien",katrien.villanueva@example.com,2025-06-30,2026-04-29,"$1,505.00","$1,460.00"
GRN,Greenfield Commons,1400 Greenfield Road,B304,"1,003",2,1.5,NTV,"Quintero, Zora",zora.quintero@example.com,2025-04-17,2025-12-24,"$1,870.00","1,815.00"
GRN,Greenfield Commons,1400 Greenfield Rd,B305,"1,063",2,1.5,Down,,,,,"2,055.00",
GRN,Greenfield Commons,1400 Greenfield Road,B306,"1,243",3,2,Occupied,"Pemberton, Clemence",clemence.pemberton@example.com,2025-02-12,2026-01-15,"2,330.00","2,275.00"
GRN,Greenfield Commons,1400 Greenfield Rd,B307,794,1,1,VAC,,,,,-,
GRN,Greenfield Commons,1400 Greenfield Rd,B308,974,2,1,Notice,"Wexler, Delphine",delphine.wexler@example.com,2024-03-21,2025-02-19,"1,945.00","$1,900.00"
GRN,Greenfield Commons,1400 Greenfield Rd,B309,789,1,1,Occ,"Ubaldi, Yannick",yannick.ubaldi@example.org,2026-06-14,2027-06-13,"1,510.00","1,450.00"
GRN,Greenfield Commons,1400 Greenfield Rd,B310,,1,1,Occupied,"Beaumont, Aurelio",aurelio.beaumont@example.com,2025-08-07,2026-04-21,"1,435.00","$1,400.00"
GRN,Greenfield Commons Apartments,1400 Greenfield Rd,B311,801,1,1,Occ,"Villanueva, Delphine",delphine.villanueva@example.org,2024-12-16,2025-08-21,"$1,520.00","$1,515.00"
GRN,Greenfield Commons,1400 Greenfield Rd,B312,982,2,1,Occupied,"Danquah, Yannick",yannick.danquah@mail.example.net,2026-02-27,2026-11-15,"1,900.00","$1,855.00"
GRN,Greenfield Commons,1400 Greenfield Rd,B312,982,2,1,Occupied,"Sorokin, Aurelio",aurelio.sorokin@example.com,2026-02-27,2026-11-15,"$1,900.00","$1,855.00"
GRN,Greenfield Commons,1400 Greenfield Rd,B313,954,2,1.5,Occupied,"Wexler, Aurelio",aurelio.wexler@example.com,2024-06-07,2025-06-14,"$1,920.00","1,860.00"
GRN,Greenfield Commons,1400 Greenfield Rd,B313,954,2,1.5,Occ,"Cisneros, Marisol",marisol.cisneros@mail.example.net,2025-07-09,2026-03-08,"$1,920.00","1,900.00"
GRN,Greenfield Commons,1400 Greenfield Rd,B314,695,1,1,Occupied,"Jelinek, Tamsin",tamsin.jelinek@mail.example.net,2024-09-25,2025-04-07,"1,595.00","1,590.00"
GRN,Greenfield Commons,1400 Greenfield Rd,B315,762,1,1,Occupied,"Beaumont, Soren",soren.beaumont@example.com,2025-03-25,2026-04-20,"1,415.00","$1,360.00"
GRN,Greenfield Commons,1400 Greenfield Rd,B315,762,1,1,Occ,"Danquah, Soren",soren.danquah@example.com,2026-05-01,2027-03-18,"$1,415.00","1,400.00"
GRN,Greenfield Commons Apartments,1400 Greenfield Rd,B316,"1,249",3,1.5,Occupied,"Radulescu, Ferran",ferran.radulescu@mail.example.net,2024-06-11,2025-05-11,"2,250.00","2,250.00"
GRN,Greenfield Commons,1400 Greenfield Rd,B316,"1,249",3,1.5,Occupied,"Cisneros, Nadim",nadim.cisneros@example.org,2024-06-11,2025-05-11,"2,250.00","2,250.00"
GRN,Greenfield Commons,1400 Greenfield Rd,B317,773,1,1,Notice,"Grierson, Hamza",hamza.grierson@mail.example.net,2024-10-24,2025-09-17,"$1,520.00","$1,515.00"
GRN,Greenfield Commons,1400 Greenfield Rd,B317,773,1,1,Notice,"Ashworth, Ilse",ilse.ashworth@mail.example.net,2024-10-24,2025-09-17,"1,520.00","$1,515.00"
GRN,Greenfield Commons,1400 Greenfield Rd,B318,684,1,1,Occ,"Kowalczyk, Nadim",nadim.kowalczyk@example.com,2025-05-06,2025-12-17,"1,630.00","$1,570.00"
GRN,Greenfield Commons,1400 Greenfield Rd,B319,697,1,1,Occ,"Villanueva, Lachlan",lachlan.villanueva@example.com,2025-03-09,2026-03-13,"$1,655.00","$1,610.00"
GRN,Greenfield Commons,1400 Greenfield Rd,B319,697,1,1,Occ,"Zambrano, Priya",priya.zambrano@mail.example.net,2025-03-09,2026-03-13,"1,655.00","1,610.00"
GRN,Greenfield Commons,1400 Greenfield Road,B320,"1,287",3,1,Notice,"Jelinek, Aurelio",aurelio.jelinek@example.com,2024-08-13,,"2,455.00","$2,435.00"
GRN,Greenfield Commons,1400 Greenfield Rd,B321,524,0,1,Occupied,"Calderon, Bastien",bastien.calderon@example.com,2024-07-04,2025-06-10,"1,000.00",975.00
GRN,Greenfield Commons Apartments,1400 Greenfield Rd,B322,"1,299",3,1.5,Vacant,,,,,"2,325.00",
GRN,Greenfield Commons,1400 Greenfield Rd,B323,"1,219",3,1,MTM,"Ferrante, Ulrich",ulrich.ferrante@example.org,2024-06-21,2025-05-21,"$2,455.00","$2,445.00"
GRN,Greenfield Commons,1400 Greenfield Rd,B324,965,2,1,Notice,"Haddad, Casimir",casimir.haddad@example.com,2024-05-12,2025-05-24,"1,980.00","1,950.00"
GRN,Greenfield Commons,1400 Greenfield Road,B325,548,0,1,Occupied,"Zambrano, Bettina",bettina.zambrano@example.com,09/2025,2026-08-29,"1,215.00","1,205.00"
GRN,Greenfield Commons,1400 Greenfield Rd,B325,548,0,1,Occupied,"Beaumont, Katrien",katrien.beaumont@example.com,2025-09-26,2026-08-29,"1,215.00","1,205.00"
GRN,Greenfield Commons Apartments,1400 Greenfield Rd,B326,439,0,1,MTM,"Jelinek, Dario",dario.jelinek@mail.example.net,2026-03-24,2027-03-23,"1,085.00","$1,065.00"
GRN,Greenfield Commons,1400 Greenfield Rd,B326,439,0,1,MTM,"Fontaine, Ulrich",ulrich.fontaine@example.org,2026-03-24,2027-03-23,"1,085.00","$1,065.00"
GRN,Greenfield Commons,1400 Greenfield Road,B327,"1,295",3,1.5,Occ,"Grierson, Aurelio",aurelio.grierson@example.com,2025-08-28,2026-03-31,"$2,430.00","$2,405.00"
GRN,Greenfield Commons,1400 Greenfield Rd,B328,769,1,1,Occupied,"Ubaldi, Elke",elke.ubaldi@example.com,2026-01-26,2026-10-18,"1,535.00","$1,485.00"
GRN,Greenfield Commons,1400 Greenfield Rd,B328,769,1,1,Occupied,"Yoshida, Ulrich",ulrich.yoshida@example.com,2026-01-26,2026-10-18,"1,535.00","1,485.00"
GRN,Greenfield Commons,1400 Greenfield Rd,B329,941,2,1.5,Occupied,"Pemberton, Joaquin","joaquin.pemberton@example,com",2025-03-20,2026-04-23,"$2,040.00","$2,005.00"
GRN,Greenfield Commons,1400 Greenfield Rd,B330,800,1,1,Occupied,"Radulescu, Wilhelmina",wilhelmina.radulescu@example.org,2024-07-08,2025-01-11,"$1,440.00","$1,405.00"
GRN,Greenfield Commons,1400 Greenfield Rd,B401,"1,272",3,2,Occupied,"Engelhardt, Amara",amara.engelhardt@example.com,2026-06-18,2027-04-24,"$2,410.00","2,375.00"
GRN,Greenfield Commons Apartments,1400 Greenfield Rd,B402,700,1,1,Occupied,"Lindgren, Bastien",bastien.lindgren@example.org,2024-10-21,2025-09-16,"$1,640.00","1,580.00"
GRN,Greenfield Commons,1400 Greenfield Rd,B403,685,1,1,Occ,"Jelinek, Quentin",quentin.jelinek@example.com,2026-05-27,2027-02-03,"1,490.00","1,430.00"
GRN,Greenfield Commons,1400 Greenfield Rd,B404,716,1,1,Occupied,"Kowalczyk, Marisol",marisol.kowalczyk@example.com,2025-05-30,2026-01-20,"1,530.00","$1,480.00"
GRN,Greenfield Commons Apartments,1400 Greenfield Rd,B405,729,1,1,Occ,"Pemberton, Quentin",quentin.pemberton@example.com,2024-12-28,2025-08-20,"$1,550.00","$1,535.00"
GRN,Greenfield Commons,1400 Greenfield Rd,B406,"1,057",2,2,Occ,"Fontaine, Ulrich",ulrich.fontaine@mail.example.net,2025-11-05,2026-09-12,"$1,910.00","1,895.00"
GRN,Greenfield Commons,1400 Greenfield Road,B407,969,2,2,Occ,"Calderon, Hamza",hamza.calderon@example.com,2026-05-08,2027-02-27,"2,015.00","1,960.00"
GRN,Greenfield Commons,1400 Greenfield Road,B408,958,2,2,Occupied,"Broussard, Wilhelmina",wilhelmina.broussard@example.com,2025-10-24,2026-11-19,-,"$1,805.00"
GRN,Greenfield Commons,1400 Greenfield Road,B409,"1,067",2,1.5,MTM,"Lindgren, Xavier",xavier.lindgren@example.com,2025-03-17,2026-04-13,"$1,915.00","$1,905.00"
GRN,Greenfield Commons,1400 Greenfield Rd,B410,"1,315",3,2,MTM,"Broussard, Joaquin",joaquin.broussard@example.com,2025-12-27,2026-07-05,"$2,440.00","$2,430.00"
GRN,Greenfield Commons,1400 Greenfield Rd,B411,778,1,1,MTM,"Fontaine, Joaquin",joaquin.fontaine@example.com,2026-02-07,2026-12-21,"1,475.00","$1,450.00"
GRN,Greenfield Commons,1400 Greenfield Rd,B412,806,1,1,Occupied,"Grierson, Aurelio",aurelio.grierson@mail.example.net,2024-07-18,2025-06-22,"1,595.00","$1,570.00"
GRN,Greenfield Commons,1400 Greenfield Rd,B413,740,1,1,Occ,"Jelinek, Marisol",marisol.jelinek@mail.example.net,2025-01-20,2026-02-09,"1,535.00","$1,480.00"
GRN,Greenfield Commons Apartments,1400 Greenfield Rd,B414,"1,055",2,1.5,Vacant-Ready,,,,,"$1,940.00",
GRN,Greenfield Commons Apartments,1400 Greenfield Rd,B415,"1,332",3,2,Occupied,"Ubaldi, Xavier",xavier.ubaldi@example.com,2024-12-30,2025-09-02,"2,280.00","2,255.00"
GRN,Greenfield Commons,1400 Greenfield Rd,B416,"1,312",3,2,Occupied,"Cisneros, Bettina",bettina.cisneros@mail.example.net,2025-03-27,2025-10-16,"2,445.00","$2,405.00"
GRN,Greenfield Commons,1400 Greenfield Rd,B417,704,1,1,NTV,"Dupont, Tamsin",tamsin.dupont@example.com,2026-04-21,2026-12-23,"$1,610.00","1,580.00"
GRN,Greenfield Commons,1400 Greenfield Rd,B418,"1,025",2,2,Occupied,"Eriksen, Ferran",ferran.eriksen@example.com,07/2025,2026-05-06,"1,970.00","$1,935.00"
GRN,Greenfield Commons,1400 Greenfield Rd,B419,"1,036",2,2,Occupied,"Yoshida, Rosalind",rosalind.yoshida@example.com,2026-03-24,2027-03-10,"$1,895.00","1,850.00"
GRN,Greenfield Commons,1400 Greenfield Rd,B420,"1,287",3,1,MTM,"Eriksen, Zora",zora.eriksen@example.com,2024-04-22,2025-01-31,"$2,370.00","$2,340.00"
GRN,Greenfield Commons,1400 Greenfield Rd,B421,"1,076",2,1.5,Vacant-Ready,,,,,"1,995.00",
GRN,GREENFIELD COMMONS,1400 Greenfield Rd,B422,955,2,1.5,Occupied,"Ashworth, Aurelio",aurelio.ashworth@example.org,2025-10-07,2026-10-03,"$1,890.00","$1,890.00"
GRN,Greenfield Commons,1400 Greenfield Rd,B423,750,1,1,Notice,"Kowalczyk, Bastien",bastien.kowalczyk@mail.example.net,2024-12-30,2026-01-20,"$1,445.00","$1,410.00"
GRN,Greenfield Commons,1400 Greenfield Rd,B424,"1,054",2,2,Notice,"Calderon, Katrien",katrien.calderon@example.org,2025-12-25,2027-01-19,"1,825.00","$1,795.00"
GRN,Greenfield Commons,1400 Greenfield Rd,B425,743,1,1,Occupied,"Tavares, Aurelio",aurelio.tavares@example.com,2025-01-06,,"1,610.00","1,595.00"
GRN,Greenfield Commons,1400 Greenfield Road,B426,551,0,1,Down,,,,,"$1,095.00",
GRN,Greenfield Commons,1400 Greenfield Road,B427,"1,017",2,1.5,Occ,"Wexler, Hamza",hamza.wexler@example.com,2025-01-10,,"$1,825.00","1,795.00"
GRN,Greenfield Commons,1400 Greenfield Rd,B428,"1,035",2,1.5,MTM,"Grierson, Bettina",bettina.grierson@example.com,2025-11-30,2026-09-01,"1,925.00","$1,890.00"
GRN,Greenfield Commons,1400 Greenfield Rd,B428,"1,035",2,1.5,MTM,"Engelhardt, Priya",priya.engelhardt@example.com,2025-11-30,2026-09-01,"$1,925.00","1,890.00"
GRN,Greenfield Commons,1400 Greenfield Rd,B429,512,0,1,Occupied,"Ferrante, Lachlan",lachlan.ferrante@example.com,2023-12-16,2024-11-29,"1,030.00",$935.00
GRN,Greenfield Commons,1400 Greenfield Rd,B429,512,0,1,Occupied,"Broussard, Hamza",hamza.broussard@example.org,2024-12-24,2026-01-15,"$1,030.00",$975.00
GRN,Greenfield Commons,1400 Greenfield Rd,B430,988,2,1,Occ,"Broussard, Greta",greta.broussard@mail.example.net,2025-02-07,2025-12-30,"1,935.00","$1,905.00"
GRN,Greenfield Commons,1400 Greenfield Rd,C101,716,1,1,MTM,"Mwangi, Elke",elke.mwangi@example.com,2025-05-04,2026-06-08,"$1,415.00","1,410.00"
GRN,Greenfield Commons,1400 Greenfield Road,C102,"1,080",2,2,Occupied,"Radulescu, Nadim",nadim.radulescu@mail.example.net,2026-05-07,2027-01-28,"$2,070.00","$2,055.00"
GRN,Greenfield Commons,1400 Greenfield Rd,C103,817,1,1,NTV,"Haddad, Zora",zora.haddad@example.com,2024-03-04,2025-04-01,"$1,445.00","$1,425.00"
GRN,Greenfield Commons,1400 Greenfield Rd,C104,"1,033",2,2,Notice,"Ishikawa, Delphine",delphine.ishikawa@example.com,2025-09-15,2026-09-05,"$1,830.00","$1,805.00"
GRN,Greenfield Commons,1400 Greenfield Rd,C105,957,2,1.5,Occupied,"Lindgren, Amara",amara.lindgren@example.org,2024-09-29,2025-08-29,"$2,055.00","2,010.00"
GRN,Greenfield Commons Apartments,1400 Greenfield Rd,C105,957,2,1.5,Occupied,"Nakamura, Hamza",hamza.nakamura@example.com,2024-09-29,2025-08-29,"2,055.00","$2,010.00"
GRN,Greenfield Commons,1400 Greenfield Rd,C106,460,0,1,Occupied,"Dupont, Hamza",hamza.dupont@mail.example.net,2026-07-02,2027-05-01,"1,005.00","$1,000.00"
GRN,Greenfield Commons,1400 Greenfield Rd,C107,800,1,1,Occupied,"Villanueva, Bastien",bastien.villanueva@example.com,2024-12-29,2025-10-30,"1,570.00","$1,540.00"
GRN,Greenfield Commons,1400 Greenfield Rd,C108,961,2,1.5,Notice,"Fontaine, Ilse",ilse.fontaine@mail.example.net,2024-04-14,2025-02-13,"1,870.00","$1,815.00"
GRN,Greenfield Commons,1400 Greenfield Road,C109,"1,068",2,1.5,Occupied,"Calderon, Greta",greta.calderon@mail.example.net,2024-07-15,2025-05-21,"$1,825.00","$1,770.00"
GRN,Greenfield Commons,1400 Greenfield Rd,C109,"1,068",2,1.5,Occupied,"Dupont, Yannick",yannick.dupont@example.com,2025-06-24,2026-05-19,"1,825.00","$1,810.00"
GRN,Greenfield Commons,1400 Greenfield Rd,C110,"1,054",2,1.5,Vacant,,,,,"$2,020.00",
GRN,Greenfield Commons,1400 Greenfield Rd,C111,475,0,1,Occupied,"Jelinek, Joaquin",joaquin.jelinek@example.com,2025-08-20,2026-09-22,"$1,175.00","$1,130.00"
GRN,Greenfield Commons,1400 Greenfield Rd,C112,"1,014",2,2,MTM,"Pemberton, Marisol",marisol.pemberton@mail.example.net,2025-10-27,2026-11-04,"1,920.00","$1,895.00"
GRN,Greenfield Commons,1400 Greenfield Rd,C113,757,1,1,Occupied,"Cisneros, Dario",dario.cisneros@example.com,2024-06-02,2025-04-18,"1,645.00","1,640.00"
GRN,Greenfield Commons,1400 Greenfield Rd,C114,"1,278",3,2,MTM,"Quintero, Aurelio",aurelio.quintero@example.com,2025-05-04,,"$2,425.00","$2,395.00"
GRN,Greenfield Commons,1400 Greenfield Rd,C115,"1,058",2,1.5,NTV,"Nakamura, Tamsin",tamsin.nakamura@example.com,2025-12-26,2026-08-23,"1,945.00","$1,915.00"
GRN,Greenfield Commons,1400 Greenfield Rd,C116,953,2,2,Occupied,"Ubaldi, Clemence",clemence.ubaldi@example.org,2026-05-11,2026-12-14,"2,035.00","1,985.00"
GRN,Greenfield Commons,1400 Greenfield Rd,C117,767,1,1,Notice,"Calderon, Lachlan",lachlan.calderon@example.org,2025-08-31,2026-07-31,"$1,615.00","$1,570.00"
GRN,Greenfield Commons,1400 Greenfield Rd,C118,760,1,1,Occupied,"Ferrante, Joaquin",joaquin.ferrante@example.org,2024-11-20,2025-09-29,"$1,580.00","$1,485.00"
GRN,Greenfield Commons,1400 Greenfield Road,C118,760,1,1,Occupied,"Grierson, Bastien",bastien.grierson@example.org,2025-11-05,2026-05-12,"$1,580.00","1,525.00"
GRN,Greenfield Commons,1400 Greenfield Rd,C119,"1,328",3,2,Notice,"Ferrante, Ulrich",ulrich.ferrante@example.com,2024-03-28,2025-03-22,"$2,255.00","$2,255.00"
GRN,Greenfield Commons Apartments,1400 Greenfield Rd,C120,724,1,1,Occupied,"Haddad, Zora","zora.haddad@example,com",2024-10-02,2025-06-13,"$1,605.00","$1,605.00"
GRN,Greenfield Commons,1400 Greenfield Rd,C121,711,1,1,Vacant-Ready,,,,,"1,450.00",
GRN,Greenfield Commons,1400 Greenfield Rd,C122,"1,050",2,2,Occ,"Fontaine, Bastien",bastien.fontaine@example.com,2024-02-16,2024-10-14,"$1,840.00","$1,800.00"
GRN,Greenfield Commons,1400 Greenfield Rd,C123,"1,333",3,2,Vacant,,,,,"2,375.00",
GRN,Greenfield Commons,1400 Greenfield Rd,C124,"1,040",2,1.5,Employee,"Ishikawa, Wilhelmina",wilhelmina.ishikawa@example.com,2025-11-23,2026-08-08,"2,045.00","$2,040.00"
GRN,Greenfield Commons,1400 Greenfield Rd,C125,730,1,1,Occupied,"Ubaldi, Ulrich",ulrich.ubaldi@example.com,2025-05-26,2026-06-05,"$1,545.00","1,505.00"
GRN,Greenfield Commons,1400 Greenfield Rd,C125,730,1,1,Occupied,"Kowalczyk, Casimir",casimir.kowalczyk@example.com,2025-05-26,2026-06-05,"$1,545.00","$1,505.00"
GRN,Greenfield Commons,1400 Greenfield Road,C126,764,1,1,Employee,"Grierson, Soren",soren.grierson@example.com,2025-07-20,2026-01-25,"$1,445.00","1,415.00"
GRN,Greenfield Commons,1400 Greenfield Rd,C127,"1,050",2,1,Occupied,"Oyelaran, Clemence",clemence.oyelaran@example.org,2025-04-11,2026-02-07,"$1,915.00","$1,865.00"
GRN,Greenfield Commons,1400 Greenfield Rd,C128,974,2,1,Occupied,"Broussard, Joaquin",joaquin.broussard@example.org,2024-12-02,2025-07-17,"1,955.00","$1,955.00"
GRN,Greenfield Commons,1400 Greenfield Rd,C128,974,2,1,Occupied,"Ferrante, Bastien",bastien.ferrante@example.org,2024-12-02,2025-07-17,"1,955.00","$1,955.00"
GRN,Greenfield Commons,1400 Greenfield Rd,C129,"1,080",2,1.5,Notice,"Ferrante, Elke","elke.ferrante@example,com",2024-10-07,2025-08-13,"1,830.00","$1,790.00"
GRN,Greenfield Commons Apartments,1400 Greenfield Rd,C130,992,2,2,Employee,"Sorokin, Elke",elke.sorokin@example.com,2026-05-03,2027-05-30,"1,910.00","$1,855.00"
GRN,Greenfield Commons,1400 Greenfield Rd,C201,788,1,1,NTV,"Ferrante, Katrien",katrien.ferrante@example.org,2026-06-05,2027-06-01,"1,410.00","1,355.00"
GRN,Greenfield Commons,1400 Greenfield Rd,C202,792,1,1,Employee,"Fontaine, Yannick",yannick.fontaine@example.com,2025-05-08,,"$1,405.00","$1,375.00"
GRN,Greenfield Commons,1400 Greenfield Rd,C203,"1,028",2,1.5,Occ,"Nakamura, Marisol",marisol.nakamura@example.org,2024-11-15,2025-11-22,"$2,010.00","1,950.00"
GRN,Greenfield Commons,1400 Greenfield Rd,C204,"1,007",2,1.5,Occupied,"Broussard, Hamza",hamza.broussard@example.com,2024-03-16,2024-12-27,"$1,990.00","$1,975.00"
GRN,Greenfield Commons,1400 Greenfield Rd,C205,951,2,1,Occupied,"Cisneros, Yannick",yannick.cisneros@example.com,2026-05-01,2027-05-31,"$1,990.00","$1,935.00"
GRN,Greenfield Commons,1400 Greenfield Rd,C205,951,2,1,Occupied,"Haddad, Quentin",quentin.haddad@example.com,2026-05-01,2027-05-31,"$1,990.00","$1,935.00"
GRN,Greenfield Commons Apartments,1400 Greenfield Rd,C206,969,2,1.5,Occupied,"Oyelaran, Lachlan",lachlan.oyelaran@example.com,2025-08-20,2026-06-14,"$1,920.00","$1,880.00"
GRN,GREENFIELD COMMONS,1400 Greenfield Rd,C207,803,1,1,Occupied,"Ubaldi, Greta",greta.ubaldi@example.com,2024-08-13,2025-04-09,"$1,610.00","1,550.00"
GRN,Greenfield Commons,1400 Greenfield Rd,C208,734,1,1,Occ,"Haddad, Ulrich",ulrich.haddad@example.com,2024-05-03,2025-02-03,-,"1,460.00"
GRN,Greenfield Commons,1400 Greenfield Road,C209,711,1,1,Occupied,"Grierson, Ulrich",ulrich.grierson@example.com,2024-02-28,2024-12-27,"1,545.00","1,530.00"
GRN,Greenfield Commons,1400 Greenfield Rd,C210,702,1,1,Occupied,"Kowalczyk, Lachlan",lachlan.kowalczyk@example.com,2024-12-08,2025-08-24,"$1,545.00","$1,530.00"
GRN,Greenfield Commons,1400 Greenfield Rd,C211,788,1,1,Occ,"Radulescu, Xavier",xavier.radulescu@example.com,2024-05-22,2025-06-19,"1,480.00","1,470.00"
GRN,Greenfield Commons,1400 Greenfield Rd,C212,552,0,1,NTV,"Pemberton, Ilse",ilse.pemberton@example.com,2026-06-15,2026-12-21,"1,235.00","$1,205.00"
GRN,Greenfield Commons,1400 Greenfield Rd,C213,,2,1,Occupied,"Beaumont, Dario",dario.beaumont@example.com,2024-11-21,2025-09-04,"$1,975.00","$1,955.00"
GRN,Greenfield Commons,1400 Greenfield Rd,C214,767,1,1,Down,,,,,"$1,415.00",
GRN,Greenfield Commons,1400 Greenfield Rd,C215,765,1,1,Occupied,"Ashworth, Amara",amara.ashworth@mail.example.net,2025-11-15,2026-06-02,"$1,535.00","$1,485.00"
GRN,Greenfield Commons,1400 Greenfield Rd,C216,754,1,1,Model,,,,,"$1,540.00",
GRN,Greenfield Commons,1400 Greenfield Rd,C217,817,1,1,NTV,"Yoshida, Valentina",valentina.yoshida@example.com,2024-05-13,2024-12-29,"$1,655.00","$1,610.00"
GRN,Greenfield Commons,1400 Greenfield Rd,C217,817,1,1,NTV,"Oyelaran, Hamza",hamza.oyelaran@example.com,2024-05-13,2024-12-29,"$1,655.00","1,610.00"
GRN,Greenfield Commons,1400 Greenfield Rd,C218,"1,056",2,1,Occ,"Quintero, Bettina",bettina.quintero@example.com,2026-01-12,2026-08-03,"$2,040.00","$2,020.00"
GRN,Greenfield Commons,1400 Greenfield Rd,C219,956,2,1.5,Occ,"Sorokin, Ferran",ferran.sorokin@example.com,2025-11-15,,"$1,825.00","1,825.00"
GRN,Greenfield Commons,1400 Greenfield Rd,C220,"1,054",2,1,Occupied,"Jelinek, Elke",elke.jelinek@example.org,2025-05-27,2026-06-27,"$2,065.00","2,030.00"
GRN,Greenfield Commons,1400 Greenfield Rd,C221,768,1,1,Occupied,"Radulescu, Casimir",casimir.radulescu@example.com,2025-01-06,2026-02-10,"$1,645.00","$1,595.00"
GRN,Greenfield Commons,1400 Greenfield Rd,C222,"1,328",3,1,MTM,"Tavares, Katrien",katrien.tavares@example.com,2025-06-26,2026-05-20,"2,335.00","$2,335.00"
GRN,Greenfield Commons,1400 Greenfield Rd,C223,"1,029",2,1,Down,,,,,"$1,825.00",
GRN,Greenfield Commons,1400 Greenfield Road,C224,701,1,1,Vacant,,,,,"$1,500.00",
GRN,Greenfield Commons,1400 Greenfield Rd,C225,769,1,1,NTV,"Nakamura, Delphine",delphine.nakamura@example.com,2026-04-24,,"$1,580.00","$1,555.00"
GRN,Greenfield Commons,1400 Greenfield Rd,C226,797,1,1,Down,,,,,"1,540.00",
GRN,Greenfield Commons,1400 Greenfield Rd,C227,"1,313",3,1,NTV,"Broussard, Soren",soren.broussard@mail.example.net,2024-06-29,2025-02-10,"$2,440.00","2,395.00"
GRN,Greenfield Commons,1400 Greenfield Rd,C228,773,1,1,VAC,,,,,"$1,420.00",
GRN,Greenfield Commons,1400 Greenfield Rd,C229,"1,021",2,1,MTM,"Tavares, Marisol",marisol.tavares@mail.example.net,2025-06-07,,"$2,000.00","$2,000.00"
GRN,Greenfield Commons Apartments,1400 Greenfield Rd,C229,"1,021",2,1,Occupied,"Ferrante, Xavier",xavier.ferrante@mail.example.net,2025-07-28,2026-05-12,"$2,000.00","$2,025.00"
GRN,Greenfield Commons,1400 Greenfield Rd,C230,461,0,1,Occupied,"Yoshida, Soren",soren.yoshida@example.org,2026-04-14,2026-10-31,"$1,065.00","1,020.00"
GRN,Greenfield Commons,1400 Greenfield Road,C230,461,0,1,Occupied,"Dupont, Lachlan",lachlan.dupont@mail.example.net,2026-04-14,2026-10-31,"$1,065.00","1,020.00"
GRN,Greenfield Commons,1400 Greenfield Rd,C301,959,2,1,Down,,,,,"1,970.00",
GRN,Greenfield Commons,1400 Greenfield Rd,C302,978,2,2,Occ,"Wexler, Lachlan",lachlan.wexler@mail.example.net,2026-01-18,2027-01-13,"$2,035.00","$2,030.00"
GRN,Greenfield Commons,1400 Greenfield Rd,C303,,1,1,Occ,"Mwangi, Katrien",katrien.mwangi@example.org,2024-08-05,,"1,555.00","$1,500.00"
GRN,Greenfield Commons,1400 Greenfield Rd,C304,717,1,1,Occupied,"Beaumont, Delphine",delphine.beaumont@example.com,05/2026,2026-11-13,"1,460.00","$1,410.00"
GRN,Greenfield Commons,1400 Greenfield Rd,C305,690,1,1,Occ,"Beaumont, Yannick",yannick.beaumont@mail.example.net,2024-09-16,,"$1,590.00","1,560.00"
GRN,Greenfield Commons,1400 Greenfield Rd,C306,"1,007",2,2,Occupied,"Pemberton, Casimir",casimir.pemberton@example.org,2024-10-01,2025-05-04,"1,855.00","$1,855.00"
GRN,Greenfield Commons,1400 Greenfield Road,C307,783,1,1,Occ,"Dupont, Delphine",delphine.dupont@mail.example.net,2024-06-15,2025-07-13,"$1,570.00","$1,570.00"
GRN,Greenfield Commons,1400 Greenfield Rd,C308,"1,019",2,1,Occ,"Grierson, Elke",elke.grierson@mail.example.net,2025-10-18,2026-04-25,"$1,835.00","$1,795.00"
GRN,Greenfield Commons,1400 Greenfield Rd,C309,726,1,1,Occupied,"Beaumont, Bastien","bastien.beaumont@example,com",2024-11-07,2025-09-16,"1,570.00","$1,560.00"
GRN,Greenfield Commons,1400 Greenfield Rd,C310,686,1,1,Occupied,"Wexler, Ferran",ferran.wexler@example.com,2024-06-06,2025-05-09,"$1,540.00","1,490.00"
GRN,Greenfield Commons,1400 Greenfield Rd,C310,686,1,1,MTM,"Ishikawa, Valentina",valentina.ishikawa@mail.example.net,2025-05-23,,"$1,540.00","$1,530.00"
GRN,Greenfield Commons,1400 Greenfield Rd,C311,685,1,1,Occupied,"Jelinek, Wilhelmina",wilhelmina.jelinek@example.com,2025-12-30,2026-08-21,"1,435.00","1,415.00"
GRN,Greenfield Commons,1400 Greenfield Rd,C312,756,1,1,Occupied,"Calderon, Ilse",ilse.calderon@example.com,2025-06-15,2026-05-11,"$1,530.00","1,475.00"
GRN,Greenfield Commons,1400 Greenfield Rd,C312,756,1,1,Occupied,"Tavares, Greta",greta.tavares@mail.example.net,2025-06-15,2026-05-11,"$1,530.00","$1,475.00"
GRN,Greenfield Commons,1400 Greenfield Rd,C313,682,1,1,NTV,"Broussard, Clemence",clemence.broussard@example.com,2026-03-28,2027-04-29,"1,480.00","$1,470.00"
GRN,Greenfield Commons,1400 Greenfield Rd,C314,541,0,1,MTM,"Eriksen, Delphine",delphine.eriksen@example.com,2024-12-15,2025-10-05,"1,090.00","1,065.00"
GRN,Greenfield Commons,1400 Greenfield Rd,C315,681,1,1,Vacant,,,,,"$1,625.00",
GRN,Greenfield Commons,1400 Greenfield Rd,C316,768,1,1,MTM,"Calderon, Ulrich",ulrich.calderon@example.com,2025-12-15,2026-12-30,"$1,495.00","$1,455.00"
GRN,Greenfield Commons Apartments,1400 Greenfield Rd,C317,543,0,1,Employee,"Wexler, Ulrich",ulrich.wexler@example.org,2026-04-05,2027-04-24,"1,100.00","1,065.00"
GRN,Greenfield Commons,1400 Greenfield Rd,C318,456,0,1,Notice,"Beaumont, Greta",greta.beaumont@mail.example.net,2026-04-02,2027-03-03,"$1,205.00","$1,145.00"
GRN,Greenfield Commons,1400 Greenfield Rd,C319,781,1,1,Occ,"Wexler, Aurelio",aurelio.wexler@example.org,2025-06-17,2026-05-20,"1,570.00","$1,515.00"
GRN,Greenfield Commons,1400 Greenfield Rd,C320,"1,013",2,2,Occupied,"Nakamura, Casimir",casimir.nakamura@example.com,2024-09-19,2025-06-28,"$1,965.00","$1,955.00"
GRN,Greenfield Commons,1400 Greenfield Rd,C321,551,0,1,Occ,"Ubaldi, Greta",greta.ubaldi@example.com,2026-03-13,,"1,105.00","$1,085.00"
GRN,Greenfield Commons,1400 Greenfield Rd,C322,788,1,1,Occupied,"Kowalczyk, Wilhelmina",wilhelmina.kowalczyk@example.com,2026-07-02,2027-05-05,"$1,575.00","1,515.00"
GRN,Greenfield Commons,1400 Greenfield Rd,C323,"1,050",2,1,Occupied,"Quintero, Amara",amara.quintero@example.com,2024-03-30,2024-10-30,"$1,945.00","$1,935.00"
GRN,Greenfield Commons,1400 Greenfield Rd,C324,481,0,1,Model,,,,,$995.00,
GRN,Greenfield Commons,1400 Greenfield Rd,C325,"1,240",3,1,Notice,"Zambrano, Delphine",delphine.zambrano@mail.example.net,2024-10-03,2025-06-13,"$2,425.00","2,410.00"
GRN,Greenfield Commons,1400 Greenfield Rd,C326,807,1,1,Occupied,"Haddad, Valentina",valentina.haddad@mail.example.net,2025-02-12,2026-01-09,"1,610.00","$1,605.00"
GRN,Greenfield Commons,1400 Greenfield Rd,C327,"1,028",2,2,Occupied,"Ishikawa, Priya",priya.ishikawa@example.com,2025-07-22,2026-04-10,"$2,020.00","$2,000.00"
GRN,Greenfield Commons,1400 Greenfield Rd,C328,818,1,1,MTM,"Danquah, Ottilie",ottilie.danquah@example.com,2026-02-08,2026-12-16,"$1,605.00","$1,550.00"
GRN,Greenfield Commons,1400 Greenfield Rd,C329,775,1,1,MTM,"Nakamura, Ottilie",ottilie.nakamura@example.com,2024-08-31,2025-07-19,"1,615.00","1,565.00"
GRN,Greenfield Commons,1400 Greenfield Rd,C330,764,1,1,Occupied,"Villanueva, Joaquin",joaquin.villanueva@example.com,2025-09-10,,"1,405.00","$1,370.00"
GRN,Greenfield Commons,1400 Greenfield Rd,C401,"1,005",2,1.5,MTM,"Engelhardt, Wilhelmina",wilhelmina.engelhardt@mail.example.net,2025-12-29,2026-11-29,"1,880.00","$1,875.00"
GRN,Greenfield Commons,1400 Greenfield Rd,C402,438,0,1,Occ,"Jelinek, Zora",zora.jelinek@example.com,2025-06-18,2026-06-26,"$1,005.00",$980.00
GRN,Greenfield Commons,1400 Greenfield Rd,C403,787,1,1,Occ,"Mwangi, Ferran",ferran.mwangi@example.com,2026-04-15,2026-11-21,"1,630.00","$1,605.00"
GRN,Greenfield Commons,1400 Greenfield Rd,C404,782,1,1,Occupied,"Broussard, Bettina",bettina.broussard@mail.example.net,2026-05-31,,"$1,595.00","1,535.00"
GRN,Greenfield Commons,1400 Greenfield Rd,C405,"1,028",2,1,MTM,"Engelhardt, Zora",zora.engelhardt@example.com,2026-03-17,2027-01-24,"2,035.00","1,990.00"
GRN,Greenfield Commons,1400 Greenfield Rd,C406,974,2,1,MTM,"Ferrante, Greta",greta.ferrante@example.com,2025-01-03,2025-07-06,"$2,075.00","2,070.00"
GRN,Greenfield Commons,1400 Greenfield Rd,C407,"1,245",3,2,MTM,"Eriksen, Elke",elke.eriksen@example.org,2025-12-30,2026-07-01,"2,445.00","$2,420.00"
GRN,Greenfield Commons,1400 Greenfield Rd,C408,755,1,1,Notice,"Fontaine, Bastien",bastien.fontaine@mail.example.net,2026-04-24,2026-12-24,"$1,575.00","$1,515.00"
GRN,Greenfield Commons,1400 Greenfield Road,C409,739,1,1,Occupied,"Beaumont, Zora",zora.beaumont@mail.example.net,2024-03-11,2025-02-15,"1,405.00","$1,405.00"
GRN,Greenfield Commons,1400 Greenfield Rd,C410,"1,023",2,2,Occupied,"Ishikawa, Hamza",hamza.ishikawa@example.org,2026-05-05,2027-06-06,"$1,825.00","1,825.00"
GRN,Greenfield Commons,1400 Greenfield Rd,C411,479,0,1,MTM,"Oyelaran, Dario",dario.oyelaran@mail.example.net,2026-04-14,2027-05-10,"1,165.00","1,105.00"
GRN,Greenfield Commons,1400 Greenfield Rd,C412,761,1,1,Occupied,"Lindgren, Yannick",yannick.lindgren@example.com,2026-06-02,2027-01-28,"1,465.00","1,420.00"
GRN,Greenfield Commons,1400 Greenfield Rd,C413,"1,206",3,2,MTM,"Ferrante, Marisol",marisol.ferrante@mail.example.net,2025-01-09,2025-09-19,"$2,385.00","$2,335.00"
GRN,Greenfield Commons,1400 Greenfield Rd,C414,805,1,1,Occupied,"Tavares, Ferran",ferran.tavares@example.org,2026-04-28,2027-01-18,"1,585.00","$1,525.00"
GRN,Greenfield Commons,1400 Greenfield Rd,C415,539,0,1,Occupied,"Haddad, Aurelio",aurelio.haddad@example.com,2025-03-20,2026-03-22,-,"1,085.00"
GRN,Greenfield Commons,1400 Greenfield Rd,C416,"1,048",2,2,Occ,"Nakamura, Rosalind",rosalind.nakamura@mail.example.net,2024-05-28,2025-03-17,"1,880.00","$1,825.00"
GRN,Greenfield Commons,1400 Greenfield Rd,C417,"1,224",3,2,NTV,"Zambrano, Ottilie",ottilie.zambrano@example.com,2024-10-21,2025-07-18,"$2,245.00","$2,235.00"
GRN,Greenfield Commons,1400 Greenfield Rd,C418,776,1,1,Occupied,"Eriksen, Priya",priya.eriksen@example.com,2024-03-23,2024-11-05,"1,420.00","$1,385.00"
GRN,Greenfield Commons,1400 Greenfield Rd,C419,820,1,1,Occupied,"Wexler, Priya",priya.wexler@example.org,2024-09-22,2025-09-15,"$1,490.00","1,450.00"
GRN,Greenfield Commons Apartments,1400 Greenfield Rd,C420,686,1,1,Occupied,"Haddad, Dario",dario.haddad@example.com,2026-06-02,2027-04-26,"$1,445.00","$1,420.00"
GRN,Greenfield Commons Apartments,1400 Greenfield Rd,C421,470,0,1,Down,,,,,995.00,
GRN,Greenfield Commons,1400 Greenfield Rd,C422,748,1,1,Occupied,"Dupont, Ilse",ilse.dupont@mail.example.net,2024-10-13,2025-10-29,"$1,480.00","1,425.00"
GRN,Greenfield Commons,1400 Greenfield Road,C422,748,1,1,Occ,"Dupont, Aurelio",aurelio.dupont@example.org,11/2025,2026-11-27,"1,480.00","$1,465.00"
GRN,Greenfield Commons,1400 Greenfield Rd,C423,816,1,1,Occupied,"Fontaine, Dario",dario.fontaine@example.com,2025-01-21,2025-12-29,"$1,590.00","1,570.00"
GRN,Greenfield Commons,1400 Greenfield Rd,C424,"1,207",3,1,Notice,"Oyelaran, Hamza",hamza.oyelaran@example.com,2026-03-18,2026-10-28,"$2,380.00","2,320.00"
GRN,Greenfield Commons,1400 Greenfield Rd,C425,984,2,1,Occupied,"Jelinek, Quentin",quentin.jelinek@example.com,2025-01-18,2025-08-31,"1,895.00","1,885.00"
GRN,Greenfield Commons,1400 Greenfield Rd,C426,"1,001",2,1,Occupied,"Eriksen, Wilhelmina",wilhelmina.eriksen@mail.example.net,2024-02-15,2024-10-28,"$1,855.00","1,845.00"
GRN,Greenfield Commons,1400 Greenfield Rd,C427,471,0,1,NTV,"Zambrano, Ulrich",ulrich.zambrano@example.org,2024-09-02,2025-05-27,"$1,020.00",$990.00
GRN,Greenfield Commons Apartments,1400 Greenfield Rd,C428,747,1,1,Occupied,"Cisneros, Casimir",casimir.cisneros@example.com,2026-03-09,2027-03-15,"$1,495.00","$1,475.00"
GRN,Greenfield Commons,1400 Greenfield Rd,C429,974,2,1.5,VAC,,,,,"1,825.00",
GRN,Greenfield Commons,1400 Greenfield Rd,C430,"1,053",2,2,Occupied,"Calderon, Ulrich",ulrich.calderon@example.com,2026-04-20,2026-11-04,"$1,975.00","1,945.00"
GRN,Greenfield Commons,1400 Greenfield Rd,D101,792,1,1,MTM,"Haddad, Casimir",casimir.haddad@mail.example.net,2025-11-26,2026-06-22,"$1,475.00","1,420.00"
GRN,Greenfield Commons,1400 Greenfield Rd,D102,781,1,1,Notice,"Danquah, Bettina",bettina.danquah@example.com,2025-07-15,2026-07-10,"1,465.00","1,460.00"
GRN,Greenfield Commons,1400 Greenfield Rd,D103,944,2,1,Occupied,"Ubaldi, Amara","amara.ubaldi@example,com",2026-05-30,2027-02-21,"$1,940.00","1,915.00"
GRN,Greenfield Commons,1400 Greenfield Rd,D104,764,1,1,Occupied,"Jelinek, Clemence",clemence.jelinek@example.com,2024-08-21,2025-09-17,"$1,590.00","1,540.00"
GRN,Greenfield Commons,1400 Greenfield Rd,D105,682,1,1,Occupied,"Engelhardt, Ferran",ferran.engelhardt@example.org,2023-07-03,2024-06-15,"$1,610.00","1,545.00"
GRN,Greenfield Commons,1400 Greenfield Road,D105,682,1,1,Occ,"Ferrante, Delphine",delphine.ferrante@example.org,2024-06-27,2025-04-27,"$1,610.00","$1,585.00"
GRN,Greenfield Commons,1400 Greenfield Rd,D106,"1,200",3,1,Occupied,"Villanueva, Nadim",nadim.villanueva@example.com,2025-08-11,,"2,390.00","$2,345.00"
GRN,Greenfield Commons,1400 Greenfield Rd,D107,690,1,1,Occ,"Grierson, Bettina",bettina.grierson@mail.example.net,2026-05-08,2026-11-30,"$1,470.00","$1,455.00"
GRN,Greenfield Commons,1400 Greenfield Rd,D108,798,1,1,Occ,"Danquah, Ilse",ilse.danquah@example.com,2025-08-21,2026-07-18,"1,525.00","1,490.00"
GRN,GREENFIELD COMMONS,1400 Greenfield Rd,D109,731,1,1,Occupied,,,2026-04-07,,"1,545.00","1,525.00"
GRN,Greenfield Commons,1400 Greenfield Rd,D110,724,1,1,Occupied,"Dupont, Elke",elke.dupont@example.com,2026-02-16,2027-01-11,"1,635.00","1,585.00"
GRN,Greenfield Commons,1400 Greenfield Rd,D111,778,1,1,Vacant,,,,,"$1,485.00",
GRN,Greenfield Commons,1400 Greenfield Rd,D112,"1,239",3,1,Occupied,"Quintero, Quentin",quentin.quintero@mail.example.net,2026-04-10,2027-02-06,"$2,285.00","$2,250.00"
GRN,Greenfield Commons,1400 Greenfield Rd,D113,732,1,1,Occ,"Ubaldi, Zora",zora.ubaldi@mail.example.net,2024-11-04,2025-08-15,"1,595.00","1,595.00"
GRN,Greenfield Commons,1400 Greenfield Rd,D114,"1,283",3,1,MTM,"Ashworth, Xavier",xavier.ashworth@mail.example.net,2025-09-22,2026-07-21,"$2,285.00","$2,270.00"
GRN,Greenfield Commons,1400 Greenfield Rd,D115,714,1,1,Notice,"Cisneros, Clemence",clemence.cisneros@example.com,2024-02-29,2025-02-02,"$1,575.00","1,530.00"
GRN,Greenfield Commons,1400 Greenfield Rd,D116,735,1,1,Occupied,"Jelinek, Bastien",bastien.jelinek@example.com,06/2025,2026-01-10,"1,500.00","$1,490.00"
GRN,Greenfield Commons,1400 Greenfield Rd,D117,"1,311",3,1.5,Employee,"Ishikawa, Zora",zora.ishikawa@mail.example.net,2024-06-15,2025-02-15,"$2,435.00","2,395.00"
GRN,Greenfield Commons,1400 Greenfield Road,D118,716,1,1,Occupied,"Kowalczyk, Casimir",casimir.kowalczyk@example.com,2025-12-15,2026-10-26,"1,525.00","$1,495.00"
GRN,Greenfield Commons,1400 Greenfield Rd,D119,424,0,1,Occupied,"Ashworth, Nadim",nadim.ashworth@example.com,2024-04-27,2025-01-03,"1,050.00","$1,020.00"
GRN,Greenfield Commons,1400 Greenfield Rd,D120,"1,042",2,1,Occupied,"Pemberton, Zora",zora.pemberton@mail.example.net,2024-09-13,,"$2,030.00","1,980.00"
GRN,Greenfield Commons,1400 Greenfield Rd,D121,727,1,1,Occupied,"Engelhardt, Clemence",clemence.engelhardt@example.org,2025-04-20,2026-02-03,"1,640.00","$1,580.00"
GRN,Greenfield Commons,1400 Greenfield Rd,D122,699,1,1,Occupied,"Calderon, Rosalind",rosalind.calderon@example.com,2025-10-21,2026-10-19,"1,405.00","$1,400.00"
GRN,Greenfield Commons,1400 Greenfield Rd,D123,"1,012",2,1,Notice,"Villanueva, Marisol",marisol.villanueva@example.org,2024-09-14,2025-04-11,"$2,035.00","1,990.00"
GRN,Greenfield Commons,1400 Greenfield Rd,D124,993,2,1.5,Occupied,"Jelinek, Joaquin",joaquin.jelinek@example.com,2024-07-17,,"1,850.00","$1,845.00"
GRN,Greenfield Commons,1400 Greenfield Rd,D125,807,1,1,Notice,"Danquah, Rosalind",rosalind.danquah@example.org,2025-03-08,2026-02-03,"1,415.00","$1,390.00"
GRN,Greenfield Commons,1400 Greenfield Rd,D126,687,1,1,Notice,"Villanueva, Tamsin",tamsin.villanueva@mail.example.net,2025-01-26,2026-02-02,"$1,565.00","$1,550.00"
GRN,Greenfield Commons,1400 Greenfield Rd,D127,"1,295",3,1.5,Occupied,"Calderon, Ottilie",ottilie.calderon@mail.example.net,2025-06-29,2026-07-26,"2,385.00","$2,335.00"
GRN,Greenfield Commons,1400 Greenfield Rd,D128,"1,020",2,1.5,Occupied,"Ishikawa, Amara",amara.ishikawa@example.com,2025-06-22,2026-03-09,"2,060.00","2,030.00"
GRN,Greenfield Commons,1400 Greenfield Rd,D129,763,1,1,Vacant-Ready,,,,,"$1,415.00",
GRN,Greenfield Commons Apartments,1400 Greenfield Rd,D130,442,0,1,Occ,"Zambrano, Greta",greta.zambrano@example.org,2024-11-25,2025-08-16,"$1,200.00","$1,160.00"
GRN,Greenfield Commons,1400 Greenfield Rd,D201,698,1,1,Occupied,"Sorokin, Bastien",bastien.sorokin@example.com,2025-06-20,2026-04-12,"$1,470.00","1,415.00"
GRN,Greenfield Commons,1400 Greenfield Rd,D202,"1,220",3,2,Occupied,"Fontaine, Wilhelmina",wilhelmina.fontaine@example.com,2025-11-24,2026-08-30,"2,245.00","$2,225.00"
GRN,Greenfield Commons,1400 Greenfield Rd,D203,940,2,1.5,Occ,"Eriksen, Xavier",xavier.eriksen@example.org,2025-10-04,2026-10-19,"$1,960.00","1,960.00"
GRN,Greenfield Commons,1400 Greenfield Rd,D204,766,1,1,Notice,"Sorokin, Aurelio",aurelio.sorokin@example.com,2026-02-02,2026-08-02,"$1,575.00","1,530.00"
GRN,Greenfield Commons,1400 Greenfield Road,D205,"1,247",3,1.5,Occupied,"Jelinek, Clemence",clemence.jelinek@mail.example.net,2025-02-01,2026-02-25,"2,460.00","2,420.00"
GRN,Greenfield Commons,1400 Greenfield Rd,D206,"1,271",3,1,Occupied,"Ishikawa, Tamsin",tamsin.ishikawa@example.com,2024-05-11,2025-01-03,"$2,410.00","$2,375.00"
GRN,Greenfield Commons,1400 Greenfield Road,D207,"1,065",2,2,Vacant,,,,,"$1,970.00",
GRN,Greenfield Commons,1400 Greenfield Rd,D208,746,1,1,Occupied,"Danquah, Xavier",xavier.danquah@example.com,2026-04-17,2027-04-27,"1,635.00","$1,585.00"
GRN,Greenfield Commons,1400 Greenfield Rd,D209,945,2,1.5,MTM,"Haddad, Priya",priya.haddad@mail.example.net,2024-11-25,2025-12-24,"$1,920.00","1,890.00"
GRN,Greenfield Commons,1400 Greenfield Rd,D210,951,2,1,Notice,"Villanueva, Ferran",ferran.villanueva@example.com,2026-06-08,2027-03-26,"2,075.00","$2,065.00"
GRN,Greenfield Commons,1400 Greenfield Rd,D211,958,2,2,NTV,"Kowalczyk, Casimir",casimir.kowalczyk@example.org,2024-08-12,2025-08-29,"1,960.00","$1,955.00"
GRN,Greenfield Commons,1400 Greenfield Rd,D212,733,1,1,Occupied,"Kowalczyk, Delphine",delphine.kowalczyk@example.org,2025-06-21,,"$1,610.00","1,585.00"
GRN,Greenfield Commons Apartments,1400 Greenfield Rd,D213,"1,288",3,2,Occupied,"Calderon, Katrien","katrien.calderon@example,com",2025-12-12,,"$2,485.00","$2,465.00"
GRN,Greenfield Commons,1400 Greenfield Road,D213,"1,288",3,2,Occupied,"Haddad, Rosalind",rosalind.haddad@mail.example.net,2025-12-12,,"$2,485.00","2,465.00"
GRN,Greenfield Commons,1400 Greenfield Rd,D214,"1,074",2,2,Occupied,"Beaumont, Tamsin",tamsin.beaumont@example.com,2024-06-11,2025-06-30,"$1,825.00","$1,750.00"
GRN,Greenfield Commons Apartments,1400 Greenfield Rd,D214,"1,074",2,2,Occupied,"Kowalczyk, Xavier",xavier.kowalczyk@example.com,2025-08-03,2026-04-23,"1,825.00","1,790.00"
GRN,Greenfield Commons,1400 Greenfield Rd,D215,"1,001",2,1,Occupied,"Ferrante, Ottilie",ottilie.ferrante@example.com,2024-04-02,2025-02-10,"$1,995.00","$1,955.00"
GRN,Greenfield Commons,1400 Greenfield Rd,D216,469,0,1,MTM,"Calderon, Priya",priya.calderon@mail.example.net,2026-05-05,2027-04-07,"$1,070.00","$1,035.00"
GRN,Greenfield Commons,1400 Greenfield Rd,D217,782,1,1,Occupied,"Sorokin, Bettina",bettina.sorokin@mail.example.net,2024-11-28,2025-07-22,"1,625.00","$1,605.00"
GRN,Greenfield Commons,1400 Greenfield Rd,D218,428,0,1,NTV,"Jelinek, Nadim",nadim.jelinek@example.com,2024-06-09,2025-01-17,"$1,075.00","$1,070.00"
GRN,Greenfield Commons,1400 Greenfield Rd,D219,"1,300",3,2,Notice,"Beaumont, Katrien",katrien.beaumont@example.com,2024-03-09,2024-11-17,"2,420.00","$2,365.00"
GRN,Greenfield Commons,1400 Greenfield Rd,D220,"1,027",2,2,VAC,,,,,"1,920.00",
GRN,Greenfield Commons,1400 Greenfield Rd,D221,683,1,1,NTV,"Lindgren, Bettina",bettina.lindgren@example.org,2024-08-11,2025-07-10,"1,525.00","1,485.00"
GRN,Greenfield Commons,1400 Greenfield Rd,D222,794,1,1,Occupied,"Haddad, Greta",greta.haddad@example.com,2025-10-07,2026-08-05,"$1,555.00","1,545.00"
GRN,Greenfield Commons,1400 Greenfield Road,D223,817,1,1,NTV,"Nakamura, Marisol",marisol.nakamura@example.com,2026-03-27,2027-01-24,"$1,555.00","1,505.00"
GRN,Greenfield Commons,1400 Greenfield Rd,D224,699,1,1,Vacant-Ready,,,,,"$1,555.00",
GRN,Greenfield Commons,1400 Greenfield Rd,D225,683,1,1,Occupied,"Ferrante, Bastien",bastien.ferrante@example.com,2024-08-10,2025-06-14,"1,650.00","$1,575.00"
GRN,Greenfield Commons,1400 Greenfield Rd,D225,683,1,1,Occupied,"Sorokin, Rosalind",rosalind.sorokin@example.com,2025-07-02,,"1,650.00","$1,615.00"
GRN,Greenfield Commons,1400 Greenfield Rd,D226,"1,016",2,2,Occ,"Grierson, Ilse",ilse.grierson@example.org,2026-04-20,2027-01-03,"1,880.00","1,880.00"
GRN,Greenfield Commons,1400 Greenfield Rd,D226,"1,016",2,2,Occupied,"Dupont, Wilhelmina",wilhelmina.dupont@mail.example.net,2026-09-03,2027-03-28,"$1,880.00","$1,905.00"
GRN,Greenfield Commons,1400 Greenfield Rd,D227,777,1,1,Occupied,"Broussard, Ottilie",ottilie.broussard@example.com,2024-06-24,2025-07-08,"$1,430.00","$1,380.00"
GRN,Greenfield Commons,1400 Greenfield Road,D228,529,0,1,MTM,"Engelhardt, Ottilie",ottilie.engelhardt@example.com,2025-12-26,,"1,190.00","1,130.00"
GRN,Greenfield Commons,1400 Greenfield Rd,D229,806,1,1,NTV,"Danquah, Delphine",delphine.danquah@example.com,2026-03-12,2027-03-05,"1,655.00","1,645.00"
GRN,Greenfield Commons,1400 Greenfield Rd,D230,421,0,1,Occupied,"Ashworth, Marisol",marisol.ashworth@example.org,2024-05-21,2024-12-20,"1,085.00","1,050.00"
GRN,GREENFIELD COMMONS,1400 Greenfield Rd,D301,"1,037",2,1,Occupied,"Eriksen, Ulrich",ulrich.eriksen@mail.example.net,2024-11-25,2025-07-18,"$1,890.00","1,830.00"
GRN,Greenfield Commons,1400 Greenfield Rd,D302,"1,034",2,1,Occupied,"Yoshida, Xavier",xavier.yoshida@example.com,2025-06-17,2026-06-21,"$1,890.00","1,840.00"
GRN,Greenfield Commons,1400 Greenfield Rd,D303,737,1,1,Occupied,"Lindgren, Priya",priya.lindgren@example.com,2026-05-01,2027-03-02,"1,655.00","$1,650.00"
GRN,Greenfield Commons,1400 Greenfield Rd,D304,"1,233",3,1.5,Occupied,"Danquah, Joaquin",joaquin.danquah@mail.example.net,2024-10-20,2025-05-15,"$2,465.00","2,465.00"
GRN,Greenfield Commons,1400 Greenfield Rd,D305,782,1,1,Occupied,"Oyelaran, Wilhelmina",wilhelmina.oyelaran@example.com,2026-05-29,2027-06-01,"$1,650.00","$1,625.00"
GRN,Greenfield Commons,1400 Greenfield Rd,D306,796,1,1,Occupied,"Pemberton, Nadim",nadim.pemberton@example.com,2026-03-28,2027-02-20,"$1,610.00","$1,570.00"
GRN,Greenfield Commons,1400 Greenfield Rd,D307,"1,306",3,1.5,Occ,"Danquah, Dario",dario.danquah@example.org,2025-11-15,2026-08-15,"2,425.00","2,420.00"
GRN,Greenfield Commons,1400 Greenfield Rd,D308,"1,234",3,1,Occ,"Oyelaran, Lachlan",lachlan.oyelaran@example.com,2024-05-06,2025-01-07,"$2,350.00","$2,315.00"
GRN,Greenfield Commons,1400 Greenfield Rd,D309,969,2,1.5,Notice,"Beaumont, Casimir",casimir.beaumont@mail.example.net,2026-02-23,2026-11-14,"1,840.00","1,785.00"
GRN,Greenfield Commons,1400 Greenfield Rd,D310,970,2,1,Vacant,,,,,"$2,060.00",
GRN,Greenfield Commons,1400 Greenfield Rd,D311,986,2,1.5,Vacant,,,,,"1,955.00",
GRN,Greenfield Commons,1400 Greenfield Rd,D312,"1,232",3,2,MTM,"Fontaine, Priya",priya.fontaine@mail.example.net,2026-05-31,2027-04-15,"2,430.00","$2,395.00"
GRN,GREENFIELD COMMONS,1400 Greenfield Rd,D313,"1,058",2,1,NTV,"Nakamura, Soren",soren.nakamura@mail.example.net,2025-07-06,2026-07-07,"$1,875.00","1,830.00"
GRN,Greenfield Commons,1400 Greenfield Rd,D314,427,0,1,Notice,"Ferrante, Tamsin",tamsin.ferrante@example.com,05/2025,2026-04-11,"$1,180.00","$1,180.00"
GRN,Greenfield Commons,1400 Greenfield Rd,D315,"1,010",2,1.5,Occupied,"Tavares, Elke",elke.tavares@example.com,2025-03-27,2026-01-20,"2,055.00","$2,025.00"
GRN,Greenfield Commons,1400 Greenfield Rd,D316,538,0,1,Occupied,"Jelinek, Amara",amara.jelinek@mail.example.net,2025-06-06,2026-03-02,"$1,185.00","$1,140.00"
GRN,Greenfield Commons,1400 Greenfield Rd,D316,538,0,1,Occupied,"Kowalczyk, Rosalind",rosalind.kowalczyk@example.com,2025-06-06,2026-03-02,"$1,185.00","1,140.00"
GRN,Greenfield Commons,1400 Greenfield Rd,D317,556,0,1,Occ,"Kowalczyk, Joaquin",joaquin.kowalczyk@example.com,2025-04-21,,"$1,110.00","$1,075.00"
GRN,Greenfield Commons,1400 Greenfield Rd,D318,"1,281",3,2,MTM,"Wexler, Nadim",nadim.wexler@example.com,2026-05-26,2027-05-29,"2,300.00","2,285.00"
GRN,Greenfield Commons,1400 Greenfield Rd,D319,708,1,1,Occupied,"Engelhardt, Wilhelmina",wilhelmina.engelhardt@example.com,2026-03-11,2026-12-08,"1,495.00","1,435.00"
GRN,Greenfield Commons,1400 Greenfield Rd,D320,705,1,1,Occupied,"Ashworth, Xavier",xavier.ashworth@example.com,2026-06-23,2027-05-17,"$1,550.00","$1,505.00"
GRN,Greenfield Commons Apartments,1400 Greenfield Road,D321,"1,225",3,1,MTM,"Beaumont, Yannick",yannick.beaumont@mail.example.net,2024-09-09,2025-09-26,"2,250.00","$2,250.00"
GRN,Greenfield Commons,1400 Greenfield Rd,D322,730,1,1,Vacant,,,,,"$1,440.00",
GRN,Greenfield Commons,1400 Greenfield Rd,D323,"1,224",3,2,VAC,"Wexler, Quentin",,,,"2,395.00",
GRN,Greenfield Commons,1400 Greenfield Road,D324,807,1,1,Occ,"Kowalczyk, Lachlan",lachlan.kowalczyk@mail.example.net,2024-10-17,2025-07-04,"$1,480.00","$1,465.00"
GRN,Greenfield Commons,1400 Greenfield Rd,D324,807,1,1,Occ,"Cisneros, Priya",priya.cisneros@example.com,2024-10-17,2025-07-04,"$1,480.00","1,465.00"
GRN,Greenfield Commons,1400 Greenfield Rd,D325,957,2,1,Occ,"Pemberton, Aurelio",aurelio.pemberton@mail.example.net,2024-11-06,2025-11-28,"1,920.00","$1,880.00"
GRN,Greenfield Commons,1400 Greenfield Rd,D326,"1,024",2,1.5,Occupied,"Engelhardt, Bettina",bettina.engelhardt@example.com,2024-08-02,2025-04-14,"$1,840.00","$1,785.00"
GRN,Greenfield Commons,1400 Greenfield Rd,D327,751,1,1,Occupied,"Ferrante, Clemence",clemence.ferrante@mail.example.net,2026-06-13,2027-02-27,"1,550.00","$1,510.00"
GRN,Greenfield Commons Apartments,1400 Greenfield Rd,D328,527,0,1,Vacant,,,,,"$1,025.00",
GRN,Greenfield Commons Apartments,1400 Greenfield Road,D329,455,0,1,Occupied,"Ashworth, Nadim",nadim.ashworth@example.com,2023-12-15,2024-10-27,"1,235.00","$1,160.00"
GRN,Greenfield Commons,1400 Greenfield Rd,D329,455,0,1,NTV,"Sorokin, Aurelio",aurelio.sorokin@mail.example.net,2024-11-13,2025-07-30,"$1,235.00","$1,200.00"
GRN,Greenfield Commons,1400 Greenfield Road,D330,738,1,1,Occ,"Calderon, Elke",elke.calderon@example.com,2025-04-21,2025-12-27,"1,435.00","1,435.00"
GRN,Greenfield Commons,1400 Greenfield Rd,D401,729,1,1,Occupied,"Wexler, Elke",elke.wexler@example.com,2025-11-04,2026-09-25,"1,415.00","$1,365.00"
GRN,Greenfield Commons,1400 Greenfield Rd,D402,"1,070",2,1.5,Notice,"Kowalczyk, Ottilie",ottilie.kowalczyk@example.org,2024-08-15,2025-04-03,"$1,990.00","1,980.00"
GRN,Greenfield Commons,1400 Greenfield Road,D403,814,1,1,Occupied,"Eriksen, Hamza",hamza.eriksen@example.com,2026-01-11,2026-11-23,"1,475.00","$1,450.00"
GRN,Greenfield Commons,1400 Greenfield Rd,D404,"1,330",3,2,Occupied,"Lindgren, Ilse",ilse.lindgren@example.com,2025-07-22,2026-02-06,"2,390.00","2,335.00"
GRN,Greenfield Commons,1400 Greenfield Rd,D404,"1,330",3,2,Occupied,"Nakamura, Ottilie",ottilie.nakamura@example.com,2025-07-22,2026-02-06,"$2,390.00","2,335.00"
GRN,Greenfield Commons,1400 Greenfield Rd,D405,"1,277",3,1.5,Occ,"Dupont, Elke",elke.dupont@mail.example.net,2024-04-13,2025-01-14,"2,350.00","$2,345.00"
GRN,Greenfield Commons,1400 Greenfield Rd,D406,749,1,1,MTM,"Fontaine, Casimir",casimir.fontaine@example.com,2026-04-27,2027-04-10,"1,480.00","$1,470.00"
GRN,Greenfield Commons,1400 Greenfield Rd,D407,959,2,1.5,Occ,"Kowalczyk, Ulrich",ulrich.kowalczyk@mail.example.net,2025-09-19,2026-09-10,"1,855.00","1,830.00"
GRN,Greenfield Commons,1400 Greenfield Rd,D408,758,1,1,Occ,"Dupont, Dario",dario.dupont@example.com,2025-03-28,2026-04-19,"$1,575.00","1,550.00"
GRN,Greenfield Commons,1400 Greenfield Rd,D409,757,1,1,Occupied,"Wexler, Elke",elke.wexler@example.com,2024-10-02,2025-05-25,"$1,460.00","1,420.00"
GRN,Greenfield Commons,1400 Greenfield Rd,D410,969,2,1,Occupied,"Beaumont, Marisol",marisol.beaumont@example.com,2025-03-28,2026-02-18,"$2,005.00","2,005.00"
GRN,Greenfield Commons,1400 Greenfield Rd,D411,987,2,2,Occ,"Kowalczyk, Katrien",katrien.kowalczyk@example.org,2024-05-23,2025-06-21,"1,990.00","$1,990.00"
GRN,Greenfield Commons,1400 Greenfield Rd,D412,547,0,1,MTM,"Radulescu, Dario",dario.radulescu@example.com,2024-06-18,2025-06-27,"1,185.00","1,150.00"
GRN,Greenfield Commons,1400 Greenfield Rd,D413,947,2,2,Occupied,"Kowalczyk, Yannick",yannick.kowalczyk@example.org,2026-04-22,2027-01-11,"$1,970.00","1,935.00"
GRN,Greenfield Commons,1400 Greenfield Rd,D414,979,2,2,Occ,"Eriksen, Bastien",bastien.eriksen@example.org,2024-02-25,2025-02-09,"$2,005.00","$1,950.00"
GRN,Greenfield Commons,1400 Greenfield Rd,D415,952,2,1,VAC,,,,,"1,855.00",
GRN,Greenfield Commons Apartments,1400 Greenfield Rd,D416,791,1,1,NTV,"Radulescu, Priya",priya.radulescu@example.com,2024-07-27,,"$1,425.00","$1,425.00"
GRN,Greenfield Commons,1400 Greenfield Rd,D417,"1,068",2,1.5,Occupied,"Villanueva, Hamza",hamza.villanueva@example.com,2024-03-06,2025-01-15,"2,035.00","$1,995.00"
GRN,Greenfield Commons Apartments,1400 Greenfield Rd,D418,979,2,1.5,MTM,"Sorokin, Soren",soren.sorokin@example.com,2025-10-31,2026-07-26,"$1,935.00","1,915.00"
GRN,Greenfield Commons,1400 Greenfield Rd,D418,979,2,1.5,MTM,"Broussard, Nadim",nadim.broussard@example.com,2025-10-31,2026-07-26,"$1,935.00","$1,915.00"
GRN,Greenfield Commons,1400 Greenfield Rd,D419,"1,045",2,1,Occupied,"Grierson, Katrien",katrien.grierson@example.com,2024-11-09,2025-12-04,"$1,955.00","$1,900.00"
GRN,Greenfield Commons,1400 Greenfield Rd,D420,742,1,1,Occ,"Ferrante, Rosalind",rosalind.ferrante@example.com,2025-11-09,2026-11-12,"$1,500.00","1,445.00"
GRN,Greenfield Commons,1400 Greenfield Rd,D421,"1,305",3,2,VAC,,,,,"$2,335.00",
GRN,Greenfield Commons,1400 Greenfield Rd,D422,"1,240",3,1.5,Occupied,"Ashworth, Greta",greta.ashworth@example.com,2023-05-14,2024-05-28,"$2,320.00","$2,235.00"
GRN,Greenfield Commons,1400 Greenfield Rd,D422,,3,1.5,MTM,"Beaumont, Nadim",nadim.beaumont@example.com,2024-06-09,2025-02-07,"$2,320.00","$2,275.00"
GRN,Greenfield Commons,1400 Greenfield Road,D423,731,1,1,MTM,"Engelhardt, Elke",elke.engelhardt@example.com,2024-06-17,2025-02-06,"1,490.00","1,480.00"
GRN,Greenfield Commons,1400 Greenfield Rd,D424,715,1,1,Notice,"Eriksen, Katrien",katrien.eriksen@mail.example.net,2026-02-16,2026-11-01,"1,435.00","1,390.00"
GRN,Greenfield Commons Apartments,1400 Greenfield Road,D425,"1,287",3,1,Notice,"Ishikawa, Valentina",valentina.ishikawa@mail.example.net,2025-09-27,2026-04-13,-,"2,345.00"
GRN,Greenfield Commons,1400 Greenfield Rd,D426,964,2,2,MTM,"Ashworth, Clemence",clemence.ashworth@example.org,2025-12-16,2026-11-16,"$1,830.00","1,830.00"
GRN,Greenfield Commons,1400 Greenfield Road,D427,730,1,1,Employee,"Ishikawa, Wilhelmina",wilhelmina.ishikawa@example.com,2025-03-04,2025-09-20,"$1,505.00","1,480.00"
GRN,Greenfield Commons,1400 Greenfield Rd,D428,"1,267",3,1,Occupied,"Ferrante, Marisol",marisol.ferrante@example.com,2024-04-15,,"2,360.00","2,330.00"
GRN,Greenfield Commons Apartments,1400 Greenfield Rd,D429,"1,216",3,1.5,Notice,"Quintero, Soren",soren.quintero@mail.example.net,2024-05-23,2025-03-31,"$2,395.00","2,385.00"
GRN,Greenfield Commons,1400 Greenfield Rd,D430,688,1,1,MTM,"Mwangi, Elke",elke.mwangi@example.org,2024-03-14,2025-01-07,"$1,430.00","$1,395.00"
HWK,Hawthorn Yard,22 Hawthorn St,A101,"1,244",3,1.5,Occupied,"Nakamura, Priya",priya.nakamura@example.com,2024-08-25,2025-09-07,"2,480.00","2,385.00"
HWK,Hawthorn Yard,22 Hawthorn St,A101,"1,244",3,1.5,Occupied,"Lindgren, Wilhelmina",wilhelmina.lindgren@example.com,2025-09-17,2026-06-28,"$2,480.00","$2,425.00"
HWK,Hawthorn Yard,22 Hawthorn St,A102,"1,070",2,1,Occupied,"Wexler, Wilhelmina",wilhelmina.wexler@example.com,2024-12-27,2025-07-29,"$2,050.00","2,050.00"
HWK,Hawthorn Yard,22 Hawthorn St,A103,424,0,1,Occupied,"Lindgren, Priya",priya.lindgren@mail.example.net,2024-05-05,2024-12-04,$990.00,985.00
HWK,Hawthorn Yard,22 Hawthorn St,A104,954,2,1.5,Down,,,,,"$1,900.00",
HWK,Hawthorn Yard,22 Hawthorn St,A105,"1,303",3,1.5,Vacant,,,,,"2,475.00",
HWK,Hawthorn Yard,22 Hawthorn St,A106,"1,221",3,2,Vacant,,,,,"$2,450.00",
HWK,Hawthorn Yard,22 Hawthorn St,A107,"1,019",2,2,Occupied,"Broussard, Aurelio",aurelio.broussard@example.com,2024-08-10,2025-04-08,"$2,060.00","$2,050.00"
HWK,Hawthorn Yard,22 Hawthorn St,A108,970,2,1.5,Occupied,"Fontaine, Katrien",katrien.fontaine@mail.example.net,2024-08-29,2025-05-12,"$2,005.00","1,955.00"
HWK,Hawthorn Yard,22 Hawthorn St,A109,"1,032",2,1.5,Occ,"Cisneros, Soren",soren.cisneros@mail.example.net,2024-07-15,2025-08-13,"$1,845.00","1,810.00"
HWK,Hawthorn Yard,22 Hawthorn St,A110,978,2,1,Occupied,"Engelhardt, Marisol",marisol.engelhardt@example.com,2026-02-22,2026-11-13,"1,955.00","$1,910.00"
HWK,Hawthorn Yard,22 Hawthorn St,A111,945,2,2,NTV,"Radulescu, Tamsin",tamsin.radulescu@example.com,2025-11-06,2026-11-19,"$2,040.00","$2,015.00"
HWK,Hawthorn Yard,22 Hawthorn St,A112,"1,337",3,2,Occupied,"Grierson, Ottilie",ottilie.grierson@mail.example.net,2026-06-13,2027-04-21,"2,345.00","$2,330.00"
HWK,Hawthorn Yard,22 Hawthorn St,A113,"1,029",2,2,Vacant,,,,,"1,895.00",
HWK,Hawthorn Yard,22 Hawthorn St,A114,"1,276",3,1.5,Notice,"Lindgren, Aurelio",aurelio.lindgren@mail.example.net,2025-01-11,2025-12-29,"$2,400.00","2,395.00"
HWK,Hawthorn Yard,22 Hawthorn St,A115,"1,064",2,1,Occupied,"Ferrante, Rosalind",rosalind.ferrante@example.com,2026-01-14,2027-01-06,"2,030.00","1,990.00"
HWK,Hawthorn Yard,22 Hawthorn St,A116,,2,1,Occupied,"Ubaldi, Aurelio",aurelio.ubaldi@example.com,2025-05-13,2026-01-27,"1,855.00","1,815.00"
HWK,Hawthorn Yard,22 Hawthorn St,A117,694,1,1,Occupied,"Fontaine, Zora",zora.fontaine@example.com,2023-04-13,2024-05-09,"$1,575.00","1,475.00"
HWK,Hawthorn Yard,22 Hawthorn St,A117,694,1,1,Occ,"Beaumont, Amara",amara.beaumont@example.com,2024-06-11,2025-07-10,"$1,575.00","$1,515.00"
HWK,Hawthorn Yard,22 Hawthorn St,A118,777,1,1,Occ,"Lindgren, Xavier",xavier.lindgren@example.com,2025-11-04,2026-09-30,"$1,405.00","1,400.00"
HWK,Hawthorn Yard,22 Hawthorn St,A119,"1,029",2,1,Notice,"Zambrano, Quentin",quentin.zambrano@mail.example.net,2025-02-09,2025-09-11,"1,945.00","1,910.00"
HWK,Hawthorn Yard,22 Hawthorn St,A120,"1,007",2,1,Occ,"Zambrano, Aurelio",aurelio.zambrano@mail.example.net,2024-04-12,2025-03-20,"2,070.00","2,050.00"
HWK,Hawthorn Yard,22 Hawthorn St,A121,"1,066",2,2,Occupied,"Sorokin, Delphine",delphine.sorokin@example.com,2026-04-13,2027-02-23,"$1,900.00","1,865.00"
HWK,Hawthorn Yard,22 Hawthorn St,A122,"1,312",3,2,MTM,"Jelinek, Aurelio",aurelio.jelinek@example.org,2024-08-10,2025-03-30,"2,335.00","2,300.00"
HWK,Hawthorn Yard,22 Hawthorn St,A123,982,2,2,Occupied,"Lindgren, Ilse",ilse.lindgren@example.com,2026-01-10,2026-09-08,"1,855.00","$1,805.00"
HWK,Hawthorn Yard,22 Hawthorn St,A124,"1,019",2,1.5,NTV,"Yoshida, Greta",greta.yoshida@example.com,2025-04-23,2026-01-25,"1,930.00","1,895.00"
HWK,Hawthorn Yard,22 Hawthorn St,A125,952,2,1,Vacant-Ready,,,,,"$1,960.00",
HWK,Hawthorn Yard,22 Hawthorn St,A126,803,1,1,Employee,"Tavares, Amara",amara.tavares@mail.example.net,2025-01-24,2025-11-30,"$1,400.00","$1,355.00"
HWK,Hawthorn Yard,22 Hawthorn St,A127,"1,000",2,1,Notice,"Zambrano, Wilhelmina",wilhelmina.zambrano@mail.example.net,2024-09-11,2025-08-14,"$2,000.00","$1,995.00"
HWK,Hawthorn Yard,22 Hawthorn St,A127,"1,000",2,1,Notice,"Calderon, Tamsin",tamsin.calderon@example.org,2024-09-11,2025-08-14,"2,000.00","$1,995.00"
HWK,Hawthorn Yard,22 Hawthorn St,A128,956,2,1.5,Occ,"Ubaldi, Soren",soren.ubaldi@mail.example.net,2024-05-27,2025-04-11,"$1,870.00","$1,860.00"
HWK,Hawthorn Yard,22 Hawthorn St,A129,944,2,1.5,Occ,"Tavares, Ottilie",ottilie.tavares@example.com,2025-12-15,2026-12-02,"1,915.00","1,895.00"
HWK,Hawthorn Yard,22 Hawthorn St,A130,818,1,1,Occupied,"Villanueva, Quentin",quentin.villanueva@example.org,2025-11-18,2026-09-28,"$1,545.00","$1,500.00"
HWK,Hawthorn Yard,22 Hawthorn St,A201,806,1,1,Occupied,"Grierson, Ilse",ilse.grierson@example.org,2024-06-21,2025-06-28,-,"1,460.00"
HWK,Hawthorn Yard,22 Hawthorn St,A202,816,1,1,Occ,"Zambrano, Hamza",hamza.zambrano@example.com,2024-10-30,2025-06-01,"1,485.00","1,475.00"
HWK,Hawthorn Yard,22 Hawthorn St,A203,461,0,1,Occ,"Oyelaran, Bastien",bastien.oyelaran@example.org,2025-07-19,2026-08-06,-,"1,120.00"
HWK,Hawthorn Yard,22 Hawthorn St,A204,975,2,1.5,Occupied,"Danquah, Katrien",katrien.danquah@example.com,2025-08-20,2026-03-10,"2,070.00","$2,015.00"
HWK,Hawthorn Yard,22 Hawthorn St,A205,779,1,1,NTV,"Kowalczyk, Hamza",hamza.kowalczyk@example.com,2024-07-21,2025-05-11,"1,470.00","1,425.00"
HWK,Hawthorn Yard,22 Hawthorn St,A206,721,1,1,Vacant-Ready,,,,,"$1,460.00",
HWK,Hawthorn Yard,22 Hawthorn St,A207,964,2,2,Occ,"Mwangi, Ottilie",ottilie.mwangi@example.com,2024-06-19,2025-03-01,"1,935.00","1,930.00"
HWK,Hawthorn Yard,22 Hawthorn St,A207,964,2,2,Occ,"Radulescu, Bastien",bastien.radulescu@example.org,2024-06-19,2025-03-01,"$1,935.00","1,930.00"
HWK,Hawthorn Yard,22 Hawthorn St,A208,"1,005",2,2,Occupied,"Ubaldi, Priya",priya.ubaldi@example.org,2025-04-08,2025-11-21,"$2,005.00","$1,965.00"
HWK,Hawthorn Yard,22 Hawthorn St,A209,428,0,1,Notice,"Ashworth, Valentina",valentina.ashworth@mail.example.net,2024-08-21,2025-04-18,"$1,010.00",$975.00
HWK,Hawthorn Yard,22 Hawthorn St,A210,774,1,1,Occ,"Cisneros, Clemence",clemence.cisneros@example.org,2025-11-27,2026-06-06,"$1,445.00","1,385.00"
HWK,Hawthorn Yard,22 Hawthorn St,A211,"1,340",3,2,Occupied,"Quintero, Bastien",bastien.quintero@example.org,2024-09-28,2025-10-25,"$2,430.00","2,420.00"
HWK,Hawthorn Yard,22 Hawthorn St,A212,783,1,1,Occupied,"Ubaldi, Dario",dario.ubaldi@example.com,2024-11-24,,"$1,555.00","1,515.00"
HWK,Hawthorn Yard Apts,22 Hawthorn St,A213,960,2,1.5,Notice,"Sorokin, Joaquin",joaquin.sorokin@example.com,2025-06-28,2026-04-01,"$1,990.00","$1,940.00"
HWK,Hawthorn Yard Apts,22 Hawthorn St,A214,783,1,1,Occupied,"Cisneros, Marisol",marisol.cisneros@example.com,2024-02-13,2024-11-08,"$1,505.00","1,470.00"
HWK,Hawthorn Yard,22 Hawthorn St,A215,742,1,1,Occupied,"Cisneros, Wilhelmina",wilhelmina.cisneros@mail.example.net,2024-06-02,2025-03-13,"$1,480.00","$1,420.00"
HWK,Hawthorn Yard,22 Hawthorn St,A216,"1,009",2,1.5,Notice,"Dupont, Greta",greta.dupont@example.org,2025-04-22,2026-05-07,"1,900.00","1,850.00"
HWK,Hawthorn Yard,22 Hawthorn St,A217,689,1,1,Occupied,"Beaumont, Ferran",ferran.beaumont@example.com,2024-08-12,2025-07-22,"$1,405.00","1,345.00"
HWK,Hawthorn Yard,22 Hawthorn St,A218,794,1,1,Model,,,,,"$1,655.00",
HWK,Hawthorn Yard,22 Hawthorn St,A219,"1,271",3,1.5,Occupied,"Pemberton, Hamza",hamza.pemberton@example.com,2024-04-27,2025-05-28,"$2,320.00","$2,265.00"
HWK,Hawthorn Yard,22 Hawthorn St,A219,"1,271",3,1.5,Employee,"Pemberton, Delphine",delphine.pemberton@example.com,2025-06-19,2026-06-28,"2,320.00","$2,305.00"
HWK,Hawthorn Yard,22 Hawthorn St,A220,"1,077",2,2,Occupied,"Cisneros, Wilhelmina",wilhelmina.cisneros@example.org,2024-04-03,,"$2,035.00","$2,010.00"
HWK,Hawthorn Yard,22 Hawthorn St,A221,"1,221",3,1,NTV,"Oyelaran, Amara",amara.oyelaran@example.com,2024-04-05,2025-02-17,"2,360.00","$2,305.00"
HWK,Hawthorn Yard,22 Hawthorn St,A222,"1,293",3,2,Occupied,"Wexler, Marisol",marisol.wexler@example.com,2024-04-12,2025-02-21,"2,460.00","$2,395.00"
HWK,Hawthorn Yard,22 Hawthorn St,A222,"1,293",3,2,Occupied,"Radulescu, Ilse",ilse.radulescu@mail.example.net,2025-03-08,2025-09-14,"2,460.00","2,435.00"
HWK,Hawthorn Yard,22 Hawthorn St,A223,"1,202",3,1.5,Notice,"Dupont, Clemence",clemence.dupont@example.com,2026-05-27,2027-01-12,"2,410.00","$2,365.00"
HWK,Hawthorn Yard,22 Hawthorn St,A223,"1,202",3,1.5,Notice,"Villanueva, Elke",elke.villanueva@example.org,2026-05-27,2027-01-12,"$2,410.00","2,365.00"
HWK,Hawthorn Yard,22 Hawthorn St,A224,"1,331",3,2,Occ,"Eriksen, Aurelio",aurelio.eriksen@example.org,2026-04-23,2027-04-21,"$2,245.00","$2,195.00"
HWK,Hawthorn Yard Apts,22 Hawthorn St,A224,"1,331",3,2,Occ,"Villanueva, Hamza",hamza.villanueva@mail.example.net,2026-04-23,2027-04-21,"$2,245.00","2,195.00"
HWK,Hawthorn Yard,22 Hawthorn St,A225,766,1,1,Occupied,"Ubaldi, Valentina",valentina.ubaldi@example.com,2026-06-16,2027-02-15,"1,490.00","$1,450.00"
HWK,Hawthorn Yard,22 Hawthorn St,A226,"1,280",3,2,Vacant,,,,,"$2,265.00",
HWK,Hawthorn Yard,22 Hawthorn St,A227,"1,036",2,1.5,Occ,"Radulescu, Dario",dario.radulescu@example.org,2024-12-16,2025-06-27,"$1,925.00","1,870.00"
HWK,Hawthorn Yard,22 Hawthorn St,A228,691,1,1,Occupied,"Tavares, Nadim",nadim.tavares@example.com,2025-04-05,2025-12-16,"$1,550.00","$1,490.00"
HWK,Hawthorn Yard,22 Hawthorn St,A229,"1,325",3,2,NTV,"Sorokin, Joaquin",joaquin.sorokin@example.org,2024-07-03,2025-02-19,"2,410.00","$2,405.00"
HWK,Hawthorn Yard,22 Hawthorn St,A230,"1,065",2,2,Occ,"Sorokin, Ferran",ferran.sorokin@mail.example.net,2024-12-05,2025-08-30,"1,970.00","$1,945.00"
HWK,Hawthorn Yard,22 Hawthorn St,A301,737,1,1,Occupied,"Mwangi, Joaquin",joaquin.mwangi@example.com,2026-06-11,2027-04-17,"1,465.00","$1,450.00"
HWK,Hawthorn Yard,22 Hawthorn Street,A301,737,1,1,Occupied,"Grierson, Wilhelmina",wilhelmina.grierson@example.com,2026-06-11,2027-04-17,"1,465.00","1,450.00"
HWK,Hawthorn Yard,22 Hawthorn St,A302,968,2,1.5,Notice,"Sorokin, Zora",zora.sorokin@example.com,2025-08-11,2026-05-10,"$2,070.00","2,030.00"
HWK,Hawthorn Yard,22 Hawthorn St,A303,539,0,1,NTV,"Wexler, Aurelio",aurelio.wexler@mail.example.net,2025-02-14,2026-02-09,"1,000.00",990.00
HWK,Hawthorn Yard,22 Hawthorn St,A304,810,1,1,Occ,"Broussard, Casimir",casimir.broussard@example.com,2025-04-13,2026-04-23,"$1,600.00","$1,565.00"
HWK,Hawthorn Yard,22 Hawthorn St,A305,709,1,1,NTV,"Fontaine, Valentina",valentina.fontaine@mail.example.net,2025-10-14,2026-06-06,"1,650.00","$1,640.00"
HWK,Hawthorn Yard,22 Hawthorn St,A306,950,2,1.5,NTV,"Beaumont, Ilse",ilse.beaumont@mail.example.net,2024-03-04,2025-03-05,"$1,825.00","$1,785.00"
HWK,Hawthorn Yard,22 Hawthorn St,A307,452,0,1,Occ,"Sorokin, Quentin",quentin.sorokin@example.com,2024-10-17,2025-10-08,"1,180.00","$1,160.00"
HWK,Hawthorn Yard,22 Hawthorn St,A308,783,1,1,Occupied,"Zambrano, Joaquin",joaquin.zambrano@mail.example.net,2025-10-19,2026-10-31,"1,525.00","$1,520.00"
HWK,Hawthorn Yard,22 Hawthorn St,A309,793,1,1,Occupied,"Kowalczyk, Tamsin",tamsin.kowalczyk@mail.example.net,2025-01-11,2025-07-16,"1,625.00","$1,610.00"
HWK,Hawthorn Yard,22 Hawthorn St,A310,505,0,1,Occupied,"Lindgren, Ilse",ilse.lindgren@example.com,2024-07-01,2025-02-02,"1,150.00","$1,115.00"
HWK,Hawthorn Yard,22 Hawthorn St,A311,716,1,1,Vacant,"Calderon, Clemence",,,,"1,625.00",
HWK,Hawthorn Yard,22 Hawthorn St,A312,751,1,1,Notice,"Pemberton, Elke",elke.pemberton@example.com,2025-07-10,2026-06-16,"1,490.00","$1,485.00"
HWK,Hawthorn Yard Apts,22 Hawthorn St,A312,751,1,1,Notice,"Yoshida, Lachlan",lachlan.yoshida@example.com,2025-07-10,2026-06-16,"$1,490.00","1,485.00"
HWK,Hawthorn Yard,22 Hawthorn St,A313,"1,015",2,2,Employee,"Ferrante, Zora",zora.ferrante@example.com,2024-07-11,2025-03-01,"2,065.00","$2,060.00"
HWK,Hawthorn Yard,22 Hawthorn St,A314,"1,071",2,2,Occ,"Eriksen, Valentina",valentina.eriksen@example.com,2025-09-14,,"$2,060.00","$2,055.00"
HWK,Hawthorn Yard,22 Hawthorn St,A315,953,2,1,Occupied,"Zambrano, Nadim",nadim.zambrano@example.com,2024-06-01,2025-07-05,"$1,915.00","$1,860.00"
HWK,Hawthorn Yard,22 Hawthorn St,A315,953,2,1,Occupied,"Beaumont, Soren",soren.beaumont@example.org,2025-07-27,2026-07-03,"1,915.00","$1,900.00"
HWK,Hawthorn Yard,22 Hawthorn St,A316,526,0,1,MTM,"Jelinek, Amara",amara.jelinek@example.com,2024-07-28,2025-07-10,"1,060.00","1,015.00"
HWK,Hawthorn Yard,22 Hawthorn St,A317,974,2,1,Occ,"Villanueva, Rosalind",rosalind.villanueva@example.org,2026-03-13,2026-10-25,"$1,975.00","$1,955.00"
HWK,Hawthorn Yard,22 Hawthorn St,A318,707,1,1,Notice,"Fontaine, Bastien",bastien.fontaine@example.com,2025-06-16,2026-03-18,"$1,560.00","1,550.00"
HWK,Hawthorn Yard,22 Hawthorn St,A319,"1,220",3,1,Occupied,"Cisneros, Priya",priya.cisneros@example.com,2025-04-16,2025-12-09,"$2,410.00","2,395.00"
HWK,Hawthorn Yard,22 Hawthorn St,A320,"1,246",3,2,Notice,"Radulescu, Zora",zora.radulescu@example.com,2024-04-08,2024-12-14,"$2,415.00","$2,400.00"
HWK,Hawthorn Yard,22 Hawthorn Street,A321,745,1,1,Employee,"Kowalczyk, Ferran",ferran.kowalczyk@example.com,2025-10-11,2026-10-06,"$1,470.00","1,425.00"
HWK,Hawthorn Yard,22 Hawthorn Street,A322,697,1,1,Occupied,"Lindgren, Katrien",katrien.lindgren@example.com,2025-11-13,2026-07-30,"1,625.00","1,570.00"
HWK,Hawthorn Yard,22 Hawthorn St,A323,501,0,1,MTM,"Radulescu, Soren",soren.radulescu@example.com,2024-05-12,2025-06-11,$995.00,965.00
HWK,Hawthorn Yard,22 Hawthorn St,A324,961,2,1.5,Occupied,"Kowalczyk, Casimir",casimir.kowalczyk@example.org,2026-02-18,2026-11-15,"$1,835.00","1,785.00"
HWK,Hawthorn Yard,22 Hawthorn St,A325,"1,227",3,1.5,Notice,"Mwangi, Joaquin",joaquin.mwangi@mail.example.net,2024-10-17,2025-05-08,"2,445.00","$2,385.00"
HWK,Hawthorn Yard,22 Hawthorn St,A326,"1,017",2,1.5,Occupied,"Danquah, Katrien",katrien.danquah@example.com,2026-06-02,2027-01-09,"$1,895.00","1,865.00"
HWK,Hawthorn Yard,22 Hawthorn St,A327,"1,012",2,1,Notice,"Pemberton, Tamsin",tamsin.pemberton@example.com,2025-03-30,2025-12-03,"2,065.00","2,045.00"
HWK,Hawthorn Yard,22 Hawthorn Street,A328,779,1,1,Model,,,,,"$1,460.00",
HWK,Hawthorn Yard,22 Hawthorn St,A329,"1,004",2,1.5,Occupied,"Broussard, Katrien",katrien.broussard@example.com,2023-06-14,2024-05-04,"$1,940.00","$1,860.00"
HWK,Hawthorn Yard,22 Hawthorn St,A329,"1,004",2,1.5,Occupied,"Yoshida, Katrien",katrien.yoshida@mail.example.net,2024-06-07,2025-06-16,"1,940.00","1,900.00"
HWK,Hawthorn Yard,22 Hawthorn St,A330,812,1,1,Occupied,"Engelhardt, Ulrich",ulrich.engelhardt@mail.example.net,2025-09-06,2026-08-16,"1,470.00","$1,470.00"
HWK,Hawthorn Yard,22 Hawthorn St,A401,801,1,1,Vacant,,,,,"1,570.00",
HWK,Hawthorn Yard,22 Hawthorn Street,A402,554,0,1,NTV,"Calderon, Zora",zora.calderon@example.com,2025-02-06,2025-11-16,"1,085.00","$1,025.00"
HWK,Hawthorn Yard,22 Hawthorn St,A403,739,1,1,MTM,"Ishikawa, Nadim",nadim.ishikawa@example.org,2026-03-29,2027-03-03,"$1,610.00","1,575.00"
HWK,Hawthorn Yard,22 Hawthorn St,A404,"1,202",3,1.5,Vacant-Ready,,,,,"$2,325.00",
HWK,Hawthorn Yard,22 Hawthorn St,A405,747,1,1,Occupied,"Nakamura, Bettina",bettina.nakamura@mail.example.net,2024-10-28,2025-04-29,"$1,420.00","$1,395.00"
HWK,Hawthorn Yard,22 Hawthorn St,A406,696,1,1,Notice,"Lindgren, Dario",dario.lindgren@mail.example.net,2025-01-09,2025-09-14,"1,455.00","1,405.00"
HWK,Hawthorn Yard Apts,22 Hawthorn St,A407,820,1,1,Occ,"Zambrano, Hamza",hamza.zambrano@mail.example.net,2025-02-10,2026-02-13,"$1,565.00","$1,525.00"
HWK,Hawthorn Yard,22 Hawthorn St,A408,"1,238",3,1,Vacant,,,,,"$2,415.00",
HWK,Hawthorn Yard,22 Hawthorn St,A409,721,1,1,MTM,"Grierson, Delphine",delphine.grierson@example.com,2025-03-06,2025-12-10,"$1,420.00","$1,380.00"
HWK,Hawthorn Yard,22 Hawthorn St,A410,969,2,2,Occupied,"Engelhardt, Lachlan",lachlan.engelhardt@mail.example.net,2024-07-18,2025-04-05,"$2,030.00","$2,015.00"
HWK,Hawthorn Yard,22 Hawthorn St,A411,753,1,1,NTV,"Ubaldi, Bastien",bastien.ubaldi@mail.example.net,03/2024,2025-02-22,"$1,650.00","$1,595.00"
HWK,Hawthorn Yard,22 Hawthorn St,A412,969,2,1.5,MTM,"Kowalczyk, Nadim",nadim.kowalczyk@example.com,2024-07-19,2025-07-15,"$1,900.00","1,900.00"
HWK,Hawthorn Yard,22 Hawthorn St,A413,421,0,1,MTM,"Engelhardt, Wilhelmina",wilhelmina.engelhardt@example.com,2025-07-11,2026-03-25,"1,090.00","$1,035.00"
HWK,Hawthorn Yard,22 Hawthorn St,A414,699,1,1,MTM,"Pemberton, Delphine",delphine.pemberton@example.com,2025-04-20,2026-04-04,"$1,600.00","$1,555.00"
HWK,Hawthorn Yard,22 Hawthorn St,A414,699,1,1,MTM,"Yoshida, Joaquin","joaquin.yoshida@example,com",2025-04-20,2026-04-04,"$1,600.00","$1,555.00"
HWK,Hawthorn Yard,22 Hawthorn St,A415,"1,023",2,2,Occ,"Ishikawa, Hamza",hamza.ishikawa@example.com,2025-11-16,2026-11-10,"2,060.00","2,005.00"
HWK,Hawthorn Yard,22 Hawthorn St,A416,773,1,1,MTM,"Broussard, Ilse",ilse.broussard@example.org,2024-04-07,2025-04-24,"$1,570.00","1,525.00"
HWK,Hawthorn Yard,22 Hawthorn St,A417,768,1,1,Occupied,"Cisneros, Quentin",quentin.cisneros@example.com,2026-04-20,2027-05-19,"1,415.00","1,400.00"
HWK,Hawthorn Yard,22 Hawthorn Street,A418,781,1,1,Occ,"Cisneros, Dario",dario.cisneros@example.org,2024-07-10,2025-02-06,"1,595.00","1,590.00"
HWK,Hawthorn Yard,22 Hawthorn St,A419,711,1,1,Occupied,"Engelhardt, Wilhelmina",wilhelmina.engelhardt@example.org,2025-03-31,2026-04-20,"1,635.00","$1,555.00"
HWK,Hawthorn Yard,22 Hawthorn St,A419,711,1,1,Occ,"Ashworth, Ilse",ilse.ashworth@example.com,2026-05-13,2027-03-07,"1,635.00","1,595.00"
HWK,Hawthorn Yard,22 Hawthorn St,A420,"1,080",2,2,MTM,"Yoshida, Aurelio",aurelio.yoshida@mail.example.net,2024-12-02,2025-07-24,"$1,835.00","$1,780.00"
HWK,Hawthorn Yard,22 Hawthorn St,A421,"1,266",3,1.5,Occupied,"Haddad, Ferran",ferran.haddad@example.com,2025-10-13,2026-08-07,"2,325.00","$2,265.00"
HWK,Hawthorn Yard,22 Hawthorn St,A422,"1,065",2,2,Occupied,"Broussard, Xavier",xavier.broussard@example.org,2025-04-21,2026-05-23,"$1,860.00","1,800.00"
HWK,Hawthorn Yard,22 Hawthorn St,A422,"1,065",2,2,Occ,"Ishikawa, Wilhelmina",wilhelmina.ishikawa@example.org,2026-06-06,2027-05-17,"$1,860.00","$1,840.00"
HWK,Hawthorn Yard,22 Hawthorn St,A423,,2,2,Occ,"Ferrante, Soren",soren.ferrante@mail.example.net,2025-05-17,2026-05-30,"2,060.00","2,005.00"
HWK,Hawthorn Yard,22 Hawthorn St,A423,"1,002",2,2,Occ,"Ishikawa, Hamza",hamza.ishikawa@example.com,2025-05-17,2026-05-30,"2,060.00","2,005.00"
HWK,Hawthorn Yard,22 Hawthorn St,A424,470,0,1,Vacant-Ready,,,,,"1,010.00",
HWK,Hawthorn Yard,22 Hawthorn St,A425,739,1,1,Occ,"Broussard, Clemence","clemence.broussard@example,com",2026-06-05,2027-03-12,"1,560.00","$1,510.00"
HWK,Hawthorn Yard,22 Hawthorn Street,A426,983,2,1.5,Occupied,"Calderon, Ulrich",ulrich.calderon@example.com,2025-05-04,2026-02-11,"$1,940.00","$1,910.00"
HWK,Hawthorn Yard,22 Hawthorn St,A427,"1,074",2,2,Occupied,"Nakamura, Zora",zora.nakamura@mail.example.net,2025-01-16,2025-09-29,"1,905.00","$1,880.00"
HWK,Hawthorn Yard,22 Hawthorn Street,A428,"1,229",3,2,Occ,"Wexler, Ulrich",ulrich.wexler@example.com,2025-08-21,2026-04-25,"$2,425.00","2,420.00"
HWK,Hawthorn Yard,22 Hawthorn St,A428,"1,229",3,2,Occ,"Yoshida, Nadim",nadim.yoshida@mail.example.net,2025-08-21,2026-04-25,"$2,425.00","2,420.00"
HWK,Hawthorn Yard,22 Hawthorn St,A429,784,1,1,NTV,"Cisneros, Katrien",katrien.cisneros@example.com,2025-02-19,2025-10-31,"$1,570.00","$1,550.00"
HWK,Hawthorn Yard,22 Hawthorn St,A430,686,1,1,Vacant,,,,,"1,435.00",
HWK,Hawthorn Yard,22 Hawthorn Street,B101,782,1,1,Occ,"Beaumont, Clemence",clemence.beaumont@mail.example.net,2024-03-24,2024-10-10,"1,420.00","1,420.00"
HWK,Hawthorn Yard,22 Hawthorn St,B101,782,1,1,Occ,"Tavares, Clemence",clemence.tavares@example.com,2024-03-24,2024-10-10,"$1,420.00","$1,420.00"
HWK,Hawthorn Yard,22 Hawthorn St,B102,769,1,1,Occupied,"Fontaine, Zora",zora.fontaine@example.org,2024-09-06,,"$1,645.00","1,595.00"
HWK,Hawthorn Yard,22 Hawthorn St,B103,792,1,1,Occ,"Beaumont, Elke",elke.beaumont@example.com,2026-05-21,2027-02-12,"1,445.00","1,385.00"
HWK,Hawthorn Yard,22 Hawthorn St,B104,999,2,2,Vacant-Ready,,,,,"1,825.00",
HWK,Hawthorn Yard,22 Hawthorn St,B105,"1,053",2,1,Occupied,"Eriksen, Delphine","delphine.eriksen@example,com",2026-05-21,2026-11-23,"$2,050.00","$2,030.00"
HWK,Hawthorn Yard,22 Hawthorn St,B106,"1,071",2,1,Occupied,"Quintero, Valentina",valentina.quintero@example.org,2025-08-07,2026-05-19,"2,055.00","$2,020.00"
HWK,Hawthorn Yard,22 Hawthorn St,B106,"1,071",2,1,Occupied,"Calderon, Marisol",marisol.calderon@example.org,2025-08-07,2026-05-19,-,"$2,020.00"
HWK,Hawthorn Yard,22 Hawthorn St,B107,523,0,1,Occ,"Pemberton, Aurelio",aurelio.pemberton@mail.example.net,2025-06-06,2025-12-18,"1,145.00","$1,120.00"
HWK,Hawthorn Yard,22 Hawthorn Street,B108,446,0,1,Vacant,,,,,"1,210.00",
HWK,Hawthorn Yard,22 Hawthorn St,B109,808,1,1,MTM,"Kowalczyk, Ottilie",ottilie.kowalczyk@example.com,2024-12-29,2025-12-10,"$1,645.00","$1,600.00"
HWK,Hawthorn Yard,22 Hawthorn St,B110,947,2,2,Notice,"Wexler, Rosalind",rosalind.wexler@mail.example.net,2025-08-20,2026-09-05,"2,080.00","$2,025.00"
HWK,Hawthorn Yard,22 Hawthorn St,B111,696,1,1,Occupied,"Jelinek, Greta",greta.jelinek@example.com,2024-02-18,2024-09-07,"$1,615.00","$1,555.00"
HWK,Hawthorn Yard,22 Hawthorn St,B112,"1,281",3,1,Occupied,"Jelinek, Joaquin",joaquin.jelinek@example.com,2025-07-28,2026-08-13,"$2,330.00","2,290.00"
HWK,Hawthorn Yard,22 Hawthorn St,B113,"1,279",3,1.5,Occ,"Engelhardt, Yannick",yannick.engelhardt@example.com,2024-04-26,2025-03-02,"$2,245.00","$2,215.00"
HWK,Hawthorn Yard,22 Hawthorn St,B114,791,1,1,Occ,"Ubaldi, Greta",greta.ubaldi@example.com,2025-08-17,2026-09-01,"$1,555.00","$1,555.00"
HWK,Hawthorn Yard,22 Hawthorn St,B115,"1,046",2,1.5,Occupied,"Beaumont, Katrien",katrien.beaumont@example.org,2026-03-27,2026-10-29,"1,845.00","1,805.00"
HWK,Hawthorn Yard,22 Hawthorn St,B115,"1,046",2,1.5,Occupied,"Engelhardt, Priya",priya.engelhardt@example.com,2026-03-27,2026-10-29,"1,845.00","$1,805.00"
HWK,Hawthorn Yard,22 Hawthorn St,B116,733,1,1,Vacant,"Radulescu, Zora",,,,"$1,440.00",
HWK,Hawthorn Yard,22 Hawthorn St,B117,987,2,2,NTV,"Nakamura, Greta",greta.nakamura@mail.example.net,2024-04-25,2025-04-26,"$1,965.00","$1,930.00"
HWK,Hawthorn Yard,22 Hawthorn St,B118,721,1,1,Vacant,,,,,"$1,630.00",
HWK,Hawthorn Yard,22 Hawthorn St,B119,726,1,1,Occupied,"Haddad, Amara",amara.haddad@example.org,2024-05-19,2025-03-02,"$1,485.00","1,480.00"
HWK,Hawthorn Yard,22 Hawthorn St,B120,736,1,1,Occupied,"Beaumont, Soren",soren.beaumont@example.com,2024-03-22,2025-04-15,"$1,545.00","1,495.00"
HWK,Hawthorn Yard,22 Hawthorn St,B120,736,1,1,Occupied,"Quintero, Greta",greta.quintero@example.com,2025-05-18,2026-05-19,"$1,545.00","1,535.00"
HWK,Hawthorn Yard Apts,22 Hawthorn St,B121,977,2,2,Occ,"Radulescu, Katrien",katrien.radulescu@example.com,2024-11-21,2025-12-15,"$2,010.00","$1,950.00"
HWK,Hawthorn Yard,22 Hawthorn St,B122,"1,060",2,1.5,Occ,"Eriksen, Xavier",xavier.eriksen@mail.example.net,2025-03-11,2025-10-26,"$2,065.00","2,010.00"
HWK,Hawthorn Yard,22 Hawthorn St,B122,"1,060",2,1.5,Occ,"Oyelaran, Zora",zora.oyelaran@mail.example.net,2025-03-11,2025-10-26,"2,065.00","$2,010.00"
HWK,Hawthorn Yard,22 Hawthorn St,B123,962,2,1.5,Occ,"Cisneros, Ottilie",ottilie.cisneros@example.com,2025-10-28,2026-06-19,"$1,870.00","1,830.00"
HWK,Hawthorn Yard,22 Hawthorn St,B124,769,1,1,Occ,"Tavares, Quentin",quentin.tavares@example.com,07/2024,2025-06-07,"1,505.00","$1,505.00"
HWK,Hawthorn Yard,22 Hawthorn St,B125,"1,019",2,1.5,Occ,"Mwangi, Lachlan",lachlan.mwangi@example.com,2024-10-04,2025-05-11,"$2,005.00","1,970.00"
HWK,Hawthorn Yard,22 Hawthorn St,B126,"1,064",2,1,Vacant-Ready,,,,,"$1,945.00",
HWK,Hawthorn Yard,22 Hawthorn St,B127,427,0,1,Occupied,"Eriksen, Soren",soren.eriksen@example.com,2024-07-24,2025-01-30,"1,060.00","$1,010.00"
HWK,Hawthorn Yard,22 Hawthorn St,B127,427,0,1,Occupied,"Broussard, Delphine",delphine.broussard@example.com,2024-07-24,2025-01-30,-,"$1,010.00"
HWK,Hawthorn Yard,22 Hawthorn St,B128,747,1,1,Occ,"Villanueva, Ottilie",ottilie.villanueva@example.com,2024-10-04,2025-09-16,"1,530.00","$1,470.00"
HWK,Hawthorn Yard,22 Hawthorn St,B129,812,1,1,Model,,,,,"1,530.00",
HWK,Hawthorn Yard,22 Hawthorn St,B130,,1,1,Occupied,"Quintero, Zora",zora.quintero@mail.example.net,2025-05-12,2025-12-25,"$1,560.00","$1,525.00"
HWK,Hawthorn Yard,22 Hawthorn St,B201,500,0,1,MTM,"Jelinek, Zora",zora.jelinek@example.com,2026-07-01,2027-03-22,"1,115.00","1,065.00"
HWK,Hawthorn Yard,22 Hawthorn St,B202,711,1,1,Occ,"Eriksen, Bettina",bettina.eriksen@mail.example.net,2025-10-10,2026-07-11,"$1,465.00","1,465.00"
HWK,Hawthorn Yard,22 Hawthorn Street,B203,778,1,1,Occ,"Wexler, Ulrich",ulrich.wexler@example.com,2024-04-28,,-,"$1,515.00"
HWK,Hawthorn Yard,22 Hawthorn St,B204,962,2,2,Notice,"Cisneros, Bettina",bettina.cisneros@example.org,2025-02-14,2025-09-14,"$1,900.00","1,895.00"
HWK,Hawthorn Yard,22 Hawthorn St,B205,990,2,2,MTM,"Ishikawa, Hamza",hamza.ishikawa@example.org,2024-09-04,2025-09-15,"2,065.00","$2,015.00"
HWK,Hawthorn Yard,22 Hawthorn St,B206,433,0,1,Occ,"Eriksen, Greta",greta.eriksen@mail.example.net,2026-05-08,2026-12-19,"$1,155.00","$1,115.00"
HWK,Hawthorn Yard,22 Hawthorn Street,B207,820,1,1,Occupied,"Fontaine, Valentina",valentina.fontaine@example.com,2024-10-18,2025-08-14,"$1,515.00","1,505.00"
HWK,Hawthorn Yard,22 Hawthorn St,B208,"1,054",2,1.5,Occ,"Ashworth, Marisol",marisol.ashworth@example.com,2025-12-24,2027-01-06,"$1,975.00","$1,915.00"
HWK,Hawthorn Yard,22 Hawthorn St,B209,721,1,1,Employee,"Cisneros, Zora",zora.cisneros@example.com,2026-06-02,2027-06-15,"1,530.00","1,475.00"
HWK,Hawthorn Yard Apts,22 Hawthorn St,B209,721,1,1,Employee,"Mwangi, Aurelio",aurelio.mwangi@example.com,2026-06-02,2027-06-15,"$1,530.00","1,475.00"
HWK,Hawthorn Yard,22 Hawthorn St,B210,778,1,1,Occupied,"Zambrano, Ilse",ilse.zambrano@example.org,2025-03-22,,"1,585.00","$1,530.00"
HWK,Hawthorn Yard,22 Hawthorn St,B210,778,1,1,Occupied,"Cisneros, Tamsin",tamsin.cisneros@mail.example.net,2025-03-22,,"1,585.00","$1,530.00"
HWK,Hawthorn Yard,22 Hawthorn St,B211,753,1,1,Occupied,"Pemberton, Hamza",hamza.pemberton@mail.example.net,2026-02-24,2027-01-08,"$1,420.00","$1,380.00"
HWK,Hawthorn Yard,22 Hawthorn St,B212,"1,012",2,2,Vacant,,,,,"$1,985.00",
HWK,Hawthorn Yard,22 Hawthorn St,B213,"1,281",3,1.5,Employee,"Dupont, Ottilie",ottilie.dupont@mail.example.net,2025-05-06,2026-02-24,"2,260.00","$2,210.00"
HWK,Hawthorn Yard,22 Hawthorn St,B214,691,1,1,Occupied,"Eriksen, Greta",greta.eriksen@example.com,2025-10-15,2026-11-13,"$1,425.00","1,400.00"
HWK,Hawthorn Yard,22 Hawthorn St,B214,691,1,1,Occupied,"Fontaine, Zora",zora.fontaine@example.com,2025-10-15,2026-11-13,"$1,425.00","$1,400.00"
HWK,Hawthorn Yard,22 Hawthorn St,B215,803,1,1,NTV,"Grierson, Ilse",ilse.grierson@example.com,2025-09-12,,"$1,530.00","1,525.00"
HWK,Hawthorn Yard,22 Hawthorn St,B216,707,1,1,Occupied,"Fontaine, Bettina",bettina.fontaine@example.com,2026-01-12,2026-10-19,"1,640.00","$1,615.00"
HWK,Hawthorn Yard,22 Hawthorn Street,B217,979,2,1.5,Occupied,"Tavares, Valentina",valentina.tavares@example.com,2025-01-17,2025-10-23,"2,040.00","1,980.00"
HWK,Hawthorn Yard,22 Hawthorn Street,B218,"1,319",3,1,Vacant,"Radulescu, Valentina",,,,"$2,475.00",
HWK,Hawthorn Yard,22 Hawthorn St,B219,"1,299",3,1,Occupied,"Ishikawa, Rosalind",rosalind.ishikawa@example.org,2025-03-19,2025-11-14,"$2,255.00","$2,215.00"
HWK,Hawthorn Yard,22 Hawthorn St,B220,"1,060",2,2,Occ,"Yoshida, Dario",dario.yoshida@example.com,2026-04-15,2026-10-19,"$1,980.00","1,945.00"
HWK,Hawthorn Yard,22 Hawthorn St,B221,768,1,1,MTM,"Zambrano, Valentina",valentina.zambrano@example.com,2026-02-08,2026-12-26,"$1,410.00","1,370.00"
HWK,Hawthorn Yard,22 Hawthorn St,B222,730,1,1,Occupied,"Eriksen, Clemence",clemence.eriksen@example.com,2025-06-03,2026-05-09,"1,465.00","1,445.00"
HWK,Hawthorn Yard,22 Hawthorn St,B223,802,1,1,VAC,,,,,"$1,660.00",
HWK,Hawthorn Yard,22 Hawthorn St,B224,998,2,1.5,Occupied,"Mwangi, Priya",priya.mwangi@example.org,2024-12-05,2025-10-07,"$1,895.00","1,860.00"
HWK,Hawthorn Yard,22 Hawthorn St,B224,998,2,1.5,Occupied,"Fontaine, Zora",zora.fontaine@example.com,2024-12-05,2025-10-07,"1,895.00","$1,860.00"
HWK,Hawthorn Yard,22 Hawthorn St,B225,784,1,1,MTM,"Calderon, Ottilie",ottilie.calderon@mail.example.net,2026-03-04,2026-10-30,"$1,595.00","$1,570.00"
HWK,Hawthorn Yard,22 Hawthorn St,B226,952,2,1,Occupied,"Radulescu, Clemence",clemence.radulescu@example.org,2024-10-11,2025-09-14,"1,910.00","$1,890.00"
HWK,Hawthorn Yard,22 Hawthorn St,B227,,1,1,Occupied,"Eriksen, Casimir",casimir.eriksen@example.com,2026-03-27,2026-12-28,"$1,430.00","1,410.00"
HWK,Hawthorn Yard,22 Hawthorn St,B228,"1,014",2,2,Occ,"Zambrano, Bettina",bettina.zambrano@example.org,2026-04-20,,-,"1,885.00"
HWK,Hawthorn Yard,22 Hawthorn St,B229,800,1,1,NTV,"Eriksen, Tamsin",tamsin.eriksen@example.com,2025-07-19,2026-08-17,"$1,610.00","1,600.00"
HWK,Hawthorn Yard,22 Hawthorn St,B230,726,1,1,Vacant-Ready,,,,,"$1,475.00",
HWK,Hawthorn Yard,22 Hawthorn St,B301,552,0,1,NTV,"Ubaldi, Nadim",nadim.ubaldi@example.com,2024-09-12,2025-03-14,"1,095.00","1,095.00"
HWK,Hawthorn Yard,22 Hawthorn St,B302,942,2,1.5,Occupied,"Dupont, Quentin",quentin.dupont@mail.example.net,2025-06-21,2025-12-29,"$1,895.00","$1,860.00"
HWK,Hawthorn Yard,22 Hawthorn St,B303,994,2,1.5,Occ,"Mwangi, Dario",dario.mwangi@example.com,2026-01-19,2026-12-19,"1,900.00","$1,845.00"
HWK,Hawthorn Yard,22 Hawthorn Street,B304,994,2,2,Vacant-Ready,,,,,"$1,925.00",
HWK,Hawthorn Yard,22 Hawthorn St,B305,958,2,2,MTM,"Grierson, Soren",soren.grierson@example.com,2025-06-23,,"$1,915.00","$1,910.00"
HWK,Hawthorn Yard,22 Hawthorn Street,B306,723,1,1,Occ,"Mwangi, Rosalind",rosalind.mwangi@mail.example.net,2025-08-16,,"$1,640.00","1,605.00"
HWK,Hawthorn Yard,22 Hawthorn St,B307,956,2,1.5,Occ,"Zambrano, Rosalind",rosalind.zambrano@mail.example.net,2024-09-02,2025-05-14,"2,040.00","2,040.00"
HWK,Hawthorn Yard,22 Hawthorn St,B308,953,2,1.5,Occ,"Zambrano, Hamza","hamza.zambrano@example,com",2024-06-17,2024-12-29,"$1,930.00","$1,890.00"
HWK,Hawthorn Yard,22 Hawthorn St,B309,"1,334",3,1.5,MTM,"Ubaldi, Soren",soren.ubaldi@example.org,2025-10-03,2026-06-24,"$2,460.00","2,405.00"
HWK,Hawthorn Yard,22 Hawthorn St,B310,745,1,1,Occ,"Beaumont, Hamza",hamza.beaumont@mail.example.net,2025-02-16,2026-02-10,"$1,570.00","1,555.00"
HWK,Hawthorn Yard,22 Hawthorn St,B311,"1,027",2,1.5,Down,,,,,"1,850.00",
HWK,Hawthorn Yard,22 Hawthorn St,B312,,2,2,Occupied,"Lindgren, Bettina",bettina.lindgren@example.com,2025-09-17,2026-08-21,"$2,070.00","$2,050.00"
HWK,Hawthorn Yard,22 Hawthorn St,B313,726,1,1,Occupied,"Ferrante, Nadim",nadim.ferrante@example.com,2025-06-30,2026-03-24,"1,540.00","$1,520.00"
HWK,Hawthorn Yard,22 Hawthorn St,B313,726,1,1,Occupied,"Ubaldi, Amara",amara.ubaldi@example.com,2025-06-30,2026-03-24,"$1,540.00","1,520.00"
HWK,Hawthorn Yard,22 Hawthorn St,B314,732,1,1,Occupied,"Tavares, Dario",dario.tavares@mail.example.net,2025-11-29,2026-10-14,"1,585.00","$1,540.00"
HWK,Hawthorn Yard,22 Hawthorn St,B315,980,2,2,Occupied,"Nakamura, Zora",zora.nakamura@example.com,2023-06-02,2024-05-06,"$1,820.00","$1,720.00"
HWK,Hawthorn Yard,22 Hawthorn St,B315,980,2,2,MTM,"Villanueva, Ottilie",ottilie.villanueva@example.com,2024-05-27,2025-01-01,"$1,820.00","$1,760.00"
HWK,Hawthorn Yard Apts,22 Hawthorn St,B316,683,1,1,Occupied,"Ishikawa, Casimir",casimir.ishikawa@example.com,2025-03-27,2025-10-22,"1,530.00","1,485.00"
HWK,Hawthorn Yard,22 Hawthorn St,B317,509,0,1,Occupied,"Dupont, Nadim",nadim.dupont@example.com,2024-08-14,2025-04-03,"$1,140.00","1,125.00"
HWK,Hawthorn Yard Apts,22 Hawthorn St,B318,"1,287",3,2,MTM,"Ferrante, Yannick",yannick.ferrante@example.com,2024-05-06,2025-02-07,"$2,385.00","2,380.00"
HWK,Hawthorn Yard,22 Hawthorn St,B319,686,1,1,Occupied,"Zambrano, Priya",priya.zambrano@example.com,2024-06-27,2025-03-14,"$1,455.00","1,395.00"
HWK,Hawthorn Yard,22 Hawthorn St,B320,751,1,1,Notice,"Ashworth, Joaquin",joaquin.ashworth@mail.example.net,2025-04-27,2026-04-10,"$1,535.00","$1,530.00"
HWK,Hawthorn Yard,22 Hawthorn St,B321,731,1,1,Occ,"Broussard, Aurelio",aurelio.broussard@example.com,2024-02-21,2025-02-05,"1,475.00","$1,435.00"
HWK,Hawthorn Yard,22 Hawthorn St,B322,710,1,1,Occ,"Haddad, Katrien",katrien.haddad@example.org,2025-11-02,2026-07-28,"1,425.00","$1,390.00"
HWK,Hawthorn Yard,22 Hawthorn St,B323,708,1,1,Occupied,"Mwangi, Marisol",marisol.mwangi@example.org,2025-04-22,2026-05-18,"$1,490.00","$1,455.00"
HWK,Hawthorn Yard,22 Hawthorn St,B324,446,0,1,Occupied,"Beaumont, Bettina",bettina.beaumont@example.org,2024-10-17,2025-06-11,"$1,015.00","1,010.00"
HWK,Hawthorn Yard,22 Hawthorn St,B325,"1,297",3,1,Occupied,"Ubaldi, Elke",elke.ubaldi@mail.example.net,2026-03-20,,"2,440.00","2,435.00"
HWK,Hawthorn Yard,22 Hawthorn St,B326,733,1,1,Notice,"Beaumont, Dario",dario.beaumont@example.com,2025-11-19,2026-10-29,"$1,450.00","1,405.00"
HWK,Hawthorn Yard,22 Hawthorn St,B327,751,1,1,Occupied,"Eriksen, Lachlan",lachlan.eriksen@example.com,2023-06-12,2024-05-21,"1,465.00","1,385.00"
HWK,Hawthorn Yard,22 Hawthorn St,B327,751,1,1,Occ,"Dupont, Priya",priya.dupont@example.org,2024-06-07,2025-03-03,"$1,465.00","$1,425.00"
HWK,Hawthorn Yard Apts,22 Hawthorn St,B328,"1,301",3,1,Employee,"Jelinek, Aurelio",aurelio.jelinek@example.com,2025-07-26,2026-01-31,"2,465.00","2,425.00"
HWK,Hawthorn Yard,22 Hawthorn St,B328,"1,301",3,1,Employee,"Jelinek, Ilse",ilse.jelinek@mail.example.net,2025-07-26,2026-01-31,"2,465.00","$2,425.00"
HWK,Hawthorn Yard,22 Hawthorn St,B329,"1,042",2,1,Vacant,,,,,"$2,030.00",
HWK,Hawthorn Yard,22 Hawthorn St,B330,789,1,1,Vacant-Ready,,,,,"$1,420.00",
HWK,Hawthorn Yard,22 Hawthorn St,B401,"1,003",2,2,Occupied,"Fontaine, Ulrich",ulrich.fontaine@example.com,2025-07-21,2026-06-02,"$1,870.00","$1,840.00"
HWK,Hawthorn Yard,22 Hawthorn St,B402,767,1,1,Vacant,,,,,"$1,405.00",
HWK,Hawthorn Yard,22 Hawthorn St,B403,"1,032",2,1.5,Occupied,"Dupont, Ottilie",ottilie.dupont@example.com,2025-03-31,,"$2,010.00","$2,005.00"
HWK,Hawthorn Yard,22 Hawthorn St,B404,718,1,1,Occ,"Ferrante, Bastien",bastien.ferrante@example.com,2025-11-25,2026-11-16,"1,540.00","$1,480.00"
HWK,Hawthorn Yard,22 Hawthorn Street,B405,960,2,1.5,Vacant-Ready,,,,,"1,975.00",
HWK,Hawthorn Yard,22 Hawthorn St,B406,"1,057",2,2,Occupied,"Villanueva, Dario",dario.villanueva@example.com,2026-01-12,2026-08-31,"2,025.00","2,005.00"
HWK,Hawthorn Yard,22 Hawthorn St,B407,769,1,1,Occ,"Grierson, Nadim",nadim.grierson@example.com,2024-06-30,2025-05-16,"$1,520.00","$1,515.00"
HWK,Hawthorn Yard,22 Hawthorn St,B408,523,0,1,Down,,,,,"$1,030.00",
HWK,Hawthorn Yard,22 Hawthorn St,B409,943,2,1.5,Occ,"Ishikawa, Ilse",ilse.ishikawa@example.com,2024-10-26,2025-08-20,"1,835.00","1,825.00"
HWK,Hawthorn Yard,22 Hawthorn St,B410,708,1,1,Occupied,"Cisneros, Ilse",ilse.cisneros@example.com,2024-12-02,2025-12-26,"$1,645.00","1,605.00"
HWK,Hawthorn Yard,22 Hawthorn St,B411,698,1,1,Occupied,"Haddad, Aurelio",aurelio.haddad@example.com,2026-06-03,2027-04-06,"$1,505.00","1,480.00"
HWK,Hawthorn Yard,22 Hawthorn St,B412,776,1,1,Occ,"Broussard, Soren",soren.broussard@example.com,2024-07-17,2025-02-22,"$1,625.00","1,580.00"
HWK,Hawthorn Yard,22 Hawthorn Street,B413,970,2,2,Occupied,"Jelinek, Bastien",bastien.jelinek@example.com,2026-01-08,2026-12-13,"1,830.00","1,820.00"
HWK,Hawthorn Yard,22 Hawthorn St,B414,"1,034",2,2,Occ,"Sorokin, Yannick","yannick.sorokin@example,com",2025-11-03,,"$1,845.00","$1,800.00"
HWK,Hawthorn Yard,22 Hawthorn St,B415,748,1,1,Occupied,"Mwangi, Greta",greta.mwangi@example.com,2025-10-21,2026-06-19,"1,605.00","1,580.00"
HWK,Hawthorn Yard,22 Hawthorn St,B416,782,1,1,Notice,"Yoshida, Hamza",hamza.yoshida@mail.example.net,2025-04-02,2026-04-27,"$1,435.00","1,430.00"
HWK,Hawthorn Yard,22 Hawthorn Street,B417,783,1,1,Occupied,"Jelinek, Greta",greta.jelinek@mail.example.net,2026-05-16,2027-01-01,"$1,475.00","1,445.00"
HWK,Hawthorn Yard,22 Hawthorn St,B418,945,2,2,Vacant,,,,,"1,830.00",
HWK,Hawthorn Yard,22 Hawthorn St,B419,728,1,1,Notice,"Nakamura, Bastien",bastien.nakamura@example.com,2024-03-12,2024-11-29,"$1,505.00","$1,485.00"
HWK,Hawthorn Yard Apts,22 Hawthorn Street,B420,"1,278",3,1.5,Occ,"Engelhardt, Delphine",delphine.engelhardt@example.org,2024-05-11,2025-01-16,"2,360.00","2,310.00"
HWK,Hawthorn Yard,22 Hawthorn St,B421,"1,069",2,1.5,Occupied,"Tavares, Casimir",casimir.tavares@mail.example.net,2025-11-19,2026-07-24,"1,980.00","$1,945.00"
HWK,Hawthorn Yard,22 Hawthorn St,B422,701,1,1,Occ,"Oyelaran, Marisol",marisol.oyelaran@mail.example.net,2024-04-05,2025-04-15,"1,650.00","1,640.00"
HWK,Hawthorn Yard Apts,22 Hawthorn St,B422,701,1,1,Occ,"Lindgren, Ferran",ferran.lindgren@example.com,2024-04-05,2025-04-15,"$1,650.00","$1,640.00"
HWK,Hawthorn Yard,22 Hawthorn St,B423,"1,283",3,2,NTV,"Kowalczyk, Quentin",quentin.kowalczyk@mail.example.net,2024-07-14,2025-03-17,"$2,410.00","$2,355.00"
HWK,Hawthorn Yard,22 Hawthorn St,B424,442,0,1,MTM,"Sorokin, Elke",elke.sorokin@mail.example.net,2024-09-07,2025-03-31,"$1,060.00","$1,005.00"
HWK,Hawthorn Yard,22 Hawthorn St,B425,"1,206",3,2,Vacant-Ready,,,,,"$2,490.00",
HWK,Hawthorn Yard,22 Hawthorn St,B426,944,2,2,NTV,"Kowalczyk, Zora",zora.kowalczyk@example.com,2026-04-08,,"2,055.00","$2,025.00"
HWK,Hawthorn Yard Apts,22 Hawthorn St,B426,944,2,2,NTV,"Beaumont, Ulrich",ulrich.beaumont@mail.example.net,2026-04-08,,"2,055.00","$2,025.00"
HWK,Hawthorn Yard,22 Hawthorn St,B427,,1,1,Vacant,,,,,"1,460.00",
HWK,Hawthorn Yard,22 Hawthorn St,B428,802,1,1,Occupied,"Zambrano, Soren",soren.zambrano@mail.example.net,2026-04-26,2027-05-16,"1,650.00","$1,650.00"
HWK,Hawthorn Yard,22 Hawthorn St,B429,755,1,1,Occ,"Zambrano, Xavier",xavier.zambrano@mail.example.net,2026-02-10,2027-03-10,"1,455.00","$1,420.00"
HWK,Hawthorn Yard,22 Hawthorn St,B430,693,1,1,Occ,"Ubaldi, Tamsin",tamsin.ubaldi@mail.example.net,2026-04-05,,"1,530.00","1,510.00"
HWK,Hawthorn Yard,22 Hawthorn St,C101,757,1,1,Occ,"Radulescu, Nadim",nadim.radulescu@example.com,2026-03-12,2026-10-29,"$1,585.00","$1,535.00"
HWK,Hawthorn Yard,22 Hawthorn St,C102,"1,044",2,1.5,Occupied,"Ishikawa, Yannick","yannick.ishikawa@example,com",2025-06-30,2026-03-27,"1,840.00","$1,815.00"
HWK,Hawthorn Yard,22 Hawthorn St,C103,706,1,1,Vacant,,,,,"$1,595.00",
HWK,Hawthorn Yard,22 Hawthorn St,C104,964,2,1,Occupied,"Nakamura, Ottilie",ottilie.nakamura@example.com,2026-02-26,2026-09-19,"$2,020.00","$1,960.00"
HWK,Hawthorn Yard Apts,22 Hawthorn St,C105,943,2,2,Occupied,"Broussard, Ulrich",ulrich.broussard@example.org,2026-03-17,2027-01-02,"$1,845.00","1,845.00"
HWK,Hawthorn Yard,22 Hawthorn Street,C106,"1,320",3,1,Occupied,"Kowalczyk, Ferran",ferran.kowalczyk@mail.example.net,2025-09-27,2026-10-04,"2,485.00","$2,425.00"
HWK,Hawthorn Yard,22 Hawthorn Street,C107,"1,311",3,2,Vacant,,,,,"$2,435.00",
HWK,Hawthorn Yard,22 Hawthorn St,C108,519,0,1,Vacant,,,,,"$1,200.00",
HWK,Hawthorn Yard,22 Hawthorn St,C109,"1,045",2,1.5,Vacant,,,,,"1,835.00",
HWK,Hawthorn Yard,22 Hawthorn St,C110,999,2,2,Occupied,"Grierson, Bettina",bettina.grierson@example.com,2025-02-15,2025-12-26,"1,920.00","$1,900.00"
HWK,Hawthorn Yard,22 Hawthorn St,C111,796,1,1,Occupied,"Ashworth, Yannick",yannick.ashworth@example.org,2026-02-25,2026-10-28,"1,400.00","$1,395.00"
HWK,Hawthorn Yard,22 Hawthorn St,C112,721,1,1,Occupied,"Danquah, Marisol",marisol.danquah@mail.example.net,2024-07-22,2025-02-03,"$1,645.00","1,595.00"
HWK,Hawthorn Yard,22 Hawthorn St,C112,721,1,1,Occupied,"Zambrano, Lachlan",lachlan.zambrano@example.com,2024-07-22,2025-02-03,"1,645.00","1,595.00"
HWK,Hawthorn Yard,22 Hawthorn St,C113,"1,333",3,2,VAC,,,,,-,
HWK,Hawthorn Yard,22 Hawthorn St,C114,966,2,1,Occupied,"Broussard, Bettina",bettina.broussard@example.com,2024-08-23,2025-04-17,"1,865.00","1,835.00"
HWK,Hawthorn Yard,22 Hawthorn St,C115,,1,1,Occupied,"Mwangi, Joaquin",joaquin.mwangi@example.com,2024-12-17,2025-10-16,"1,485.00","1,420.00"
HWK,Hawthorn Yard,22 Hawthorn St,C115,757,1,1,Notice,"Kowalczyk, Zora",zora.kowalczyk@example.com,2025-10-22,2026-10-05,"$1,485.00","$1,460.00"
HWK,Hawthorn Yard,22 Hawthorn St,C116,685,1,1,Occ,"Pemberton, Priya",priya.pemberton@example.com,2026-02-10,2027-03-07,"1,635.00","1,580.00"
HWK,Hawthorn Yard,22 Hawthorn St,C117,961,2,1.5,Occ,"Mwangi, Hamza",hamza.mwangi@mail.example.net,2025-01-17,2026-02-04,"2,000.00","1,950.00"
HWK,Hawthorn Yard,22 Hawthorn St,C118,"1,074",2,1,MTM,"Oyelaran, Delphine",delphine.oyelaran@example.org,2024-02-14,2025-02-19,"$1,985.00","1,980.00"
HWK,Hawthorn Yard,22 Hawthorn St,C119,763,1,1,Occupied,"Ubaldi, Ilse",ilse.ubaldi@example.com,2024-05-27,2025-06-24,"1,660.00","$1,620.00"
HWK,Hawthorn Yard,22 Hawthorn St,C119,763,1,1,Occupied,"Quintero, Joaquin",joaquin.quintero@example.com,2025-07-10,2026-02-03,"1,660.00","$1,660.00"
HWK,Hawthorn Yard,22 Hawthorn St,C120,"1,270",3,2,MTM,"Yoshida, Greta",greta.yoshida@mail.example.net,2024-02-24,2024-10-18,"$2,445.00","$2,435.00"
HWK,Hawthorn Yard,22 Hawthorn St,C121,817,1,1,Occ,"Broussard, Ulrich",ulrich.broussard@example.com,2025-09-07,2026-07-24,"$1,615.00","1,605.00"
HWK,Hawthorn Yard,22 Hawthorn St,C122,455,0,1,Occupied,"Broussard, Katrien",katrien.broussard@example.com,2025-05-11,2026-03-18,"$1,195.00","$1,195.00"
HWK,Hawthorn Yard,22 Hawthorn St,C123,"1,068",2,1,Occupied,"Haddad, Delphine",delphine.haddad@example.com,2025-03-20,2026-01-26,"1,835.00","$1,820.00"
HWK,Hawthorn Yard,22 Hawthorn St,C124,"1,253",3,2,Occupied,"Lindgren, Greta",greta.lindgren@example.com,2026-01-09,2026-11-16,"2,500.00","$2,450.00"
HWK,Hawthorn Yard,22 Hawthorn St,C125,740,1,1,Occupied,"Danquah, Ilse",ilse.danquah@example.com,2024-02-16,2025-02-16,"$1,565.00","$1,545.00"
HWK,Hawthorn Yard,22 Hawthorn St,C125,740,1,1,Occupied,"Jelinek, Valentina",valentina.jelinek@example.com,2024-02-16,2025-02-16,"1,565.00","$1,545.00"
HWK,Hawthorn Yard,22 Hawthorn St,C126,798,1,1,Vacant,,,,,"1,625.00",
HWK,Hawthorn Yard,22 Hawthorn St,C127,752,1,1,Occupied,"Pemberton, Marisol",marisol.pemberton@example.com,2025-10-10,,"1,485.00","1,470.00"
HWK,Hawthorn Yard,22 Hawthorn St,C128,818,1,1,Notice,"Broussard, Aurelio",aurelio.broussard@example.com,2025-09-21,2026-09-24,"1,435.00","1,415.00"
HWK,Hawthorn Yard,22 Hawthorn St,C129,423,0,1,Notice,"Pemberton, Ottilie",ottilie.pemberton@mail.example.net,2024-02-23,2024-08-25,"$1,050.00","$1,050.00"
HWK,Hawthorn Yard,22 Hawthorn St,C130,755,1,1,Occupied,"Beaumont, Wilhelmina",wilhelmina.beaumont@example.com,2026-01-31,,"1,580.00","$1,570.00"
HWK,Hawthorn Yard,22 Hawthorn St,C201,685,1,1,Occ,"Cisneros, Soren",soren.cisneros@example.com,2024-07-11,,"1,435.00","1,420.00"
HWK,Hawthorn Yard,22 Hawthorn St,C202,"1,291",3,1,Employee,"Ishikawa, Aurelio",aurelio.ishikawa@example.org,2024-11-26,2025-12-22,"$2,285.00","2,225.00"
HWK,Hawthorn Yard,22 Hawthorn St,C203,813,1,1,Occupied,"Zambrano, Valentina",valentina.zambrano@example.com,2026-02-06,2027-02-13,"1,660.00","$1,635.00"
HWK,Hawthorn Yard,22 Hawthorn Street,C204,736,1,1,NTV,"Engelhardt, Soren",soren.engelhardt@example.com,2024-06-17,,"1,520.00","$1,520.00"
HWK,Hawthorn Yard,22 Hawthorn St,C205,705,1,1,Occupied,"Yoshida, Ferran",ferran.yoshida@mail.example.net,2024-09-17,2025-09-02,"$1,585.00","$1,525.00"
HWK,Hawthorn Yard,22 Hawthorn St,C206,777,1,1,Occupied,"Oyelaran, Zora",zora.oyelaran@mail.example.net,2025-01-10,,"$1,480.00","1,480.00"
HWK,Hawthorn Yard,22 Hawthorn St,C207,746,1,1,Occupied,"Eriksen, Casimir",casimir.eriksen@example.com,2026-03-27,2026-11-25,"$1,465.00","$1,450.00"
HWK,Hawthorn Yard,22 Hawthorn St,C208,981,2,1,Notice,"Dupont, Clemence",clemence.dupont@mail.example.net,2025-09-05,2026-09-20,"2,000.00","$1,970.00"
HWK,Hawthorn Yard,22 Hawthorn St,C209,745,1,1,Notice,"Danquah, Ulrich",ulrich.danquah@example.com,2024-03-26,2025-01-05,"$1,430.00","$1,405.00"
HWK,Hawthorn Yard,22 Hawthorn St,C210,"1,060",2,2,Employee,"Oyelaran, Greta",greta.oyelaran@example.com,2024-04-22,2025-01-23,"2,015.00","1,975.00"
HWK,Hawthorn Yard,22 Hawthorn St,C211,760,1,1,Occupied,"Ishikawa, Katrien",katrien.ishikawa@example.org,2024-06-27,2025-02-10,"$1,600.00","$1,540.00"
HWK,Hawthorn Yard,22 Hawthorn St,C212,"1,068",2,1.5,Employee,"Ferrante, Bastien",bastien.ferrante@example.org,2025-03-13,2025-12-10,"$2,065.00","$2,060.00"
HWK,Hawthorn Yard,22 Hawthorn St,C213,"1,040",2,2,Occ,"Ubaldi, Greta",greta.ubaldi@mail.example.net,2025-03-07,2026-02-19,"$1,825.00","$1,790.00"
HWK,Hawthorn Yard,22 Hawthorn St,C214,711,1,1,Occupied,"Lindgren, Priya",priya.lindgren@example.com,2026-05-09,2027-01-24,"1,500.00","1,475.00"
HWK,Hawthorn Yard,22 Hawthorn St,C215,772,1,1,Vacant,,,,,"$1,460.00",
HWK,Hawthorn Yard,22 Hawthorn St,C216,991,2,1.5,Notice,"Lindgren, Aurelio",aurelio.lindgren@example.org,2024-10-03,2025-07-10,"1,850.00","$1,850.00"
HWK,Hawthorn Yard,22 Hawthorn St,C217,"1,326",3,2,NTV,"Lindgren, Dario",dario.lindgren@example.com,2025-10-24,2026-04-25,"2,330.00","2,330.00"
HWK,Hawthorn Yard,22 Hawthorn St,C218,788,1,1,Notice,"Oyelaran, Elke",elke.oyelaran@example.com,2024-11-18,,"1,660.00","1,600.00"
HWK,Hawthorn Yard,22 Hawthorn St,C219,693,1,1,MTM,"Lindgren, Ilse",ilse.lindgren@mail.example.net,2025-03-03,2025-10-16,"1,525.00","1,495.00"
HWK,Hawthorn Yard,22 Hawthorn St,C220,995,2,1,MTM,"Wexler, Elke",elke.wexler@example.org,2026-06-18,2027-05-20,"$1,825.00","$1,820.00"
HWK,Hawthorn Yard,22 Hawthorn St,C221,"1,003",2,1,Vacant-Ready,,,,,"2,060.00",
HWK,Hawthorn Yard,22 Hawthorn St,C222,777,1,1,Notice,"Nakamura, Bettina",bettina.nakamura@example.com,2024-05-28,2025-01-01,"$1,420.00","1,390.00"
HWK,Hawthorn Yard,22 Hawthorn St,C223,744,1,1,Notice,"Quintero, Joaquin",joaquin.quintero@example.org,2025-11-29,2026-09-12,"1,540.00","$1,530.00"
HWK,Hawthorn Yard,22 Hawthorn St,C224,945,2,2,Occ,"Pemberton, Ferran",ferran.pemberton@example.com,2025-02-23,2025-10-22,"2,020.00","1,965.00"
HWK,Hawthorn Yard,22 Hawthorn St,C225,"1,253",3,1,Occupied,"Beaumont, Ottilie",ottilie.beaumont@example.com,2026-04-12,2027-04-10,"2,495.00","$2,485.00"
HWK,Hawthorn Yard,22 Hawthorn St,C226,"1,286",3,2,Notice,"Cisneros, Quentin",quentin.cisneros@mail.example.net,2024-06-01,2024-12-23,"$2,475.00","$2,430.00"
HWK,Hawthorn Yard,22 Hawthorn St,C227,983,2,1,Occ,"Grierson, Quentin",quentin.grierson@example.com,2025-08-11,2026-05-03,-,"1,785.00"
HWK,Hawthorn Yard,22 Hawthorn St,C227,983,2,1,Occ,"Radulescu, Bastien",bastien.radulescu@example.com,2025-08-11,2026-05-03,"1,825.00","$1,785.00"
HWK,Hawthorn Yard,22 Hawthorn St,C228,680,1,1,Occupied,"Ferrante, Soren",soren.ferrante@example.com,2024-03-10,2024-10-01,"1,590.00","$1,550.00"
HWK,Hawthorn Yard,22 Hawthorn St,C229,809,1,1,Occupied,"Ubaldi, Priya",priya.ubaldi@example.org,2026-03-11,2027-04-15,"1,475.00","1,470.00"
HWK,Hawthorn Yard,22 Hawthorn St,C230,788,1,1,Occ,"Dupont, Tamsin",tamsin.dupont@example.com,2025-09-05,2026-06-07,"$1,470.00","$1,450.00"
HWK,Hawthorn Yard,22 Hawthorn St,C301,769,1,1,Notice,"Tavares, Nadim",nadim.tavares@mail.example.net,2025-10-04,2026-09-15,"$1,495.00","1,460.00"
HWK,Hawthorn Yard,22 Hawthorn St,C302,729,1,1,Vacant,,,,,"$1,600.00",
HWK,Hawthorn Yard,22 Hawthorn St,C303,800,1,1,Occ,"Dupont, Joaquin",joaquin.dupont@example.com,2025-11-11,,"$1,530.00","1,525.00"
HWK,Hawthorn Yard,22 Hawthorn St,C304,769,1,1,Model,,,,,"$1,595.00",
HWK,Hawthorn Yard,22 Hawthorn St,C305,"1,005",2,1,Occupied,"Beaumont, Yannick",yannick.beaumont@example.com,2025-02-02,2025-09-03,"$2,045.00","$2,005.00"
HWK,Hawthorn Yard,22 Hawthorn St,C306,"1,300",3,1.5,Occupied,"Eriksen, Casimir",casimir.eriksen@example.org,2025-03-13,2025-10-11,"2,440.00","2,420.00"
HWK,Hawthorn Yard,22 Hawthorn St,C306,,3,1.5,Occupied,"Yoshida, Ottilie",ottilie.yoshida@example.com,2025-03-13,2025-10-11,"2,440.00","$2,420.00"
HWK,Hawthorn Yard,22 Hawthorn St,C307,434,0,1,Notice,"Kowalczyk, Soren",soren.kowalczyk@mail.example.net,2024-09-02,,"1,210.00","$1,170.00"
HWK,Hawthorn Yard,22 Hawthorn St,C308,"1,018",2,2,Notice,"Oyelaran, Elke",elke.oyelaran@example.com,2025-06-23,2026-04-13,-,"$1,840.00"
HWK,Hawthorn Yard,22 Hawthorn St,C309,"1,004",2,1.5,Occ,"Ashworth, Nadim",nadim.ashworth@example.com,11/2024,,"$1,970.00","$1,910.00"
HWK,Hawthorn Yard,22 Hawthorn St,C310,"1,259",3,2,NTV,"Sorokin, Joaquin",joaquin.sorokin@example.org,2024-03-26,2025-02-15,"2,280.00","2,275.00"
HWK,Hawthorn Yard,22 Hawthorn St,C311,"1,072",2,1,Occ,"Dupont, Wilhelmina",wilhelmina.dupont@example.com,2025-07-28,2026-02-05,"$2,055.00","2,045.00"
HWK,Hawthorn Yard Apts,22 Hawthorn St,C312,"1,321",3,1,Occupied,"Mwangi, Greta",greta.mwangi@example.com,2026-05-05,2027-02-12,"2,330.00","2,270.00"
HWK,Hawthorn Yard,22 Hawthorn St,C312,"1,321",3,1,Occupied,"Radulescu, Priya",priya.radulescu@example.org,2026-05-05,2027-02-12,"$2,330.00","2,270.00"
HWK,Hawthorn Yard,22 Hawthorn St,C313,979,2,2,Occupied,"Kowalczyk, Clemence",clemence.kowalczyk@example.com,2026-04-10,2027-04-08,"1,975.00","$1,965.00"
HWK,Hawthorn Yard,22 Hawthorn St,C314,"1,009",2,1,MTM,"Mwangi, Dario",dario.mwangi@mail.example.net,2025-02-07,2025-10-18,"1,850.00","$1,805.00"
HWK,Hawthorn Yard,22 Hawthorn St,C314,"1,009",2,1,MTM,"Lindgren, Dario",dario.lindgren@mail.example.net,2025-02-07,2025-10-18,"$1,850.00","1,805.00"
HWK,Hawthorn Yard,22 Hawthorn St,C315,782,1,1,Occupied,"Lindgren, Amara",amara.lindgren@example.com,2026-06-02,2026-12-28,"$1,575.00","$1,520.00"
HWK,Hawthorn Yard,22 Hawthorn St,C316,"1,048",2,1,Occupied,"Jelinek, Wilhelmina",wilhelmina.jelinek@mail.example.net,2024-10-21,2025-06-08,"$2,055.00","2,030.00"
HWK,Hawthorn Yard,22 Hawthorn St,C317,814,1,1,Occupied,"Zambrano, Elke",elke.zambrano@example.org,2026-06-24,2027-02-06,"$1,645.00","$1,590.00"
HWK,Hawthorn Yard,22 Hawthorn St,C318,716,1,1,NTV,"Ashworth, Bettina",bettina.ashworth@example.com,2025-04-23,,"$1,530.00","1,485.00"
HWK,Hawthorn Yard,22 Hawthorn St,C319,955,2,1,Occupied,"Dupont, Katrien",katrien.dupont@mail.example.net,01/2024,2024-12-03,"$1,890.00","$1,820.00"
HWK,Hawthorn Yard,22 Hawthorn St,C319,955,2,1,MTM,"Quintero, Casimir",casimir.quintero@example.com,2024-12-12,2025-11-16,"1,890.00","1,860.00"
HWK,Hawthorn Yard,22 Hawthorn Street,C320,"1,036",2,2,Vacant,,,,,"$2,015.00",
HWK,Hawthorn Yard,22 Hawthorn St,C321,748,1,1,Occupied,"Mwangi, Rosalind",rosalind.mwangi@example.com,2025-02-21,2026-03-27,"1,575.00","$1,540.00"
HWK,Hawthorn Yard,22 Hawthorn St,C322,"1,024",2,1,Occupied,"Mwangi, Xavier",xavier.mwangi@example.com,2024-09-30,2025-04-28,"$2,080.00","$2,025.00"
HWK,Hawthorn Yard,22 Hawthorn St,C323,751,1,1,Occ,"Calderon, Ilse",ilse.calderon@example.com,2025-11-23,2026-11-03,"$1,605.00","$1,545.00"
HWK,Hawthorn Yard,22 Hawthorn St,C324,942,2,1,Notice,"Mwangi, Wilhelmina",wilhelmina.mwangi@example.org,2025-12-19,2026-12-10,"1,840.00","$1,835.00"
HWK,Hawthorn Yard,22 Hawthorn St,C325,"1,019",2,1.5,Occupied,"Lindgren, Aurelio","aurelio.lindgren@example,com",2024-08-18,2025-08-13,"$1,880.00","1,845.00"
HWK,Hawthorn Yard,22 Hawthorn St,C325,"1,019",2,1.5,Occupied,"Dupont, Aurelio",aurelio.dupont@example.org,2024-08-18,2025-08-13,"$1,880.00","1,845.00"
HWK,Hawthorn Yard,22 Hawthorn St,C326,980,2,1.5,VAC,,,,,"2,035.00",
HWK,Hawthorn Yard,22 Hawthorn St,C327,739,1,1,MTM,"Nakamura, Bastien",bastien.nakamura@example.com,2024-08-26,2025-03-08,"$1,585.00","$1,560.00"
HWK,Hawthorn Yard,22 Hawthorn Street,C328,"1,039",2,2,Employee,"Fontaine, Ilse",ilse.fontaine@example.com,2024-04-21,2025-03-02,"1,925.00","$1,890.00"
HWK,Hawthorn Yard,22 Hawthorn St,C329,988,2,2,Vacant-Ready,,,,,"$1,870.00",
HWK,Hawthorn Yard,22 Hawthorn St,C330,"1,329",3,1,Occ,"Oyelaran, Aurelio",aurelio.oyelaran@example.com,2024-06-27,2025-02-19,"$2,390.00","2,350.00"
HWK,Hawthorn Yard,22 Hawthorn St,C401,722,1,1,Occupied,"Ferrante, Elke",elke.ferrante@example.com,2026-04-22,2026-12-11,"1,630.00","1,620.00"
HWK,Hawthorn Yard,22 Hawthorn Street,C402,703,1,1,Occupied,"Radulescu, Amara",amara.radulescu@example.com,2025-01-25,2025-09-21,"1,525.00","$1,495.00"
HWK,Hawthorn Yard,22 Hawthorn St,C403,951,2,1.5,Occupied,"Sorokin, Wilhelmina",wilhelmina.sorokin@example.org,2025-07-09,2026-01-20,"$1,960.00","$1,900.00"
HWK,Hawthorn Yard,22 Hawthorn St,C404,997,2,1.5,Occupied,"Lindgren, Ilse",ilse.lindgren@example.com,2025-06-04,2025-12-14,"1,915.00","1,865.00"
HWK,Hawthorn Yard,22 Hawthorn St,C405,968,2,1,Occ,"Eriksen, Priya",priya.eriksen@example.com,2025-12-26,2026-12-23,"2,065.00","2,065.00"
HWK,Hawthorn Yard,22 Hawthorn St,C406,758,1,1,Occ,"Zambrano, Greta",greta.zambrano@example.com,2024-08-30,,"$1,455.00","1,430.00"
HWK,Hawthorn Yard,22 Hawthorn St,C407,"1,007",2,2,Occupied,"Ishikawa, Elke",elke.ishikawa@example.org,2025-04-01,2026-01-05,"1,845.00","$1,800.00"
HWK,Hawthorn Yard Apts,22 Hawthorn St,C408,986,2,2,MTM,"Oyelaran, Marisol",marisol.oyelaran@mail.example.net,2025-06-13,2026-03-17,"$2,070.00","2,070.00"
HWK,Hawthorn Yard,22 Hawthorn St,C409,739,1,1,Model,,,,,"$1,650.00",
HWK,Hawthorn Yard,22 Hawthorn St,C410,560,0,1,Occ,"Eriksen, Soren",soren.eriksen@example.com,2025-04-21,2026-01-29,"$1,165.00","$1,120.00"
HWK,Hawthorn Yard Apts,22 Hawthorn St,C411,,1,1,Notice,"Haddad, Aurelio",aurelio.haddad@mail.example.net,2026-01-11,2026-11-19,"$1,580.00","$1,560.00"
HWK,Hawthorn Yard,22 Hawthorn St,C412,709,1,1,Occupied,"Engelhardt, Ottilie",ottilie.engelhardt@example.com,2025-03-10,2026-03-26,"1,455.00","$1,425.00"
HWK,Hawthorn Yard,22 Hawthorn St,C413,703,1,1,Vacant-Ready,,,,,"1,415.00",
HWK,Hawthorn Yard Apts,22 Hawthorn St,C414,"1,063",2,2,MTM,"Dupont, Ulrich",ulrich.dupont@example.org,2026-05-20,,"2,010.00","1,975.00"
HWK,Hawthorn Yard,22 Hawthorn St,C415,"1,206",3,1,Vacant,,,,,"2,370.00",
HWK,Hawthorn Yard,22 Hawthorn St,C416,731,1,1,Occupied,"Ashworth, Elke",elke.ashworth@example.com,2026-01-20,2026-10-03,"$1,405.00","1,350.00"
HWK,Hawthorn Yard,22 Hawthorn St,C416,731,1,1,Occupied,"Ubaldi, Lachlan",lachlan.ubaldi@example.com,2026-01-20,2026-10-03,"1,405.00","$1,350.00"
HWK,Hawthorn Yard,22 Hawthorn St,C417,775,1,1,MTM,"Kowalczyk, Lachlan",lachlan.kowalczyk@example.com,2024-02-15,2025-03-03,"$1,510.00","$1,450.00"
HWK,Hawthorn Yard,22 Hawthorn St,C417,775,1,1,MTM,"Villanueva, Casimir",casimir.villanueva@example.com,2024-02-15,2025-03-03,"1,510.00","$1,450.00"
HWK,Hawthorn Yard,22 Hawthorn St,C418,556,0,1,Occupied,"Fontaine, Priya",priya.fontaine@example.com,2024-11-17,2025-10-17,"$1,230.00","$1,180.00"
HWK,Hawthorn Yard,22 Hawthorn St,C419,686,1,1,Occupied,"Eriksen, Delphine",delphine.eriksen@example.com,2024-06-09,2025-02-13,"$1,535.00","$1,495.00"
HWK,Hawthorn Yard,22 Hawthorn St,C419,686,1,1,Occupied,"Wexler, Nadim",nadim.wexler@mail.example.net,2024-06-09,2025-02-13,"1,535.00","$1,495.00"
HWK,Hawthorn Yard,22 Hawthorn Street,C420,"1,251",3,1.5,Occ,"Engelhardt, Casimir",casimir.engelhardt@mail.example.net,2025-03-17,,"2,470.00","$2,470.00"
HWK,Hawthorn Yard,22 Hawthorn St,C421,,1,1,Notice,"Lindgren, Valentina",valentina.lindgren@example.com,2024-10-31,2025-10-17,"1,475.00","$1,470.00"
HWK,Hawthorn Yard,22 Hawthorn St,C421,762,1,1,Occupied,"Dupont, Lachlan",lachlan.dupont@example.org,2024-12-24,2025-09-08,"1,475.00","1,495.00"
HWK,Hawthorn Yard,22 Hawthorn St,C422,"1,013",2,1.5,MTM,"Eriksen, Aurelio","aurelio.eriksen@example,com",2025-08-26,2026-04-11,"$1,920.00","$1,905.00"
HWK,Hawthorn Yard Apts,22 Hawthorn St,C423,706,1,1,Occupied,"Danquah, Greta",greta.danquah@example.com,2024-08-22,2025-06-14,"$1,610.00","$1,560.00"
HWK,Hawthorn Yard,22 Hawthorn St,C424,790,1,1,Notice,"Lindgren, Nadim",nadim.lindgren@example.com,2025-01-07,,"$1,520.00","$1,495.00"
HWK,Hawthorn Yard,22 Hawthorn Street,C425,"1,056",2,1.5,Occupied,"Ubaldi, Rosalind",rosalind.ubaldi@mail.example.net,2025-03-30,2026-04-22,"1,925.00","$1,870.00"
HWK,Hawthorn Yard,22 Hawthorn St,C425,"1,056",2,1.5,Occupied,"Pemberton, Bettina",bettina.pemberton@example.org,2026-05-22,2026-12-07,"$1,925.00","$1,910.00"
HWK,Hawthorn Yard,22 Hawthorn St,C426,979,2,1.5,Vacant,,,,,"1,860.00",
HWK,Hawthorn Yard,22 Hawthorn St,C427,749,1,1,MTM,"Wexler, Delphine",delphine.wexler@example.com,2026-03-12,2027-02-19,"$1,575.00","$1,575.00"
HWK,Hawthorn Yard,22 Hawthorn St,C428,"1,050",2,2,Occupied,"Eriksen, Bastien",bastien.eriksen@example.org,2024-04-25,2025-02-25,"1,830.00","1,830.00"
HWK,Hawthorn Yard,22 Hawthorn St,C429,453,0,1,Occupied,"Ubaldi, Xavier",xavier.ubaldi@example.com,2025-06-05,2025-12-28,"1,015.00",955.00
HWK,Hawthorn Yard,22 Hawthorn St,C430,957,2,2,Occupied,"Pemberton, Quentin",quentin.pemberton@example.com,2024-07-03,2025-05-06,"1,880.00","$1,830.00"
ELM,Elmcourt Flats,815 Elm Court,A101,520,0,1,Occ,"Eriksen, Quentin",quentin.eriksen@example.com,2025-04-11,2026-03-17,"$1,160.00","1,120.00"
ELM,Elmcourt Flats,815 Elm Court,A102,"1,236",3,1,Down,,,,,"2,495.00",
ELM,Elmcourt Flats,815 Elm Court,A103,"1,279",3,2,Occupied,"Wexler, Nadim",nadim.wexler@example.com,2026-06-22,2027-01-22,"$2,450.00","$2,400.00"
ELM,Elmcourt Flats,815 Elm Court,A104,995,2,1.5,Notice,"Cisneros, Wilhelmina",wilhelmina.cisneros@example.com,2024-09-26,2025-05-19,"$2,010.00","$1,990.00"
ELM,Elmcourt Flats,815 Elm Court,A105,697,1,1,Vacant-Ready,,,,,"1,425.00",
ELM,Elmcourt Flats,815 Elm Court,A106,996,2,1,Occ,"Danquah, Clemence",clemence.danquah@example.org,2025-05-13,2026-03-24,"$1,900.00","$1,860.00"
ELM,Elmcourt Flats,815 Elm Court,A107,"1,216",3,2,Occupied,"Ashworth, Nadim",nadim.ashworth@example.com,2024-05-14,2025-03-30,"$2,455.00","2,415.00"
ELM,Elmcourt Flats,815 Elm Court,A108,991,2,1,NTV,"Eriksen, Greta",greta.eriksen@example.com,2024-09-12,,"$2,035.00","$1,975.00"
ELM,Elmcourt Flats,815 Elm Court,A109,771,1,1,Occ,"Ferrante, Ottilie",ottilie.ferrante@example.com,2025-02-12,2026-02-09,"$1,475.00","$1,415.00"
ELM,Elmcourt Flats,815 Elm Court,A110,820,1,1,Down,,,,,"$1,505.00",
ELM,Elmcourt Flats,815 Elm Court,A111,965,2,2,Occupied,"Villanueva, Elke",elke.villanueva@example.com,2025-05-30,2026-01-30,"$1,910.00","$1,905.00"
ELM,Elmcourt Flats,815 Elm Court,A112,815,1,1,Occ,"Beaumont, Amara",amara.beaumont@example.com,2026-05-02,2027-01-13,"$1,440.00","$1,430.00"
ELM,Elmcourt Flats,815 Elm Court,A113,"1,299",3,1,Occ,"Kowalczyk, Valentina",valentina.kowalczyk@example.com,2025-11-19,2026-10-30,"$2,405.00","$2,385.00"
ELM,Elmcourt Flats,815 Elm Court,A114,"1,329",3,2,Occupied,"Beaumont, Bettina",bettina.beaumont@example.org,2025-05-05,2025-11-16,"2,380.00","2,370.00"
ELM,Elmcourt Flats,815 Elm Court,A115,797,1,1,Occ,"Kowalczyk, Aurelio",aurelio.kowalczyk@example.com,2024-07-28,2025-04-15,"1,435.00","$1,405.00"
ELM,Elmcourt Flats,815 Elm Court,A115,797,1,1,Occ,"Danquah, Katrien",katrien.danquah@example.com,2024-07-28,2025-04-15,"$1,435.00","1,405.00"
ELM,Elmcourt Flats,815 Elm Court,A116,947,2,1,Employee,"Cisneros, Tamsin",tamsin.cisneros@example.com,2025-04-12,2026-04-21,"$1,845.00","1,805.00"
ELM,Elmcourt Flats,815 Elm Court,A117,"1,300",3,2,Occupied,"Radulescu, Delphine",delphine.radulescu@example.com,2026-06-01,2027-05-30,"$2,295.00","2,290.00"
ELM,Elmcourt Flats,815 Elm Court,A117,"1,300",3,2,Occupied,"Yoshida, Casimir",casimir.yoshida@example.com,2026-06-01,2027-05-30,"2,295.00","$2,290.00"
ELM,Elmcourt Flats,815 Elm Court,A118,815,1,1,NTV,"Cisneros, Bettina",bettina.cisneros@example.com,02/2024,2025-03-01,"$1,410.00","1,360.00"
ELM,Elmcourt Flats,815 Elm Court,A119,"1,058",2,1.5,Occupied,"Villanueva, Amara",amara.villanueva@example.com,2026-03-18,2027-01-06,"$1,830.00","$1,810.00"
ELM,Elmcourt Flats,815 Elm Court,A120,"1,235",3,1,Occupied,"Haddad, Marisol",marisol.haddad@example.com,2024-05-28,2025-04-06,"$2,245.00","$2,235.00"
ELM,Elmcourt Flats,815 Elm Court,A120,"1,235",3,1,Occupied,"Ferrante, Wilhelmina",wilhelmina.ferrante@example.org,2024-05-28,2025-04-06,"$2,245.00","$2,235.00"
ELM,Elmcourt Flats,815 Elm Court,A121,"1,036",2,2,MTM,"Broussard, Ottilie",ottilie.broussard@mail.example.net,2024-07-30,2025-03-04,"1,960.00","1,955.00"
ELM,Elmcourt Flats,815 Elm Court,A122,"1,000",2,1.5,MTM,"Pemberton, Hamza",hamza.pemberton@mail.example.net,2025-06-29,2026-07-05,"2,075.00","$2,060.00"
ELM,Elmcourt Flats,815 Elm Court,A123,776,1,1,Occupied,"Beaumont, Delphine",delphine.beaumont@example.com,2025-01-14,2025-08-19,"$1,500.00","1,500.00"
ELM,Elmcourt Flats,815 Elm Court,A124,"1,065",2,1.5,Occ,"Mwangi, Ulrich",ulrich.mwangi@example.com,2024-10-21,2025-05-17,"$2,050.00","$1,990.00"
ELM,Elmcourt Flats,815 Elm Court,A125,"1,055",2,2,NTV,"Sorokin, Dario",dario.sorokin@example.com,2024-09-15,2025-03-26,"2,030.00","$1,975.00"
ELM,Elmcourt Flats,815 Elm Court,A126,727,1,1,Occupied,"Villanueva, Nadim",nadim.villanueva@example.com,2025-09-07,,"$1,635.00","1,635.00"
ELM,Elmcourt Flats,815 Elm Court,A127,506,0,1,Occupied,"Jelinek, Hamza",hamza.jelinek@example.com,2024-04-30,2024-11-24,-,$960.00
ELM,Elmcourt Flats,815 Elm Court,A128,"1,065",2,2,Notice,"Yoshida, Lachlan",lachlan.yoshida@example.com,2024-03-24,,"2,050.00","$2,015.00"
ELM,Elmcourt Flats,815 Elm Court,A129,"1,016",2,2,NTV,"Ashworth, Elke",elke.ashworth@example.com,2025-09-15,2026-04-09,"$2,050.00","2,040.00"
ELM,Elmcourt Flats,815 Elm Court,A130,,1,1,NTV,"Cisneros, Priya",priya.cisneros@mail.example.net,2025-11-10,2026-12-14,"1,610.00","1,585.00"
ELM,Elmcourt Flats,815 Elm Court,A201,"1,076",2,1,MTM,"Eriksen, Hamza",hamza.eriksen@example.com,2025-12-31,,"$1,860.00","1,810.00"
ELM,Elmcourt Flats,815 Elm Court,A201,"1,076",2,1,MTM,"Sorokin, Amara",amara.sorokin@example.com,2025-12-31,,"$1,860.00","$1,810.00"
ELM,Elmcourt Flats,815 Elm Court,A202,"1,219",3,1,Down,,,,,"$2,335.00",
ELM,Elmcourt Flats,815 Elm Court,A203,732,1,1,Occupied,"Kowalczyk, Aurelio",aurelio.kowalczyk@mail.example.net,2025-07-05,2026-03-15,"1,460.00","1,455.00"
ELM,Elmcourt Flats,815 Elm Court,A204,728,1,1,Notice,"Dupont, Rosalind",rosalind.dupont@example.com,2025-02-01,2025-10-12,"1,515.00","$1,490.00"
ELM,Elmcourt Flats,815 Elm Court,A205,542,0,1,Occupied,"Mwangi, Greta",greta.mwangi@example.com,2026-04-03,2026-10-29,"1,160.00","1,155.00"
ELM,Elmcourt Flats,815 Elm Court,A206,787,1,1,Occupied,"Yoshida, Amara",amara.yoshida@example.com,2024-11-19,2025-06-28,"1,470.00","$1,470.00"
ELM,Elmcourt Flats,815 Elm Court,A207,693,1,1,Vacant,,,,,"$1,650.00",
ELM,Elmcourt Flats,815 Elm Court,A208,"1,255",3,2,Vacant,,,,,"$2,295.00",
ELM,Elmcourt Flats,815 Elm Court,A209,986,2,1.5,Notice,"Broussard, Valentina",valentina.broussard@mail.example.net,2025-04-20,2025-11-19,"$1,955.00","$1,900.00"
ELM,Elmcourt Flats,815 Elm Court,A210,984,2,2,Occ,"Ashworth, Joaquin",joaquin.ashworth@example.org,2024-12-23,2025-11-04,"1,905.00","1,845.00"
ELM,Elmcourt Flats,815 Elm Court,A211,998,2,2,Occupied,"Jelinek, Ottilie",ottilie.jelinek@example.com,2024-10-13,2025-09-04,"2,065.00","$2,015.00"
ELM,Elmcourt Flats,815 Elm Court,A212,985,2,1,Occ,"Calderon, Elke",elke.calderon@example.com,2024-11-19,2025-11-05,"1,895.00","1,870.00"
ELM,Elmcourt Flats,815 Elm Court,A213,"1,287",3,1.5,MTM,"Engelhardt, Zora",zora.engelhardt@example.com,2026-05-04,2027-05-18,"$2,370.00","2,325.00"
ELM,Elmcourt Flats,815 Elm Court,A214,"1,004",2,1.5,Occupied,"Sorokin, Katrien",katrien.sorokin@example.org,2025-12-21,2026-10-30,"2,055.00","$1,995.00"
ELM,Elmcourt Flats,815 Elm Court,A215,792,1,1,Vacant-Ready,,,,,"$1,550.00",
ELM,Elmcourt Flats,815 Elm Court,A216,"1,066",2,2,NTV,"Quintero, Greta",greta.quintero@example.com,2025-05-26,2025-12-03,"$2,070.00","$2,025.00"
ELM,Elmcourt Flats,815 Elm Court,A217,,1,1,Occupied,"Calderon, Greta",greta.calderon@example.com,2024-10-17,2025-09-14,"$1,580.00","$1,520.00"
ELM,Elmcourt Flats,815 Elm Court,A218,"1,060",2,1,Occupied,"Calderon, Bastien",bastien.calderon@example.com,2025-08-19,2026-08-21,"2,045.00","$2,005.00"
ELM,Elmcourt Flats,815 Elm Court,A219,"1,048",2,1,Vacant-Ready,,,,,"1,995.00",
ELM,Elmcourt Flats,815 Elm Court,A220,"1,013",2,2,Vacant,,,,,"$1,885.00",
ELM,Elmcourt Flats,815 Elm Court,A221,"1,034",2,1,Model,,,,,"$1,955.00",
ELM,Elmcourt Flats,815 Elm Court,A222,"1,045",2,2,Occupied,"Oyelaran, Rosalind",rosalind.oyelaran@example.com,2026-06-15,2026-12-22,"$1,900.00","$1,885.00"
ELM,Elmcourt Flats,815 Elm Court,A223,"1,318",3,1,MTM,"Ashworth, Ilse",ilse.ashworth@example.com,2024-11-04,2025-09-10,"$2,430.00","2,400.00"
ELM,Elmcourt Flats,815 Elm Court,A224,718,1,1,Occupied,"Oyelaran, Hamza",hamza.oyelaran@example.org,2025-11-14,2026-08-15,"1,570.00","$1,540.00"
ELM,Elmcourt Flats,815 Elm Court,A225,"1,021",2,1.5,Occ,"Eriksen, Hamza",hamza.eriksen@example.com,2024-09-12,2025-04-18,"2,010.00","$1,965.00"
ELM,Elmcourt Flats,815 Elm Court,A226,963,2,1.5,Notice,"Mwangi, Zora",zora.mwangi@mail.example.net,2026-06-11,2027-03-19,"$2,035.00","$1,995.00"
ELM,Elmcourt Flats,815 Elm Court,A227,438,0,1,Down,,,,,"$1,075.00",
ELM,Elmcourt Flats,815 Elm Court,A228,542,0,1,Occupied,"Lindgren, Soren",soren.lindgren@mail.example.net,2026-05-18,2027-05-18,"$1,005.00",960.00
ELM,Elmcourt Flats,815 Elm Court,A229,559,0,1,Notice,"Sorokin, Aurelio",aurelio.sorokin@mail.example.net,2025-04-26,2026-01-13,"$1,200.00","1,195.00"
ELM,Elmcourt Flats,815 Elm Court,A230,"1,286",3,1.5,Occupied,"Oyelaran, Clemence",clemence.oyelaran@example.com,2024-03-03,2025-02-05,"$2,410.00","$2,355.00"
ELM,Elmcourt Flats,815 Elm Court,A301,767,1,1,Occupied,"Radulescu, Casimir",casimir.radulescu@example.com,2025-10-01,,"1,555.00","$1,515.00"
ELM,Elmcourt Flats,815 Elm Court,A302,"1,017",2,1,Occupied,"Radulescu, Dario",dario.radulescu@example.org,2024-07-23,2025-02-17,"$2,040.00","1,985.00"
ELM,Elmcourt Flats,815 Elm Court,A303,954,2,1,Occupied,"Wexler, Ottilie",ottilie.wexler@example.com,2024-05-01,2024-12-26,"$1,840.00","$1,830.00"
ELM,Elmcourt Flats,815 Elm Court,A304,757,1,1,Notice,"Villanueva, Nadim",nadim.villanueva@example.com,2024-06-07,2024-12-04,"$1,520.00","1,515.00"
ELM,Elmcourt Flats,815 Elm Court,A305,"1,063",2,1,Occ,"Ishikawa, Elke",elke.ishikawa@example.com,2024-06-09,2025-07-12,"$1,985.00","1,975.00"
ELM,Elmcourt Flats,815 Elm Court,A306,"1,284",3,1,Occupied,"Beaumont, Priya",priya.beaumont@example.com,2024-07-23,2025-02-15,"2,325.00","$2,310.00"
ELM,Elmcourt Flats,815 Elm Court,A307,439,0,1,NTV,"Beaumont, Joaquin",joaquin.beaumont@example.com,2025-04-27,2026-02-02,"1,080.00","$1,030.00"
ELM,Elmcourt Flats,815 Elm Court,A308,751,1,1,Vacant,,,,,"$1,415.00",
ELM,Elmcourt Flats,815 Elm Court,A309,,1,1,MTM,"Villanueva, Hamza",hamza.villanueva@example.com,2026-02-14,2027-02-04,"$1,650.00","1,610.00"
ELM,Elmcourt Flats,815 Elm Court,A310,740,1,1,Occupied,"Wexler, Amara",amara.wexler@example.org,2025-09-06,2026-06-16,"1,505.00","$1,505.00"
ELM,Elmcourt Flats,815 Elm Court,A311,"1,257",3,2,Occ,"Yoshida, Priya",priya.yoshida@mail.example.net,2025-09-19,2026-09-28,"2,395.00","$2,355.00"
ELM,Elmcourt Flats,815 Elm Court,A312,"1,053",2,2,Occupied,"Calderon, Delphine",delphine.calderon@mail.example.net,2026-02-09,2026-09-30,"1,950.00","$1,895.00"
ELM,Elmcourt Flats,815 Elm Court,A313,"1,066",2,1.5,MTM,"Engelhardt, Zora",zora.engelhardt@example.com,2026-06-24,2027-01-29,"$1,910.00","1,900.00"
ELM,Elmcourt Flats,815 Elm Court,A314,"1,013",2,2,Vacant,,,,,"1,965.00",
ELM,Elmcourt Flats,815 Elm Court,A315,757,1,1,NTV,"Calderon, Wilhelmina",wilhelmina.calderon@mail.example.net,2025-12-21,2026-07-14,"$1,400.00","$1,385.00"
ELM,Elmcourt Flats,815 Elm Court,A316,814,1,1,Occ,"Ubaldi, Soren",soren.ubaldi@example.com,2026-06-30,2027-03-01,"$1,595.00","$1,585.00"
ELM,Elmcourt Flats,815 Elm Court,A317,746,1,1,Employee,"Zambrano, Ottilie",ottilie.zambrano@example.org,2025-08-22,2026-08-12,"1,430.00","$1,405.00"
ELM,Elmcourt Flats,815 Elm Court,A318,770,1,1,Occ,"Ubaldi, Dario",dario.ubaldi@example.com,2025-08-17,2026-03-26,"1,530.00","1,505.00"
ELM,Elmcourt Flats,815 Elm Court,A319,"1,051",2,1.5,Occupied,"Haddad, Soren",soren.haddad@example.com,2025-12-02,2026-09-24,"$1,865.00","$1,860.00"
ELM,Elmcourt Flats,815 Elm Court,A320,683,1,1,Occupied,"Ishikawa, Zora",zora.ishikawa@mail.example.net,2025-04-27,2025-12-10,"$1,635.00","$1,615.00"
ELM,Elmcourt Flats,815 Elm Court,A320,683,1,1,Occupied,"Quintero, Bastien",bastien.quintero@example.com,2025-04-27,2025-12-10,"1,635.00","$1,615.00"
ELM,Elmcourt Flats,815 Elm Court,A321,"1,206",3,1.5,Notice,"Tavares, Bastien",bastien.tavares@mail.example.net,2024-10-26,2025-05-27,"$2,450.00","$2,405.00"
ELM,Elmcourt Flats,815 Elm Court,A321,"1,206",3,1.5,Notice,"Yoshida, Ilse",ilse.yoshida@example.com,2024-10-26,2025-05-27,"$2,450.00","2,405.00"
ELM,Elmcourt Flats,815 Elm Court,A322,783,1,1,Notice,"Eriksen, Ferran",ferran.eriksen@example.com,2026-04-17,,"$1,565.00","1,515.00"
ELM,Elmcourt Flats,815 Elm Court,A323,956,2,1,Vacant,"Villanueva, Valentina",,,,"1,965.00",
ELM,Elmcourt Flats,815 Elm Court,A324,"1,276",3,2,NTV,"Ferrante, Dario",dario.ferrante@example.com,2026-05-15,,"$2,305.00","2,250.00"
ELM,Elmcourt Flats,815 Elm Court,A325,"1,022",2,2,Down,,,,,"1,950.00",
ELM,Elmcourt Flats,815 Elm Court,A326,"1,076",2,2,NTV,"Zambrano, Tamsin",tamsin.zambrano@example.org,2026-01-02,2026-07-03,-,"$1,940.00"
ELM,Elmcourt Flats,815 Elm Court,A327,803,1,1,NTV,"Dupont, Katrien",katrien.dupont@example.com,2025-01-16,2026-02-17,"1,615.00","$1,555.00"
ELM,Elmcourt Flats,815 Elm Court,A328,792,1,1,MTM,"Pemberton, Ilse",ilse.pemberton@mail.example.net,2024-05-08,,"1,580.00","$1,545.00"
ELM,Elmcourt Flats,815 Elm Court,A328,792,1,1,MTM,"Villanueva, Quentin",quentin.villanueva@example.org,05/2024,,"1,580.00","$1,545.00"
ELM,Elmcourt Flats,815 Elm Court,A329,773,1,1,Occ,"Broussard, Bastien",bastien.broussard@example.com,2024-08-08,,"1,425.00","$1,370.00"
ELM,Elmcourt Flats,815 Elm Court,A330,"1,014",2,2,Occupied,"Broussard, Marisol",marisol.broussard@example.com,2025-05-18,2025-11-25,"2,055.00","$2,025.00"
ELM,Elmcourt Flats,815 Elm Court,A401,988,2,1.5,Occupied,"Jelinek, Lachlan",lachlan.jelinek@example.com,2024-05-26,2025-05-20,"$1,945.00","$1,900.00"
ELM,Elmcourt Flats,815 Elm Court,A402,759,1,1,NTV,"Haddad, Ottilie",ottilie.haddad@example.org,2024-10-26,2025-05-24,"1,535.00","1,515.00"
ELM,Elmcourt Flats,815 Elm Court,A402,759,1,1,NTV,"Ferrante, Wilhelmina",wilhelmina.ferrante@example.com,2024-10-26,2025-05-24,"$1,535.00","1,515.00"
ELM,Elmcourt Flats,815 Elm Court,A403,742,1,1,MTM,"Tavares, Ulrich",ulrich.tavares@mail.example.net,2025-06-23,2026-02-03,"1,460.00","$1,405.00"
ELM,Elmcourt Flats,815 Elm Court,A404,"1,004",2,1.5,Occ,"Ferrante, Greta",greta.ferrante@example.com,2025-02-13,2025-08-20,-,"$1,900.00"
ELM,Elmcourt Flats,815 Elm Court,A405,764,1,1,Occ,"Villanueva, Amara",amara.villanueva@example.com,2026-06-04,2027-03-27,"1,595.00","1,555.00"
ELM,Elmcourt Flats,815 Elm Court,A406,748,1,1,Occ,"Oyelaran, Bettina",bettina.oyelaran@example.com,2026-02-22,2026-12-02,"$1,595.00","$1,555.00"
ELM,Elmcourt Flats,815 Elm Court,A407,443,0,1,Occ,"Oyelaran, Rosalind",rosalind.oyelaran@example.com,08/2024,2025-05-22,"1,235.00","1,185.00"
ELM,Elmcourt Flats,815 Elm Court,A408,799,1,1,Occ,"Villanueva, Delphine",delphine.villanueva@mail.example.net,2025-12-31,,"$1,565.00","$1,505.00"
ELM,Elmcourt Flats,815 Elm Court,A408,799,1,1,Occupied,"Quintero, Aurelio",aurelio.quintero@example.com,2026-05-27,2027-04-13,"$1,565.00","$1,530.00"
ELM,Elmcourt Flats,815 Elm Court,A409,734,1,1,Occ,"Engelhardt, Zora",zora.engelhardt@example.com,2024-12-04,,"$1,405.00","1,350.00"
ELM,Elmcourt Flats,815 Elm Court,A410,958,2,1,NTV,"Fontaine, Katrien","katrien.fontaine@example,com",2024-11-10,2025-10-17,"1,975.00","1,945.00"
ELM,Elmcourt Flats,815 Elm Court,A411,"1,222",3,1,MTM,"Kowalczyk, Yannick",yannick.kowalczyk@mail.example.net,2025-07-15,2026-05-27,"2,440.00","2,415.00"
ELM,Elmcourt Flats,815 Elm Court,A412,"1,011",2,2,Occupied,"Ubaldi, Ferran",ferran.ubaldi@example.com,2026-05-17,2026-12-26,"1,910.00","1,860.00"
ELM,Elmcourt Flats,815 Elm Court,A413,"1,320",3,1,Occ,"Lindgren, Soren",soren.lindgren@mail.example.net,08/2025,,"2,485.00","$2,485.00"
ELM,Elmcourt Flats,815 Elm Court,A414,"1,006",2,1,MTM,"Radulescu, Tamsin",tamsin.radulescu@example.com,2024-11-04,2025-12-05,"$1,890.00","1,880.00"
ELM,Elmcourt Flats,815 Elm Court,A415,944,2,2,Occupied,"Kowalczyk, Quentin",quentin.kowalczyk@example.com,2025-02-04,2025-10-30,"1,925.00","$1,905.00"
ELM,Elmcourt Flats,815 Elm Court,A416,812,1,1,Occ,"Jelinek, Ferran",ferran.jelinek@mail.example.net,2025-04-29,2026-02-27,"$1,530.00","1,530.00"
ELM,Elmcourt Flats,815 Elm Court,A417,"1,015",2,1.5,NTV,"Calderon, Greta",greta.calderon@example.com,2025-10-27,,"1,830.00","$1,800.00"
ELM,Elmcourt Flats,815 Elm Court,A418,959,2,1,Occupied,"Eriksen, Hamza",hamza.eriksen@mail.example.net,2024-08-15,2025-09-02,"$1,940.00","$1,895.00"
ELM,Elmcourt Flats,815 Elm Court,A419,"1,027",2,1.5,Occupied,"Calderon, Joaquin",joaquin.calderon@example.com,2024-11-28,2025-06-27,"$1,930.00","$1,920.00"
ELM,Elmcourt Flats,815 Elm Court,A420,743,1,1,Occ,"Fontaine, Nadim",nadim.fontaine@example.com,2026-02-10,2026-12-19,"1,640.00","$1,625.00"
ELM,Elmcourt Flats,815 Elm Court,A421,"1,275",3,1.5,Occ,"Ishikawa, Ottilie",ottilie.ishikawa@example.com,2024-09-18,2025-09-10,"2,365.00","$2,365.00"
ELM,Elmcourt Flats,815 Elm Court,A422,750,1,1,Notice,"Haddad, Joaquin",joaquin.haddad@mail.example.net,2025-07-17,,"1,415.00","1,390.00"
ELM,Elmcourt Flats,815 Elm Court,A423,751,1,1,Vacant,,,,,"$1,520.00",
ELM,Elmcourt Flats,815 Elm Court,A424,"1,059",2,2,Vacant-Ready,,,,,"2,040.00",
ELM,Elmcourt Flats,815 Elm Court,A425,"1,070",2,1,NTV,"Sorokin, Marisol",marisol.sorokin@example.com,2025-07-15,2026-02-23,"1,875.00","$1,875.00"
ELM,Elmcourt Flats,815 Elm Court,A426,790,1,1,Occupied,"Jelinek, Clemence",clemence.jelinek@example.com,2024-08-23,2025-08-09,"$1,535.00","1,520.00"
ELM,Elmcourt Flats,815 Elm Court,A427,"1,013",2,2,Occupied,"Pemberton, Xavier",xavier.pemberton@example.com,2024-03-06,2024-09-07,"$1,985.00","$1,945.00"
ELM,Elmcourt Flats,815 Elm Court,A428,545,0,1,Occupied,"Oyelaran, Xavier",xavier.oyelaran@example.org,2024-08-25,2025-04-11,"$1,070.00","$1,065.00"
ELM,Elmcourt Flats,815 Elm Court,A429,736,1,1,Occ,"Villanueva, Soren",soren.villanueva@example.com,2024-10-17,2025-07-30,"1,580.00","$1,580.00"
ELM,Elmcourt Flats,815 Elm Court,A430,733,1,1,Occ,"Engelhardt, Tamsin",tamsin.engelhardt@example.com,2024-09-27,2025-09-05,"1,575.00","$1,560.00"
ELM,Elmcourt Flats,815 Elm Court,A430,733,1,1,Occ,"Grierson, Lachlan",lachlan.grierson@mail.example.net,2024-09-27,2025-09-05,"1,575.00","$1,560.00"
ELM,Elmcourt Flats,815 Elm Court,A501,"1,035",2,2,Occupied,"Mwangi, Ilse",ilse.mwangi@example.org,2024-04-12,2024-10-15,"$1,960.00","$1,950.00"
ELM,Elmcourt Flats,815 Elm Court,A502,473,0,1,Vacant,,,,,"$1,210.00",
ELM,Elmcourt Flats,815 Elm Court,A503,471,0,1,Occupied,"Ashworth, Marisol",marisol.ashworth@example.org,2026-03-27,2027-01-22,"1,020.00",$975.00
ELM,Elmcourt Flats,815 Elm Court,A504,"1,001",2,2,Occupied,"Grierson, Dario",dario.grierson@example.org,2024-08-21,2025-03-08,"$1,855.00","$1,815.00"
ELM,Elmcourt Flats,815 Elm Court,A505,754,1,1,Occupied,"Jelinek, Valentina",valentina.jelinek@example.com,2026-05-21,2027-04-24,"$1,540.00","$1,505.00"
ELM,Elmcourt Flats,815 Elm Court,A506,692,1,1,Occ,"Ishikawa, Yannick",yannick.ishikawa@example.com,2024-07-16,2025-05-19,"1,535.00","$1,535.00"
ELM,Elmcourt Flats,815 Elm Court,A507,"1,064",2,1,Occupied,"Eriksen, Wilhelmina",wilhelmina.eriksen@example.com,2023-04-05,2024-04-10,"1,925.00","1,885.00"
ELM,Elmcourt Flats,815 Elm Court,A507,"1,064",2,1,Occupied,"Jelinek, Ilse",ilse.jelinek@example.org,2024-05-09,,"$1,925.00","$1,925.00"
ELM,Elmcourt Flats,815 Elm Court,A508,"1,079",2,1,MTM,"Fontaine, Tamsin",tamsin.fontaine@example.org,2025-10-12,2026-08-24,"$2,015.00","$1,975.00"
ELM,Elmcourt Flats,815 Elm Court,A509,"1,031",2,1.5,NTV,"Tavares, Ilse",ilse.tavares@example.org,2026-01-31,2026-11-18,"$1,880.00","1,875.00"
ELM,Elmcourt Flats,815 Elm Court,A510,"1,289",3,1.5,Vacant,"Wexler, Tamsin",,,,"$2,305.00",
ELM,Elmcourt Flats,815 Elm Court,A511,703,1,1,Notice,"Eriksen, Yannick",yannick.eriksen@mail.example.net,2026-03-06,2026-11-11,"$1,430.00","$1,400.00"
ELM,Elmcourt Flats,815 Elm Court,A512,685,1,1,Occupied,"Beaumont, Rosalind",rosalind.beaumont@example.com,2025-11-02,2026-08-22,"1,510.00","$1,455.00"
ELM,Elmcourt Flats,815 Elm Court,A513,766,1,1,NTV,"Ishikawa, Casimir",casimir.ishikawa@example.com,2025-07-21,,"$1,595.00","$1,540.00"
ELM,Elmcourt Flats,815 Elm Court,A514,810,1,1,Occupied,"Lindgren, Zora",zora.lindgren@example.com,2026-06-25,2027-01-30,"$1,440.00","$1,400.00"
ELM,Elmcourt Flats,815 Elm Court,A515,697,1,1,Occupied,"Danquah, Hamza",hamza.danquah@example.org,2024-03-24,2025-01-02,"$1,400.00","$1,350.00"
ELM,Elmcourt Flats,815 Elm Court,A516,"1,257",3,1,Vacant-Ready,,,,,"$2,495.00",
ELM,Elmcourt Flats,815 Elm Court,A517,,2,1,Occupied,"Cisneros, Amara",amara.cisneros@mail.example.net,2024-12-19,2025-11-30,"$2,015.00","$1,965.00"
ELM,Elmcourt Flats,815 Elm Court,A518,700,1,1,Occupied,"Mwangi, Tamsin",tamsin.mwangi@example.com,06/2025,2026-05-06,"$1,650.00","1,625.00"
ELM,Elmcourt Flats,815 Elm Court,A519,961,2,1,Occupied,"Jelinek, Zora",zora.jelinek@example.com,2025-09-02,2026-03-06,"1,925.00","$1,925.00"
ELM,Elmcourt Flats,815 Elm Court,A520,729,1,1,NTV,"Zambrano, Zora",zora.zambrano@example.com,2024-12-26,2025-12-04,"1,575.00","$1,525.00"
ELM,Elmcourt Flats,815 Elm Court,A521,722,1,1,Occupied,"Cisneros, Clemence",clemence.cisneros@example.org,2023-02-22,2024-03-23,"1,635.00","$1,570.00"
ELM,Elmcourt Flats,815 Elm Court,A521,722,1,1,MTM,"Villanueva, Yannick",yannick.villanueva@example.com,2024-04-24,2024-12-25,"$1,635.00","$1,610.00"
ELM,Elmcourt Flats,815 Elm Court,A522,752,1,1,Occupied,"Danquah, Greta",greta.danquah@example.com,2024-07-20,2025-04-23,"$1,570.00","$1,565.00"
ELM,Elmcourt Flats,815 Elm Court,A523,"1,032",2,1.5,VAC,,,,,"$2,030.00",
ELM,Elmcourt Flats,815 Elm Court,A524,"1,299",3,2,Occupied,"Beaumont, Marisol",marisol.beaumont@example.com,2024-04-09,2024-12-24,"2,355.00","$2,340.00"
ELM,Elmcourt Flats,815 Elm Court,A525,807,1,1,Occ,"Eriksen, Dario",dario.eriksen@example.org,2024-03-06,2024-12-07,"$1,590.00","1,535.00"
ELM,Elmcourt Flats,815 Elm Court,A526,692,1,1,NTV,"Oyelaran, Bastien",bastien.oyelaran@mail.example.net,2024-08-23,2025-08-21,"$1,470.00","1,435.00"
ELM,Elmcourt Flats,815 Elm Court,A526,692,1,1,NTV,"Fontaine, Greta",greta.fontaine@mail.example.net,2024-08-23,2025-08-21,"1,470.00","$1,435.00"
ELM,Elmcourt Flats,815 Elm Court,A527,978,2,1.5,MTM,"Quintero, Zora",zora.quintero@example.com,2026-05-13,2026-12-17,"$2,055.00","$2,045.00"
ELM,Elmcourt Flats,815 Elm Court,A528,716,1,1,Down,,,,,"$1,570.00",
ELM,Elmcourt Flats,815 Elm Court,A529,756,1,1,NTV,"Sorokin, Yannick",yannick.sorokin@example.com,2025-09-03,2026-09-06,"$1,570.00","1,545.00"
ELM,Elmcourt Flats,815 Elm Court,A530,742,1,1,NTV,"Villanueva, Dario",dario.villanueva@example.com,2025-11-29,2026-10-20,"$1,425.00","1,415.00"
ELM,Elmcourt Flats,815 Elm Court,A530,742,1,1,NTV,"Grierson, Yannick",yannick.grierson@example.org,2025-11-29,2026-10-20,"$1,425.00","$1,415.00"
ELM,Elmcourt Flats,815 Elm Court,B101,"1,277",3,1.5,Occupied,"Kowalczyk, Wilhelmina",wilhelmina.kowalczyk@example.com,2025-01-28,2025-11-15,"$2,435.00","2,425.00"
ELM,Elmcourt Flats,815 Elm Court,B102,486,0,1,Occupied,"Yoshida, Wilhelmina",wilhelmina.yoshida@mail.example.net,2024-06-28,2025-06-23,"$1,115.00","$1,070.00"
ELM,Elmcourt Flats,815 Elm Court,B103,743,1,1,Occ,"Oyelaran, Greta",greta.oyelaran@example.com,2025-09-17,2026-05-06,"$1,550.00","$1,500.00"
ELM,Elmcourt Flats,815 Elm Court,B104,789,1,1,Occupied,"Lindgren, Dario",dario.lindgren@example.org,2025-07-14,2026-02-08,"$1,625.00","1,595.00"
ELM,Elmcourt Flats,815 Elm Court,B105,954,2,1,Occ,"Danquah, Priya",priya.danquah@mail.example.net,2026-04-10,2026-11-14,"1,905.00","$1,885.00"
ELM,Elmcourt Flats,815 Elm Court,B106,"1,051",2,1.5,Model,,,,,"1,900.00",
ELM,Elmcourt Flats,815 Elm Court,B107,"1,252",3,1,Occ,"Jelinek, Greta",greta.jelinek@mail.example.net,2025-08-13,2026-07-10,"$2,310.00","$2,250.00"
ELM,Elmcourt Flats,815 Elm Court,B108,"1,295",3,1.5,Vacant,,,,,"$2,250.00",
ELM,Elmcourt Flats,815 Elm Court,B109,797,1,1,Vacant,,,,,"1,540.00",
ELM,Elmcourt Flats,815 Elm Court,B110,"1,011",2,1,Occupied,"Danquah, Soren",soren.danquah@mail.example.net,2024-07-23,2025-08-18,"$2,065.00","2,050.00"
ELM,Elmcourt Flats,815 Elm Court,B111,811,1,1,Occupied,"Wexler, Xavier",xavier.wexler@example.org,2025-09-23,2026-06-04,-,"1,440.00"
ELM,Elmcourt Flats,815 Elm Court,B111,811,1,1,Occupied,"Jelinek, Ilse",ilse.jelinek@example.org,2025-09-23,2026-06-04,"1,480.00","$1,440.00"
ELM,Elmcourt Flats,815 Elm Court,B112,747,1,1,Occupied,"Radulescu, Delphine",delphine.radulescu@mail.example.net,2024-04-14,2025-01-13,"$1,575.00","$1,525.00"
ELM,Elmcourt Flats,815 Elm Court,B113,"1,060",2,1.5,Occ,"Fontaine, Soren",soren.fontaine@example.com,2026-05-14,2027-01-17,"$1,960.00","1,955.00"
ELM,Elmcourt Flats,815 Elm Court,B114,969,2,1,MTM,"Lindgren, Amara",amara.lindgren@example.com,2024-11-05,2025-12-05,"$1,885.00","$1,825.00"
ELM,Elmcourt Flats,815 Elm Court,B114,969,2,1,MTM,"Ferrante, Hamza",hamza.ferrante@mail.example.net,2024-11-05,2025-12-05,"$1,885.00","1,825.00"
ELM,Elmcourt Flats,815 Elm Court,B115,998,2,2,Vacant,,,,,"2,020.00",
ELM,Elmcourt Flats,815 Elm Court,B116,717,1,1,Occupied,"Quintero, Bastien",bastien.quintero@example.com,2024-12-09,2026-01-09,"$1,605.00","1,590.00"
ELM,Elmcourt Flats,815 Elm Court,B117,813,1,1,Occupied,"Broussard, Aurelio",aurelio.broussard@example.com,02/2026,2026-08-18,"$1,480.00","1,420.00"
ELM,Elmcourt Flats,815 Elm Court,B118,"1,065",2,1.5,Occ,"Villanueva, Amara",amara.villanueva@example.com,2025-12-21,2027-01-02,"$1,935.00","$1,910.00"
ELM,Elmcourt Flats,815 Elm Court,B119,"1,294",3,2,Occupied,"Tavares, Rosalind",rosalind.tavares@example.org,2025-05-25,2026-05-12,"2,275.00","$2,225.00"
ELM,Elmcourt Flats,815 Elm Court,B120,731,1,1,Occ,"Sorokin, Valentina",valentina.sorokin@example.com,2026-01-20,2026-10-14,"$1,555.00","$1,535.00"
ELM,Elmcourt Flats,815 Elm Court,B121,"1,280",3,2,Occupied,"Danquah, Lachlan",lachlan.danquah@example.com,2026-03-19,2026-11-12,"$2,400.00","2,380.00"
ELM,Elmcourt Flats,815 Elm Court,B122,796,1,1,Notice,"Pemberton, Soren",soren.pemberton@example.org,2025-11-19,,"$1,485.00","$1,475.00"
ELM,Elmcourt Flats,815 Elm Court,B123,792,1,1,Occupied,"Beaumont, Amara",amara.beaumont@example.com,2026-05-01,2026-12-22,"1,625.00","1,585.00"
ELM,Elmcourt Flats,815 Elm Court,B124,"1,058",2,2,Vacant-Ready,,,,,"1,845.00",
ELM,Elmcourt Flats,815 Elm Court,B125,966,2,2,Occupied,"Quintero, Aurelio",aurelio.quintero@example.com,2024-08-12,2025-03-01,"1,840.00","1,825.00"
ELM,Elmcourt Flats,815 Elm Court,B126,"1,005",2,1,NTV,"Ferrante, Tamsin",tamsin.ferrante@mail.example.net,2025-01-23,2026-02-16,"$1,825.00","$1,780.00"
ELM,Elmcourt Flats,815 Elm Court,B127,748,1,1,Notice,"Fontaine, Yannick",yannick.fontaine@example.com,2026-06-27,2027-07-03,"1,500.00","$1,490.00"
ELM,Elmcourt Flats,815 Elm Court,B128,707,1,1,Occupied,"Grierson, Bastien",bastien.grierson@example.org,2025-02-12,2026-01-05,"$1,565.00","$1,505.00"
ELM,Elmcourt Flats,815 Elm Court,B129,"1,066",2,1,Occupied,"Broussard, Delphine",delphine.broussard@example.com,2026-03-19,2026-10-04,"1,825.00","1,790.00"
ELM,Elmcourt Flats,815 Elm Court,B129,"1,066",2,1,Occupied,"Mwangi, Xavier",xavier.mwangi@example.com,2026-08-12,2027-04-11,"$1,825.00","1,815.00"
ELM,Elmcourt Flats,815 Elm Court,B130,793,1,1,Occupied,"Nakamura, Hamza",hamza.nakamura@mail.example.net,2025-07-03,2026-03-22,"$1,555.00","$1,555.00"
ELM,Elmcourt Flats,815 Elm Court,B201,"1,335",3,2,MTM,"Ishikawa, Soren",soren.ishikawa@mail.example.net,2024-11-11,2025-11-18,"$2,325.00","2,265.00"
ELM,Elmcourt Flats,815 Elm Court,B202,978,2,1,Occ,"Ferrante, Amara",amara.ferrante@mail.example.net,2025-02-13,2025-12-19,"$1,970.00","1,925.00"
ELM,Elmcourt Flats,815 Elm Court,B203,684,1,1,Occupied,"Beaumont, Rosalind",rosalind.beaumont@mail.example.net,2024-07-30,2025-02-20,"1,485.00","1,465.00"
ELM,Elmcourt Flats,815 Elm Court,B204,435,0,1,Occupied,"Sorokin, Nadim",nadim.sorokin@example.com,2025-02-19,2026-01-01,"$1,095.00","1,090.00"
ELM,Elmcourt Flats,815 Elm Court,B205,740,1,1,Occupied,"Cisneros, Dario",dario.cisneros@example.com,2024-12-25,2025-12-16,"$1,415.00","1,365.00"
ELM,Elmcourt Flats,815 Elm Court,B205,740,1,1,Occupied,"Cisneros, Bastien",bastien.cisneros@example.org,2026-01-20,,"$1,415.00","1,405.00"
ELM,Elmcourt Flats,815 Elm Court,B206,540,0,1,Occ,"Broussard, Marisol",marisol.broussard@example.com,2024-08-14,2025-02-24,"1,200.00","$1,165.00"
ELM,Elmcourt Flats,815 Elm Court,B207,706,1,1,Down,,,,,"1,505.00",
ELM,Elmcourt Flats,815 Elm Court,B208,753,1,1,Occ,,,2024-09-01,2025-09-02,"$1,560.00","1,550.00"
ELM,Elmcourt Flats,815 Elm Court,B209,804,1,1,Occupied,"Wexler, Clemence","clemence.wexler@example,com",2024-06-29,2025-03-18,"$1,640.00","$1,615.00"
ELM,Elmcourt Flats,815 Elm Court,B210,698,1,1,VAC,,,,,"$1,430.00",
ELM,Elmcourt Flats,815 Elm Court,B211,485,0,1,Occupied,"Haddad, Bastien",bastien.haddad@example.com,2024-06-29,2025-01-28,"$1,205.00","1,195.00"
ELM,Elmcourt Flats,815 Elm Court,B212,431,0,1,Occupied,"Wexler, Joaquin",joaquin.wexler@example.com,2025-07-05,2026-02-18,"$1,180.00","1,130.00"
ELM,Elmcourt Flats,815 Elm Court,B213,693,1,1,Occupied,"Oyelaran, Bettina",bettina.oyelaran@mail.example.net,2026-04-22,2027-05-03,"1,650.00","1,615.00"
ELM,Elmcourt Flats,815 Elm Court,B213,693,1,1,Occupied,"Broussard, Ulrich",ulrich.broussard@example.org,2026-04-22,2027-05-03,"1,650.00","$1,615.00"
ELM,Elmcourt Flats,815 Elm Court,B214,760,1,1,Occupied,"Grierson, Zora",zora.grierson@example.com,2026-01-04,2026-12-07,"1,655.00","$1,630.00"
ELM,Elmcourt Flats,815 Elm Court,B215,801,1,1,Occupied,"Yoshida, Casimir",casimir.yoshida@mail.example.net,2025-11-04,2026-10-21,"$1,535.00","1,525.00"
ELM,Elmcourt Flats,815 Elm Court,B216,775,1,1,Occupied,"Engelhardt, Joaquin",joaquin.engelhardt@mail.example.net,2025-04-23,,"$1,580.00","$1,565.00"
ELM,Elmcourt Flats,815 Elm Court,B216,775,1,1,Occupied,"Tavares, Ulrich",ulrich.tavares@mail.example.net,2025-04-23,,"$1,580.00","1,565.00"
ELM,Elmcourt Flats,815 Elm Court,B217,"1,051",2,2,NTV,"Zambrano, Soren",soren.zambrano@example.com,2026-03-06,2026-10-27,"1,995.00","$1,995.00"
ELM,Elmcourt Flats,815 Elm Court,B218,"1,331",3,1,Occupied,"Wexler, Ottilie",ottilie.wexler@example.com,2023-02-06,2024-02-09,"2,345.00","$2,290.00"
ELM,Elmcourt Flats,815 Elm Court,B218,"1,331",3,1,MTM,"Kowalczyk, Bastien",bastien.kowalczyk@example.com,2024-02-15,2025-01-09,"$2,345.00","$2,330.00"
ELM,Elmcourt Flats,815 Elm Court,B219,"1,336",3,1.5,Notice,"Tavares, Bastien",bastien.tavares@mail.example.net,2025-01-15,2025-09-01,"$2,440.00","$2,440.00"
ELM,Elmcourt Flats,815 Elm Court,B220,961,2,1.5,Occupied,"Eriksen, Aurelio",aurelio.eriksen@example.com,2025-07-24,2026-06-03,"1,830.00","$1,795.00"
ELM,Elmcourt Flats,815 Elm Court,B221,810,1,1,Occupied,"Kowalczyk, Ottilie",ottilie.kowalczyk@example.com,2026-04-04,2026-10-21,"$1,560.00","$1,530.00"
ELM,Elmcourt Flats,815 Elm Court,B222,"1,231",3,2,Vacant,,,,,"$2,445.00",
ELM,Elmcourt Flats,815 Elm Court,B223,488,0,1,Occupied,"Calderon, Rosalind",rosalind.calderon@mail.example.net,2025-06-12,2026-02-07,"$1,175.00","1,175.00"
ELM,Elmcourt Flats,815 Elm Court,B224,"1,033",2,1.5,Occupied,"Dupont, Valentina",valentina.dupont@example.com,2025-10-03,2026-10-23,"$2,075.00","2,040.00"
ELM,Elmcourt Flats,815 Elm Court,B225,805,1,1,Occupied,"Zambrano, Rosalind",rosalind.zambrano@example.com,2024-07-04,2025-07-20,"1,530.00","$1,500.00"
ELM,Elmcourt Flats,815 Elm Court,B226,"1,224",3,1.5,MTM,"Ferrante, Dario",dario.ferrante@example.org,2024-07-02,2025-06-22,"$2,275.00","$2,270.00"
ELM,Elmcourt Flats,815 Elm Court,B227,"1,290",3,1.5,Occupied,"Cisneros, Yannick",yannick.cisneros@example.com,2026-04-25,2027-02-21,"2,295.00","$2,260.00"
ELM,Elmcourt Flats,815 Elm Court,B228,762,1,1,Occupied,"Cisneros, Delphine",delphine.cisneros@example.com,2026-06-22,2027-07-24,"$1,650.00","$1,620.00"
ELM,Elmcourt Flats,815 Elm Court,B229,471,0,1,Occupied,"Wexler, Nadim",nadim.wexler@example.com,2025-11-09,,"$1,065.00","1,010.00"
ELM,Elmcourt Flats,815 Elm Court,B230,"1,011",2,2,Occupied,"Eriksen, Soren",soren.eriksen@example.com,2023-05-28,2024-04-27,"$1,930.00","$1,885.00"
ELM,Elmcourt Flats,815 Elm Court,B230,"1,011",2,2,NTV,"Yoshida, Aurelio",aurelio.yoshida@example.com,2024-05-14,2025-04-25,"$1,930.00","$1,925.00"
ELM,Elmcourt Flats,815 Elm Court,B301,947,2,2,Occupied,"Ubaldi, Ottilie",ottilie.ubaldi@example.com,2024-02-28,2025-03-30,"1,845.00","$1,825.00"
ELM,Elmcourt Flats,815 Elm Court,B302,683,1,1,Occupied,"Engelhardt, Valentina",valentina.engelhardt@example.com,2025-06-12,2026-04-15,"1,625.00","$1,615.00"
ELM,Elmcourt Flats,815 Elm Court,B303,750,1,1,Occupied,"Ubaldi, Quentin",quentin.ubaldi@example.com,11/2025,2026-06-17,"1,610.00","$1,555.00"
ELM,Elmcourt Flats,815 Elm Court,B304,718,1,1,Occupied,"Engelhardt, Soren",soren.engelhardt@example.org,2026-06-05,2027-01-11,-,"1,390.00"
ELM,Elmcourt Flats,815 Elm Court,B305,980,2,1.5,Occupied,"Engelhardt, Katrien",katrien.engelhardt@example.com,2025-10-15,2026-07-26,"2,035.00","2,020.00"
ELM,Elmcourt Flats,815 Elm Court,B306,700,1,1,Occ,"Ishikawa, Marisol",marisol.ishikawa@mail.example.net,2026-06-01,2027-04-03,"$1,495.00","1,435.00"
ELM,Elmcourt Flats,815 Elm Court,B307,767,1,1,Occupied,"Wexler, Ilse",ilse.wexler@mail.example.net,2025-10-18,2026-06-12,"$1,530.00","1,510.00"
ELM,Elmcourt Flats,815 Elm Court,B308,"1,044",2,1,Occupied,"Zambrano, Hamza",hamza.zambrano@example.com,2025-11-22,,"$1,980.00","1,950.00"
ELM,Elmcourt Flats,815 Elm Court,B309,687,1,1,Occupied,"Jelinek, Katrien","katrien.jelinek@example,com",2025-05-15,2025-12-01,"1,470.00","1,455.00"
ELM,Elmcourt Flats,815 Elm Court,B310,738,1,1,Model,,,,,"$1,535.00",
ELM,Elmcourt Flats,815 Elm Court,B311,486,0,1,Occupied,"Danquah, Clemence",clemence.danquah@example.org,2026-02-17,2027-03-18,"1,155.00","1,135.00"
ELM,Elmcourt Flats,815 Elm Court,B312,"1,233",3,2,Occ,"Radulescu, Wilhelmina",wilhelmina.radulescu@mail.example.net,2025-03-19,2025-11-03,"$2,415.00","2,370.00"
ELM,Elmcourt Flats,815 Elm Court,B312,"1,233",3,2,Occ,"Radulescu, Ferran",ferran.radulescu@example.org,2025-03-19,2025-11-03,"$2,415.00","$2,370.00"
ELM,Elmcourt Flats,815 Elm Court,B313,767,1,1,Occupied,"Ishikawa, Zora",zora.ishikawa@example.com,2025-09-10,2026-04-27,"$1,455.00","$1,410.00"
ELM,Elmcourt Flats,815 Elm Court,B314,"1,040",2,2,Occupied,"Oyelaran, Rosalind",rosalind.oyelaran@example.com,2025-08-17,2026-08-20,"$1,950.00","$1,930.00"
ELM,Elmcourt Flats,815 Elm Court,B315,973,2,1.5,Vacant-Ready,,,,,"1,945.00",
ELM,Elmcourt Flats,815 Elm Court,B316,778,1,1,NTV,"Wexler, Valentina",valentina.wexler@example.com,2024-03-03,2024-11-26,"$1,525.00","1,490.00"
ELM,Elmcourt Flats,815 Elm Court,B317,984,2,1.5,Vacant,,,,,"$2,080.00",
ELM,Elmcourt Flats,815 Elm Court,B318,986,2,2,Vacant,,,,,"1,885.00",
ELM,Elmcourt Flats,815 Elm Court,B319,968,2,2,Occupied,"Grierson, Bettina",bettina.grierson@mail.example.net,2024-05-03,2024-12-05,"$2,010.00","$2,000.00"
ELM,Elmcourt Flats,815 Elm Court,B320,777,1,1,MTM,"Ashworth, Hamza",hamza.ashworth@example.com,2026-01-22,2026-08-28,"$1,470.00","$1,410.00"
ELM,Elmcourt Flats,815 Elm Court,B321,"1,268",3,2,MTM,"Haddad, Quentin",quentin.haddad@example.org,2024-02-14,2024-08-24,"2,265.00","2,255.00"
ELM,Elmcourt Flats,815 Elm Court,B322,725,1,1,Occupied,"Danquah, Ferran",ferran.danquah@mail.example.net,2025-07-31,2026-02-11,"1,475.00","1,475.00"
ELM,Elmcourt Flats,815 Elm Court,B323,555,0,1,Occupied,"Cisneros, Soren",soren.cisneros@example.org,2026-06-05,2027-02-20,985.00,960.00
ELM,Elmcourt Flats,815 Elm Court,B324,768,1,1,MTM,"Engelhardt, Dario",dario.engelhardt@example.com,2026-02-20,2027-03-11,"$1,490.00","$1,445.00"
ELM,Elmcourt Flats,815 Elm Court,B325,750,1,1,Occupied,"Tavares, Valentina",valentina.tavares@example.com,2024-10-22,2025-08-11,"1,485.00","$1,435.00"
ELM,Elmcourt Flats,815 Elm Court,B326,781,1,1,Occ,"Lindgren, Delphine",delphine.lindgren@example.com,2026-07-02,2027-04-11,"$1,520.00","$1,480.00"
ELM,Elmcourt Flats,815 Elm Court,B327,948,2,2,Employee,"Yoshida, Valentina",valentina.yoshida@example.com,2024-03-15,2025-03-18,"$2,005.00","$1,945.00"
ELM,Elmcourt Flats,815 Elm Court,B328,799,1,1,VAC,,,,,"$1,570.00",
ELM,Elmcourt Flats,815 Elm Court,B329,"1,055",2,2,NTV,"Yoshida, Ferran",ferran.yoshida@example.org,2025-03-02,,"2,070.00","2,035.00"
ELM,Elmcourt Flats,815 Elm Court,B330,697,1,1,Occ,"Grierson, Katrien",katrien.grierson@example.com,2026-05-05,2026-12-07,"1,545.00","$1,495.00"
ELM,Elmcourt Flats,815 Elm Court,B401,970,2,2,Occupied,"Ishikawa, Tamsin",tamsin.ishikawa@mail.example.net,2025-10-07,2026-05-23,"2,050.00","$2,015.00"
ELM,Elmcourt Flats,815 Elm Court,B402,680,1,1,Occupied,"Oyelaran, Nadim",nadim.oyelaran@example.com,2024-05-09,2025-03-24,"1,415.00","1,395.00"
ELM,Elmcourt Flats,815 Elm Court,B403,708,1,1,NTV,"Grierson, Joaquin",joaquin.grierson@example.com,2025-06-26,2026-06-22,"1,480.00","1,460.00"
ELM,Elmcourt Flats,815 Elm Court,B404,747,1,1,Occupied,"Dupont, Marisol",marisol.dupont@example.com,2025-04-09,,"$1,610.00","$1,605.00"
ELM,Elmcourt Flats,815 Elm Court,B405,"1,287",3,1,Vacant,,,,,"2,405.00",
ELM,Elmcourt Flats,815 Elm Court,B406,"1,071",2,1.5,Occ,"Oyelaran, Ulrich",ulrich.oyelaran@example.com,2024-10-25,2025-08-31,"2,045.00","2,020.00"
ELM,Elmcourt Flats,815 Elm Court,B407,712,1,1,Occ,"Beaumont, Greta",greta.beaumont@example.org,2024-07-01,2025-05-29,"$1,490.00","$1,470.00"
ELM,Elmcourt Flats,815 Elm Court,B408,694,1,1,Occupied,"Ashworth, Quentin",quentin.ashworth@example.com,2024-02-27,2024-11-20,"$1,430.00","$1,405.00"
ELM,Elmcourt Flats,815 Elm Court,B409,"1,210",3,2,MTM,"Radulescu, Aurelio",aurelio.radulescu@example.com,2025-06-15,2025-12-27,"2,480.00","$2,435.00"
ELM,Elmcourt Flats,815 Elm Court,B410,995,2,1,Occupied,"Lindgren, Rosalind",rosalind.lindgren@example.com,2026-03-07,2026-10-05,"$1,975.00","$1,920.00"
ELM,Elmcourt Flats,815 Elm Court,B410,995,2,1,Occupied,"Quintero, Aurelio",aurelio.quintero@example.com,2026-03-07,2026-10-05,"1,975.00","$1,920.00"
ELM,Elmcourt Flats,815 Elm Court,B411,776,1,1,Notice,"Tavares, Tamsin",tamsin.tavares@example.com,2024-10-01,2025-09-15,"1,555.00","$1,530.00"
ELM,Elmcourt Flats,815 Elm Court,B412,"1,004",2,1,Occupied,"Quintero, Valentina",valentina.quintero@example.com,2024-05-02,2025-03-25,"1,935.00","1,925.00"
ELM,Elmcourt Flats,815 Elm Court,B413,"1,200",3,2,Occupied,"Pemberton, Casimir",casimir.pemberton@example.com,2024-04-10,2025-01-30,"2,460.00","$2,415.00"
ELM,Elmcourt Flats,815 Elm Court,B414,710,1,1,MTM,"Sorokin, Aurelio",aurelio.sorokin@example.com,2026-01-14,2026-09-05,"$1,595.00","1,560.00"
ELM,Elmcourt Flats,815 Elm Court,B415,804,1,1,MTM,"Dupont, Yannick",yannick.dupont@example.com,2024-10-29,2025-09-16,"1,515.00","$1,510.00"
ELM,Elmcourt Flats,815 Elm Court,B416,"1,305",3,2,Occupied,"Sorokin, Amara",amara.sorokin@mail.example.net,02/2024,2024-09-26,"2,310.00","$2,310.00"
ELM,Elmcourt Flats,815 Elm Court,B417,745,1,1,Occupied,"Broussard, Amara",amara.broussard@mail.example.net,12/2025,2026-10-20,"$1,490.00","1,460.00"
ELM,Elmcourt Flats,815 Elm Court,B418,"1,031",2,2,Occ,"Oyelaran, Greta",greta.oyelaran@example.com,2025-04-30,2026-05-22,"$1,905.00","$1,865.00"
ELM,Elmcourt Flats,815 Elm Court,B419,776,1,1,Employee,"Broussard, Valentina",valentina.broussard@example.com,2024-07-28,2025-04-29,"$1,555.00","1,550.00"
ELM,Elmcourt Flats,815 Elm Court,B420,980,2,2,Occupied,"Danquah, Dario",dario.danquah@example.com,2024-12-01,2025-08-02,"$2,075.00","2,050.00"
ELM,Elmcourt Flats,815 Elm Court,B421,771,1,1,Occ,"Engelhardt, Zora",zora.engelhardt@mail.example.net,2024-11-12,2025-06-30,"$1,630.00","$1,585.00"
ELM,Elmcourt Flats,815 Elm Court,B422,"1,041",2,1,Occupied,"Nakamura, Tamsin",tamsin.nakamura@example.com,04/2026,2027-02-10,"1,950.00","1,900.00"
ELM,Elmcourt Flats,815 Elm Court,B423,"1,000",2,2,Occupied,"Dupont, Bastien",bastien.dupont@mail.example.net,2023-01-29,2024-02-16,"$2,025.00","1,980.00"
ELM,Elmcourt Flats,815 Elm Court,B423,"1,000",2,2,Occupied,"Dupont, Joaquin",joaquin.dupont@example.com,2024-03-09,2024-10-02,"$2,025.00","$2,020.00"
ELM,Elmcourt Flats,815 Elm Court,B424,"1,265",3,2,Occupied,"Calderon, Bettina","bettina.calderon@example,com",2025-12-10,2026-07-07,"$2,370.00","$2,330.00"
ELM,Elmcourt Flats,815 Elm Court,B425,"1,270",3,2,Occupied,"Ubaldi, Ottilie",ottilie.ubaldi@example.org,2025-07-27,2026-06-30,"$2,240.00","$2,205.00"
ELM,Elmcourt Flats,815 Elm Court,B426,"1,272",3,1.5,Occupied,"Kowalczyk, Wilhelmina",wilhelmina.kowalczyk@mail.example.net,2024-12-14,2025-06-13,"2,455.00","2,425.00"
ELM,Elmcourt Flats,815 Elm Court,B427,685,1,1,VAC,,,,,"1,580.00",
ELM,Elmcourt Flats,815 Elm Court,B428,766,1,1,Occupied,"Dupont, Wilhelmina",wilhelmina.dupont@mail.example.net,2025-01-14,2025-11-25,"1,575.00","$1,490.00"
ELM,Elmcourt Flats,815 Elm Court,B428,766,1,1,MTM,"Haddad, Amara",amara.haddad@example.com,2025-12-26,2026-07-26,"$1,575.00","$1,530.00"
ELM,Elmcourt Flats,815 Elm Court,B429,702,1,1,Notice,"Quintero, Hamza",hamza.quintero@example.com,2024-09-28,2025-07-25,"$1,565.00","1,525.00"
ELM,Elmcourt Flats,815 Elm Court,B430,976,2,1,Occupied,"Cisneros, Yannick",yannick.cisneros@example.org,2025-09-22,2026-08-04,"1,890.00","1,870.00"
ELM,Elmcourt Flats,815 Elm Court,B501,"1,067",2,1.5,Occupied,"Fontaine, Valentina",valentina.fontaine@example.com,2024-09-25,2025-09-03,"1,870.00","$1,850.00"
ELM,Elmcourt Flats,815 Elm Court,B502,689,1,1,NTV,"Kowalczyk, Aurelio",aurelio.kowalczyk@example.com,2025-03-12,2025-09-30,"$1,630.00","1,605.00"
ELM,Elmcourt Flats,815 Elm Court,B503,"1,040",2,1.5,Occ,"Calderon, Bastien",bastien.calderon@example.org,2025-05-06,2026-01-23,"2,040.00","2,030.00"
ELM,Elmcourt Flats,815 Elm Court,B504,947,2,2,Occupied,"Tavares, Bastien",bastien.tavares@example.com,2024-07-18,,"1,965.00","$1,965.00"
ELM,Elmcourt Flats,815 Elm Court,B505,"1,027",2,2,Occupied,"Oyelaran, Zora",zora.oyelaran@mail.example.net,2025-03-06,2026-03-06,"$2,000.00","$1,945.00"
ELM,Elmcourt Flats,815 Elm Court,B505,"1,027",2,2,Occupied,"Broussard, Bettina",bettina.broussard@example.org,2026-04-06,2027-02-12,"2,000.00","$1,985.00"
ELM,Elmcourt Flats,815 Elm Court,B506,"1,005",2,2,Occ,"Engelhardt, Marisol",marisol.engelhardt@example.com,2025-12-29,2026-10-24,"$2,060.00","$2,030.00"
ELM,Elmcourt Flats,815 Elm Court,B507,762,1,1,Occupied,"Broussard, Wilhelmina",wilhelmina.broussard@example.com,2025-04-12,2026-04-25,"1,475.00","$1,435.00"
ELM,Elmcourt Flats,815 Elm Court,B508,424,0,1,Occupied,"Radulescu, Wilhelmina",wilhelmina.radulescu@example.org,2023-09-26,2024-10-30,"$1,195.00","$1,125.00"
ELM,Elmcourt Flats,815 Elm Court,B508,424,0,1,NTV,"Cisneros, Soren",soren.cisneros@example.com,2024-11-19,2025-06-16,"$1,195.00","$1,165.00"
ELM,Elmcourt Flats,815 Elm Court,B509,"1,058",2,1,Occ,"Mwangi, Marisol",marisol.mwangi@mail.example.net,2024-08-30,2025-08-08,"1,885.00","$1,840.00"
ELM,Elmcourt Flats,815 Elm Court,B510,986,2,2,Occupied,"Ashworth, Tamsin",tamsin.ashworth@mail.example.net,2026-03-25,2026-11-27,"$1,970.00","1,925.00"
ELM,Elmcourt Flats,815 Elm Court,B511,"1,073",2,1.5,Occupied,"Nakamura, Bettina",bettina.nakamura@mail.example.net,2023-11-18,2024-09-29,"$1,820.00","$1,725.00"
ELM,Elmcourt Flats,815 Elm Court,B511,"1,073",2,1.5,Occ,"Villanueva, Marisol",marisol.villanueva@example.com,2024-10-13,2025-07-18,"$1,820.00","1,765.00"
ELM,Elmcourt Flats,815 Elm Court,B512,"1,297",3,2,Occ,"Tavares, Amara",amara.tavares@example.org,2024-02-16,2024-11-16,"$2,420.00","$2,420.00"
ELM,Elmcourt Flats,815 Elm Court,B513,468,0,1,NTV,"Villanueva, Tamsin",tamsin.villanueva@example.com,2026-01-17,2026-12-27,"$1,035.00",995.00
ELM,Elmcourt Flats,815 Elm Court,B514,791,1,1,Occ,"Yoshida, Ferran",ferran.yoshida@example.com,2024-02-25,2025-03-01,"$1,455.00","$1,435.00"
ELM,Elmcourt Flats,815 Elm Court,B515,698,1,1,Occupied,"Haddad, Katrien",katrien.haddad@example.com,2024-10-18,2025-06-28,"1,540.00","$1,480.00"
ELM,Elmcourt Flats,815 Elm Court,B516,522,0,1,Occ,"Danquah, Nadim",nadim.danquah@mail.example.net,2026-06-08,2027-06-14,"$1,055.00","$1,005.00"
ELM,Elmcourt Flats,815 Elm Court,B517,992,2,2,Occupied,"Zambrano, Bettina",bettina.zambrano@example.com,2025-12-12,2026-10-08,"1,860.00","1,815.00"
ELM,Elmcourt Flats,815 Elm Court,B518,740,1,1,MTM,"Fontaine, Amara",amara.fontaine@example.org,2026-03-09,2026-10-13,"$1,570.00","1,530.00"
ELM,Elmcourt Flats,815 Elm Court,B519,783,1,1,Occ,"Quintero, Wilhelmina",wilhelmina.quintero@example.com,2024-09-18,2025-05-15,"1,490.00","$1,480.00"
ELM,Elmcourt Flats,815 Elm Court,B520,"1,018",2,1,Occupied,"Tavares, Yannick",yannick.tavares@example.com,2023-05-19,2024-04-07,"$1,990.00","1,920.00"
ELM,Elmcourt Flats,815 Elm Court,B520,"1,018",2,1,Occ,"Ferrante, Dario",dario.ferrante@example.org,2024-05-12,2024-11-10,"$1,990.00","$1,960.00"
ELM,Elmcourt Flats,815 Elm Court,B521,"1,012",2,1.5,Occ,"Kowalczyk, Clemence",clemence.kowalczyk@example.com,2026-01-21,2026-11-20,"$1,940.00","1,905.00"
ELM,Elmcourt Flats,815 Elm Court,B522,745,1,1,Occupied,"Tavares, Ferran",ferran.tavares@mail.example.net,2026-06-04,2027-01-17,"1,460.00","$1,445.00"
ELM,Elmcourt Flats,815 Elm Court,B523,"1,045",2,2,Occ,"Ishikawa, Ferran",ferran.ishikawa@example.com,2024-07-08,,"$1,860.00","$1,825.00"
ELM,Elmcourt Flats,815 Elm Court,B524,771,1,1,Occupied,"Ashworth, Yannick",yannick.ashworth@mail.example.net,2024-07-25,2025-08-17,"$1,620.00","$1,620.00"
ELM,Elmcourt Flats,815 Elm Court,B525,509,0,1,Occupied,"Fontaine, Ottilie",ottilie.fontaine@example.com,2026-06-26,,"$1,220.00","1,200.00"
ELM,Elmcourt Flats,815 Elm Court,B526,"1,010",2,1,Occupied,"Villanueva, Ferran",ferran.villanueva@mail.example.net,2025-11-27,2026-07-14,"2,000.00","$1,975.00"
ELM,Elmcourt Flats,815 Elm Court,B527,947,2,1,Occupied,"Mwangi, Quentin",quentin.mwangi@example.com,2026-02-13,2026-10-06,"1,875.00","$1,860.00"
ELM,Elmcourt Flats,815 Elm Court,B528,966,2,2,Occupied,"Wexler, Katrien",katrien.wexler@example.com,2026-04-10,2027-01-16,"$1,870.00","$1,840.00"
ELM,Elmcourt Flats,815 Elm Court,B529,479,0,1,Down,,,,,"$1,185.00",
ELM,Elmcourt Flats,815 Elm Court,B530,787,1,1,Vacant,,,,,"$1,630.00",
RIV,Riverbend Terrace,60 Riverbend Way,A101,"1,076",2,1.5,Vacant-Ready,,,,,"$2,065.00",
RIV,Riverbend Terrace,60 Riverbend Way,A102,734,1,1,Occupied,"Radulescu, Hamza",hamza.radulescu@mail.example.net,2025-02-11,2025-10-30,"$1,620.00","$1,605.00"
RIV,Riverbend Terrace,60 Riverbend Way,A103,,2,1,Occupied,"Ishikawa, Ottilie",ottilie.ishikawa@mail.example.net,2024-04-21,2025-05-25,"1,960.00","$1,935.00"
RIV,Riverbend Terrace,60 Riverbend Way,A104,761,1,1,NTV,"Radulescu, Amara",amara.radulescu@mail.example.net,2025-06-03,2026-04-19,"$1,575.00","$1,520.00"
RIV,Riverbend Terrace,60 Riverbend Way,A105,961,2,1,NTV,"Quintero, Quentin",quentin.quintero@example.com,2024-06-04,2025-02-12,"$1,860.00","$1,815.00"
RIV,Riverbend Terrace,60 Riverbend Way,A106,948,2,2,NTV,"Ubaldi, Delphine",delphine.ubaldi@example.com,2025-12-12,2026-11-21,"$2,010.00","$1,985.00"
RIV,Riverbend Terrace,60 Riverbend Way,A107,"1,048",2,1.5,Occupied,"Danquah, Joaquin",joaquin.danquah@example.com,2023-02-12,2024-02-11,"$1,850.00","$1,765.00"
RIV,Riverbend Terrace,60 Riverbend Way,A107,"1,048",2,1.5,MTM,"Radulescu, Katrien","katrien.radulescu@example,com",2024-02-17,2024-09-25,"$1,850.00","$1,805.00"
RIV,Riverbend Terrace,60 Riverbend Way,A108,698,1,1,Occupied,"Ferrante, Nadim",nadim.ferrante@example.com,2024-12-06,2025-10-14,"1,520.00","1,445.00"
RIV,Riverbend Terrace,60 Riverbend Way,A108,698,1,1,MTM,"Tavares, Tamsin",tamsin.tavares@mail.example.net,2025-11-12,2026-11-09,"$1,520.00","$1,485.00"
RIV,Riverbend Terrace,60 Riverbend Way,A109,"1,023",2,2,Occ,"Ferrante, Soren",soren.ferrante@example.com,2025-03-26,2026-02-07,-,"$2,005.00"
RIV,Riverbend Terrace,60 Riverbend Way,A110,806,1,1,Occ,"Oyelaran, Rosalind",rosalind.oyelaran@mail.example.net,2026-01-09,2026-07-21,"$1,525.00","$1,495.00"
RIV,Riverbend Terrace,60 Riverbend Way,A111,795,1,1,Occupied,"Yoshida, Rosalind",rosalind.yoshida@example.com,2024-12-22,2026-01-18,"$1,640.00","1,605.00"
RIV,Riverbend Terrace,60 Riverbend Way,A112,790,1,1,Occ,"Yoshida, Wilhelmina",wilhelmina.yoshida@example.org,2024-06-10,2025-02-10,"1,410.00","$1,395.00"
RIV,Riverbend Terrace,60 Riverbend Way,A112,790,1,1,Occ,"Ishikawa, Greta","greta.ishikawa@example,com",2024-06-10,2025-02-10,"1,410.00","$1,395.00"
RIV,Riverbend Terrace,60 Riverbend Way,A113,945,2,2,Occupied,"Cisneros, Delphine",delphine.cisneros@mail.example.net,2025-11-18,2026-12-01,"1,840.00","1,795.00"
RIV,Riverbend Terrace,60 Riverbend Way,A114,"1,022",2,1.5,MTM,"Fontaine, Soren",soren.fontaine@example.org,2025-10-31,2026-07-08,"$1,935.00","1,890.00"
RIV,Riverbend Terrace,60 Riverbend Way,A114,"1,022",2,1.5,MTM,"Wexler, Soren",soren.wexler@example.com,2025-10-31,2026-07-08,"$1,935.00","$1,890.00"
RIV,Riverbend Terrace,60 Riverbend Way,A115,741,1,1,Occupied,"Quintero, Zora",zora.quintero@example.com,2026-05-08,2027-02-27,"$1,645.00","$1,590.00"
RIV,Riverbend Terrace,60 Riverbend Way,A116,"1,007",2,1,Occupied,"Lindgren, Tamsin",tamsin.lindgren@example.com,2025-03-08,2026-02-26,"$1,990.00","1,965.00"
RIV,Riverbend Terrace,60 Riverbend Way,A117,797,1,1,NTV,"Tavares, Aurelio",aurelio.tavares@example.com,2026-04-11,,"$1,650.00","1,600.00"
RIV,Riverbend Terrace,60 Riverbend Way,A118,"1,287",3,1,MTM,"Cisneros, Elke",elke.cisneros@example.com,2025-12-12,2026-09-12,"$2,410.00","$2,370.00"
RIV,Riverbend Terrace,60 Riverbend Way,A119,709,1,1,Occupied,"Fontaine, Ilse",ilse.fontaine@example.org,2025-12-01,2027-01-05,"$1,440.00","1,420.00"
RIV,Riverbend Terrace,60 Riverbend Way,A120,815,1,1,Occupied,"Eriksen, Ferran",ferran.eriksen@example.com,2024-10-21,2025-09-06,"1,430.00","1,380.00"
RIV,Riverbend Terrace,60 Riverbend Way,A121,"1,080",2,2,Occ,"Eriksen, Dario",dario.eriksen@mail.example.net,2024-07-07,2025-03-01,"1,990.00","1,980.00"
RIV,Riverbend Terrace,60 Riverbend Way,A122,456,0,1,VAC,"Zambrano, Valentina",,,,"1,115.00",
RIV,Riverbend Terrace,60 Riverbend Way,A123,729,1,1,Notice,"Lindgren, Soren",soren.lindgren@example.com,2026-06-13,2027-06-06,"$1,630.00","1,615.00"
RIV,Riverbend Terrace,60 Riverbend Way,A124,784,1,1,VAC,,,,,"$1,425.00",
RIV,Riverbend Terr.,60 Riverbend Way,A125,808,1,1,NTV,"Cisneros, Nadim",nadim.cisneros@example.com,2025-09-11,2026-05-08,"$1,465.00","$1,420.00"
RIV,Riverbend Terrace,60 Riverbend Way,A126,712,1,1,Occupied,"Ashworth, Elke",elke.ashworth@example.com,2026-01-01,2026-09-19,"$1,635.00","$1,585.00"
RIV,Riverbend Terr.,60 Riverbend Way,A127,735,1,1,VAC,,,,,"1,540.00",
RIV,Riverbend Terrace,60 Riverbend Way,A128,"1,062",2,2,MTM,"Danquah, Nadim",nadim.danquah@example.com,2026-07-01,,"$1,950.00","$1,910.00"
RIV,Riverbend Terrace,60 Riverbend Way,A128,"1,062",2,2,MTM,"Villanueva, Elke",elke.villanueva@example.com,2026-07-01,,"$1,950.00","$1,910.00"
RIV,Riverbend Terrace,60 Riverbend Way,A129,964,2,1,Occupied,"Mwangi, Greta",greta.mwangi@example.com,2026-06-08,2027-05-22,"2,080.00","2,040.00"
RIV,Riverbend Terrace,60 Riverbend Way,A130,"1,007",2,1.5,Occupied,"Villanueva, Casimir",casimir.villanueva@example.org,2026-05-19,2027-01-11,"$2,075.00","$2,025.00"
RIV,Riverbend Terrace,60 Riverbend Way,A201,766,1,1,NTV,"Ashworth, Marisol",marisol.ashworth@example.com,2026-02-11,,"$1,595.00","$1,555.00"
RIV,Riverbend Terrace,60 Riverbend Way,A202,528,0,1,VAC,,,,,"1,040.00",
RIV,Riverbend Terrace,60 Riverbend Way,A203,951,2,2,Occupied,"Eriksen, Clemence",clemence.eriksen@example.com,2023-03-01,2024-03-18,"1,845.00","$1,775.00"
RIV,Riverbend Terrace,60 Riverbend Way,A203,951,2,2,Occupied,"Broussard, Casimir",casimir.broussard@example.com,2024-04-09,2025-04-01,"1,845.00","1,815.00"
RIV,Riverbend Terrace,60 Riverbend Way,A204,951,2,1.5,Vacant,,,,,"$1,880.00",
RIV,Riverbend Terrace,60 Riverbend Way,A205,"1,203",3,2,Occ,"Pemberton, Nadim",nadim.pemberton@mail.example.net,2025-12-05,,"$2,400.00","$2,350.00"
RIV,Riverbend Terrace,60 Riverbend Way,A206,"1,012",2,1.5,MTM,"Ashworth, Rosalind",rosalind.ashworth@mail.example.net,2025-06-14,2026-05-28,"$1,905.00","$1,845.00"
RIV,Riverbend Terrace,60 Riverbend Way,A207,808,1,1,Occ,"Cisneros, Hamza",hamza.cisneros@example.com,2026-02-14,,"$1,645.00","$1,590.00"
RIV,Riverbend Terrace,60 Riverbend Way,A208,774,1,1,Occupied,"Yoshida, Greta",greta.yoshida@example.com,2025-07-19,2026-02-28,"$1,470.00","$1,410.00"
RIV,Riverbend Terrace,60 Riverbend Way,A209,806,1,1,Occ,"Fontaine, Wilhelmina","wilhelmina.fontaine@example,com",2026-05-06,2026-11-23,"$1,550.00","$1,545.00"
RIV,Riverbend Terr.,60 Riverbend Way,A210,793,1,1,Occupied,"Beaumont, Priya",priya.beaumont@example.org,2024-04-06,,"$1,650.00","1,625.00"
RIV,Riverbend Terrace,60 Riverbend Way,A211,760,1,1,Occupied,"Lindgren, Ilse",ilse.lindgren@mail.example.net,2025-05-24,2026-05-02,"1,435.00","$1,415.00"
RIV,Riverbend Terrace,60 Riverbend Way,A212,"1,047",2,2,Occupied,"Tavares, Elke",elke.tavares@mail.example.net,2026-05-30,,"$2,055.00","$2,015.00"
RIV,Riverbend Terrace,60 Riverbend Way,A213,986,2,2,Occupied,"Villanueva, Tamsin",tamsin.villanueva@example.org,2024-08-02,2025-07-29,"1,935.00","$1,930.00"
RIV,Riverbend Terrace,60 Riverbend Way,A214,775,1,1,Occ,"Wexler, Quentin",quentin.wexler@mail.example.net,2025-06-28,,"1,510.00","$1,460.00"
RIV,Riverbend Terrace,60 Riverbend Way,A215,801,1,1,Occupied,"Eriksen, Xavier",xavier.eriksen@example.com,2025-12-06,2026-09-25,"$1,520.00","1,520.00"
RIV,Riverbend Terrace,60 Riverbend Way,A216,749,1,1,Occupied,"Kowalczyk, Nadim",nadim.kowalczyk@example.com,2024-12-17,2025-12-17,"1,505.00","$1,475.00"
RIV,Riverbend Terrace,60 Riverbend Way,A217,,1,1,Occupied,"Sorokin, Greta",greta.sorokin@mail.example.net,2025-07-09,2026-05-27,"$1,515.00","$1,480.00"
RIV,Riverbend Terrace,60 Riverbend Way,A218,704,1,1,MTM,"Quintero, Aurelio",aurelio.quintero@example.com,2025-03-02,2025-10-26,"1,485.00","1,435.00"
RIV,Riverbend Terrace,60 Riverbend Way,A219,"1,054",2,2,Occupied,"Haddad, Greta",greta.haddad@example.com,2024-05-21,2025-03-04,"$2,070.00","2,010.00"
RIV,Riverbend Terrace,60 Riverbend Way,A220,740,1,1,Occupied,"Ashworth, Valentina",valentina.ashworth@example.com,2024-06-27,2025-03-11,"1,560.00","$1,500.00"
RIV,Riverbend Terrace,60 Riverbend Way,A221,707,1,1,Occupied,"Pemberton, Hamza","hamza.pemberton@example,com",2024-04-09,2024-12-25,"1,565.00","$1,565.00"
RIV,Riverbend Terrace,60 Riverbend Way,A222,523,0,1,Occupied,"Lindgren, Yannick",yannick.lindgren@example.com,2026-01-10,2026-07-26,"$1,220.00","$1,205.00"
RIV,Riverbend Terrace,60 Riverbend Way,A223,714,1,1,Occupied,"Jelinek, Yannick",yannick.jelinek@example.com,2024-11-21,2025-09-21,"1,630.00","$1,585.00"
RIV,Riverbend Terrace,60 Riverbend Way,A224,"1,265",3,1.5,Occupied,"Calderon, Ilse",ilse.calderon@example.org,2025-04-14,2026-04-26,"$2,420.00","$2,335.00"
RIV,Riverbend Terrace,60 Riverbend Way,A224,"1,265",3,1.5,Occupied,"Broussard, Clemence",clemence.broussard@example.com,2026-05-01,2026-11-04,"$2,420.00","$2,375.00"
RIV,Riverbend Terrace,60 Riverbend Way,A225,985,2,2,Occupied,"Jelinek, Yannick",yannick.jelinek@mail.example.net,2024-03-03,2024-11-26,"1,985.00","1,960.00"
RIV,Riverbend Terrace,60 Riverbend Way,A226,"1,069",2,2,Notice,"Radulescu, Amara",amara.radulescu@example.com,2026-02-13,2027-02-13,-,"$1,830.00"
RIV,Riverbend Terrace,60 Riverbend Way,A227,966,2,1.5,Vacant-Ready,,,,,"$1,885.00",
RIV,Riverbend Terrace,60 Riverbend Way,A228,983,2,2,Employee,"Fontaine, Clemence",clemence.fontaine@example.com,2025-04-11,2026-02-06,"$2,040.00","$2,005.00"
RIV,Riverbend Terrace,60 Riverbend Way,A229,"1,003",2,2,VAC,,,,,"$2,015.00",
RIV,Riverbend Terrace,60 Riverbend Way,A230,802,1,1,Occupied,"Villanueva, Hamza",hamza.villanueva@example.com,2025-10-31,2026-06-05,"$1,450.00","$1,425.00"
RIV,Riverbend Terrace,60 Riverbend Way,A230,802,1,1,Occupied,"Broussard, Soren",soren.broussard@example.com,2025-10-31,2026-06-05,"$1,450.00","$1,425.00"
RIV,Riverbend Terrace,60 Riverbend Way,A301,951,2,1.5,Occ,"Danquah, Casimir",casimir.danquah@example.org,2024-08-03,2025-02-23,"$1,980.00","$1,975.00"
RIV,Riverbend Terrace,60 Riverbend Way,A302,"1,069",2,1.5,VAC,,,,,"$1,865.00",
RIV,Riverbend Terrace,60 Riverbend Way,A303,535,0,1,Occupied,"Nakamura, Aurelio",aurelio.nakamura@mail.example.net,2024-05-19,2025-03-20,"$1,180.00","$1,170.00"
RIV,Riverbend Terrace,60 Riverbend Way,A303,535,0,1,Occupied,"Cisneros, Clemence",clemence.cisneros@mail.example.net,2024-05-19,2025-03-20,"1,180.00","1,170.00"
RIV,Riverbend Terrace,60 Riverbend Way,A304,779,1,1,Employee,"Lindgren, Tamsin",tamsin.lindgren@example.com,2024-11-28,,"1,405.00","1,375.00"
RIV,Riverbend Terrace,60 Riverbend Way,A305,"1,328",3,1,MTM,"Villanueva, Elke",elke.villanueva@example.org,2025-08-26,2026-08-26,"$2,275.00","2,235.00"
RIV,Riverbend Terrace,60 Riverbend Way,A306,"1,012",2,2,Occ,"Tavares, Joaquin",joaquin.tavares@example.org,2024-03-14,2025-01-24,"$1,835.00","$1,775.00"
RIV,Riverbend Terrace,60 Riverbend Way,A307,685,1,1,Occupied,"Ishikawa, Xavier",xavier.ishikawa@example.com,2024-05-27,2024-12-01,"1,605.00","$1,565.00"
RIV,Riverbend Terrace,60 Riverbend Way,A308,995,2,1,Occupied,"Haddad, Soren",soren.haddad@mail.example.net,2025-09-10,2026-03-23,"$1,960.00","1,900.00"
RIV,Riverbend Terrace,60 Riverbend Way,A309,"1,269",3,2,MTM,"Kowalczyk, Dario",dario.kowalczyk@example.com,2025-09-14,2026-03-27,"$2,415.00","$2,405.00"
RIV,Riverbend Terrace,60 Riverbend Way,A310,515,0,1,Occ,"Ashworth, Casimir",casimir.ashworth@example.com,2026-03-19,2027-03-05,"$1,160.00","$1,145.00"
RIV,Riverbend Terrace,60 Riverbend Way,A311,"1,069",2,1,Occ,"Danquah, Ilse",ilse.danquah@example.com,2025-02-06,2026-01-01,-,"$1,930.00"
RIV,Riverbend Terrace,60 Riverbend Way,A311,"1,069",2,1,Occ,"Ashworth, Elke","elke.ashworth@example,com",2025-02-06,2026-01-01,"1,945.00","1,930.00"
RIV,Riverbend Terrace,60 Riverbend Way,A312,458,0,1,VAC,,,,,"$1,165.00",
RIV,Riverbend Terrace,60 Riverbend Way,A313,788,1,1,MTM,"Haddad, Yannick",yannick.haddad@example.com,2025-07-29,2026-07-17,"1,650.00","1,635.00"
RIV,Riverbend Terrace,60 Riverbend Way,A314,536,0,1,Occupied,"Ubaldi, Wilhelmina",wilhelmina.ubaldi@example.com,2025-01-09,2025-12-29,$995.00,990.00
RIV,Riverbend Terr.,60 Riverbend Way,A315,770,1,1,VAC,,,,,"1,630.00",
RIV,Riverbend Terrace,60 Riverbend Way,A316,693,1,1,Notice,"Ubaldi, Dario",dario.ubaldi@example.com,2024-05-29,2025-05-14,"1,445.00","1,390.00"
RIV,Riverbend Terrace,60 Riverbend Way,A317,464,0,1,Occupied,"Mwangi, Casimir",casimir.mwangi@mail.example.net,2025-11-06,2026-07-20,"$1,050.00","$1,030.00"
RIV,Riverbend Terrace,60 Riverbend Way,A318,,1,1,Occupied,"Pemberton, Priya",priya.pemberton@example.com,2025-03-29,2026-01-30,"1,600.00","1,595.00"
RIV,Riverbend Terrace,60 Riverbend Way,A319,"1,022",2,1.5,Occupied,"Radulescu, Ferran",ferran.radulescu@example.com,2025-03-25,,"1,950.00","$1,905.00"
RIV,Riverbend Terrace,60 Riverbend Way,A320,759,1,1,Occ,"Villanueva, Zora",zora.villanueva@example.com,2025-03-09,2025-10-19,"$1,625.00","$1,600.00"
RIV,Riverbend Terrace,60 Riverbend Way,A321,"1,048",2,1,Notice,"Ferrante, Zora",zora.ferrante@example.com,2025-01-23,2026-01-24,"$1,830.00","1,820.00"
RIV,Riverbend Terrace,60 Riverbend Way,A322,968,2,1.5,Occupied,"Pemberton, Priya",priya.pemberton@example.com,2024-04-08,2025-04-06,"$1,855.00","$1,810.00"
RIV,Riverbend Terrace,60 Riverbend Way,A323,773,1,1,MTM,"Villanueva, Marisol",marisol.villanueva@example.com,2025-11-28,2026-10-16,"$1,440.00","$1,385.00"
RIV,Riverbend Terrace,60 Riverbend Way,A324,"1,004",2,1.5,Vacant,,,,,"$1,910.00",
RIV,Riverbend Terrace,60 Riverbend Way,A325,944,2,1,Occupied,"Oyelaran, Greta",greta.oyelaran@mail.example.net,2024-11-28,2025-09-29,"1,830.00","$1,770.00"
RIV,Riverbend Terrace,60 Riverbend Way,A326,459,0,1,Occupied,"Nakamura, Ulrich",ulrich.nakamura@mail.example.net,2025-12-13,2027-01-09,"$1,130.00","$1,100.00"
RIV,Riverbend Terrace,60 Riverbend Way,A327,950,2,1,Occupied,"Jelinek, Ferran",ferran.jelinek@example.org,2024-08-30,2025-07-28,"$1,885.00","$1,805.00"
RIV,Riverbend Terrace,60 Riverbend Way,A327,950,2,1,Employee,"Villanueva, Casimir",casimir.villanueva@example.com,09/2025,2026-09-13,"$1,885.00","1,845.00"
RIV,Riverbend Terrace,60 Riverbend Way,A328,964,2,1,Occ,"Danquah, Xavier",xavier.danquah@example.org,2024-07-03,2025-06-20,"1,930.00","$1,880.00"
RIV,Riverbend Terrace,60 Riverbend Way,A329,"1,056",2,1,Occ,"Zambrano, Casimir",casimir.zambrano@example.com,2026-06-04,2026-12-26,"1,955.00","$1,955.00"
RIV,Riverbend Terrace,60 Riverbend Way,A330,"1,006",2,1,Occupied,"Grierson, Bettina",bettina.grierson@example.org,2025-09-30,2026-11-03,"2,040.00","2,025.00"
RIV,Riverbend Terrace,60 Riverbend Way,A401,761,1,1,Occ,"Kowalczyk, Elke",elke.kowalczyk@example.org,2026-06-22,2027-02-04,"1,465.00","$1,445.00"
RIV,Riverbend Terrace,60 Riverbend Way,A401,761,1,1,Occ,"Engelhardt, Nadim",nadim.engelhardt@example.com,2026-06-22,2027-02-04,"$1,465.00","$1,445.00"
RIV,Riverbend Terrace,60 Riverbend Way,A402,538,0,1,Occupied,"Nakamura, Dario",dario.nakamura@mail.example.net,2024-09-09,2025-07-01,$995.00,990.00
RIV,Riverbend Terrace,60 Riverbend Way,A403,"1,027",2,1.5,Occupied,"Quintero, Tamsin",tamsin.quintero@example.com,2024-05-11,2025-05-31,"$1,900.00","1,845.00"
RIV,Riverbend Terrace,60 Riverbend Way,A404,703,1,1,Occupied,"Zambrano, Delphine",delphine.zambrano@example.com,2026-05-24,2026-12-03,"$1,620.00","$1,575.00"
RIV,Riverbend Terrace,60 Riverbend Way,A405,961,2,1,Employee,"Lindgren, Hamza",hamza.lindgren@example.org,2024-04-03,2025-02-04,"$1,940.00","1,940.00"
RIV,Riverbend Terrace,60 Riverbend Way,A406,946,2,1.5,Occupied,"Tavares, Rosalind",rosalind.tavares@example.org,2025-09-23,2026-05-14,"1,925.00","1,875.00"
RIV,Riverbend Terrace,60 Riverbend Way,A407,"1,323",3,1,MTM,"Mwangi, Nadim",nadim.mwangi@example.org,2024-02-28,2024-10-01,"2,435.00","2,375.00"
RIV,Riverbend Terrace,60 Riverbend Way,A408,"1,065",2,1,Occupied,"Dupont, Elke",elke.dupont@example.com,2025-09-23,2026-09-13,"$1,950.00","1,895.00"
RIV,Riverbend Terrace,60 Riverbend Way,A409,756,1,1,VAC,,,,,"$1,420.00",
RIV,Riverbend Terrace,60 Riverbend Way,A410,"1,072",2,2,Occupied,"Broussard, Joaquin",joaquin.broussard@example.com,2026-02-13,2027-02-07,"$1,915.00","1,855.00"
RIV,Riverbend Terrace,60 Riverbend Way,A410,"1,072",2,2,Occupied,"Quintero, Hamza",hamza.quintero@example.com,2026-02-13,2027-02-07,"$1,915.00","1,855.00"
RIV,Riverbend Terrace,60 Riverbend Way,A411,"1,336",3,2,Notice,"Fontaine, Xavier",xavier.fontaine@mail.example.net,2024-12-30,2025-08-13,"$2,315.00","$2,290.00"
RIV,Riverbend Terrace,60 Riverbend Way,A412,777,1,1,Occ,"Fontaine, Casimir",casimir.fontaine@example.com,2024-03-12,2024-09-26,"$1,520.00","$1,515.00"
RIV,Riverbend Terrace,60 Riverbend Way,A413,739,1,1,Occupied,"Engelhardt, Xavier",xavier.engelhardt@example.com,2025-12-22,2026-10-26,"$1,510.00","1,460.00"
RIV,Riverbend Terrace,60 Riverbend Way,A414,"1,213",3,2,MTM,"Mwangi, Zora",zora.mwangi@example.com,2025-08-23,2026-05-30,"2,335.00","$2,320.00"
RIV,Riverbend Terrace,60 Riverbend Way,A415,979,2,1.5,Occupied,"Sorokin, Quentin",quentin.sorokin@example.com,2026-04-10,2027-01-16,"$2,050.00","2,020.00"
RIV,Riverbend Terrace,60 Riverbend Way,A416,708,1,1,Occ,"Calderon, Aurelio",aurelio.calderon@example.com,01/2025,2025-12-29,"1,580.00","$1,530.00"
RIV,Riverbend Terrace,60 Riverbend Way,A417,943,2,1,Occ,"Dupont, Hamza",hamza.dupont@example.com,2025-08-04,2026-02-22,"$1,930.00","1,880.00"
RIV,Riverbend Terrace,60 Riverbend Way,A418,"1,074",2,2,NTV,"Cisneros, Tamsin",tamsin.cisneros@example.com,2024-03-11,2024-10-13,"$2,080.00","$2,075.00"
RIV,Riverbend Terrace,60 Riverbend Way,A419,753,1,1,NTV,"Beaumont, Casimir",casimir.beaumont@example.com,2024-03-05,2024-09-29,"$1,425.00","$1,425.00"
RIV,Riverbend Terrace,60 Riverbend Way,A420,"1,064",2,1.5,Notice,"Nakamura, Yannick",yannick.nakamura@example.com,2025-10-09,2026-10-27,"1,830.00","1,815.00"
RIV,Riverbend Terrace,60 Riverbend Way,A421,686,1,1,Notice,"Haddad, Dario",dario.haddad@example.com,2024-12-15,2025-07-22,"1,485.00","1,435.00"
RIV,Riverbend Terrace,60 Riverbend Way,A422,785,1,1,Occupied,"Ashworth, Aurelio",aurelio.ashworth@example.com,2024-07-04,2025-03-12,"1,550.00","$1,550.00"
RIV,Riverbend Terrace,60 Riverbend Way,A423,709,1,1,Vacant-Ready,,,,,"1,550.00",
RIV,Riverbend Terrace,60 Riverbend Way,A424,"1,319",3,2,NTV,"Engelhardt, Rosalind",rosalind.engelhardt@example.com,2024-05-22,2025-04-18,"2,390.00","$2,340.00"
RIV,Riverbend Terrace,60 Riverbend Way,A425,"1,062",2,2,Occ,"Broussard, Wilhelmina",wilhelmina.broussard@mail.example.net,2024-06-11,2025-07-01,"1,940.00","$1,890.00"
RIV,Riverbend Terrace,60 Riverbend Way,A426,777,1,1,MTM,"Fontaine, Ottilie",ottilie.fontaine@example.com,2024-12-24,2025-08-22,"$1,535.00","$1,520.00"
RIV,Riverbend Terrace,60 Riverbend Way,A427,815,1,1,Notice,"Beaumont, Ilse",ilse.beaumont@mail.example.net,2025-12-22,2026-12-11,"$1,630.00","1,620.00"
RIV,Riverbend Terrace,60 Riverbend Way,A428,734,1,1,Vacant,,,,,"$1,490.00",
RIV,Riverbend Terrace,60 Riverbend Way,A429,772,1,1,Notice,"Jelinek, Elke",elke.jelinek@example.com,2025-02-07,2025-08-29,"1,565.00","$1,530.00"
RIV,Riverbend Terrace,60 Riverbend Way,A430,963,2,1.5,NTV,"Eriksen, Ottilie",ottilie.eriksen@example.com,2025-03-01,,"$1,990.00","1,985.00"
RIV,Riverbend Terrace,60 Riverbend Way,B101,743,1,1,Occ,"Ishikawa, Bastien",bastien.ishikawa@mail.example.net,2025-07-25,2026-02-14,"1,415.00","$1,355.00"
RIV,Riverbend Terrace,60 Riverbend Way,B102,785,1,1,Occupied,"Cisneros, Clemence",clemence.cisneros@example.com,2024-04-30,2025-04-27,"1,630.00","1,590.00"
RIV,Riverbend Terrace,60 Riverbend Way,B103,"1,277",3,1,Occ,"Lindgren, Ilse",ilse.lindgren@example.com,2025-11-19,2026-12-12,"2,325.00","$2,290.00"
RIV,Riverbend Terrace,60 Riverbend Way,B104,781,1,1,Vacant-Ready,,,,,"$1,640.00",
RIV,Riverbend Terrace,60 Riverbend Way,B105,"1,307",3,1,Notice,"Yoshida, Bettina",bettina.yoshida@example.com,2025-04-26,2026-05-21,-,"2,220.00"
RIV,Riverbend Terrace,60 Riverbend Way,B106,993,2,2,Occ,"Kowalczyk, Ferran",ferran.kowalczyk@mail.example.net,2024-02-28,2024-10-04,"2,000.00","$1,945.00"
RIV,Riverbend Terrace,60 Riverbend Way,B106,993,2,2,Occ,"Wexler, Delphine",delphine.wexler@example.com,2024-02-28,2024-10-04,"$2,000.00","$1,945.00"
RIV,Riverbend Terrace,60 Riverbend Way,B107,721,1,1,Notice,"Dupont, Katrien",katrien.dupont@example.org,2024-07-12,2025-06-11,"$1,520.00","$1,520.00"
RIV,Riverbend Terrace,60 Riverbend Way,B108,747,1,1,Occupied,"Ferrante, Yannick",yannick.ferrante@example.org,2026-03-14,2027-02-20,"$1,630.00","1,590.00"
RIV,Riverbend Terrace,60 Riverbend Way,B109,748,1,1,Notice,"Beaumont, Nadim",nadim.beaumont@example.org,2026-06-08,2027-01-13,"1,510.00","$1,510.00"
RIV,Riverbend Terrace,60 Riverbend Way,B110,803,1,1,Occupied,"Pemberton, Xavier",xavier.pemberton@example.com,2024-02-20,2025-02-15,"$1,440.00","1,390.00"
RIV,Riverbend Terrace,60 Riverbend Way,B111,760,1,1,NTV,"Quintero, Amara",amara.quintero@example.com,2024-09-04,2025-07-28,"1,430.00","1,370.00"
RIV,Riverbend Terrace,60 Riverbend Way,B112,683,1,1,NTV,"Dupont, Joaquin",joaquin.dupont@example.com,2025-08-14,2026-06-11,"$1,650.00","1,630.00"
RIV,Riverbend Terrace,60 Riverbend Way,B113,464,0,1,Occupied,"Eriksen, Rosalind",rosalind.eriksen@example.org,2024-12-23,2025-12-27,"$1,100.00","1,045.00"
RIV,Riverbend Terrace,60 Riverbend Way,B114,696,1,1,Occ,"Beaumont, Priya",priya.beaumont@example.com,2026-01-22,2026-09-19,"1,600.00","$1,540.00"
RIV,Riverbend Terrace,60 Riverbend Way,B115,994,2,1,Occupied,"Radulescu, Zora",zora.radulescu@example.com,2024-12-10,2025-06-09,"$2,065.00","2,010.00"
RIV,Riverbend Terrace,60 Riverbend Way,B116,969,2,1,Occupied,"Oyelaran, Zora",zora.oyelaran@mail.example.net,2024-09-18,2025-10-22,"$1,990.00","1,950.00"
RIV,Riverbend Terrace,60 Riverbend Way,B117,"1,242",3,1.5,Vacant,,,,,"$2,285.00",
RIV,Riverbend Terrace,60 Riverbend Way,B118,770,1,1,Occupied,"Dupont, Yannick",yannick.dupont@example.com,2024-05-01,2025-02-20,"$1,565.00","$1,535.00"
RIV,Riverbend Terrace,60 Riverbend Way,B119,989,2,2,Occupied,"Ferrante, Ilse",ilse.ferrante@mail.example.net,2025-10-20,2026-10-08,"1,915.00","$1,890.00"
RIV,Riverbend Terrace,60 Riverbend Way,B120,,3,1.5,Vacant-Ready,,,,,"$2,435.00",
RIV,Riverbend Terrace,60 Riverbend Way,B121,"1,000",2,1.5,Notice,"Dupont, Rosalind",rosalind.dupont@mail.example.net,2025-09-16,2026-09-08,"1,905.00","1,885.00"
RIV,Riverbend Terrace,60 Riverbend Way,B122,"1,052",2,1.5,Occ,"Cisneros, Amara",amara.cisneros@example.com,2024-04-09,,"$1,930.00","$1,895.00"
RIV,Riverbend Terrace,60 Riverbend Way,B123,450,0,1,Occ,"Nakamura, Bastien",bastien.nakamura@example.org,2026-06-21,2027-05-04,"$1,120.00","1,115.00"
RIV,Riverbend Terrace,60 Riverbend Way,B124,793,1,1,Down,,,,,"$1,425.00",
RIV,Riverbend Terrace,60 Riverbend Way,B125,"1,322",3,1,Occupied,"Beaumont, Ilse",ilse.beaumont@example.com,2024-12-01,2025-12-15,"$2,400.00","2,360.00"
RIV,Riverbend Terrace,60 Riverbend Way,B125,"1,322",3,1,Occupied,"Calderon, Delphine",delphine.calderon@example.com,2025-12-25,2026-10-30,"2,400.00","$2,400.00"
RIV,Riverbend Terrace,60 Riverbend Way,B126,750,1,1,Notice,"Pemberton, Greta",greta.pemberton@example.com,2026-01-09,2026-10-28,"$1,595.00","1,560.00"
RIV,Riverbend Terrace,60 Riverbend Way,B127,812,1,1,Occupied,"Radulescu, Bettina",bettina.radulescu@example.com,2025-03-07,2025-10-06,"1,645.00","1,635.00"
RIV,Riverbend Terrace,60 Riverbend Way,B128,775,1,1,Notice,"Broussard, Xavier",xavier.broussard@example.com,2026-03-25,2026-09-24,"1,485.00","1,475.00"
RIV,Riverbend Terrace,60 Riverbend Way,B129,771,1,1,Occupied,"Tavares, Priya",priya.tavares@mail.example.net,2026-04-07,2027-01-03,"1,530.00","$1,505.00"
RIV,Riverbend Terrace,60 Riverbend Way,B130,999,2,1.5,Occupied,"Dupont, Delphine",delphine.dupont@example.com,2025-06-09,2025-12-08,"2,055.00","$2,025.00"
RIV,Riverbend Terrace,60 Riverbend Way,B130,999,2,1.5,Occupied,"Eriksen, Quentin",quentin.eriksen@example.com,2025-09-29,2026-05-16,"$2,055.00","$2,050.00"
RIV,Riverbend Terrace,60 Riverbend Way,B201,946,2,1.5,NTV,"Tavares, Wilhelmina",wilhelmina.tavares@mail.example.net,2026-03-11,2026-10-11,"$2,040.00","$2,040.00"
RIV,Riverbend Terrace,60 Riverbend Way,B202,725,1,1,MTM,"Grierson, Quentin",quentin.grierson@example.com,2025-08-21,2026-08-23,"$1,590.00","1,540.00"
RIV,Riverbend Terrace,60 Riverbend Way,B203,541,0,1,Occupied,"Grierson, Priya",priya.grierson@example.com,2024-01-28,2024-11-28,"$1,235.00","1,150.00"
RIV,Riverbend Terrace,60 Riverbend Way,B203,541,0,1,Occupied,"Calderon, Elke",elke.calderon@example.com,2024-12-06,2025-12-09,"$1,235.00","1,190.00"
RIV,Riverbend Terrace,60 Riverbend Way,B204,950,2,1.5,Occupied,"Nakamura, Ottilie",ottilie.nakamura@example.org,2024-07-12,2025-03-29,"$2,010.00","1,960.00"
RIV,Riverbend Terrace,60 Riverbend Way,B205,"1,043",2,1,Occ,"Grierson, Joaquin",joaquin.grierson@mail.example.net,2024-12-20,2025-11-13,"1,835.00","$1,810.00"
RIV,Riverbend Terrace,60 Riverbend Way,B206,781,1,1,Occupied,"Calderon, Quentin",quentin.calderon@mail.example.net,2025-01-22,2026-02-18,"$1,430.00","1,385.00"
RIV,Riverbend Terrace,60 Riverbend Way,B207,816,1,1,Employee,"Yoshida, Lachlan",lachlan.yoshida@mail.example.net,2026-01-29,2026-12-01,"1,565.00","1,510.00"
RIV,Riverbend Terrace,60 Riverbend Way,B208,724,1,1,Occ,"Villanueva, Delphine",delphine.villanueva@example.com,2026-02-22,2026-12-06,"$1,625.00","1,620.00"
RIV,Riverbend Terrace,60 Riverbend Way,B209,"1,025",2,2,Notice,"Jelinek, Joaquin",joaquin.jelinek@example.com,2024-09-21,2025-07-27,"1,965.00","$1,930.00"
RIV,Riverbend Terrace,60 Riverbend Way,B210,"1,051",2,2,Vacant,,,,,"1,840.00",
RIV,Riverbend Terrace,60 Riverbend Way,B211,"1,049",2,1.5,Occupied,"Grierson, Joaquin",joaquin.grierson@example.com,2025-06-29,2026-07-23,"$1,845.00","1,820.00"
RIV,Riverbend Terrace,60 Riverbend Way,B212,"1,339",3,1.5,MTM,"Nakamura, Nadim",nadim.nakamura@example.com,2025-03-20,2025-12-18,"2,260.00","$2,215.00"
RIV,Riverbend Terrace,60 Riverbend Way,B213,957,2,1.5,Occ,"Radulescu, Lachlan",lachlan.radulescu@example.org,2024-10-25,2025-06-26,"1,905.00","1,880.00"
RIV,Riverbend Terrace,60 Riverbend Way,B213,957,2,1.5,Occupied,"Quintero, Wilhelmina",wilhelmina.quintero@example.com,2024-12-20,2025-07-31,"1,905.00","1,905.00"
RIV,Riverbend Terrace,60 Riverbend Way,B214,775,1,1,Occ,"Mwangi, Zora",zora.mwangi@example.com,2024-09-08,2025-09-18,"$1,450.00","$1,440.00"
RIV,Riverbend Terrace,60 Riverbend Way,B215,"1,305",3,2,Occupied,"Sorokin, Valentina",valentina.sorokin@example.com,2026-02-13,,"$2,435.00","2,390.00"
RIV,Riverbend Terrace,60 Riverbend Way,B215,"1,305",3,2,Occupied,"Yoshida, Xavier",xavier.yoshida@example.org,2026-02-13,,"2,435.00","2,390.00"
RIV,Riverbend Terrace,60 Riverbend Way,B216,978,2,2,NTV,"Dupont, Lachlan",lachlan.dupont@example.org,2025-03-05,2026-04-05,"$1,955.00","1,895.00"
RIV,Riverbend Terrace,60 Riverbend Way,B217,788,1,1,Occ,"Ubaldi, Priya",priya.ubaldi@example.com,2025-05-20,,"1,545.00","$1,525.00"
RIV,Riverbend Terrace,60 Riverbend Way,B217,788,1,1,Occ,"Cisneros, Clemence",clemence.cisneros@example.org,2025-05-20,,"1,545.00","1,525.00"
RIV,Riverbend Terrace,60 Riverbend Way,B218,985,2,1.5,Occupied,"Ubaldi, Nadim",nadim.ubaldi@example.com,2025-02-12,2025-09-14,"1,855.00","$1,800.00"
RIV,Riverbend Terrace,60 Riverbend Way,B219,815,1,1,Employee,"Lindgren, Katrien",katrien.lindgren@example.com,2025-03-11,2025-12-11,"$1,555.00","$1,510.00"
RIV,Riverbend Terrace,60 Riverbend Way,B220,736,1,1,Occ,"Sorokin, Valentina",valentina.sorokin@example.com,2025-05-01,2025-11-02,"$1,450.00","$1,445.00"
RIV,Riverbend Terrace,60 Riverbend Way,B221,"1,008",2,1,Vacant,,,,,"$1,855.00",
RIV,Riverbend Terrace,60 Riverbend Way,B222,,2,2,VAC,,,,,"$1,830.00",
RIV,Riverbend Terrace,60 Riverbend Way,B223,,3,2,Occ,"Engelhardt, Marisol",marisol.engelhardt@example.com,2024-09-17,2025-07-28,"2,405.00","$2,355.00"
RIV,Riverbend Terrace,60 Riverbend Way,B224,811,1,1,Notice,"Yoshida, Ferran",ferran.yoshida@mail.example.net,2025-04-20,2026-03-28,"1,500.00","1,445.00"
RIV,Riverbend Terrace,60 Riverbend Way,B225,548,0,1,Occupied,"Lindgren, Clemence",clemence.lindgren@example.com,2025-03-10,2026-02-25,"$1,140.00","$1,115.00"
RIV,Riverbend Terrace,60 Riverbend Way,B226,713,1,1,Occupied,"Danquah, Amara",amara.danquah@example.org,2025-07-23,2026-02-04,"$1,570.00","$1,530.00"
RIV,Riverbend Terrace,60 Riverbend Way,B227,"1,291",3,2,NTV,"Ubaldi, Marisol",marisol.ubaldi@example.com,2026-04-25,2027-02-20,"$2,280.00","$2,250.00"
RIV,Riverbend Terrace,60 Riverbend Way,B228,809,1,1,Occupied,"Dupont, Elke",elke.dupont@example.com,2024-07-19,2025-08-17,"$1,525.00","1,470.00"
RIV,Riverbend Terrace,60 Riverbend Way,B229,783,1,1,Occupied,"Ashworth, Nadim",nadim.ashworth@example.com,2025-01-26,2025-09-11,"$1,595.00","1,590.00"
RIV,Riverbend Terrace,60 Riverbend Way,B230,427,0,1,Occupied,"Danquah, Dario",dario.danquah@example.com,2026-03-31,2026-12-27,"$1,060.00","1,015.00"
RIV,Riverbend Terrace,60 Riverbend Way,B301,"1,042",2,1.5,Notice,"Grierson, Priya",priya.grierson@mail.example.net,2025-09-17,,"2,065.00","2,060.00"
RIV,Riverbend Terrace,60 Riverbend Way,B302,"1,052",2,1,Occupied,"Mwangi, Nadim",nadim.mwangi@example.com,2025-07-06,2026-07-29,"$1,855.00","$1,845.00"
RIV,Riverbend Terrace,60 Riverbend Way,B302,"1,052",2,1,Occupied,"Ferrante, Zora",zora.ferrante@example.com,2025-07-06,2026-07-29,"$1,855.00","1,845.00"
RIV,Riverbend Terrace,60 Riverbend Way,B303,710,1,1,MTM,"Eriksen, Joaquin",joaquin.eriksen@example.com,2024-04-10,,"$1,570.00","$1,550.00"
RIV,Riverbend Terrace,60 Riverbend Way,B304,957,2,1.5,Occupied,"Ishikawa, Yannick",yannick.ishikawa@example.org,2026-02-26,2027-01-09,"2,015.00","2,000.00"
RIV,Riverbend Terrace,60 Riverbend Way,B305,940,2,1,VAC,,,,,"$1,875.00",
RIV,Riverbend Terrace,60 Riverbend Way,B306,811,1,1,Occ,"Oyelaran, Clemence",clemence.oyelaran@mail.example.net,2026-05-22,2027-06-04,"1,575.00","1,515.00"
RIV,Riverbend Terrace,60 Riverbend Way,B307,"1,057",2,1.5,Occupied,"Ishikawa, Soren",soren.ishikawa@example.com,2025-03-30,2026-02-16,"$1,875.00","1,835.00"
RIV,Riverbend Terrace,60 Riverbend Way,B308,745,1,1,Occupied,"Dupont, Dario",dario.dupont@example.com,2024-08-31,2025-05-07,"$1,450.00","$1,450.00"
RIV,Riverbend Terrace,60 Riverbend Way,B309,786,1,1,Occupied,"Nakamura, Greta","greta.nakamura@example,com",2024-10-22,2025-04-22,"$1,460.00","1,435.00"
RIV,Riverbend Terrace,60 Riverbend Way,B310,999,2,1,Vacant,,,,,"2,005.00",
RIV,Riverbend Terrace,60 Riverbend Way,B311,"1,064",2,2,Occupied,"Yoshida, Bastien",bastien.yoshida@mail.example.net,2024-07-26,2025-08-29,"1,845.00","$1,840.00"
RIV,Riverbend Terrace,60 Riverbend Way,B312,"1,041",2,2,Occ,"Mwangi, Casimir",casimir.mwangi@example.org,2025-12-29,2026-11-20,"1,955.00","$1,955.00"
RIV,Riverbend Terrace,60 Riverbend Way,B313,695,1,1,Occ,"Radulescu, Soren",soren.radulescu@example.com,2024-07-06,2025-03-16,"$1,455.00","$1,415.00"
RIV,Riverbend Terrace,60 Riverbend Way,B314,965,2,1,Occ,"Lindgren, Valentina",valentina.lindgren@example.org,2024-12-03,,"2,020.00","2,015.00"
RIV,Riverbend Terrace,60 Riverbend Way,B315,764,1,1,Occupied,"Eriksen, Ulrich",ulrich.eriksen@mail.example.net,2026-03-31,2026-10-25,"1,580.00","1,565.00"
RIV,Riverbend Terrace,60 Riverbend Way,B316,997,2,1.5,Occ,"Danquah, Casimir",casimir.danquah@mail.example.net,2025-07-02,2026-07-10,"$2,055.00","2,040.00"
RIV,Riverbend Terrace,60 Riverbend Way,B317,685,1,1,VAC,"Broussard, Ulrich",,,,"1,445.00",
RIV,Riverbend Terrace,60 Riverbend Way,B318,705,1,1,NTV,"Fontaine, Zora",zora.fontaine@mail.example.net,2024-10-06,2025-05-20,"$1,420.00","1,420.00"
RIV,Riverbend Terrace,60 Riverbend Way,B319,809,1,1,Occupied,"Sorokin, Elke",elke.sorokin@example.com,2025-11-05,2026-11-03,"1,485.00","$1,430.00"
RIV,Riverbend Terrace,60 Riverbend Way,B319,809,1,1,Occupied,"Villanueva, Clemence",clemence.villanueva@example.com,2025-11-05,2026-11-03,"1,485.00","$1,430.00"
RIV,Riverbend Terrace,60 Riverbend Way,B320,976,2,1,Occupied,"Villanueva, Xavier",xavier.villanueva@example.com,07/2025,2026-04-18,"$1,990.00","$1,945.00"
RIV,Riverbend Terrace,60 Riverbend Way,B321,808,1,1,Occupied,"Radulescu, Casimir",casimir.radulescu@example.com,2026-03-25,2026-09-21,"$1,490.00","$1,490.00"
RIV,Riverbend Terrace,60 Riverbend Way,B322,992,2,1,MTM,"Cisneros, Ferran",ferran.cisneros@example.com,2026-06-25,2027-05-25,"$2,065.00","$2,035.00"
RIV,Riverbend Terrace,60 Riverbend Way,B323,"1,034",2,1.5,Occupied,"Cisneros, Ulrich",ulrich.cisneros@example.com,2024-10-02,2025-06-28,"1,885.00","$1,845.00"
RIV,Riverbend Terrace,60 Riverbend Way,B324,"1,272",3,2,Down,,,,,"2,365.00",
RIV,Riverbend Terrace,60 Riverbend Way,B325,782,1,1,Occupied,"Ishikawa, Xavier",xavier.ishikawa@example.com,2026-05-02,2027-03-16,"$1,645.00","$1,610.00"
RIV,Riverbend Terrace,60 Riverbend Way,B326,963,2,2,Occupied,"Ashworth, Yannick",yannick.ashworth@example.org,2025-05-21,2026-01-25,"$2,075.00","$2,070.00"
RIV,Riverbend Terrace,60 Riverbend Way,B327,451,0,1,NTV,"Quintero, Hamza",hamza.quintero@mail.example.net,2025-03-04,2026-01-06,"$1,080.00","1,040.00"
RIV,Riverbend Terrace,60 Riverbend Way,B328,"1,004",2,1,NTV,"Mwangi, Ferran",ferran.mwangi@example.com,2025-06-22,2026-06-14,"$2,055.00","$2,025.00"
RIV,Riverbend Terrace,60 Riverbend Way,B329,795,1,1,VAC,,,,,"1,405.00",
RIV,Riverbend Terrace,60 Riverbend Way,B330,800,1,1,Occupied,"Ferrante, Bettina",bettina.ferrante@example.com,2026-01-12,,"$1,525.00","1,520.00"
RIV,Riverbend Terrace,60 Riverbend Way,B401,"1,022",2,2,Occupied,"Calderon, Bettina",bettina.calderon@example.com,2024-04-05,2024-11-03,"$1,925.00","$1,900.00"
RIV,Riverbend Terrace,60 Riverbend Way,B402,"1,061",2,2,Occupied,"Broussard, Bastien",bastien.broussard@example.com,2024-09-02,2025-03-08,"$1,835.00","$1,820.00"
RIV,Riverbend Terrace,60 Riverbend Way,B403,704,1,1,Occ,"Ishikawa, Joaquin",joaquin.ishikawa@example.com,07/2024,2025-07-10,"$1,530.00","$1,495.00"
RIV,Riverbend Terrace,60 Riverbend Way,B403,704,1,1,Occupied,"Haddad, Wilhelmina",wilhelmina.haddad@example.com,2024-09-06,2025-03-30,"1,530.00","$1,520.00"
RIV,Riverbend Terrace,60 Riverbend Way,B404,694,1,1,Occupied,"Danquah, Nadim",nadim.danquah@example.com,2025-04-19,2026-01-01,"$1,605.00","$1,550.00"
RIV,Riverbend Terrace,60 Riverbend Way,B405,,0,1,MTM,"Broussard, Wilhelmina",wilhelmina.broussard@mail.example.net,2024-08-04,2025-05-30,"$1,010.00",$970.00
RIV,Riverbend Terrace,60 Riverbend Way,B406,737,1,1,Occ,"Danquah, Clemence",clemence.danquah@mail.example.net,2025-09-23,2026-10-26,"1,555.00","1,540.00"
RIV,Riverbend Terrace,60 Riverbend Way,B407,950,2,1.5,VAC,,,,,"$1,825.00",
RIV,Riverbend Terrace,60 Riverbend Way,B408,735,1,1,Occupied,"Zambrano, Marisol",marisol.zambrano@example.com,2025-07-23,2026-05-14,"$1,480.00","$1,430.00"
RIV,Riverbend Terrace,60 Riverbend Way,B409,985,2,2,Notice,"Haddad, Elke",elke.haddad@example.com,2025-11-04,2026-09-10,"$1,840.00","$1,800.00"
RIV,Riverbend Terrace,60 Riverbend Way,B410,959,2,1.5,Occ,"Nakamura, Lachlan",lachlan.nakamura@mail.example.net,2026-03-07,2026-09-20,"1,935.00","1,935.00"
RIV,Riverbend Terrace,60 Riverbend Way,B411,"1,032",2,1,MTM,"Ashworth, Greta",greta.ashworth@example.org,2024-05-19,2025-03-17,"$1,865.00","$1,830.00"
RIV,Riverbend Terrace,60 Riverbend Way,B412,963,2,1,Vacant,,,,,"$1,925.00",
RIV,Riverbend Terrace,60 Riverbend Way,B413,806,1,1,Occupied,"Lindgren, Lachlan",lachlan.lindgren@mail.example.net,2025-11-04,2026-10-24,"1,595.00","$1,585.00"
RIV,Riverbend Terrace,60 Riverbend Way,B414,"1,298",3,2,Notice,"Calderon, Quentin",quentin.calderon@example.org,2025-03-10,2026-01-12,"2,305.00","2,250.00"
RIV,Riverbend Terrace,60 Riverbend Way,B415,"1,310",3,1.5,Occupied,"Oyelaran, Delphine",delphine.oyelaran@example.com,2024-09-29,2025-07-04,"$2,355.00","2,350.00"
RIV,Riverbend Terrace,60 Riverbend Way,B416,807,1,1,Occ,"Beaumont, Rosalind",rosalind.beaumont@mail.example.net,2025-12-24,2026-12-03,"1,465.00","1,420.00"
RIV,Riverbend Terrace,60 Riverbend Way,B417,"1,022",2,1,Occupied,"Ferrante, Yannick",yannick.ferrante@example.com,2025-12-19,2026-11-11,"$1,875.00","$1,830.00"
RIV,Riverbend Terrace,60 Riverbend Way,B418,"1,016",2,2,Occupied,"Sorokin, Casimir",casimir.sorokin@example.com,2025-01-20,2025-08-24,"1,925.00","$1,875.00"
RIV,Riverbend Terrace,60 Riverbend Way,B419,981,2,2,NTV,"Danquah, Rosalind",rosalind.danquah@example.com,2024-07-04,2025-03-02,"1,845.00","1,820.00"
RIV,Riverbend Terrace,60 Riverbend Way,B420,"1,077",2,1,Occupied,"Cisneros, Tamsin",tamsin.cisneros@mail.example.net,2025-12-18,2026-09-20,-,"$1,950.00"
RIV,Riverbend Terrace,60 Riverbend Way,B421,"1,052",2,2,Occupied,"Grierson, Quentin",quentin.grierson@example.com,2024-11-07,2025-05-14,"1,930.00","$1,885.00"
RIV,Riverbend Terrace,60 Riverbend Way,B422,708,1,1,NTV,"Jelinek, Ilse",ilse.jelinek@mail.example.net,2025-11-05,2026-10-16,"$1,465.00","$1,405.00"
RIV,Riverbend Terrace,60 Riverbend Way,B423,"1,039",2,1.5,Occ,"Haddad, Ilse",ilse.haddad@mail.example.net,2025-12-09,2026-07-03,"1,860.00","1,840.00"
RIV,Riverbend Terrace,60 Riverbend Way,B424,806,1,1,Occ,"Zambrano, Ottilie",ottilie.zambrano@mail.example.net,2025-03-24,2026-04-25,"1,400.00","$1,380.00"
RIV,Riverbend Terrace,60 Riverbend Way,B425,716,1,1,Occ,"Ashworth, Ottilie",ottilie.ashworth@example.com,2025-10-21,2026-07-19,"$1,435.00","1,425.00"
RIV,Riverbend Terrace,60 Riverbend Way,B426,733,1,1,VAC,,,,,"$1,545.00",
RIV,Riverbend Terrace,60 Riverbend Way,B427,"1,290",3,1.5,Vacant,,,,,"2,415.00",
RIV,Riverbend Terrace,60 Riverbend Way,B428,"1,067",2,1.5,Occ,"Wexler, Elke",elke.wexler@example.com,2025-04-26,2026-04-18,"1,935.00","$1,885.00"
RIV,Riverbend Terrace,60 Riverbend Way,B428,"1,067",2,1.5,Occ,"Dupont, Aurelio",aurelio.dupont@example.org,2025-04-26,2026-04-18,"$1,935.00","1,885.00"
RIV,Riverbend Terrace,60 Riverbend Way,B429,755,1,1,Occupied,"Nakamura, Nadim",nadim.nakamura@mail.example.net,2026-03-01,2026-10-18,"1,595.00","1,575.00"
RIV,Riverbend Terrace,60 Riverbend Way,B430,776,1,1,Vacant-Ready,,,,,"$1,530.00",
STN,Stonegate Mews,9 Stonegate Ln,A101,"1,311",3,1.5,Occupied,"Pemberton, Casimir",casimir.pemberton@mail.example.net,2024-11-19,2025-08-14,"2,485.00","$2,435.00"
STN,Stonegate Mews,9 Stonegate Ln,A102,717,1,1,Notice,"Jelinek, Aurelio",aurelio.jelinek@example.org,06/2025,2026-02-03,"$1,465.00","$1,445.00"
STN,Stonegate Mews,9 Stonegate Ln,A103,799,1,1,Occupied,"Engelhardt, Lachlan",lachlan.engelhardt@mail.example.net,2024-04-03,2025-02-19,"$1,495.00","$1,480.00"
STN,Stonegate Mews,9 Stonegate Ln,A104,767,1,1,Occupied,"Pemberton, Rosalind",rosalind.pemberton@example.com,2025-11-22,2026-05-21,"$1,465.00","$1,420.00"
STN,Stonegate Mews,9 Stonegate Ln,A105,817,1,1,Occupied,"Kowalczyk, Rosalind",rosalind.kowalczyk@example.org,2026-06-21,2027-01-16,"$1,605.00","1,550.00"
STN,Stonegate Mews,9 Stonegate Ln,A106,757,1,1,Occupied,"Lindgren, Casimir",casimir.lindgren@example.com,2026-03-25,2027-02-23,"$1,655.00","$1,615.00"
STN,Stonegate Mews,9 Stonegate Ln,A107,721,1,1,Occupied,"Oyelaran, Katrien",katrien.oyelaran@example.com,2024-03-08,2025-03-29,"$1,450.00","$1,450.00"
STN,Stonegate Mews,9 Stonegate Ln,A108,513,0,1,MTM,"Haddad, Nadim",nadim.haddad@example.com,2026-02-05,2026-08-21,$990.00,$950.00
STN,Stonegate Mews,9 Stonegate Ln,A109,960,2,1.5,Occ,"Haddad, Katrien",katrien.haddad@example.com,2024-11-26,,"1,825.00","1,815.00"
STN,Stonegate Mews,9 Stonegate Ln,A110,762,1,1,Occupied,"Lindgren, Hamza",hamza.lindgren@example.com,2025-08-25,2026-05-31,"1,655.00","$1,645.00"
STN,Stonegate Mews,9 Stonegate Ln,A111,953,2,2,Notice,"Ubaldi, Hamza",hamza.ubaldi@example.org,2024-08-21,2025-08-01,"1,920.00","$1,900.00"
STN,Stonegate Mews,9 Stonegate Ln,A112,952,2,2,Occupied,"Pemberton, Lachlan",lachlan.pemberton@mail.example.net,2024-04-01,2024-11-12,"$1,870.00","1,855.00"
STN,Stonegate Mews,9 Stonegate Ln,A113,781,1,1,VAC,,,,,"1,410.00",
STN,Stonegate Mews,9 Stonegate Ln,A114,812,1,1,Occupied,"Ferrante, Delphine",delphine.ferrante@example.com,2025-10-29,2026-06-30,"1,640.00","$1,595.00"
STN,Stonegate Mews,9 Stonegate Ln,A115,731,1,1,Notice,"Haddad, Bettina",bettina.haddad@example.com,2024-10-01,2025-09-17,"$1,455.00","$1,420.00"
STN,Stonegate Mews,9 Stonegate Ln,A116,993,2,1.5,Occupied,"Kowalczyk, Ferran",ferran.kowalczyk@example.com,2025-03-18,2026-03-11,"$1,910.00","$1,905.00"
STN,Stonegate Mews,9 Stonegate Ln,A117,"1,310",3,1,Occ,"Nakamura, Casimir",casimir.nakamura@example.com,2025-07-21,2026-03-29,"2,310.00","$2,305.00"
STN,Stonegate Mews,9 Stonegate Lane,A118,814,1,1,Occupied,"Ishikawa, Aurelio",aurelio.ishikawa@example.com,2024-08-31,,"$1,565.00","$1,510.00"
STN,Stonegate Mews,9 Stonegate Ln,A119,753,1,1,MTM,"Quintero, Greta",greta.quintero@mail.example.net,2025-01-04,2025-11-03,"$1,655.00","$1,625.00"
STN,Stonegate Mews,9 Stonegate Ln,A119,753,1,1,Occupied,"Grierson, Hamza",hamza.grierson@example.com,2025-02-21,2026-01-02,"$1,655.00","1,650.00"
STN,Stonegate Mews,9 Stonegate Ln,A120,943,2,2,Occupied,"Calderon, Clemence",clemence.calderon@example.com,2024-02-15,2025-01-12,"$1,930.00","$1,890.00"
STN,Stonegate Mews,9 Stonegate Ln,A121,992,2,1.5,MTM,"Engelhardt, Dario",dario.engelhardt@example.org,2025-10-13,2026-06-15,"$1,850.00","$1,815.00"
STN,Stonegate Mews,9 Stonegate Ln,A122,529,0,1,Vacant,"Broussard, Elke",,,,"$1,145.00",
STN,Stonegate Mews,9 Stonegate Ln,A123,"1,262",3,2,MTM,"Broussard, Bastien",bastien.broussard@example.com,2024-02-20,2024-11-28,"2,290.00","2,290.00"
STN,Stonegate Mews,9 Stonegate Ln,A124,696,1,1,VAC,,,,,"$1,535.00",
STN,Stonegate Mews,9 Stonegate Ln,A125,942,2,1.5,Occupied,"Ashworth, Elke",elke.ashworth@mail.example.net,2025-04-10,2026-01-11,"2,010.00","1,970.00"
STN,Stonegate Mews,9 Stonegate Ln,A125,942,2,1.5,Occupied,"Kowalczyk, Yannick",yannick.kowalczyk@example.com,2025-04-10,2026-01-11,"$2,010.00","1,970.00"
STN,Stonegate Mews,9 Stonegate Lane,A126,"1,229",3,1.5,MTM,"Engelhardt, Delphine",delphine.engelhardt@example.com,2024-06-24,2025-05-29,"$2,470.00","$2,410.00"
STN,Stonegate Mews,9 Stonegate Ln,A127,"1,047",2,1,Occupied,"Grierson, Amara",amara.grierson@example.com,2025-05-29,2025-12-17,"$2,050.00","2,020.00"
STN,Stonegate Mews,9 Stonegate Ln,A128,994,2,2,Notice,"Nakamura, Nadim",nadim.nakamura@mail.example.net,2025-11-03,,"2,080.00","$2,060.00"
STN,Stonegate Mews,9 Stonegate Ln,A129,718,1,1,Occupied,"Radulescu, Nadim",nadim.radulescu@example.org,2024-11-11,,"1,630.00","$1,625.00"
STN,Stonegate Mews,9 Stonegate Ln,A130,704,1,1,Down,,,,,"1,460.00",
STN,Stonegate Mews,9 Stonegate Ln,A201,994,2,1,Notice,"Eriksen, Nadim",nadim.eriksen@mail.example.net,2026-03-18,2027-03-31,"$1,915.00","$1,895.00"
STN,Stonegate Mews,9 Stonegate Ln,A201,994,2,1,Notice,"Tavares, Nadim",nadim.tavares@example.com,2026-03-18,2027-03-31,-,"1,895.00"
STN,Stonegate Mews,9 Stonegate Ln,A202,985,2,2,Occupied,"Danquah, Ferran",ferran.danquah@example.com,2024-02-10,2025-01-25,"$1,955.00","$1,860.00"
STN,Stonegate Mews,9 Stonegate Ln,A202,985,2,2,Notice,"Cisneros, Aurelio",aurelio.cisneros@example.com,2025-02-07,2026-03-06,"1,955.00","1,900.00"
STN,Stonegate Mews,9 Stonegate Ln,A203,777,1,1,Vacant,,,,,"1,585.00",
STN,Stonegate Mews,9 Stonegate Ln,A204,"1,286",3,1.5,Occ,"Calderon, Ferran",ferran.calderon@example.com,08/2025,2026-05-25,"$2,290.00","$2,255.00"
STN,Stonegate Mews,9 Stonegate Ln,A205,"1,056",2,1,Occupied,"Dupont, Amara",amara.dupont@example.com,2024-09-21,2025-10-19,"$2,035.00","$2,005.00"
STN,Stonegate Mews,9 Stonegate Ln,A206,725,1,1,MTM,"Ferrante, Rosalind",rosalind.ferrante@mail.example.net,2025-10-30,2026-05-08,"1,585.00","$1,530.00"
STN,Stonegate Mews,9 Stonegate Ln,A207,"1,250",3,1,Occupied,"Zambrano, Katrien",katrien.zambrano@example.com,2026-05-21,2027-01-24,"$2,320.00","$2,300.00"
STN,Stonegate Mews,9 Stonegate Ln,A208,743,1,1,MTM,"Nakamura, Yannick",yannick.nakamura@example.com,2025-03-19,2026-02-21,"1,515.00","1,455.00"
STN,Stonegate Mews,9 Stonegate Ln,A209,707,1,1,Vacant-Ready,,,,,"$1,595.00",
STN,Stonegate Mews,9 Stonegate Ln,A210,995,2,2,Occ,"Sorokin, Priya",priya.sorokin@example.com,2025-02-08,2025-10-01,"$1,960.00","$1,930.00"
STN,Stonegate Mews,9 Stonegate Ln,A211,"1,019",2,1,NTV,"Sorokin, Aurelio",aurelio.sorokin@example.org,2024-08-04,,"1,940.00","1,940.00"
STN,Stonegate Mews,9 Stonegate Ln,A212,"1,259",3,1.5,Occupied,"Broussard, Bettina",bettina.broussard@example.com,2025-01-10,2025-11-24,"2,250.00","2,245.00"
STN,Stonegate Mews,9 Stonegate Ln,A213,790,1,1,Occupied,"Yoshida, Katrien",katrien.yoshida@mail.example.net,2025-11-04,2026-11-10,"1,615.00","$1,575.00"
STN,Stonegate Mews,9 Stonegate Ln,A214,756,1,1,Occupied,"Engelhardt, Xavier",xavier.engelhardt@mail.example.net,2024-05-17,2025-06-06,"1,575.00","1,550.00"
STN,Stonegate Mews,9 Stonegate Ln,A215,764,1,1,Occupied,"Eriksen, Joaquin",joaquin.eriksen@mail.example.net,2025-11-16,2026-06-04,"$1,540.00","$1,480.00"
STN,Stonegate Mews,9 Stonegate Ln,A216,768,1,1,Down,,,,,"1,570.00",
STN,Stonegate Mews,9 Stonegate Ln,A217,958,2,2,Occupied,"Ashworth, Valentina",valentina.ashworth@example.com,2024-02-26,2025-01-03,"$2,075.00","$2,070.00"
STN,Stonegate Mews,9 Stonegate Ln,A218,752,1,1,MTM,"Lindgren, Ilse",ilse.lindgren@example.com,2026-04-14,2027-04-14,"$1,450.00","1,395.00"
STN,Stonegate Mews,9 Stonegate Ln,A219,957,2,1.5,Occupied,"Villanueva, Aurelio","aurelio.villanueva@example,com",2024-07-20,2025-07-06,"$1,945.00","1,890.00"
STN,Stonegate Mews,9 Stonegate Ln,A220,698,1,1,Occupied,"Jelinek, Marisol",marisol.jelinek@example.com,2025-02-25,2026-01-26,"1,410.00","$1,355.00"
STN,Stonegate Mews,9 Stonegate Ln,A221,746,1,1,Occ,"Nakamura, Tamsin",tamsin.nakamura@example.com,2025-06-14,2026-02-06,"1,505.00","$1,455.00"
STN,Stonegate Mews,9 Stonegate Ln,A222,698,1,1,Occupied,"Wexler, Katrien",katrien.wexler@example.org,2025-08-08,2026-08-01,"1,500.00","$1,445.00"
STN,Stonegate Mews,9 Stonegate Ln,A223,800,1,1,NTV,"Zambrano, Ilse",ilse.zambrano@example.com,2026-02-01,2027-01-07,"1,625.00","$1,600.00"
STN,Stonegate Mews,9 Stonegate Ln,A224,778,1,1,Vacant,,,,,"1,595.00",
STN,Stonegate Mews,9 Stonegate Ln,A225,"1,005",2,1.5,Occupied,"Dupont, Katrien",katrien.dupont@example.com,2024-07-23,2025-01-27,-,"$1,835.00"
STN,Stonegate Mews,9 Stonegate Ln,A225,"1,005",2,1.5,Occupied,"Ashworth, Ferran",ferran.ashworth@example.com,2024-07-23,2025-01-27,"$1,895.00","$1,835.00"
STN,Stonegate Mews,9 Stonegate Ln,A226,758,1,1,Occupied,"Grierson, Bastien",bastien.grierson@example.org,2025-12-17,2026-08-26,"1,610.00","1,610.00"
STN,Stonegate Mews,9 Stonegate Ln,A226,758,1,1,Occupied,"Danquah, Dario",dario.danquah@mail.example.net,2026-05-08,2027-03-17,"1,610.00","$1,635.00"
STN,Stonegate Mews,9 Stonegate Ln,A227,,2,2,Notice,"Ashworth, Priya",priya.ashworth@example.com,2024-06-15,2025-05-22,"$1,885.00","$1,865.00"
STN,Stonegate Mews,9 Stonegate Ln,A228,968,2,1,Occupied,"Yoshida, Greta",greta.yoshida@mail.example.net,2026-06-01,2027-04-02,"1,920.00","$1,885.00"
STN,Stonegate Mews,9 Stonegate Ln,A229,"1,282",3,1.5,Occupied,"Ubaldi, Casimir",casimir.ubaldi@example.org,2024-07-21,2025-05-23,"2,325.00","2,325.00"
STN,Stonegate Mews,9 Stonegate Ln,A229,"1,282",3,1.5,Occupied,"Wexler, Delphine",delphine.wexler@example.com,2024-07-21,2025-05-23,"$2,325.00","$2,325.00"
STN,Stonegate Mews,9 Stonegate Ln,A230,448,0,1,Vacant,,,,,"1,135.00",
STN,Stonegate Mews,9 Stonegate Ln,A301,813,1,1,Occupied,"Engelhardt, Nadim",nadim.engelhardt@example.com,2026-01-31,2026-12-13,"1,645.00","$1,635.00"
STN,Stonegate Mews,9 Stonegate Ln,A302,730,1,1,Occupied,"Danquah, Zora",zora.danquah@mail.example.net,2025-10-04,2026-09-08,"1,515.00","$1,510.00"
STN,Stonegate Mews,9 Stonegate Ln,A303,"1,299",3,1,Notice,"Pemberton, Ferran",ferran.pemberton@example.com,2025-08-15,2026-04-05,"$2,345.00","2,305.00"
STN,Stonegate Mews,9 Stonegate Ln,A304,"1,070",2,2,MTM,"Mwangi, Lachlan",lachlan.mwangi@example.com,2025-09-07,2026-06-14,"$2,000.00","1,970.00"
STN,Stonegate Mews,9 Stonegate Ln,A305,789,1,1,Employee,"Villanueva, Priya",priya.villanueva@example.com,2026-03-09,2026-09-23,"$1,620.00","$1,580.00"
STN,Stonegate Mews,9 Stonegate Ln,A306,816,1,1,Occupied,"Radulescu, Katrien","katrien.radulescu@example,com",2024-03-01,2024-10-27,"1,570.00","1,535.00"
STN,Stonegate Mews,9 Stonegate Ln,A307,727,1,1,Occ,"Kowalczyk, Bastien",bastien.kowalczyk@example.com,2025-03-16,,-,"1,380.00"
STN,Stonegate Mews,9 Stonegate Ln,A308,950,2,1,Occ,"Haddad, Aurelio",aurelio.haddad@mail.example.net,2024-09-27,,"$1,970.00","1,960.00"
STN,Stonegate Mews,9 Stonegate Ln,A309,"1,240",3,1.5,Occ,"Cisneros, Rosalind",rosalind.cisneros@mail.example.net,2025-04-01,2025-10-16,"2,280.00","2,260.00"
STN,Stonegate Mews,9 Stonegate Ln,A310,"1,003",2,2,Occ,"Fontaine, Zora",zora.fontaine@example.com,2025-07-22,2026-03-20,"$2,045.00","2,015.00"
STN,Stonegate Mews,9 Stonegate Ln,A311,970,2,1.5,Occ,"Tavares, Nadim",nadim.tavares@example.org,2025-07-23,2026-05-17,"2,050.00","2,030.00"
STN,Stonegate Mews,9 Stonegate Ln,A312,"1,318",3,1.5,Occupied,"Nakamura, Dario",dario.nakamura@example.org,2026-06-04,2027-01-20,"$2,390.00","2,340.00"
STN,Stonegate Mews,9 Stonegate Ln,A312,"1,318",3,1.5,Occupied,"Pemberton, Xavier",xavier.pemberton@example.org,2026-06-04,2027-01-20,"$2,390.00","$2,340.00"
STN,Stonegate Mews,9 Stonegate Ln,A313,690,1,1,Occ,"Eriksen, Quentin",quentin.eriksen@example.com,2026-01-22,2027-01-13,"1,455.00","$1,435.00"
STN,Stonegate Mews,9 Stonegate Ln,A314,721,1,1,Vacant,,,,,"$1,435.00",
STN,Stonegate Mews,9 Stonegate Ln,A315,977,2,1.5,Occupied,"Pemberton, Delphine",delphine.pemberton@example.org,2024-08-02,2025-05-04,"$1,845.00","1,815.00"
STN,Stonegate Mews,9 Stonegate Ln,A316,945,2,1,Occ,"Zambrano, Bastien",bastien.zambrano@example.org,2025-05-21,2026-06-11,"$2,005.00","$1,995.00"
STN,Stonegate Mews,9 Stonegate Ln,A317,744,1,1,Occ,"Yoshida, Ferran",ferran.yoshida@mail.example.net,2025-08-14,,"$1,640.00","$1,605.00"
STN,Stonegate Mews,9 Stonegate Ln,A318,685,1,1,VAC,"Pemberton, Nadim",,,,"$1,525.00",
STN,Stonegate Mews,9 Stonegate Ln,A319,"1,033",2,1,Occ,"Sorokin, Greta",greta.sorokin@example.org,2026-03-24,2027-03-27,"$2,010.00","$1,990.00"
STN,Stonegate Mews,9 Stonegate Ln,A320,956,2,1,Occ,"Haddad, Hamza",hamza.haddad@example.com,2025-08-04,2026-08-05,"1,920.00","1,920.00"
STN,Stonegate Mews,9 Stonegate Ln,A321,780,1,1,Occ,"Dupont, Clemence",clemence.dupont@mail.example.net,2024-06-05,2025-01-20,"1,550.00","$1,510.00"
STN,Stonegate Mews,9 Stonegate Ln,A321,780,1,1,Occ,"Ishikawa, Wilhelmina",wilhelmina.ishikawa@example.com,2024-06-05,2025-01-20,"1,550.00","$1,510.00"
STN,Stonegate Mews,9 Stonegate Ln,A322,810,1,1,Model,,,,,"1,650.00",
STN,Stonegate Mews,9 Stonegate Ln,A323,961,2,1,NTV,"Wexler, Katrien",katrien.wexler@example.com,2025-06-08,,"$1,945.00","$1,910.00"
STN,Stonegate Mews,9 Stonegate Ln,A324,947,2,1.5,Vacant,,,,,"$1,965.00",
STN,Stonegate Mews,9 Stonegate Ln,A325,715,1,1,Occupied,"Villanueva, Ulrich",ulrich.villanueva@mail.example.net,2024-07-28,2025-08-18,"1,530.00","$1,495.00"
STN,Stonegate Mews,9 Stonegate Ln,A326,"1,065",2,1.5,Vacant,,,,,"$1,970.00",
STN,Stonegate Mews,9 Stonegate Ln,A327,"1,332",3,2,Notice,"Fontaine, Ferran",ferran.fontaine@example.com,2026-02-02,2027-02-08,"$2,390.00","2,370.00"
STN,Stonegate Mews,9 Stonegate Ln,A328,552,0,1,Employee,"Oyelaran, Greta",greta.oyelaran@example.org,2025-02-14,2026-02-05,"1,015.00","1,015.00"
STN,Stonegate Mews,9 Stonegate Ln,A329,991,2,1.5,Occ,"Fontaine, Ferran",ferran.fontaine@example.com,2026-02-13,,"$1,900.00","$1,855.00"
STN,Stonegate Mews,9 Stonegate Ln,A330,776,1,1,Occ,"Kowalczyk, Soren",soren.kowalczyk@example.com,2025-01-09,2025-10-16,"$1,590.00","1,585.00"
STN,Stonegate Mews,9 Stonegate Ln,B101,975,2,1.5,Occupied,"Zambrano, Clemence",clemence.zambrano@example.com,2024-02-15,2025-02-25,"1,850.00","1,800.00"
STN,Stonegate Mews,9 Stonegate Ln,B102,"1,255",3,1.5,Occupied,"Ubaldi, Soren",soren.ubaldi@example.com,2024-05-16,2024-12-25,"2,470.00","2,410.00"
STN,Stonegate Mews,9 Stonegate Ln,B103,811,1,1,Occ,"Pemberton, Tamsin",tamsin.pemberton@example.org,06/2026,2027-04-22,"1,445.00","1,440.00"
STN,Stonegate Mews,9 Stonegate Ln,B103,811,1,1,Occ,"Nakamura, Xavier",xavier.nakamura@example.org,2026-06-15,2027-04-22,"1,445.00","$1,440.00"
STN,Stonegate Mews,9 Stonegate Lane,B104,976,2,1.5,Occ,"Eriksen, Rosalind",rosalind.eriksen@example.com,2024-05-27,2025-03-31,"$1,985.00","1,940.00"
STN,Stonegate Mews,9 Stonegate Ln,B105,"1,006",2,1,Occupied,"Zambrano, Wilhelmina",wilhelmina.zambrano@example.com,2024-10-14,2025-07-20,"$1,865.00","$1,810.00"
STN,Stonegate Mews,9 Stonegate Ln,B106,"1,074",2,1.5,Occupied,"Nakamura, Joaquin",joaquin.nakamura@example.com,2025-01-09,2025-09-18,"$2,070.00","$2,025.00"
STN,Stonegate Mews,9 Stonegate Ln,B107,"1,032",2,1.5,Occupied,"Ashworth, Wilhelmina",wilhelmina.ashworth@example.org,2025-01-05,,"$1,975.00","1,940.00"
STN,Stonegate Mews,9 Stonegate Ln,B108,717,1,1,MTM,"Wexler, Ferran",ferran.wexler@example.com,2024-05-31,,"1,590.00","1,535.00"
STN,Stonegate Mews,9 Stonegate Ln,B109,697,1,1,Occ,"Lindgren, Amara",amara.lindgren@mail.example.net,2025-12-20,,"1,465.00","$1,420.00"
STN,Stonegate Mews,9 Stonegate Ln,B110,749,1,1,Occupied,"Villanueva, Elke",elke.villanueva@example.com,2024-10-30,2025-08-24,"1,485.00","$1,450.00"
STN,Stonegate Mews,9 Stonegate Ln,B111,976,2,2,Occ,"Ubaldi, Hamza",hamza.ubaldi@example.org,2025-01-25,2025-07-27,-,"1,865.00"
STN,Stonegate Mews,9 Stonegate Ln,B112,"1,046",2,1,Occupied,"Kowalczyk, Priya",priya.kowalczyk@mail.example.net,03/2024,2024-12-03,"1,965.00","1,950.00"
STN,Stonegate Mews,9 Stonegate Ln,B113,981,2,2,Occ,"Kowalczyk, Delphine",delphine.kowalczyk@example.org,2025-05-19,2026-04-22,"$1,825.00","$1,795.00"
STN,Stonegate Mews,9 Stonegate Ln,B114,"1,067",2,1.5,NTV,"Oyelaran, Hamza",hamza.oyelaran@example.com,2025-05-30,2026-02-07,"2,080.00","2,020.00"
STN,Stonegate Mews,9 Stonegate Ln,B115,780,1,1,Occ,"Haddad, Hamza",hamza.haddad@example.com,2024-08-12,2025-02-11,"1,485.00","$1,485.00"
STN,Stonegate Mews,9 Stonegate Ln,B115,780,1,1,Occupied,"Engelhardt, Delphine",delphine.engelhardt@example.com,2024-10-15,2025-10-28,"$1,485.00","1,510.00"
STN,Stonegate Mews,9 Stonegate Ln,B116,819,1,1,MTM,"Ferrante, Priya",priya.ferrante@mail.example.net,2024-12-20,2025-06-29,"1,400.00","$1,390.00"
STN,Stonegate Mews,9 Stonegate Ln,B117,"1,208",3,1.5,Occupied,"Engelhardt, Dario",dario.engelhardt@example.com,2024-09-15,2025-05-27,"$2,425.00","2,415.00"
STN,Stonegate Mews,9 Stonegate Ln,B118,748,1,1,Occupied,"Grierson, Aurelio",aurelio.grierson@example.com,2024-10-27,2025-11-12,"$1,405.00","1,360.00"
STN,Stonegate Mews,9 Stonegate Ln,B119,"1,302",3,2,Occupied,"Cisneros, Amara",amara.cisneros@example.com,2025-05-19,2026-04-27,"$2,445.00","$2,420.00"
STN,Stonegate Mews,9 Stonegate Ln,B120,763,1,1,Occupied,"Eriksen, Quentin",quentin.eriksen@example.org,2024-06-23,2025-02-21,"1,495.00","1,435.00"
STN,Stonegate Mews,9 Stonegate Ln,B121,996,2,2,MTM,"Ishikawa, Casimir",casimir.ishikawa@example.com,2024-09-09,2025-07-13,"2,080.00","$2,030.00"
STN,Stonegate Mews,9 Stonegate Ln,B122,999,2,2,MTM,"Tavares, Bastien",bastien.tavares@example.org,2025-03-05,2025-09-26,"2,075.00","$2,070.00"
STN,Stonegate Mews,9 Stonegate Ln,B122,999,2,2,MTM,"Mwangi, Elke",elke.mwangi@mail.example.net,2025-03-05,2025-09-26,"$2,075.00","2,070.00"
STN,Stonegate Mews,9 Stonegate Ln,B123,770,1,1,VAC,,,,,"$1,565.00",
STN,Stonegate Mews,9 Stonegate Ln,B124,813,1,1,Occ,"Pemberton, Ilse",ilse.pemberton@mail.example.net,2025-04-16,2026-03-15,"$1,585.00","1,530.00"
STN,Stonegate Mews,9 Stonegate Ln,B125,684,1,1,Occupied,"Pemberton, Valentina",valentina.pemberton@example.com,2026-03-05,2027-01-28,"$1,625.00","$1,595.00"
STN,Stonegate Mews,9 Stonegate Ln,B126,780,1,1,Model,,,,,"$1,410.00",
STN,Stonegate Mews,9 Stonegate Ln,B127,,0,1,Occupied,"Oyelaran, Quentin",quentin.oyelaran@example.com,2025-02-06,2026-01-10,"$1,170.00","$1,130.00"
STN,Stonegate Mews,9 Stonegate Ln,B128,731,1,1,Occupied,"Zambrano, Valentina",valentina.zambrano@example.com,2024-10-15,,"$1,590.00","$1,565.00"
STN,Stonegate Mews,9 Stonegate Ln,B129,"1,075",2,1,Occupied,"Lindgren, Amara",amara.lindgren@example.org,2025-07-17,2026-05-22,"1,975.00","$1,945.00"
STN,Stonegate Mews,9 Stonegate Ln,B130,"1,045",2,1.5,Occupied,"Dupont, Xavier",xavier.dupont@example.com,2023-07-28,2024-06-04,"$1,960.00","$1,890.00"
STN,Stonegate Mews,9 Stonegate Ln,B130,"1,045",2,1.5,Occupied,"Ishikawa, Delphine",delphine.ishikawa@example.org,2024-06-28,2025-03-22,"$1,960.00","$1,930.00"
STN,Stonegate Mews,9 Stonegate Ln,B201,"1,042",2,1.5,Notice,"Ferrante, Xavier",xavier.ferrante@example.org,2025-08-25,2026-07-19,"$1,940.00","$1,910.00"
STN,Stonegate Mews,9 Stonegate Ln,B202,959,2,1,Vacant,,,,,"$1,830.00",
STN,Stonegate Mews,9 Stonegate Ln,B203,798,1,1,Occ,"Fontaine, Lachlan",lachlan.fontaine@mail.example.net,2026-01-18,2027-02-01,"$1,415.00","1,355.00"
STN,Stonegate Mews,9 Stonegate Ln,B204,712,1,1,Occupied,"Tavares, Ferran",ferran.tavares@mail.example.net,2024-10-21,2025-07-16,"1,630.00","$1,570.00"
STN,Stonegate Mews,9 Stonegate Ln,B205,783,1,1,Occ,"Engelhardt, Greta",greta.engelhardt@example.com,2026-06-07,2027-04-26,"1,445.00","$1,445.00"
STN,Stonegate Mews,9 Stonegate Ln,B206,680,1,1,MTM,"Eriksen, Yannick",yannick.eriksen@example.com,2024-09-09,2025-04-19,"1,485.00","1,450.00"
STN,Stonegate Mews,9 Stonegate Ln,B207,"1,235",3,1.5,Notice,"Ishikawa, Joaquin",joaquin.ishikawa@example.com,2025-10-09,2026-10-08,"$2,320.00","2,290.00"
STN,Stonegate Mews,9 Stonegate Ln,B208,803,1,1,Occupied,"Villanueva, Casimir",casimir.villanueva@example.com,2025-09-25,2026-04-13,"$1,460.00","$1,410.00"
STN,Stonegate Mews,9 Stonegate Ln,B209,"1,037",2,1,Vacant,,,,,"1,860.00",
STN,Stonegate Mews,9 Stonegate Lane,B210,"1,000",2,1,Occupied,"Fontaine, Bettina",bettina.fontaine@example.com,2025-02-02,2025-10-15,"$1,955.00","1,950.00"
STN,Stonegate Mews,9 Stonegate Ln,B211,818,1,1,Down,,,,,"1,605.00",
STN,Stonegate Mews,9 Stonegate Ln,B212,"1,068",2,1,Occ,"Jelinek, Ulrich",ulrich.jelinek@mail.example.net,2025-11-23,2026-10-10,"$1,865.00","$1,810.00"
STN,Stonegate Mews,9 Stonegate Ln,B212,"1,068",2,1,Occ,"Quintero, Elke",elke.quintero@example.com,2025-11-23,2026-10-10,"1,865.00","$1,810.00"
STN,Stonegate Mews,9 Stonegate Ln,B213,"1,033",2,1.5,MTM,"Zambrano, Katrien",katrien.zambrano@example.com,2026-06-30,2027-02-09,"1,845.00","1,800.00"
STN,Stonegate Mews,9 Stonegate Ln,B214,791,1,1,VAC,,,,,"1,530.00",
STN,Stonegate Mews,9 Stonegate Ln,B215,"1,287",3,2,MTM,"Kowalczyk, Ferran",ferran.kowalczyk@mail.example.net,2025-06-12,2026-03-23,"2,360.00","2,305.00"
STN,Stonegate Mews,9 Stonegate Lane,B216,996,2,1,Occ,"Cisneros, Zora",zora.cisneros@example.org,2026-01-25,2027-01-14,"$1,975.00","$1,960.00"
STN,Stonegate Mews,9 Stonegate Ln,B217,771,1,1,Notice,"Danquah, Ottilie",ottilie.danquah@example.com,04/2025,2025-11-29,"1,570.00","1,540.00"
STN,Stonegate Mews,9 Stonegate Ln,B218,967,2,1.5,MTM,"Eriksen, Elke",elke.eriksen@example.com,2025-05-20,2026-05-26,"$1,860.00","$1,805.00"
STN,Stonegate Mews,9 Stonegate Ln,B219,977,2,1,Occupied,"Engelhardt, Marisol",marisol.engelhardt@mail.example.net,2025-01-13,2025-11-12,"2,070.00","2,020.00"
STN,Stonegate Mews,9 Stonegate Ln,B220,"1,063",2,1,Occ,"Yoshida, Casimir",casimir.yoshida@example.org,2025-03-24,2026-04-28,"1,935.00","$1,875.00"
STN,Stonegate Mews,9 Stonegate Ln,B221,470,0,1,Vacant,,,,,"$1,115.00",
STN,Stonegate Mews,9 Stonegate Ln,B222,796,1,1,Occ,"Villanueva, Nadim",nadim.villanueva@mail.example.net,2024-06-27,,"$1,645.00","1,600.00"
STN,Stonegate Mews,9 Stonegate Lane,B223,"1,040",2,1.5,Occupied,"Fontaine, Nadim",nadim.fontaine@example.com,2024-04-29,,"1,945.00","$1,910.00"
STN,Stonegate Mews,9 Stonegate Ln,B224,817,1,1,Occupied,"Ferrante, Ferran",ferran.ferrante@mail.example.net,2024-07-30,2025-08-15,"$1,450.00","1,355.00"
STN,Stonegate Mews,9 Stonegate Ln,B224,817,1,1,Occ,"Zambrano, Priya",priya.zambrano@example.org,2025-08-30,2026-08-16,"$1,450.00","$1,395.00"
STN,Stonegate Mews,9 Stonegate Ln,B225,814,1,1,Occupied,"Ashworth, Tamsin",tamsin.ashworth@example.org,2024-12-03,2025-08-09,"1,415.00","1,385.00"
STN,Stonegate Mews,9 Stonegate Ln,B226,"1,287",3,2,Occ,"Ubaldi, Aurelio",aurelio.ubaldi@example.com,2024-02-25,2025-02-21,"$2,500.00","$2,445.00"
STN,Stonegate Mews,9 Stonegate Ln,B227,"1,338",3,2,MTM,"Beaumont, Marisol",marisol.beaumont@example.org,2024-04-16,2024-11-18,"$2,440.00","$2,405.00"
STN,Stonegate Mews,9 Stonegate Ln,B228,945,2,2,Occ,"Ubaldi, Wilhelmina",wilhelmina.ubaldi@example.com,2026-06-20,2027-02-11,"$1,960.00","1,905.00"
STN,Stonegate Mews,9 Stonegate Ln,B229,"1,047",2,1,Occupied,"Pemberton, Zora",zora.pemberton@example.com,2025-12-07,,"1,930.00","1,930.00"
STN,Stonegate Mews,9 Stonegate Ln,B230,"1,246",3,1.5,Down,,,,,"$2,475.00",
STN,Stonegate Mews,9 Stonegate Ln,B301,808,1,1,Vacant-Ready,,,,,"1,475.00",
STN,Stonegate Mews,9 Stonegate Ln,B302,"1,051",2,2,Notice,"Grierson, Ilse",ilse.grierson@example.com,2026-06-15,2027-01-20,"$1,880.00","$1,870.00"
STN,Stonegate Mews,9 Stonegate Ln,B303,713,1,1,Occupied,"Fontaine, Nadim",nadim.fontaine@example.com,2025-01-12,2025-12-27,"$1,450.00","1,435.00"
STN,Stonegate Mews,9 Stonegate Ln,B303,713,1,1,Occupied,"Quintero, Ulrich",ulrich.quintero@mail.example.net,2025-01-12,2025-12-27,"1,450.00","$1,435.00"
STN,Stonegate Mews,9 Stonegate Ln,B304,815,1,1,Occupied,"Calderon, Valentina",valentina.calderon@example.org,2024-08-23,2025-08-01,"1,550.00","1,520.00"
STN,Stonegate Mews,9 Stonegate Ln,B305,726,1,1,Occ,"Engelhardt, Elke",elke.engelhardt@example.com,2024-08-09,2025-02-16,"1,410.00","$1,410.00"
STN,Stonegate Mews,9 Stonegate Ln,B306,940,2,1,MTM,"Broussard, Tamsin",tamsin.broussard@example.com,2024-02-27,2024-11-08,"$2,040.00","2,005.00"
STN,Stonegate Mews,9 Stonegate Ln,B307,719,1,1,Occupied,"Grierson, Marisol",marisol.grierson@example.com,2024-09-18,2025-03-20,"1,600.00","1,550.00"
STN,Stonegate Mews,9 Stonegate Ln,B308,775,1,1,Occ,"Kowalczyk, Clemence",clemence.kowalczyk@example.com,2025-08-02,2026-09-04,"1,535.00","$1,500.00"
STN,Stonegate Mews,9 Stonegate Ln,B308,775,1,1,Occ,"Pemberton, Elke",elke.pemberton@example.org,2025-08-02,2026-09-04,"$1,535.00","$1,500.00"
STN,Stonegate Mews,9 Stonegate Ln,B309,792,1,1,Occ,"Tavares, Amara",amara.tavares@example.com,2026-01-01,2026-10-03,"$1,515.00","1,495.00"
STN,Stonegate Mews,9 Stonegate Lane,B310,707,1,1,Vacant,,,,,"1,475.00",
STN,Stonegate Mews,9 Stonegate Ln,B311,682,1,1,Occupied,"Ashworth, Marisol",marisol.ashworth@example.com,2025-04-22,2026-01-10,"1,610.00","1,560.00"
STN,Stonegate Mews,9 Stonegate Lane,B312,812,1,1,MTM,"Beaumont, Soren",soren.beaumont@example.org,2026-06-12,2027-06-28,"1,585.00","$1,540.00"
STN,Stonegate Mews,9 Stonegate Ln,B313,"1,056",2,1.5,Employee,"Nakamura, Elke",elke.nakamura@mail.example.net,2026-06-16,2027-05-03,"1,905.00","$1,855.00"
STN,Stonegate Mews,9 Stonegate Ln,B314,,2,1.5,MTM,"Calderon, Soren",soren.calderon@mail.example.net,2026-03-14,2027-04-12,"$1,910.00","1,880.00"
STN,Stonegate Mews,9 Stonegate Ln,B315,"1,071",2,1.5,Employee,"Broussard, Hamza",hamza.broussard@example.com,2026-04-24,2027-04-02,"2,030.00","1,995.00"
STN,Stonegate Mews,9 Stonegate Ln,B316,723,1,1,Vacant,,,,,"$1,640.00",
STN,Stonegate Mews,9 Stonegate Ln,B317,710,1,1,Occupied,"Ferrante, Xavier",xavier.ferrante@example.com,2025-11-09,2026-09-23,"$1,620.00","1,595.00"
STN,Stonegate Mews,9 Stonegate Ln,B318,478,0,1,Notice,"Ubaldi, Casimir",casimir.ubaldi@example.com,2026-06-10,2027-05-05,"1,140.00","$1,130.00"
STN,Stonegate Mews,9 Stonegate Ln,B319,735,1,1,Notice,"Haddad, Marisol",marisol.haddad@example.com,2024-05-07,2025-05-10,"1,625.00","$1,595.00"
STN,Stonegate Mews,9 Stonegate Ln,B320,711,1,1,Occ,"Ubaldi, Katrien",katrien.ubaldi@example.com,2026-01-21,2026-09-07,"$1,465.00","1,415.00"
STN,Stonegate Mews,9 Stonegate Ln,B321,725,1,1,Occupied,"Oyelaran, Ottilie","ottilie.oyelaran@example,com",2023-11-03,2024-09-15,"1,585.00","1,510.00"
STN,Stonegate Mews,9 Stonegate Ln,B321,725,1,1,Occupied,"Zambrano, Valentina",valentina.zambrano@example.com,2024-09-20,2025-08-27,"$1,585.00","1,550.00"
STN,Stonegate Mews,9 Stonegate Ln,B322,976,2,2,Employee,"Calderon, Casimir",casimir.calderon@example.com,2024-05-29,2025-02-19,"2,020.00","2,015.00"
STN,Stonegate Mews,9 Stonegate Ln,B323,808,1,1,NTV,"Danquah, Zora",zora.danquah@example.org,2025-09-17,2026-08-23,"1,625.00","$1,575.00"
STN,Stonegate Mews,9 Stonegate Ln,B323,808,1,1,NTV,"Grierson, Xavier",xavier.grierson@example.com,2025-09-17,2026-08-23,"1,625.00","1,575.00"
STN,Stonegate Mews,9 Stonegate Ln,B324,"1,000",2,1.5,Occupied,"Haddad, Quentin",quentin.haddad@mail.example.net,2026-04-23,2027-02-12,"$1,935.00","1,925.00"
STN,Stonegate Mews,9 Stonegate Lane,B325,699,1,1,Vacant,,,,,"$1,405.00",
STN,Stonegate Mews,9 Stonegate Ln,B326,733,1,1,Occupied,"Oyelaran, Tamsin",tamsin.oyelaran@example.com,2025-06-16,2026-01-09,-,"1,510.00"
STN,Stonegate Mews,9 Stonegate Ln,B326,733,1,1,Occupied,"Lindgren, Ferran",ferran.lindgren@example.com,2025-06-16,2026-01-09,"1,555.00","$1,510.00"
STN,Stonegate Mews,9 Stonegate Lane,B327,966,2,1.5,Occ,"Wexler, Joaquin",joaquin.wexler@example.com,2025-08-20,2026-07-31,"$1,915.00","$1,880.00"
STN,Stonegate Mews,9 Stonegate Ln,B328,703,1,1,Occupied,"Danquah, Wilhelmina",wilhelmina.danquah@example.com,2024-07-24,2025-06-09,"$1,610.00","1,600.00"
STN,Stonegate Mews,9 Stonegate Ln,B328,703,1,1,Occupied,"Tavares, Bettina",bettina.tavares@example.com,2024-07-24,2025-06-09,"1,610.00","$1,600.00"
STN,Stonegate Mews,9 Stonegate Ln,B329,"1,230",3,1.5,Occupied,"Calderon, Greta",greta.calderon@example.com,2024-07-14,2025-03-09,"$2,345.00","2,315.00"
STN,Stonegate Mews,9 Stonegate Ln,B330,"1,066",2,2,Occupied,"Oyelaran, Lachlan",lachlan.oyelaran@example.com,2025-11-10,2026-12-08,"2,030.00","2,025.00"
LKS,Lakeside Row,118 Lakeside Row,A101,807,1,1,Vacant-Ready,,,,,"1,425.00",
LKS,Lakeside Row,118 Lakeside Row,A102,809,1,1,NTV,"Ferrante, Yannick",yannick.ferrante@example.com,2026-06-08,,"$1,525.00","$1,475.00"
LKS,Lakeside Row,118 Lakeside Row,A103,699,1,1,Occupied,"Haddad, Katrien",katrien.haddad@example.com,2026-03-29,2026-10-30,"$1,470.00","1,430.00"
LKS,Lakeside Row,118 Lakeside Row,A103,699,1,1,Occupied,"Dupont, Katrien",katrien.dupont@example.org,2026-07-11,2027-07-10,"$1,470.00","1,455.00"
LKS,Lakeside Row,118 Lakeside Row,A104,"1,317",3,1.5,Occ,"Dupont, Xavier",xavier.dupont@example.com,2024-07-07,2025-05-07,"2,340.00","$2,320.00"
LKS,Lakeside Row,118 Lakeside Row,A105,707,1,1,Occupied,"Lindgren, Elke",elke.lindgren@example.org,2023-03-16,2024-03-29,"$1,490.00","1,430.00"
LKS,Lakeside Row,118 Lakeside Row,A105,707,1,1,Employee,"Pemberton, Soren",soren.pemberton@mail.example.net,05/2024,2025-04-22,"1,490.00","$1,470.00"
LKS,Lakeside Row,118 Lakeside Row,A106,504,0,1,Occ,"Kowalczyk, Valentina",valentina.kowalczyk@example.com,2025-07-24,2026-01-28,"1,045.00",995.00
LKS,Lakeside Row,118 Lakeside Row,A107,712,1,1,Vacant,,,,,"1,645.00",
LKS,Lakeside Row,118 Lakeside Row,A108,"1,236",3,1.5,VAC,,,,,"$2,275.00",
LKS,Lakeside Row,118 Lakeside Row,A109,"1,225",3,1.5,Occupied,"Pemberton, Delphine",delphine.pemberton@example.com,2025-03-16,2026-01-01,-,"$2,285.00"
LKS,Lakeside Row,118 Lakeside Row,A110,"1,322",3,1,Occ,"Jelinek, Yannick",yannick.jelinek@mail.example.net,2025-09-04,2026-04-18,"$2,405.00","$2,355.00"
LKS,Lakeside Row,118 Lakeside Row,A111,457,0,1,Occupied,"Broussard, Xavier",xavier.broussard@example.org,2024-01-14,2025-01-30,"$1,230.00","1,175.00"
LKS,Lakeside Row,118 Lakeside Row,A111,457,0,1,Occupied,"Grierson, Lachlan",lachlan.grierson@mail.example.net,2025-02-18,2026-02-03,"1,230.00","1,215.00"
LKS,Lakeside Row,118 Lakeside Row,A112,"1,019",2,1,Occupied,"Haddad, Ilse",ilse.haddad@mail.example.net,2026-03-11,2027-01-25,"2,055.00","$2,020.00"
LKS,Lakeside Row,118 Lakeside Row,A113,944,2,1,Occ,"Zambrano, Amara",amara.zambrano@example.org,2024-03-13,2025-03-20,"1,910.00","$1,855.00"
LKS,Lakeside Row,118 Lakeside Row,A114,"1,258",3,1.5,Occupied,"Mwangi, Elke",elke.mwangi@mail.example.net,2024-06-08,2025-06-22,"$2,390.00","$2,360.00"
LKS,Lakeside Row,118 Lakeside Row,A115,547,0,1,Occupied,"Sorokin, Tamsin",tamsin.sorokin@example.org,2026-03-25,2027-02-06,"$1,145.00","$1,130.00"
LKS,Lakeside Row,118 Lakeside Row,A115,547,0,1,Occupied,"Cisneros, Ottilie",ottilie.cisneros@example.com,2026-03-25,2027-02-06,"$1,145.00","$1,130.00"
LKS,Lakeside Row,118 Lakeside Row,A116,420,0,1,Employee,"Dupont, Rosalind",rosalind.dupont@example.com,2026-06-23,2027-06-14,"$1,080.00","$1,030.00"
LKS,Lakeside Row,118 Lakeside Row,A117,751,1,1,MTM,"Tavares, Rosalind",rosalind.tavares@example.org,2026-01-03,2026-09-08,"1,455.00","$1,420.00"
LKS,Lakeside Row,118 Lakeside Row,A118,,1,1,MTM,"Oyelaran, Elke",elke.oyelaran@example.com,2024-06-30,2025-06-28,"1,590.00","$1,560.00"
LKS,Lakeside Row,118 Lakeside Row,A119,"1,041",2,2,Occupied,"Kowalczyk, Bastien",bastien.kowalczyk@example.com,2024-07-31,2025-02-02,"$2,060.00","2,015.00"
LKS,Lakeside Row,118 Lakeside Row,A120,735,1,1,Notice,"Haddad, Greta",greta.haddad@example.org,2024-07-26,2025-03-01,"$1,570.00","$1,525.00"
LKS,Lakeside Row,118 Lakeside Row,A121,"1,069",2,1,Occ,"Dupont, Ilse",ilse.dupont@example.com,10/2025,2026-09-05,"1,900.00","$1,890.00"
LKS,Lakeside Row,118 Lakeside Row,A121,"1,069",2,1,Occ,"Tavares, Ulrich",ulrich.tavares@mail.example.net,2025-10-29,2026-09-05,"$1,900.00","1,890.00"
LKS,Lakeside Row,118 Lakeside Row,A122,481,0,1,Occupied,"Oyelaran, Hamza",hamza.oyelaran@example.com,2026-04-04,2026-11-17,"1,055.00","1,045.00"
LKS,Lakeside Row Phase II,118 Lakeside Row,A123,444,0,1,Occupied,"Broussard, Nadim",nadim.broussard@example.com,2025-01-07,2026-01-01,"1,215.00","1,205.00"
LKS,Lakeside Row,118 Lakeside Row,A124,743,1,1,Vacant,,,,,"1,560.00",
LKS,Lakeside Row,118 Lakeside Row,A125,745,1,1,Occupied,"Eriksen, Nadim",nadim.eriksen@example.com,2024-12-29,2026-01-09,"$1,410.00","1,385.00"
LKS,Lakeside Row,118 Lakeside Row,A126,981,2,2,Occupied,"Tavares, Ulrich",ulrich.tavares@mail.example.net,2025-06-16,2026-02-13,"$1,920.00","$1,915.00"
LKS,Lakeside Row,118 Lakeside Row,A127,732,1,1,Occ,"Danquah, Greta",greta.danquah@example.com,2025-04-09,2026-04-24,-,"$1,410.00"
LKS,Lakeside Row,118 Lakeside Row,A127,732,1,1,Occ,"Haddad, Quentin",quentin.haddad@mail.example.net,2025-04-09,2026-04-24,"1,465.00","1,410.00"
LKS,Lakeside Row,118 Lakeside Row,A128,799,1,1,MTM,"Fontaine, Bettina",bettina.fontaine@mail.example.net,2025-02-28,,"1,615.00","$1,565.00"
LKS,Lakeside Row,118 Lakeside Row,A129,461,0,1,NTV,"Lindgren, Xavier",xavier.lindgren@example.com,2026-04-16,,$990.00,$965.00
LKS,Lakeside Row,118 Lakeside Row,A130,"1,004",2,1.5,Occupied,"Sorokin, Katrien",katrien.sorokin@example.org,2026-05-16,,"1,930.00","$1,910.00"
LKS,Lakeside Row,118 Lakeside Row,A201,"1,017",2,1,Notice,"Cisneros, Dario",dario.cisneros@example.com,2024-10-02,2025-04-10,-,"$1,920.00"
LKS,Lakeside Row,118 Lakeside Row,A202,762,1,1,Occ,"Sorokin, Joaquin",joaquin.sorokin@example.com,2026-05-02,,"$1,415.00","$1,355.00"
LKS,Lakeside Row,118 Lakeside Row,A203,"1,274",3,1,Occupied,"Cisneros, Katrien",katrien.cisneros@example.com,2024-09-07,2025-04-23,"$2,385.00","$2,350.00"
LKS,Lakeside Row,118 Lakeside Row,A204,716,1,1,Occupied,"Ubaldi, Ulrich",ulrich.ubaldi@example.org,2024-09-24,2025-08-20,"1,650.00","$1,605.00"
LKS,Lakeside Row,118 Lakeside Row,A205,,1,1,Occ,"Pemberton, Zora",zora.pemberton@mail.example.net,2026-06-09,2027-01-31,"$1,575.00","$1,535.00"
LKS,Lakeside Row Phase II,118 Lakeside Row,A206,"1,034",2,1.5,Vacant-Ready,,,,,"$1,880.00",
LKS,Lakeside Row,118 Lakeside Row,A207,"1,041",2,2,VAC,,,,,"1,985.00",
LKS,Lakeside Row,118 Lakeside Row,A208,"1,303",3,2,Occupied,,,2026-05-12,2026-11-12,"2,375.00","$2,355.00"
LKS,Lakeside Row,118 Lakeside Row,A209,812,1,1,Occupied,"Beaumont, Marisol",marisol.beaumont@example.com,2025-06-17,2026-03-01,"$1,460.00","$1,430.00"
LKS,Lakeside Row,118 Lakeside Row,A210,690,1,1,Occupied,"Grierson, Zora",zora.grierson@mail.example.net,2024-02-15,2024-12-07,"$1,435.00","$1,385.00"
LKS,Lakeside Row,118 Lakeside Row,A211,684,1,1,MTM,"Yoshida, Elke",elke.yoshida@example.com,2026-05-12,2027-03-19,-,"$1,575.00"
LKS,Lakeside Row,118 Lakeside Row,A212,"1,078",2,1.5,NTV,"Ashworth, Wilhelmina",wilhelmina.ashworth@example.com,2025-03-10,2026-02-23,"1,880.00","1,845.00"
LKS,Lakeside Row,118 Lakeside Row,A213,688,1,1,Occupied,"Jelinek, Ottilie",ottilie.jelinek@example.com,2026-06-16,,"$1,495.00","$1,470.00"
LKS,Lakeside Row,118 Lakeside Row,A214,"1,326",3,1.5,MTM,"Mwangi, Joaquin",joaquin.mwangi@example.com,2026-04-01,2026-12-28,"$2,355.00","2,335.00"
LKS,Lakeside Row,118 Lakeside Row,A215,"1,069",2,2,MTM,"Sorokin, Greta",greta.sorokin@mail.example.net,2026-03-05,2026-10-25,"1,880.00","$1,855.00"
LKS,Lakeside Row,118 Lakeside Row,A216,"1,262",3,1.5,Notice,"Oyelaran, Casimir",casimir.oyelaran@example.com,2026-06-14,2027-02-26,"2,260.00","2,240.00"
LKS,Lakeside Row,118 Lakeside Row,A217,"1,043",2,2,VAC,,,,,"$1,830.00",
LKS,Lakeside Row,118 Lakeside Row,A218,680,1,1,Vacant,,,,,"$1,610.00",
LKS,Lakeside Row,118 Lakeside Row,A219,"1,204",3,2,Occupied,"Ashworth, Amara",amara.ashworth@example.com,2024-08-12,2025-05-09,"$2,445.00","$2,385.00"
LKS,Lakeside Row,118 Lakeside Row,A220,,2,1.5,Occupied,"Kowalczyk, Valentina",valentina.kowalczyk@example.com,05/2025,,"$1,860.00","$1,810.00"
LKS,Lakeside Row,118 Lakeside Row,A221,736,1,1,Occ,"Eriksen, Quentin",quentin.eriksen@example.com,2024-05-01,2025-02-19,"1,655.00","$1,650.00"
LKS,Lakeside Row,118 Lakeside Row,A222,743,1,1,Employee,"Ferrante, Ferran",ferran.ferrante@example.com,2024-04-15,2025-05-18,"$1,630.00","$1,580.00"
LKS,Lakeside Row,118 Lakeside Row,A223,726,1,1,Notice,"Tavares, Nadim",nadim.tavares@example.com,2025-07-21,2026-01-26,"$1,650.00","$1,610.00"
LKS,Lakeside Row,118 Lakeside Row,A224,787,1,1,Occ,"Sorokin, Yannick",yannick.sorokin@mail.example.net,2024-05-22,2025-02-08,"$1,550.00","1,520.00"
LKS,Lakeside Row,118 Lakeside Row,A225,"1,071",2,1.5,Occ,"Eriksen, Ferran",ferran.eriksen@mail.example.net,2025-10-01,2026-10-25,"2,010.00","1,975.00"
LKS,Lakeside Row,118 Lakeside Row,A226,791,1,1,Occupied,"Danquah, Valentina",valentina.danquah@mail.example.net,2025-02-09,2025-09-01,"1,650.00","1,620.00"
LKS,Lakeside Row,118 Lakeside Row,A227,"1,074",2,2,Occupied,"Villanueva, Ulrich",ulrich.villanueva@example.com,2025-01-10,2026-01-15,"1,970.00","$1,910.00"
LKS,Lakeside Row,118 Lakeside Row,A228,"1,030",2,1,Occ,"Eriksen, Clemence","clemence.eriksen@example,com",2024-11-12,2025-12-06,"1,960.00","$1,900.00"
LKS,Lakeside Row,118 Lakeside Row,A229,989,2,1,Occ,"Ubaldi, Tamsin",tamsin.ubaldi@example.com,2025-03-15,2026-01-25,"1,955.00","$1,910.00"
LKS,Lakeside Row Phase II,118 Lakeside Row,A230,726,1,1,MTM,"Ubaldi, Dario",dario.ubaldi@mail.example.net,2025-06-29,2026-01-09,"$1,620.00","1,565.00"
LKS,Lakeside Row,118 Lakeside Row,A301,"1,205",3,1.5,Occupied,"Sorokin, Wilhelmina",wilhelmina.sorokin@example.com,2025-05-09,2026-03-05,"2,420.00","$2,400.00"
LKS,Lakeside Row,118 Lakeside Row,A302,695,1,1,Occ,"Radulescu, Rosalind",rosalind.radulescu@example.com,2025-03-07,2026-03-06,"$1,495.00","1,475.00"
LKS,Lakeside Row,118 Lakeside Row,A303,967,2,1.5,MTM,"Oyelaran, Bettina",bettina.oyelaran@example.com,2025-07-02,2026-04-05,"$1,880.00","1,870.00"
LKS,Lakeside Row,118 Lakeside Row,A304,785,1,1,Occ,"Danquah, Casimir",casimir.danquah@example.org,2024-04-23,2025-03-01,"1,425.00","$1,405.00"
LKS,Lakeside Row,118 Lakeside Row,A305,445,0,1,Notice,"Lindgren, Priya",priya.lindgren@example.org,2026-02-23,2026-11-05,"$1,085.00","$1,040.00"
LKS,Lakeside Row,118 Lakeside Row,A306,"1,200",3,1,Occ,"Dupont, Priya",priya.dupont@example.com,2025-12-31,2026-10-27,"2,250.00","$2,215.00"
LKS,Lakeside Row,118 Lakeside Row,A307,"1,037",2,2,Employee,"Dupont, Valentina",valentina.dupont@example.org,2025-10-18,2026-06-30,"$1,980.00","1,965.00"
LKS,Lakeside Row,118 Lakeside Row,A308,"1,051",2,1.5,Occ,"Yoshida, Marisol",marisol.yoshida@mail.example.net,2025-05-27,2025-12-23,"1,885.00","$1,845.00"
LKS,Lakeside Row,118 Lakeside Row,A309,680,1,1,Vacant,,,,,"1,510.00",
LKS,Lakeside Row,118 Lakeside Row,A310,"1,032",2,2,Vacant-Ready,,,,,"$1,985.00",
LKS,Lakeside Row,118 Lakeside Row,A311,706,1,1,Occ,"Yoshida, Amara",amara.yoshida@mail.example.net,2024-02-15,2024-10-22,"$1,500.00","$1,455.00"
LKS,Lakeside Row,118 Lakeside Row,A312,"1,244",3,1,Occupied,"Fontaine, Zora",zora.fontaine@example.com,2025-11-15,2026-07-01,"2,485.00","2,430.00"
LKS,Lakeside Row,118 Lakeside Row,A313,703,1,1,Model,,,,,"$1,425.00",
LKS,Lakeside Row,118 Lakeside Row,A314,994,2,1,VAC,,,,,"1,970.00",
LKS,Lakeside Row Phase II,118 Lakeside Row,A315,947,2,1.5,Occ,"Eriksen, Wilhelmina",wilhelmina.eriksen@example.com,2025-10-31,2026-10-17,"$1,885.00","$1,870.00"
LKS,Lakeside Row,118 Lakeside Row,A316,772,1,1,Notice,"Yoshida, Priya",priya.yoshida@example.com,2026-04-19,2026-12-13,"$1,565.00","$1,550.00"
LKS,Lakeside Row,118 Lakeside Row,A316,,1,1,Notice,"Eriksen, Ilse",ilse.eriksen@example.com,2026-04-19,2026-12-13,"$1,565.00","$1,550.00"
LKS,Lakeside Row,118 Lakeside Row,A317,,2,1.5,Occ,"Nakamura, Marisol",marisol.nakamura@mail.example.net,2024-09-03,2025-04-08,"2,080.00","$2,060.00"
LKS,Lakeside Row,118 Lakeside Row,A318,774,1,1,Occupied,"Zambrano, Joaquin",joaquin.zambrano@example.com,2025-09-13,2026-04-20,"$1,405.00","1,385.00"
LKS,Lakeside Row,118 Lakeside Row,A319,981,2,2,Occ,"Villanueva, Xavier",xavier.villanueva@mail.example.net,2026-04-17,2027-01-21,"2,055.00","2,010.00"
LKS,Lakeside Row,118 Lakeside Row,A320,804,1,1,Occupied,"Engelhardt, Aurelio",aurelio.engelhardt@mail.example.net,2026-06-29,2027-01-04,"$1,535.00","1,495.00"
LKS,Lakeside Row,118 Lakeside Row,A321,813,1,1,Notice,"Oyelaran, Rosalind",rosalind.oyelaran@mail.example.net,2024-11-06,2025-10-10,"$1,515.00","$1,485.00"
LKS,Lakeside Row,118 Lakeside Row,A322,"1,044",2,2,Occupied,"Mwangi, Tamsin",tamsin.mwangi@example.com,2026-05-09,2027-05-30,"$1,975.00","1,965.00"
LKS,Lakeside Row,118 Lakeside Row,A323,817,1,1,Notice,"Ferrante, Casimir",casimir.ferrante@example.com,2024-03-21,2025-03-07,"$1,460.00","1,405.00"
LKS,Lakeside Row,118 Lakeside Row,A324,"1,060",2,2,Occupied,"Pemberton, Soren",soren.pemberton@example.com,2026-06-06,2026-12-24,"$1,830.00","$1,825.00"
LKS,Lakeside Row,118 Lakeside Row,A325,960,2,1,Occ,"Sorokin, Hamza",hamza.sorokin@example.com,2024-05-05,2024-12-08,"$1,940.00","$1,910.00"
LKS,Lakeside Row,118 Lakeside Row,A326,751,1,1,Notice,"Nakamura, Quentin",quentin.nakamura@example.com,2025-10-13,2026-11-17,"1,530.00","1,490.00"
LKS,Lakeside Row,118 Lakeside Row,A327,953,2,2,Occupied,"Quintero, Valentina",valentina.quintero@example.com,2024-03-08,2024-11-10,"$2,025.00","$1,990.00"
LKS,Lakeside Row,118 Lakeside Row,A328,492,0,1,Occ,"Dupont, Ulrich",ulrich.dupont@mail.example.net,2024-11-12,2025-05-23,"1,170.00","$1,155.00"
LKS,Lakeside Row,118 Lakeside Row,A329,966,2,1.5,Occupied,"Sorokin, Bastien",bastien.sorokin@example.org,2024-11-25,2025-07-01,"1,905.00","$1,895.00"
LKS,Lakeside Row,118 Lakeside Row,A330,811,1,1,Occ,"Ubaldi, Delphine",delphine.ubaldi@example.org,2024-12-26,2025-11-09,"1,650.00","1,640.00"
LKS,Lakeside Row Phase II,118 Lakeside Row,A401,811,1,1,Notice,"Nakamura, Bastien",bastien.nakamura@example.org,2026-01-08,2026-12-10,"1,640.00","$1,590.00"
LKS,Lakeside Row,118 Lakeside Row,A402,755,1,1,Occupied,"Haddad, Wilhelmina",wilhelmina.haddad@example.org,2025-10-08,2026-04-19,"$1,475.00","$1,465.00"
LKS,Lakeside Row,118 Lakeside Row,A403,970,2,2,Occupied,"Ishikawa, Wilhelmina",wilhelmina.ishikawa@example.com,2025-01-04,2025-10-24,"2,005.00","1,955.00"
LKS,Lakeside Row,118 Lakeside Row,A404,961,2,1,Occupied,"Villanueva, Priya",priya.villanueva@mail.example.net,2025-08-21,2026-08-30,"$2,030.00","1,970.00"
LKS,Lakeside Row,118 Lakeside Row,A405,780,1,1,Occ,"Sorokin, Delphine",delphine.sorokin@example.com,2025-01-26,2026-01-17,"$1,635.00","$1,625.00"
LKS,Lakeside Row,118 Lakeside Row,A406,998,2,2,Occ,"Nakamura, Bastien",bastien.nakamura@example.org,2025-08-25,2026-03-13,"$1,925.00","$1,870.00"
LKS,Lakeside Row,118 Lakeside Row,A407,808,1,1,Occ,"Ishikawa, Zora",zora.ishikawa@example.com,2024-12-12,2025-08-02,"1,615.00","$1,590.00"
LKS,Lakeside Row,118 Lakeside Row,A408,952,2,1,MTM,"Broussard, Joaquin",joaquin.broussard@example.org,2025-01-29,2026-01-31,"2,075.00","$2,070.00"
LKS,Lakeside Row,118 Lakeside Row,A409,797,1,1,Occ,"Ferrante, Ilse",ilse.ferrante@mail.example.net,2024-06-16,2025-01-16,"$1,655.00","$1,640.00"
LKS,Lakeside Row,118 Lakeside Row,A410,986,2,2,Occupied,"Lindgren, Quentin",quentin.lindgren@example.com,2024-07-25,2025-04-09,"$1,980.00","1,930.00"
LKS,Lakeside Row,118 Lakeside Row,A411,"1,221",3,1,Occ,"Radulescu, Ilse",ilse.radulescu@mail.example.net,2024-02-24,2024-08-24,"2,375.00","$2,350.00"
LKS,Lakeside Row,118 Lakeside Row,A412,808,1,1,Occupied,"Zambrano, Amara",amara.zambrano@mail.example.net,2025-06-16,2026-06-06,"1,560.00","$1,485.00"
LKS,Lakeside Row,118 Lakeside Row,A412,808,1,1,Occupied,"Sorokin, Hamza",hamza.sorokin@example.com,2026-06-15,2027-03-17,"1,560.00","$1,525.00"
LKS,Lakeside Row,118 Lakeside Row,A413,948,2,1.5,Occupied,"Fontaine, Valentina",valentina.fontaine@example.org,2026-01-23,2027-01-23,-,"1,965.00"
LKS,Lakeside Row,118 Lakeside Row,A414,953,2,1.5,NTV,"Engelhardt, Delphine",delphine.engelhardt@example.org,2025-05-02,2026-06-06,"$1,825.00","1,770.00"
LKS,Lakeside Row,118 Lakeside Row,A415,761,1,1,Occupied,"Oyelaran, Soren",soren.oyelaran@example.com,2026-05-29,2027-04-05,"1,445.00","$1,400.00"
LKS,Lakeside Row,118 Lakeside Row,A416,722,1,1,Vacant,,,,,"1,505.00",
LKS,Lakeside Row,118 Lakeside Row,A417,973,2,2,Occupied,"Yoshida, Bettina",bettina.yoshida@example.com,2026-04-30,2027-04-04,"$1,850.00","1,845.00"
LKS,Lakeside Row,118 Lakeside Row,A418,"1,217",3,2,Occupied,"Broussard, Joaquin",joaquin.broussard@example.com,2024-11-29,2025-07-06,"$2,290.00","$2,255.00"
LKS,Lakeside Row,118 Lakeside Row,A419,"1,021",2,2,Occupied,"Beaumont, Aurelio",aurelio.beaumont@example.com,2026-04-01,2026-11-19,"2,050.00","2,015.00"
LKS,Lakeside Row,118 Lakeside Row,A420,"1,277",3,1,Occupied,"Nakamura, Valentina",valentina.nakamura@example.org,2025-10-19,2026-04-24,"$2,360.00","2,335.00"
LKS,Lakeside Row,118 Lakeside Row,A421,745,1,1,Occupied,"Grierson, Valentina",valentina.grierson@example.com,2025-04-21,2026-05-11,"$1,510.00","$1,460.00"
LKS,Lakeside Row Phase II,118 Lakeside Row,A421,745,1,1,Occupied,"Wexler, Katrien",katrien.wexler@example.com,2026-05-22,2027-01-29,"1,510.00","$1,500.00"
LKS,Lakeside Row Phase II,118 Lakeside Row,A422,"1,050",2,1.5,Occ,"Haddad, Ferran",ferran.haddad@example.org,2025-09-11,2026-06-12,"$1,950.00","1,910.00"
LKS,Lakeside Row,118 Lakeside Row,A423,987,2,1,Occupied,"Engelhardt, Casimir",casimir.engelhardt@example.com,2025-10-03,,"1,840.00","$1,840.00"
LKS,Lakeside Row,118 Lakeside Row,A424,,2,1.5,Occupied,"Zambrano, Soren",soren.zambrano@mail.example.net,07/2025,2026-06-08,"$1,880.00","1,795.00"
LKS,Lakeside Row,118 Lakeside Row,A424,"1,034",2,1.5,MTM,"Oyelaran, Zora",zora.oyelaran@example.com,2026-06-27,2027-06-12,"$1,880.00","1,835.00"
LKS,Lakeside Row Phase II,118 Lakeside Row,A425,958,2,1,Occupied,"Pemberton, Greta",greta.pemberton@mail.example.net,2025-04-30,2026-01-29,"$2,000.00","$1,975.00"
LKS,Lakeside Row,118 Lakeside Row,A426,482,0,1,Occupied,"Pemberton, Dario",dario.pemberton@mail.example.net,2025-02-09,2025-12-20,"1,145.00","$1,120.00"
LKS,Lakeside Row,118 Lakeside Row,A427,"1,063",2,1,MTM,"Zambrano, Nadim",nadim.zambrano@example.com,2024-07-16,2025-06-23,"$2,050.00","2,010.00"
LKS,Lakeside Row,118 Lakeside Row,A428,"1,291",3,1.5,Occupied,"Yoshida, Hamza",hamza.yoshida@example.org,2024-05-24,2025-01-24,"$2,255.00","$2,230.00"
LKS,Lakeside Row,118 Lakeside Row,A429,759,1,1,Occupied,"Mwangi, Bettina",bettina.mwangi@example.com,2024-10-01,2025-06-17,"$1,505.00","$1,455.00"
LKS,Lakeside Row,118 Lakeside Row,A430,761,1,1,NTV,"Beaumont, Casimir",casimir.beaumont@example.com,2024-04-02,2025-02-12,"$1,540.00","1,535.00"
LKS,Lakeside Row,118 Lakeside Row,A501,"1,045",2,1.5,MTM,"Jelinek, Xavier",xavier.jelinek@example.org,2024-02-16,2024-08-19,"2,015.00","1,970.00"
LKS,Lakeside Row,118 Lakeside Row,A502,"1,059",2,2,VAC,,,,,"$1,875.00",
LKS,Lakeside Row,118 Lakeside Row,A503,703,1,1,VAC,,,,,"1,535.00",
LKS,Lakeside Row,118 Lakeside Row,A504,770,1,1,Occupied,,,03/2026,2027-02-22,"$1,610.00","$1,550.00"
LKS,Lakeside Row,118 Lakeside Row,A504,770,1,1,Occupied,"Nakamura, Greta",greta.nakamura@example.com,2026-03-24,2027-02-22,"1,610.00","$1,550.00"
LKS,Lakeside Row,118 Lakeside Row,A505,"1,240",3,1.5,Notice,"Jelinek, Valentina",valentina.jelinek@mail.example.net,2024-08-24,2025-05-24,"$2,425.00","2,365.00"
LKS,Lakeside Row,118 Lakeside Row,A506,793,1,1,Occupied,,,2024-09-28,2025-05-10,"$1,640.00","$1,590.00"
LKS,Lakeside Row,118 Lakeside Row,A507,792,1,1,Occupied,"Kowalczyk, Katrien",katrien.kowalczyk@example.com,2025-08-08,2026-04-27,"1,500.00","1,455.00"
LKS,Lakeside Row,118 Lakeside Row,A508,"1,220",3,2,Notice,"Nakamura, Priya",priya.nakamura@example.com,2026-02-22,2026-10-28,"2,350.00","2,320.00"
LKS,Lakeside Row,118 Lakeside Row,A509,"1,077",2,2,Notice,"Dupont, Ulrich",ulrich.dupont@example.com,2026-03-31,2027-01-03,"1,985.00","$1,925.00"
LKS,Lakeside Row,118 Lakeside Row,A510,"1,007",2,1.5,Occ,"Danquah, Bettina",bettina.danquah@example.com,2024-05-19,2025-05-12,"2,045.00","$1,985.00"
LKS,Lakeside Row,118 Lakeside Row,A510,"1,007",2,1.5,Occ,"Dupont, Katrien",katrien.dupont@example.com,2024-05-19,2025-05-12,"$2,045.00","1,985.00"
LKS,Lakeside Row,118 Lakeside Row,A511,724,1,1,Occ,"Quintero, Aurelio",aurelio.quintero@example.org,2025-04-07,2026-01-30,"$1,580.00","1,555.00"
LKS,Lakeside Row,118 Lakeside Row,A512,"1,059",2,1,Notice,"Mwangi, Nadim",nadim.mwangi@mail.example.net,2024-06-01,2025-01-01,"2,030.00","2,015.00"
LKS,Lakeside Row,118 Lakeside Row,A513,944,2,1,Occupied,"Grierson, Soren",soren.grierson@example.com,2025-06-29,2026-03-06,"1,885.00","$1,840.00"
LKS,Lakeside Row,118 Lakeside Row,A514,"1,037",2,2,Occupied,"Kowalczyk, Ferran",ferran.kowalczyk@mail.example.net,2023-05-24,2024-04-17,-,"$1,775.00"
LKS,Lakeside Row,118 Lakeside Row,A514,"1,037",2,2,Occ,"Yoshida, Soren",soren.yoshida@example.com,2024-05-25,2024-12-05,"$1,820.00","1,815.00"
LKS,Lakeside Row,118 Lakeside Row,A515,,1,1,Occupied,"Pemberton, Bettina",bettina.pemberton@mail.example.net,2025-06-22,2026-02-27,"$1,475.00","$1,425.00"
LKS,Lakeside Row,118 Lakeside Row,A516,782,1,1,Model,,,,,"1,595.00",
LKS,Lakeside Row,118 Lakeside Row,A517,526,0,1,Notice,"Lindgren, Bettina",bettina.lindgren@example.com,2026-05-27,2027-05-28,"1,115.00","$1,075.00"
LKS,Lakeside Row,118 Lakeside Row,A518,790,1,1,Vacant,,,,,"$1,470.00",
LKS,Lakeside Row,118 Lakeside Row,A519,"1,031",2,1.5,Vacant,,,,,"$2,055.00",
LKS,Lakeside Row,118 Lakeside Row,A520,"1,042",2,1,Occ,"Ashworth, Ulrich",ulrich.ashworth@example.org,2026-05-09,2027-03-11,"$1,885.00","1,840.00"
LKS,Lakeside Row,118 Lakeside Row,A521,724,1,1,Occupied,"Jelinek, Nadim",nadim.jelinek@example.org,2024-10-30,2025-07-25,"$1,625.00","$1,625.00"
LKS,Lakeside Row,118 Lakeside Row,A522,"1,037",2,2,Vacant,,,,,"$2,030.00",
LKS,Lakeside Row,118 Lakeside Row,A523,"1,072",2,2,Vacant,,,,,"$1,940.00",
LKS,Lakeside Row,118 Lakeside Row,A524,"1,221",3,1.5,Occ,"Kowalczyk, Bettina",bettina.kowalczyk@mail.example.net,2026-02-10,2026-10-27,"$2,355.00","2,355.00"
LKS,Lakeside Row,118 Lakeside Row,A525,"1,022",2,1,Notice,"Sorokin, Rosalind",rosalind.sorokin@example.com,2025-03-19,2025-10-22,"1,915.00","$1,855.00"
LKS,Lakeside Row,118 Lakeside Row,A526,"1,301",3,1.5,Employee,"Kowalczyk, Ottilie",ottilie.kowalczyk@mail.example.net,2025-11-08,2026-10-22,"$2,370.00","2,320.00"
LKS,Lakeside Row,118 Lakeside Row,A527,816,1,1,Occ,"Dupont, Zora",zora.dupont@example.com,2024-12-18,,"1,570.00","$1,545.00"
LKS,Lakeside Row Phase II,118 Lakeside Row,A528,981,2,2,Occupied,"Engelhardt, Tamsin",tamsin.engelhardt@example.com,2024-01-17,2025-01-24,"$1,865.00","$1,810.00"
LKS,Lakeside Row,118 Lakeside Row,A528,981,2,2,Occupied,"Fontaine, Clemence",clemence.fontaine@example.com,2025-02-27,2026-02-05,"1,865.00","1,850.00"
LKS,Lakeside Row,118 Lakeside Row,A529,760,1,1,MTM,"Fontaine, Casimir",casimir.fontaine@mail.example.net,2026-05-07,2027-01-09,"$1,645.00","$1,605.00"
LKS,Lakeside Row,118 Lakeside Row,A530,442,0,1,Employee,"Mwangi, Marisol",marisol.mwangi@example.org,2024-04-08,2025-01-09,"$1,140.00","1,120.00"
