Policy Number,Trans Code,Trans Date,Policy Eff Date,Policy Exp Date,LOB Code,Policy Holder Name,Carrier,Bill Type,Premium,Comm Percent,Comm Amount,Producer Code
VN551554629,NBS,2022-12-20,2023-01-07,2024-01-07,Commercial Property,"Marchetti Foundry, Co",Valebrook National,A,57639.75,0.15,8645.96,
NS-742994,NBS,2022-12-24,01/05/2023,2024-01-05,Commercial Property,"Ostrander Bakery, LLC",Northgate Specialty Lines,Agency,17455.5,15,"2,618.32",GBY-06
SFM54918094,New Business,2022-12-30,2023-01-14,01/14/2024,General Liability,"Nyquist Contracting, Inc",Stanwick Fire & Marine,AB,23714.1,15,3557.12,HFN-04
NS-795288,N/B,2023-01-04,2023-01-15,2024-01-15,WORK,Dupree Excavating,NORTHGATE SPEC,DB,"60,177.58",12,"$7,221.31",HFN-04
KC9522547,N/B,2023-01-04,01/16/2023,01/16/2024,Personal Auto,Malachy Aldridge,Kemwood Casualty,D,$873.21,0.175,152.81,HFN-04
SFM21287702,NBS,2023-01-08,2023-01-23,2024-01-23,WORKERS COMPENSATION,"Kessler Millwork, Inc",Stanwick F & M,Agency Bill,36501.35,17.5,6387.74,TRW-02
SFM94011300,NEW,2023-01-08,2023-01-26,01/26/2024,Work Comp,Rennick Foundry,Stanwick Fire & Marine,A,"$7,230.39",0.175,"$1,265.32",MCL-15
AM-75109662,NEW,2023-01-11,2023-01-13,2023-07-14,HOME,Freya Mercier,ARDSLEY MUTUAL INS CO,D,1181.22,15,$177.18,MCL-15
PI-8071041,New Business,2023-01-15,2023-01-29,2024-01-29,Commercial Property,"Petrossian Foundry, LLC",Pelham Indemnity,Agency Bill,7194.69,15,1079.2,HFN-04
SFM12576352,NBS,2023-01-16,2023-01-24,01/24/2024,Commercial Auto,BRAMBLE WELDING LLC,Stanwick Fire & Marine,A,"$44,120.97",0.15,6618.15,MCL-15
NS-180852,NEW,2023-01-18,2023-01-19,01/19/2024,CGL,"Petrossian Printing, Co",NORTHGATE SPEC,Direct,10654.66,15,1598.2,MCL-01
KC8695089,NBS,2023-01-19,2023-01-19,2024-01-19,WORKERS COMPENSATION,"Rennick Excavating, Corp",KEMWOOD CAS,AGENCY BILL,50454.16,12.5,6306.77,HFN-11
AM-44575271,NBS,2023-01-24,2023-01-24,2024-01-24,WORK,"Standish Machine Works, LLC",Ardsley Mutual,A,18046.92,17.5,"3,158.21",HFN-11
KC3242103,NEW,2023-01-25,2023-02-02,2024-02-02,BAUTO,"Delacroix Electrical, Inc",Kemwood,Agency Bill,"68,867.70",15%,"$10,330.15",HFN-04
SFM85706852,New Business,2023-01-31,2023-02-12,2024-02-12,BAUTO,"Lindqvist Freight, Ltd",Stanwick Fire & Marine,A,"$57,632.63",15,8644.89,MCL-01
KC4781119,NBS,2023-02-01,2023-02-07,2024-02-07,Personal Auto,Emeric Guerrero,Kemwood Casualty Co,D,"$3,319.91",15,497.99,
KC2779576,New Business,2023-02-02,2023-02-15,2024-02-15,CPROP,Ferraro Landscaping,Kemwood Casualty Co,AB,"20,552.88",.125,2569.11,GBY-06
NS-122990,NBS,2023-02-03,02/21/2023,02/21/2024,Gen Liab,RENNICK BAKERY INC,NORTHGATE SPEC,AGENCY BILL,"$46,710.50",15,"$7,006.58",HFN-11
NS-362862,NBS,2023-02-03,2023-02-10,2024-02-10,PAUTO,Noor Okonkwo,Northgate Specialty,DB,"3,139.81",15%,$470.97,TRW-02
PI-0221339,NBS,2023-02-04,2023-02-13,02/13/2024,Auto,"Fairweather Excavating, Corp",PELHAM IND,AGENCY BILL,"15,532.89",10,"$1,553.29",MCL-15
AM-82114865,NBS,2023-02-06,02/21/2023,02/21/2024,CGL,"Boyne Fabrication, LLC",Ardsley Mut,D,26622.26,20,5324.45,GBY-06
PI-9153728,New Business,2023-02-07,2023-02-22,2024-02-22,General Liability,"Tolliver Millwork, Inc",Pelham Indemnity,Direct Bill,51844.65,12.5,6480.58,TRW-08
SFM33966980,NBS,2023-02-08,2023-02-10,2024-02-10,Comm Prop,"Ferraro Welding, LLC",Stanwick Fire and Marine,D,32685.05,15,4902.76,MCL-01
SFM91505738,N/B,2023-02-08,2023-02-24,2023-08-25,Homeowners,Josefa Bhattacharya,Stanwick Fire & Marine,D,2590.32,10,259.03,HFN-04
VN812259098,NEW,2023-02-08,02/19/2023,02/19/2024,Commercial Auto,"Delacroix Produce, LLC",Valebrook Nat'l,D,52543.96,17.5%,"$9,195.19",GBY-22
SFM26542511,NBS,2023-02-10,2023-02-19,2024-02-19,BAUTO,ARBOGAST FOUNDRY INC,Stanwick Fire and Marine,A,44120.45,15,"6,618.07",GBY-06
NS-146730,New Business,2023-02-11,2023-02-17,2024-02-17,PROP,"Boyne Auto Body, Inc",NORTHGATE SPEC,Agency Bill,"$55,112.00",0.2,"$11,022.40",GBY-22
NS-279857,NBS,2023-02-11,2023-02-24,2024-02-24,Commercial Property,"Arbogast Foundry, Inc",Northgate Specialty Lines,A,"$31,261.24",0.2,"$6,252.25",MCL-01
NS-480572,NBS,2023-02-12,2023-02-14,02/14/2024,HOME,Beatriz Petrakis,Northgate Specialty,Direct,3441.21,17.5,602.21,TRW-02
SFM14955130,NBS,2023-02-13,2023-02-28,2024-02-28,BAUTO,"Halvorsen Excavating, Inc",Stanwick Fire and Marine,AB,"60,024.74",0.12,7202.97,MCL-01
PI-9118699,New Business,2023-02-13,02/18/2023,2024-02-18,CPROP,"Lindqvist Excavating, Co",Pelham Indemnity Group,DIRECT BILL,63314.94,12.5,"7,914.37",
VN853711097,NEW,2023-02-13,2023-02-14,2024-02-14,GL,Ostrander Dairy,Valebrook Nat'l,D,20988.23,,3148.23,HFN-11
KC0036542,New Business,2023-02-15,2023-02-19,2024-02-19,Homeowners,Vidal Novotny,KEMWOOD CAS,D,3136.79,17.5,548.94,MCL-01
AM-49182384,New Business,2023-02-18,2023-02-26,2024-02-26,BAUTO,"Arbogast Landscaping, Inc",Ardsley Mutual,Direct Bill,10303.61,12.5,"$1,287.95",
SFM00539905,New Business,2023-02-20,02/27/2023,2024-02-27,WORK,Calloway Haulage,Stanwick Fire & Marine,D,"$56,142.89",20,11228.58,MCL-01
NS-517093,NBS,2023-02-22,03/09/2023,2024-03-08,Gen Liab,Dupree Fabrication,Northgate Specialty Lines,Direct,4751.76,15,712.76,MCL-15
PI-4377229,NEW,2023-02-23,2023-03-07,2024-03-06,Commercial Property,"Tolliver Cabinetry, Corp",Pelham Indemnity,DB,41316.77,0.125,"5,164.60",MCL-01
KC4204142,NBS,2023-02-28,03/08/2023,2024-03-07,CPROP,"Renfro Fabrication, Co",KEMWOOD CAS,Direct Bill,"31,415.94",20,6283.19,TRW-02
KC9747020,NBS,2023-03-02,03/17/2023,2024-03-16,GL,"Tolliver Auto Body, LLC",KEMWOOD CAS,A,24969.61,12,2996.35,MCL-15
SFM67639936,New Business,2023-03-03,2023-03-07,03/06/2024,GL,"Delacroix Cabinetry, Corp",Stanwick Fire & Marine,A,51487.06,15,7723.06,GBY-06
SFM67952841,New Business,2023-03-03,2023-03-15,2024-03-14,CAUTO,"Kowalczyk Cold Storage, Corp",Stanwick F & M,Agency,"$53,100.72",12.5,6637.59,GBY-22
AM-80481190,NBS,2023-03-11,2023-03-11,2024-03-10,Workers Comp,"Rennick Millwork, LLC",ardsley mutual,AGENCY BILL,"23,395.12",0.1,2339.51,MCL-01
SFM91505738,Policy Change,2023-03-12,2023-03-10,2023-08-25,Homeowners,Josefa Bhattacharya,STANWICK F&M,Direct Bill,458.24,0.1,45.82,HFN-04
PI-9118699,PCH,2023-03-13,2023-03-12,,PROP,LINDQVIST EXCAVATING CO,PELHAM IND,Direct Bill,2133.94,12.5,266.74,HFN-11
PI-9064826,NBS,2023-03-19,2023-03-20,2023-09-18,HO,Noor Sandoval,Pelham Indemnity,DB,"$3,352.00",12,402.24,HFN-11
NS-279857,endorsement,2023-03-20,2023-03-19,2024-02-24,Comm Prop,"Arbogast Foundry, Inc",Northgate Specialty,Agency Bill,"$4,702.96",20,940.59,MCL-01
PI-4852208,NBS,2023-03-20,2023-03-27,2024-03-26,PROP,"Bramble Electrical, Co",Pelham Ind.,DB,"66,257.94",12.5,8282.24,HFN-11
AM-79385994,New Business,2023-03-21,04/06/2023,2024-04-05,CGL,MARCHETTI MACHINE WORKS LLC,Ardsley Mutual,Direct,28627.2,0.175,5009.76,MCL-15
NS-362862,Policy Change,2023-03-22,2023-03-13,2024-02-10,Personal Auto,Noor Okonkwo,Northgate Specialty,Direct Bill,-370.76,15,-55.61,TRW-02
KC2476920,NBS,2023-03-26,2023-04-12,2024-04-11,CPROP,"Trask Produce, LLC",Kemwood Casualty Co,A,71881.31,15,10782.2,HFN-11
NS-742994,PCH,2023-03-28,2023-03-25,,CPROP,"Ostrander Bakery, LLC",Northgate Specialty,AB,-840.81,15,-126.12,GBY-06
AM-75109662,PCH,2023-03-28,03/19/2023,2023-07-14,HOME,Freya Mercier,Ardsley Mutual,D,169.96,15,25.49,MCL-15
KC8896428,New Business,2023-04-02,04/15/2023,10/14/2023,HO3,Vidal Sturgeon,Kemwood Casualty,Direct,"$2,659.49",12.5,332.44,GBY-06
SFM76988811,NBS,2023-04-06,2023-04-19,2024-04-18,Workers Comp,"Boyne Machine Works, LLC",STANWICK F&M,A,1916.23,12%,$229.95,HFN-04
PI-4796429,NEW,2023-04-06,2023-04-11,04/10/2024,Gen Liab,"Arbogast Fabrication, Co",Pelham Indemnity Group,Agency Bill,"36,407.75",.125,"$4,550.97",HFN-04
VN812259098,XLC,2023-04-06,2023-03-25,,Comm Auto,"Delacroix Produce, LLC",Valebrook National,D,-47649.45,17.5,"-$8,338.65",GBY-22
NS-074979,New Business,2023-04-07,2023-04-15,2024-04-14,WORK,"Dupree Millwork, LLC",Northgate Specialty,Agency Bill,2292.64,10,229.26,TRW-02
NS-480218,New Business,2023-04-08,2023-04-25,2024-04-24,UMBR,"Calloway Haulage, LLC",Northgate Specialty,Direct Bill,1878,12.5,234.75,MCL-01
NS-222015,NEW,2023-04-08,2023-04-21,2024-04-20,BAUTO,"Wexler Cabinetry, Corp",NORTHGATE SPEC,AGENCY BILL,"$8,301.58",15,1245.24,HFN-04
NS-517093,XLC,2023-04-09,2023-04-05,,General Liability,Dupree Fabrication,Northgate Specialty Lines,D,-4400.26,0.15,-660.04,MCL-15
SFM91194342,NEW,2023-04-11,2023-04-20,2024-04-19,Workers Comp,"Kowalczyk Cold Storage, Co",Stanwick Fire & Marine,DB,59993.88,17.5,"$10,498.93",TRW-02
SFM67952841,Endorsement,2023-04-12,04/06/2023,2024-03-14,Comm Auto,"Kowalczyk Cold Storage, Corp",Stanwick Fire and Marine,Agency Bill,"$2,910.59",12.5,363.82,
PI-6433226,New Business,2023-04-13,04/16/2023,2024-04-15,Comm Umbrella,"Underhill Fabrication, Inc",Pelham Indemnity,D,14948.28,15,2242.24,MCL-15
SFM42897553,NBS,2023-04-17,2023-05-01,2024-04-30,GL,"Kessler Haulage, LLC",Stanwick F & M,AGENCY BILL,2747.45,12.5,$343.43,GBY-06
KC0204509,N/B,2023-04-17,2023-04-22,2024-04-21,PPA,Terrence Novotny,Kemwood Casualty,DIRECT BILL,946.2,12,113.54,
VN461565437,NEW,2023-04-17,2023-04-26,2024-04-25,WORK,"Underhill Excavating, LLC",Valebrook National,DIRECT BILL,"61,542.70",15,9231.4,HFN-04
AM-22493265,New Business,2023-04-18,04/21/2023,04/20/2024,CAUTO,"Calloway Fabrication, Ltd",Ardsley Mut,Direct Bill,"1,985.75",,297.86,MCL-01
AM-32095413,NBS,2023-04-19,05/02/2023,05/01/2024,Comm Umbrella,Standish Electrical,ARDSLEY MUTUAL INS CO,Agency,"$44,404.34",.175,"$7,770.76",GBY-06
AM-82114865,END,2023-04-19,04/18/2023,2024-02-21,CGL,"Boyne Fabrication, LLC",ARDSLEY MUTUAL INS CO,D,"-3,936.46",20,-787.29,GBY-06
VN247075557,New Business,2023-04-19,2023-04-26,2024-04-25,Umbrella,"Ferraro Fabrication, LLC",Valebrook,A,63894.21,15,"$9,584.13",MCL-01
VN415713182,NEW,2023-04-20,04/21/2023,04/20/2024,CGL,"Wexler Freight, LLC",Valebrook National,A,68877.34,15,10331.6,TRW-02
SFM27603205,NBS,2023-04-26,2023-05-03,2024-05-02,PAUTO,Terrence Okonkwo,Stanwick Fire & Marine,A,955.92,0.175,$167.29,TRW-08
NS-140605,NBS,2023-04-28,2023-05-12,2024-05-11,Workers Comp,"Trask Foundry, Ltd",Northgate Specialty,Agency,26518.85,12,"$3,182.26",GBY-22
SFM97075609,NBS,2023-05-03,2023-05-15,2024-05-14,PPA,Rutger Thorne,Stanwick Fire & Marine,Agency,1408.08,.175,246.41,MCL-01
NS-960456,NBS,2023-05-03,2023-05-21,2024-05-20,CGL,"Rennick Millwork, Ltd",Northgate Specialty Lines,Agency,32502.5,10,"$3,250.25",GBY-22
VN745433764,NBS,2023-05-04,2023-05-12,2024-05-11,Work Comp,"Boyne Roofing, LLC",Valebrook National,Agency Bill,6384.54,15,957.68,TRW-08
VN323242602,NBS,2023-05-05,05/23/2023,2024-05-22,GL,"Calloway Produce, LLC",Valebrook,Agency,"$45,898.75",20%,"9,179.75",MCL-15
NS-219461,NBS,2023-05-05,05/17/2023,2023-11-15,HO,Marguerite Novotny,NORTHGATE SPEC,Direct Bill,512.86,12,61.54,HFN-11
PI-6433226,Endorsement,2023-05-05,2023-04-27,04/15/2024,Umbrella,"Underhill Fabrication, Inc",PELHAM IND,Direct Bill,2319.56,0.15,$347.93,MCL-15
KC4781119,Endorsement,2023-05-09,2023-05-01,2024-02-07,PAUTO,Emeric Guerrero,Kemwood Casualty,Direct Bill,$477.54,15,71.63,TRW-08
VN346225661,NBS,2023-05-09,2023-05-19,2024-05-18,BAUTO,"Marchetti Haulage, LLC",Valebrook National,Agency,61358.89,17.5,10737.81,GBY-06
NS-842675,New Business,2023-05-10,2023-05-16,2024-05-15,Personal Auto,Yolanda Aldridge,Northgate Specialty Lines,D,"$1,925.33",0.1,$192.53,TRW-02
AM-88318436,NBS,2023-05-10,05/25/2023,2024-05-24,GL,"Halvorsen Printing, LLC",ARDSLEY MUTUAL INS CO,AGENCY BILL,6387.81,15,958.17,TRW-08
NS-615588,NBS,2023-05-11,2023-05-22,2024-05-21,Workers Comp,"Marchetti Welding, Corp",Northgate Specialty Lines,AB,44772.69,12.5,"5,596.59",GBY-22
VN332954960,N/B,2023-05-11,2023-05-19,2024-05-18,GL,"Standish Roofing, Inc",VALEBROOK NATL,A,33577.7,10,3357.77,
NS-096203,NBS,2023-05-11,2023-05-15,2024-05-14,PROP,BRAMBLE PLUMBING AND HEATING INC,Northgate Specialty,Agency Bill,19042.65,.12,2285.12,TRW-08
SFM86423846,NBS,2023-05-11,2023-05-28,2024-05-27,Homeowners,Osman Castellanos,Stanwick Fire & Marine,Direct,1744.45,20%,348.89,MCL-01
NS-580396,New Business,2023-05-12,2023-05-12,2024-05-11,WORK,"Wexler Machine Works, Inc",Northgate Specialty,Agency Bill,"$36,444.54",12.5,"4,555.57",
SFM81508876,New Business,2023-05-13,2023-05-16,2024-05-15,Homeowners,"Vasquez, Malachy",STANWICK F&M,Agency Bill,3357.96,0.15,$503.69,GBY-22
NS-680989,New Business,2023-05-15,2023-05-20,2024-05-19,HO3,"Castellanos, Priya",Northgate Specialty,Direct,3006.25,12,360.75,TRW-08
NS-244706,NEW,2023-05-16,2023-05-17,2023-11-15,HO3,Marguerite Petrakis,Northgate Specialty,AB,$964.29,10,$96.43,TRW-08
VN158776131,N/B,2023-05-17,2023-05-25,2024-05-24,Personal Auto,Rutger Lindgren,Valebrook National,Direct,1117.98,12.5,139.75,GBY-22
NS-480218,END,2023-05-21,05/18/2023,,Umbrella,"Calloway Haulage, LLC",Northgate Specialty Lines,DIRECT BILL,-269.73,12.5,-33.72,MCL-01
KC6081013,N/B,2023-05-21,2023-05-26,2024-05-25,CAUTO,"Rennick Roofing, LLC",Kemwood,Direct Bill,"$7,768.75",17.5,1359.53,HFN-04
AM-67514496,NBS,2023-05-22,2023-06-02,06/01/2024,Commercial Auto,"Standish Haulage, Co",Ardsley Mutual,Agency Bill,35686.04,15,"$5,352.91",GBY-22
AM-26316568,New Business,2023-05-23,2023-06-08,2024-06-07,PAUTO,Freya Falkenrath,Ardsley Mutual,Agency,2240.79,,268.89,GBY-06
AM-56702560,New Business,2023-05-23,2023-05-27,2024-05-26,Work Comp,"Ferraro Roofing, Inc",Ardsley Mutual,Direct,"$66,865.86",0.15,10029.88,MCL-15
KC2365092,N/B,2023-05-26,06/07/2023,2024-06-06,CAUTO,"Wexler Printing, Inc",Kemwood Casualty,A,"$49,519.90",15,7427.99,TRW-08
KC4781119,PCH,2023-05-27,2023-05-18,2024-02-07,PAUTO,Emeric Guerrero,Kemwood,D,$355.89,0.15,53.38,TRW-08
SFM91505738,END,2023-05-27,2023-05-25,2023-08-25,Homeowners,Josefa Bhattacharya,Stanwick Fire & Marine,D,-$317.37,10,-$31.74,HFN-04
NS-781273,NBS,2023-05-29,2023-06-05,06/04/2024,Umbrella,Renfro Contracting,NORTHGATE SPEC,D,"$73,613.66",0.1,7361.37,MCL-15
PI-2897748,NEW,2023-05-30,2023-06-08,2024-06-07,BAUTO,"Marchetti Foundry, LLC",Pelham Indemnity,Agency,40667.75,15,"$6,100.16",HFN-04
AM-46204926,New Business,2023-05-31,2023-06-05,2023-12-04,PAUTO,"Vasquez, Josefa",ardsley mutual,DB,"1,986.66",15,298.00,TRW-02
KC1101453,N/B,2023-06-03,2023-06-13,2024-06-12,Personal Auto,Emeric Adeyemi,Kemwood Casualty Co,Direct,"1,512.76",17.5%,264.73,MCL-15
KC9864090,New Business,2023-06-03,2023-06-10,2024-06-09,Comm Auto,"Delacroix Auto Body, LLC",Kemwood,DB,58950.07,15,8842.51,HFN-11
AM-05462841,New Business,2023-06-03,2023-06-14,2024-06-13,Comm Auto,"Petrossian Foundry, LLC",Ardsley Mutual,Direct,"$41,658.47",17.5,7290.23,MCL-01
SFM60462661,New Business,2023-06-03,2023-06-03,2024-06-02,PAUTO,"Castellanos, Amara",STANWICK F&M,D,2384.8,12,286.18,TRW-08
AM-99327016,NBS,2023-06-04,2023-06-12,2024-06-11,Commercial Property,"Delacroix Bakery, Corp",ardsley mutual,DB,22226.19,15,3333.93,
SFM66063802,NBS,2023-06-04,2023-06-13,2023-12-12,Homeowners,Beatriz Sturgeon,Stanwick F & M,Agency Bill,"2,432.71",15,364.91,MCL-15
VN520367901,NBS,2023-06-04,2023-06-10,12/09/2023,HOME,"Lindgren, Noor",VALEBROOK NATL,D,1469.27,12.5,$183.66,GBY-06
KC4293649,NBS,2023-06-06,2023-06-15,2024-06-14,GL,"Rennick Freight, Inc",Kemwood Casualty Co,A,"$27,629.31",17.5,4835.13,HFN-04
SFM25420792,NBS,2023-06-07,2023-06-23,2023-12-22,HOME,Priya Wojcik,Stanwick F & M,AGENCY BILL,"$3,648.69",0.15,547.3,TRW-02
SFM54635331,N/B,2023-06-07,2023-06-09,2024-06-08,PPA,Adaeze Sandoval,Stanwick Fire & Marine,D,2553.15,.12,306.38,HFN-04
NS-034452,New Business,2023-06-08,2023-06-16,2023-12-15,PAUTO,"Wojcik, Terrence",Northgate Specialty Lines,D,"1,295.42",15,$194.31,HFN-04
NS-066294,NBS,2023-06-10,2023-06-23,2024-06-22,Homeowners,Freya Aldridge,Northgate Specialty,AB,1713.71,15,$257.06,
PI-9064826,END,2023-06-10,06/03/2023,2023-09-18,Homeowners,Noor Sandoval,Pelham Ind.,Direct,160.41,12,19.25,HFN-11
KC9717634,N/B,2023-06-11,2023-06-26,2024-06-25,BAUTO,Ashby Printing,Kemwood Casualty,Agency Bill,73151.81,15,"$10,972.77",HFN-11
SFM59317951,NBS,2023-06-14,06/16/2023,2024-06-15,Umbrella,,Stanwick Fire & Marine,A,48544.35,15,"7,281.65",HFN-11
SFM26542511,Policy Change,2023-06-23,06/17/2023,,CAUTO,"Arbogast Foundry, Inc",Stanwick F & M,A,"-$3,130.60",15,-469.59,GBY-06
SFM50656924,NBS,2023-06-23,07/02/2023,2024-07-01,CPROP,Kessler Fabrication,STANWICK F&M,DB,73671.35,,11050.7,TRW-02
SFM49207377,NBS,2023-06-24,2023-07-10,2024-07-09,HOME,Bartholomew Novotny,Stanwick Fire & Marine,DB,"$1,507.54",12.5,188.44,
KC6939000,New Business,2023-06-25,2023-07-06,2024-07-05,CGL,"Ashby Contracting, LLC",Kemwood Casualty,Agency,60394.19,20,12078.84,HFN-11
AM-22493265,PCH,2023-06-26,2023-06-18,,BAUTO,"Calloway Fabrication, Ltd",Ardsley Mutual,DB,-$289.00,.15,-43.35,MCL-01
KC9224324,N/B,2023-06-27,2023-07-07,2024-07-06,CPROP,"Halvorsen Plumbing & Heating, LLC",Kemwood Casualty,AB,"$20,648.06",20,4129.61,TRW-02
KC8698245,NBS,2023-06-27,2023-06-28,2024-06-27,CPROP,Halvorsen Cabinetry,KEMWOOD CAS,AB,62526.89,15,"$9,379.03",HFN-11
NS-327166,New Business,2023-06-28,2023-06-28,2024-06-27,GL,Tolliver Machine Works,Northgate Specialty Lines,Agency,"33,200.13",17.5,"$5,810.02",TRW-02
SFM26542511,PCH,2023-06-30,2023-06-24,2024-02-19,Auto,"Arbogast Foundry, Inc",Stanwick F & M,Agency Bill,3837.72,15,575.66,GBY-06
VN415713182,PCH,2023-07-02,2023-07-01,2024-04-20,GL,"Wexler Freight, LLC",Valebrook,A,-3984.73,15,-597.71,TRW-02
SFM76988811,Policy Change,2023-07-03,2023-06-29,2024-04-18,Workers Comp,BOYNE MACHINE WORKS LLC,STANWICK F&M,AB,-99.34,12%,-$11.92,
KC6862016,NBS,2023-07-04,2023-07-09,2024-07-08,CAUTO,"Lindqvist Electrical, Co",Kemwood,DB,"41,965.31",17.5,7343.93,HFN-04
AM-75109662,RWL,2023-07-05,2023-07-14,2024-01-12,HOME,Freya Mercier,ARDSLEY MUTUAL INS CO,Direct Bill,1294.69,15,194.2,MCL-15
NS-146730,END,2023-07-05,2023-07-01,2024-02-17,CPROP,"Boyne Auto Body, Inc",Northgate Specialty,AGENCY BILL,9771.71,20,"$1,954.34",GBY-22
AM-34421217,New Business,2023-07-07,07/10/2023,2024-07-09,PROP,"Halvorsen Landscaping, LLC",ardsley mutual,D,13807.1,15,2071.07,GBY-06
AM-80481190,Policy Change,2023-07-07,2023-07-04,,Work Comp,"Rennick Millwork, LLC",Ardsley Mutual,AB,"3,268.57",10,326.86,MCL-01
AM-20380804,New Business,2023-07-08,2023-07-17,2024-07-16,CPROP,"Boyne Landscaping, Inc",Ardsley Mutual,A,47318.22,12,"5,678.19",GBY-22
AM-99327016,PCH,2023-07-08,2023-07-01,,Commercial Property,"Delacroix Bakery, Corp",Ardsley Mutual Insurance Company,DIRECT BILL,"$3,350.12",15,502.52,HFN-11
AM-76406752,NEW,2023-07-09,2023-07-27,2024-07-26,Work Comp,"Marchetti Fabrication, Ltd",Ardsley Mutual,Agency Bill,"67,785.59",10,"$6,778.56",TRW-08
PI-3758326,NBS,2023-07-12,2023-07-21,2024-07-20,Workers Comp,"Delacroix Cold Storage, Ltd",Pelham Indemnity,D,49317.95,0.2,9863.59,TRW-02
NS-034452,END,2023-07-14,07/10/2023,2023-12-15,PAUTO,"Wojcik, Terrence",NORTHGATE SPEC,Direct Bill,$154.68,0.15,23.20,HFN-04
NS-284475,New Business,2023-07-17,2023-07-22,2024-07-21,UMB,"Underhill Freight, LLC",NORTHGATE SPEC,D,25756.63,12,"3,090.80",HFN-11
KC9522547,Cancellation,2023-07-17,2023-07-16,,Personal Auto,Malachy Aldridge,Kemwood,D,-440.19,0.175,-77.03,HFN-04
NS-407380,N/B,2023-07-19,2023-07-24,2024-07-23,Comm Auto,Boyne Excavating,Northgate Specialty Lines,AB,67637.42,0.15,10145.61,GBY-22
VN181600788,N/B,2023-07-20,07/27/2023,2024-07-26,CGL,Bramble Roofing,VALEBROOK NATL,D,"59,810.39",20,11962.08,TRW-02
KC8695089,endorsement,2023-07-20,2023-07-19,2024-01-19,Work Comp,"Rennick Excavating, Corp",Kemwood Casualty,Agency Bill,-4317.1,12.5,-539.64,HFN-11
NS-362862,PCH,2023-07-20,2023-07-20,,PPA,"Okonkwo, Noor",Northgate Specialty,D,$390.98,.15,58.65,TRW-02
SFM75616804,NEW,2023-07-21,2023-07-31,07/30/2024,CGL,"Bramble Bakery, Inc",STANWICK F&M,D,"72,992.65",0.2,"14,598.53",HFN-04
VN748286122,NBS,2023-07-22,07/29/2023,2024-07-28,Commercial Auto,Delacroix Millwork,Valebrook National,Agency Bill,24597.82,12,2951.74,
SFM43950006,New Business,2023-07-23,08/05/2023,2024-08-04,CGL,"Whitcomb Printing, Corp",Stanwick F & M,D,"43,458.56",0.15,6518.78,GBY-22
SFM17357901,NEW,2023-07-23,2023-07-27,2024-07-26,HOME,Adaeze Castellanos,Stanwick Fire & Marine,AB,2852.92,,356.62,GBY-06
KC5488737,NBS,2023-07-24,2023-08-08,08/07/2024,Comm Prop,"Boyne Millwork, LLC",KEMWOOD CAS,AB,12026.8,12,1443.22,HFN-11
NS-066294,PCH,2023-07-25,2023-07-25,2024-06-22,HO,Freya Aldridge,Northgate Specialty Lines,A,-143.28,15,-$21.49,GBY-06
NS-067119,New Business,2023-07-25,2023-07-29,2024-07-28,PROP,"Marchetti Millwork, Corp",NORTHGATE SPEC,A,"$6,470.47",20,1294.09,
VN853711097,Policy Change,2023-07-25,2023-07-24,,General Liability,Ostrander Dairy,VALEBROOK NATL,DB,1813.58,0.15,272.04,HFN-11
SFM76988811,XLC,2023-07-26,2023-07-24,,WC,"Boyne Machine Works, LLC",Stanwick Fire and Marine,Agency Bill,-1412.24,12,-169.47,HFN-04
NS-456996,NBS,2023-07-26,2023-07-29,2024-07-28,GL,"Nyquist Cold Storage, LLC",Northgate Specialty,AB,50089,20,"$10,017.80",GBY-06
NS-075585,New Business,2023-07-26,2023-08-07,2024-08-06,WORK,"Boyne Plumbing & Heating, Co",NORTHGATE SPEC,D,"$14,991.65",12,"$1,799.00",HFN-11
PI-8256995,NBS,2023-07-27,2023-07-30,2024-07-29,PROP,"Ashby Fabrication, LLC",PELHAM IND,DB,29016.91,15,4352.54,TRW-02
SFM97075609,Policy Change,2023-07-30,07/25/2023,,PAUTO,Rutger Thorne,Stanwick Fire and Marine,A,126.88,17.5,22.2,MCL-01
SFM87035822,N/B,2023-07-31,2023-07-31,2024-07-30,CGL,"Marchetti Electrical, Ltd",Stanwick Fire and Marine,D,17066.06,,"$3,413.21",MCL-15
NS-559240,NBS,2023-07-31,08/18/2023,2024-08-17,BAUTO,"Fairweather Auto Body, Corp",Northgate Specialty Lines,A,60642.1,17.5%,"$10,612.37",TRW-08
KC5748540,New Business,2023-07-31,2023-07-31,2024-07-30,PPA,Terrence Aldridge,Kemwood Casualty Co,DB,665.74,0.15,99.86,MCL-01
KC0950613,New Business,2023-08-02,08/06/2023,08/05/2024,CPROP,"Boyne Cabinetry, LLC",Kemwood Casualty,Agency Bill,"73,044.99",12.5,9130.62,GBY-06
SFM48759709,NBS,2023-08-02,2023-08-06,2024-08-05,GL,"Tolliver Excavating, Inc",Stanwick Fire & Marine,Direct Bill,9829.22,12,"$1,179.51",HFN-04
VN520367901,Endorsement,2023-08-02,2023-07-27,2023-12-09,Homeowners,Noor Lindgren,Valebrook National,Direct Bill,-226.86,.125,-28.36,GBY-06
KC1153023,N/B,2023-08-03,2023-08-09,2024-08-08,CAUTO,"Halvorsen Landscaping, Co",Kemwood,D,35960.21,12,4315.23,HFN-11
KC4107692,NEW,2023-08-03,2023-08-19,2024-08-18,Comm Prop,"Bramble Machine Works, LLC",Kemwood Casualty,Direct Bill,42232.16,12.5,5279.02,HFN-04
SFM43701039,New Business,2023-08-05,2023-08-12,08/11/2024,Comm Auto,"Wexler Electrical, Corp",STANWICK F&M,DB,63293.83,15,9494.07,MCL-01
PI-4852208,PCH,2023-08-05,2023-08-05,2024-03-26,Commercial Property,"Bramble Electrical, Co",Pelham Ind.,Direct,"$10,505.70",12.5,1313.21,HFN-11
SFM78392762,NBS,2023-08-05,2023-08-16,08/15/2024,Auto,Emeric Adeyemi,Stanwick F & M,Direct,782.39,20,156.48,HFN-11
SFM92509992,NBS,2023-08-06,2023-08-23,08/22/2024,BAUTO,RENNICK MILLWORK INC,STANWICK F&M,Direct Bill,"$71,773.06",12,"8,612.77",MCL-01
PI-1448825,NEW,2023-08-07,2023-08-25,2024-08-24,HOME,Amara Oyelaran,Pelham Indemnity Group,Agency Bill,"1,458.69",,$255.27,GBY-22
NS-480218,Policy Change,2023-08-08,2023-08-01,,Umbrella,"Calloway Haulage, LLC",NORTHGATE SPEC,DB,245.48,12.5,30.69,MCL-01
AM-75109662,PCH,2023-08-09,2023-08-03,2024-01-12,HO,Freya Mercier,Ardsley Mutual,Direct Bill,162.59,15%,24.39,MCL-15
NS-443460,NBS,2023-08-10,2023-08-19,2024-08-18,WORKERS COMPENSATION,KOWALCZYK HAULAGE LLC,NORTHGATE SPEC,A,22835.65,10,2283.57,HFN-04
NS-842675,PCH,2023-08-11,2023-08-06,2024-05-15,Personal Auto,Yolanda Aldridge,NORTHGATE SPEC,Direct,302.43,10%,30.24,TRW-02
KC2536896,NBS,2023-08-12,08/18/2023,2024-08-17,UMB,"Underhill Haulage, Co",KEMWOOD CAS,A,28999.97,10,"2,900.00",HFN-04
PI-4922215,NBS,2023-08-13,08/25/2023,08/24/2024,WORK,Calloway Bakery,PELHAM IND,A,4853.04,0.175,$849.28,HFN-11
SFM91122535,NEW,2023-08-15,2023-08-22,2024-08-21,Workers Comp,"Halvorsen Foundry, LLC",STANWICK F&M,Direct,"17,888.75",15,2683.31,TRW-08
VN523842487,New Business,2023-08-16,08/25/2023,2024-08-24,Commercial Auto,"Whitcomb Excavating, LLC",Valebrook National,Agency Bill,"11,354.79",15,"1,703.22",GBY-06
NS-146730,Endorsement,2023-08-18,08/10/2023,2024-02-17,PROP,"Boyne Auto Body, Inc",Northgate Specialty,Agency Bill,"$5,526.66",,1105.33,GBY-22
VN247075557,endorsement,2023-08-18,2023-08-12,,UMBR,"Ferraro Fabrication, LLC",Valebrook,A,"$8,866.86",0.15,1330.03,MCL-01
KC7133275,NEW,2023-08-19,2023-08-29,2024-08-28,Gen Liab,PETROSSIAN FOUNDRY LLC,Kemwood Casualty,A,"$20,781.39",15,3117.21,TRW-02
NS-842675,Cancellation,2023-08-19,2023-08-18,,Auto,Yolanda Aldridge,Northgate Specialty Lines,D,-1429.49,10%,-142.95,TRW-02
NS-180852,PCH,2023-08-20,2023-08-20,,CGL,"Petrossian Printing, Co",Northgate Specialty Lines,DB,"$1,171.57",15,175.74,MCL-01
SFM26542511,PCH,2023-08-21,2023-08-17,,BAUTO,"Arbogast Foundry, Inc",STANWICK F&M,A,$929.58,15,$139.44,GBY-06
NS-244706,Cancellation,2023-08-23,2023-08-12,,HO3,Marguerite Petrakis,NORTHGATE SPEC,Agency,-503.34,10,-50.33,TRW-08
SFM85706852,Policy Change,2023-08-23,2023-08-22,,BAUTO,LINDQVIST FREIGHT LTD,Stanwick F & M,A,5766.68,15,$865.00,MCL-01
NS-034452,Endorsement,2023-08-23,2023-08-16,12/15/2023,PPA,Terrence Wojcik,Northgate Specialty,Direct,-41.28,0.15,-6.19,HFN-04
SFM85737426,New Business,2023-08-24,2023-09-03,2024-03-03,Personal Auto,"Guerrero, Osman",Stanwick Fire & Marine,A,$553.50,15,83.03,MCL-01
NS-096203,endorsement,2023-08-26,2023-08-18,05/14/2024,Commercial Property,"Bramble Plumbing & Heating, Inc",NORTHGATE SPEC,Agency Bill,1928.35,12,231.4,
VN867623526,NBS,2023-08-26,2023-08-31,08/30/2024,Gen Liab,RENNICK PLUMBING AND HEATING CO,Valebrook,AB,"$6,416.71",.1,641.67,MCL-15
NS-165941,NBS,2023-08-28,2023-09-03,09/02/2024,General Liability,"Ferraro Dairy, Co",Northgate Specialty Lines,Agency Bill,32851.88,10,3285.19,MCL-15
NS-146730,PCH,2023-08-30,2023-08-21,2024-02-17,PROP,"Boyne Auto Body, Inc",Northgate Specialty,AB,9998.26,.2,"$1,999.65",GBY-22
AM-05462841,PCH,2023-08-31,2023-08-29,,CAUTO,"Petrossian Foundry, LLC",Ardsley Mutual,DB,"2,076.80",17.5,$363.44,MCL-01
SFM97075609,Endorsement,2023-08-31,2023-08-22,05/14/2024,PPA,"Thorne, Rutger",Stanwick F & M,AGENCY BILL,-151.58,17.5,-26.53,MCL-01
SFM66063802,PCH,2023-09-01,2023-09-01,2023-12-12,HO,Beatriz Sturgeon,Stanwick F & M,A,$202.81,15,30.42,MCL-15
PI-9706615,NEW,2023-09-02,2023-09-10,2024-09-09,WORK,"Petrossian Plumbing & Heating, Co",PELHAM IND,Agency,30019.62,10,"$3,001.96",GBY-22
SFM67952841,PCH,2023-09-03,2023-08-25,2024-03-14,Commercial Auto,"Kowalczyk Cold Storage, Corp",Stanwick Fire & Marine,Agency Bill,9842.36,12.5,1230.3,GBY-22
NS-752722,New Business,2023-09-04,2023-09-21,2024-09-20,CAUTO,"Underhill Auto Body, LLC",NORTHGATE SPEC,Direct Bill,"16,251.94",15,2437.79,GBY-22
NS-075585,PCH,2023-09-04,2023-08-29,2024-08-06,Workers Comp,"Boyne Plumbing & Heating, Co",NORTHGATE SPEC,Direct Bill,1566.9,12,188.03,
NS-268979,New Business,2023-09-04,2023-09-07,2024-03-07,PAUTO,Bartholomew Thorne,Northgate Specialty,D,3052.08,12,366.25,GBY-06
SFM91793064,NBS,2023-09-05,09/23/2023,2024-09-22,Comm Umbrella,"Kowalczyk Cabinetry, LLC",Stanwick Fire & Marine,Direct,65203.81,15,"$9,780.57",
NS-512979,NBS,2023-09-07,2023-09-09,2024-09-08,HOME,Marguerite Castellanos,Northgate Specialty Lines,Agency Bill,"1,391.82",0.175,243.57,MCL-01
KC9425453,NBS,2023-09-07,2023-09-20,2024-09-19,General Liability,"Wexler Contracting, Ltd",Kemwood Casualty Co,D,17955.52,10,"1,795.55",GBY-06
PI-9330633,New Business,2023-09-09,2023-09-26,2024-09-25,Personal Auto,Vidal Wojcik,Pelham Indemnity,Direct Bill,1035.47,15,$155.32,GBY-22
SFM72654513,New Business,2023-09-12,09/15/2023,2024-09-14,PAUTO,Freya Novotny,STANWICK F&M,A,1159.46,12.5,$144.93,
VN252744419,NBS,2023-09-12,2023-09-14,2024-09-13,Work Comp,Fairweather Cabinetry,Valebrook,D,39062.36,20,"7,812.47",MCL-15
NS-327166,PCH,2023-09-12,2023-09-11,2024-06-27,GL,Tolliver Machine Works,NORTHGATE SPEC,A,-$884.76,17.5,-154.83,TRW-02
PI-3758326,Policy Change,2023-09-12,2023-09-03,,Work Comp,"Delacroix Cold Storage, Ltd",Pelham Indemnity,DB,"$1,495.37",.2,299.07,TRW-02
AM-80481190,Cancellation,2023-09-14,2023-09-08,,Work Comp,"Rennick Millwork, LLC",Ardsley Mutual Insurance Company,Agency Bill,-11793.7,10,-1179.37,
NS-541540,NBS,2023-09-14,2023-09-24,2024-09-23,HOME,Casimir Castellanos,Northgate Specialty,DB,1592.77,17.5,278.73,TRW-02
PI-9064826,Renewal,2023-09-14,2023-09-18,2024-03-18,HOME,Noor Sandoval,Pelham Indemnity Group,Direct,"$3,526.23",12,423.15,HFN-11
NS-284475,PCH,2023-09-15,09/13/2023,,UMBR,"Underhill Freight, LLC",NORTHGATE SPEC,DB,-$730.46,12,-$87.66,HFN-11
AM-26316568,END,2023-09-16,2023-09-07,,PAUTO,Freya Falkenrath,ARDSLEY MUTUAL INS CO,Agency Bill,-$152.35,12,-18.28,GBY-06
PI-0221339,endorsement,2023-09-16,2023-09-07,2024-02-13,BAUTO,"Fairweather Excavating, Corp",PELHAM IND,A,2010.09,10%,201.01,MCL-15
SFM66063802,END,2023-09-17,2023-09-09,12/12/2023,Homeowners,Beatriz Sturgeon,Stanwick Fire & Marine,AGENCY BILL,$201.73,.15,30.26,MCL-15
NS-456996,END,2023-09-18,2023-09-09,,General Liability,"Nyquist Cold Storage, LLC",NORTHGATE SPEC,A,2244.12,20,$448.82,GBY-06
KC2428106,New Business,2023-09-18,2023-10-06,2024-10-05,PROP,"Fairweather Freight, LLC",KEMWOOD CAS,Direct Bill,13227.02,0.2,"2,645.40",HFN-11
VN700852441,New Business,2023-09-19,2023-10-05,2024-10-04,Work Comp,DELACROIX CONTRACTING LTD,Valebrook National,A,11059.95,15,1658.99,GBY-22
KC8698245,PCH,2023-09-20,2023-09-16,,PROP,Halvorsen Cabinetry,Kemwood Casualty,Agency,"-$6,010.28",15,-$901.54,HFN-11
VN474291550,New Business,2023-09-21,2023-09-24,2024-09-23,CAUTO,BRAMBLE CONTRACTING LLC,Valebrook Nat'l,AB,8989.64,0.125,1123.71,MCL-01
PI-1311432,NBS,2023-09-21,2023-10-01,2024-09-30,General Liability,"Kowalczyk Landscaping, LLC",PELHAM IND,DB,"$64,667.56",15,"9,700.13",MCL-01
NS-480572,END,2023-09-24,2023-09-15,,HO3,Beatriz Petrakis,Northgate Specialty Lines,Direct Bill,630.67,17.5,110.37,TRW-02
AM-75109662,XLC,2023-09-25,2023-09-24,,HOME,Freya Mercier,Ardsley Mutual,D,-782.5,15,-117.37,MCL-15
KC4057722,NBS,2023-09-28,2023-10-13,2024-10-12,Comm Prop,"Nyquist Excavating, Co",KEMWOOD CAS,AB,20454.75,20,4090.95,TRW-08
VN638171232,New Business,2023-09-28,2023-10-10,2024-10-09,PROP,"Tolliver Excavating, LLC",Valebrook National,A,33351.68,12,4002.2,HFN-04
SFM00447308,NBS,2023-09-29,2023-10-07,2024-10-06,PAUTO,Solveig Halloran,Stanwick Fire & Marine,Direct,835.36,.15,125.3,TRW-08
PI-3467270,NBS,2023-09-29,2023-10-15,2024-10-14,Commercial Auto,"Bramble Auto Body, Co",Pelham Ind.,AB,55636.49,12,"6,676.38",HFN-11
KC1422366,NEW,2023-09-30,2023-10-07,2024-10-06,Homeowners,Emeric Sandoval,Kemwood Casualty,DB,1278.02,12,$153.36,MCL-01
SFM86423846,PCH,2023-09-30,2023-09-22,,Homeowners,Osman Castellanos,Stanwick Fire & Marine,D,-69.88,20,-13.98,MCL-01
KC5748540,endorsement,2023-10-03,2023-09-26,2024-07-30,Auto,Terrence Aldridge,KEMWOOD CAS,Direct,-$35.34,15,-5.3,MCL-01
PI-2377847,NBS,2023-10-05,2023-10-08,2024-10-07,Comm Auto,HALVORSEN WELDING,Pelham Ind.,D,"$7,521.26",.15,1128.19,
KC8468750,NEW,2023-10-06,2023-10-13,2024-10-12,CGL,"Fairweather Fabrication, LLC",Kemwood Casualty Co,AB,17692.85,.1,1769.29,
NS-781273,Endorsement,2023-10-10,2023-10-08,06/04/2024,Umbrella,Renfro Contracting,NORTHGATE SPEC,DB,-4458.02,10,-445.8,MCL-15
SFM43701039,Policy Change,2023-10-11,2023-10-11,,BAUTO,"Wexler Electrical, Corp",Stanwick Fire & Marine,DIRECT BILL,-7869.65,15,"-1,180.45",MCL-01
SFM45435178,NBS,2023-10-11,10/29/2023,2024-10-28,Auto,Malachy Guerrero,Stanwick F & M,Agency,"2,124.02",17.5,371.7,TRW-08
SFM76988811,END,2023-10-12,2023-10-06,,WORK,"Boyne Machine Works, LLC",Stanwick Fire & Marine,A,-269.1,.12,-32.29,HFN-04
PI-3189397,NBS,2023-10-13,10/24/2023,2024-10-23,General Liability,"Rennick Landscaping, Co",Pelham Indemnity,Direct,22661.44,.1,2266.14,MCL-01
SFM78392762,PCH,2023-10-15,2023-10-14,2024-08-15,Auto,Emeric Adeyemi,Stanwick Fire & Marine,Direct Bill,$132.69,.2,26.54,HFN-11
AM-90991103,NEW,2023-10-16,10/30/2023,2024-10-29,Auto,Yolanda Guerrero,Ardsley Mut,AB,1800.55,12%,216.07,HFN-11
VN689086545,New Business,2023-10-16,2023-10-26,2024-04-25,HO3,Noor Halloran,Valebrook National,D,553.73,15,$83.06,MCL-01
NS-067119,PCH,2023-10-16,2023-10-12,2024-07-28,Commercial Property,MARCHETTI MILLWORK CORP,Northgate Specialty,AB,-356.37,20,-71.27,HFN-11
VN520367901,PCH,2023-10-16,2023-10-08,,HO3,Noor Lindgren,Valebrook National,D,$156.41,12.5,19.55,GBY-06
KC9408633,NEW,2023-10-17,2023-11-02,2024-11-01,WORKERS COMPENSATION,"Ostrander Roofing, Co",KEMWOOD CAS,D,"$58,784.58",10%,5878.46,HFN-04
SFM03370283,New Business,2023-10-17,2023-10-20,10/19/2024,PROP,"Whitcomb Printing, LLC",Stanwick Fire and Marine,Agency Bill,"$27,960.87",12%,3355.3,HFN-04
SFM00539905,Policy Change,2023-10-17,10/10/2023,,WORK,Calloway Haulage,Stanwick F & M,Direct Bill,"8,290.75",20,"$1,658.15",MCL-01
NS-781273,PCH,2023-10-21,2023-10-21,,UMB,RENFRO CONTRACTING,Northgate Specialty Lines,D,10753.43,0.1,"$1,075.34",MCL-15
NS-480572,PCH,2023-10-22,10/17/2023,2024-02-14,HOME,Beatriz Petrakis,Northgate Specialty,Direct,306.14,17.5,53.57,TRW-02
SFM74503518,N/B,2023-10-24,2023-10-30,2024-10-29,BAUTO,"Rennick Plumbing & Heating, Inc",STANWICK F&M,A,"39,705.55",15,5955.83,GBY-06
VN415713182,endorsement,2023-10-25,2023-10-17,2024-04-20,General Liability,"Wexler Freight, LLC",Valebrook National,A,"$5,933.24",15,889.99,TRW-02
PI-9580827,NEW,2023-10-26,10/30/2023,2024-10-29,CGL,Underhill Dairy,Pelham Indemnity Group,Agency Bill,"13,813.47",10,1381.35,GBY-22
SFM79387086,NBS,2023-10-27,10/28/2023,10/27/2024,Commercial Auto,Petrossian Foundry,Stanwick Fire and Marine,Direct,"$15,754.70",15,2363.21,MCL-01
SFM54918094,PCH,2023-10-27,2023-10-21,2024-01-14,GL,"Nyquist Contracting, Inc",STANWICK F&M,AGENCY BILL,"$1,455.19",15,218.28,HFN-04
VN036993785,New Business,2023-10-27,2023-11-14,11/13/2024,Commercial Property,"Delacroix Roofing, Co",Valebrook National,DIRECT BILL,"$5,212.11",15%,781.82,GBY-22
NS-067119,CAN,2023-10-27,2023-10-23,,Comm Prop,"Marchetti Millwork, Corp",Northgate Specialty,A,-4945.92,20,-989.18,HFN-11
VN801444081,N/B,2023-10-27,2023-10-30,2024-10-29,WORK,PETROSSIAN CABINETRY INC,Valebrook,Agency Bill,46802.14,17.5,8190.37,HFN-11
PI-9064826,Cancellation,2023-10-28,10/21/2023,,HOME,Noor Sandoval,Pelham Indemnity,D,-2886.86,12,-346.42,HFN-11
VN332954960,PCH,2023-10-31,2023-10-23,2024-05-18,GL,"Standish Roofing, Inc",Valebrook,Agency Bill,"$1,804.96",10,180.5,TRW-08
NS-517093,PCH,2023-10-31,2023-10-22,03/08/2024,CGL,Dupree Fabrication,NORTHGATE SPEC,Direct Bill,-$391.00,15,-58.65,MCL-15
SFM12576352,Cancel,2023-10-31,2023-10-21,,Commercial Auto,"Bramble Welding, LLC",Stanwick Fire & Marine,A,-11483.54,15,-1722.53,MCL-15
VN551602567,NBS,2023-11-01,2023-11-06,2024-11-05,Umbrella,"Standish Cold Storage, Co",Valebrook Nat'l,AB,"$63,136.88",12,"$7,576.43",TRW-08
KC2476920,Endorsement,2023-11-01,2023-10-24,,Commercial Property,"Trask Produce, LLC",Kemwood Casualty Co,AGENCY BILL,-10333.7,15,-1550.05,HFN-11
PI-4922215,PCH,2023-11-02,2023-10-26,,WORK,Calloway Bakery,PELHAM IND,A,159.85,17.5,27.97,HFN-11
SFM71391815,New Business,2023-11-02,2023-11-15,2024-11-14,UMBR,"Calloway Roofing, Ltd",Stanwick F & M,Agency Bill,38269.49,15,5740.42,HFN-11
PI-6742761,NEW,2023-11-04,2023-11-15,2024-11-14,General Liability,"Ashby Foundry, LLC",Pelham Indemnity,A,41489.61,12.5,"5,186.20",MCL-01
KC6956281,NBS,2023-11-04,2023-11-08,2024-11-07,Comm Prop,"Kowalczyk Excavating, Inc",Kemwood Casualty,Direct,6515.83,17.5,1140.27,MCL-01
VN277640268,NBS,2023-11-05,2023-11-09,2024-11-08,Homeowners,Osman Lindgren,Valebrook National,D,"$3,183.27",15%,$477.49,
SFM32516822,New Business,2023-11-05,2023-11-05,2024-11-04,CGL,"Calloway Haulage, Corp",Stanwick Fire and Marine,D,"44,869.25",10,"$4,486.93",HFN-11
AM-32095413,PCH,2023-11-06,2023-10-31,2024-05-01,UMB,Standish Electrical,Ardsley Mutual Insurance Company,AGENCY BILL,"-$3,135.30",17.5%,-548.68,GBY-06
KC2536896,PCH,2023-11-06,2023-11-02,2024-08-17,UMB,"Underhill Haulage, Co",Kemwood Casualty Co,AB,-1483,10,-148.30,HFN-04
NS-067119,REI,2023-11-06,2023-11-13,2024-07-28,Commercial Property,"Marchetti Millwork, Corp",Northgate Specialty Lines,Agency Bill,"4,945.92",.2,989.18,HFN-11
VN413107115,New Business,2023-11-06,2023-11-24,2024-11-23,GL,Fairweather Foundry,Valebrook,Direct,4631.75,15,694.76,TRW-02
SFM85737426,Cancellation,2023-11-07,2023-10-27,,PAUTO,Osman Guerrero,Stanwick Fire & Marine,Agency,-389.27,0.15,-$58.39,MCL-01
VN921739236,N/B,2023-11-08,2023-11-26,2024-11-25,WORK,"Petrossian Contracting, Corp",Valebrook Nat'l,Direct,70223.22,10,"7,022.32",MCL-01
SFM32552599,New Business,2023-11-09,2023-11-14,2024-11-13,Work Comp,"Petrossian Millwork, LLC",Stanwick Fire & Marine,A,"$23,767.25",15%,"3,565.09",MCL-15
NS-268979,PCH,2023-11-09,2023-11-05,2024-03-07,PAUTO,"Thorne, Bartholomew",Northgate Specialty,Direct,-485.76,12,-58.29,GBY-06
SFM25420792,Policy Change,2023-11-10,2023-11-10,2023-12-22,HO,Priya Wojcik,Stanwick Fire and Marine,Agency Bill,$218.16,15,32.72,TRW-02
SFM54918094,PCH,2023-11-10,2023-11-04,2024-01-14,General Liability,"Nyquist Contracting, Inc",STANWICK F&M,AB,3716.08,0.15,557.41,HFN-04
PI-3312302,NBS,2023-11-10,2023-11-18,2024-11-17,Homeowners,Priya Nakagawa,Pelham Indemnity Group,D,1848.01,15,$277.20,TRW-02
PI-4377229,Endorsement,2023-11-10,2023-11-03,,PROP,TOLLIVER CABINETRY CORP,Pelham Indemnity Group,D,"$6,860.22",12.5,$857.53,MCL-01
AM-69651506,NBS,2023-11-10,2023-11-20,2024-11-19,HO3,Yolanda Guerrero,Ardsley Mutual,Direct,"$3,883.98",0.175,679.70,TRW-02
SFM42897553,Endorsement,2023-11-11,2023-11-10,,GL,"Kessler Haulage, LLC",Stanwick F & M,A,144.24,12.5,18.03,GBY-06
SFM95382168,New Business,2023-11-12,11/29/2023,2024-11-28,Workers Comp,"Standish Haulage, Inc",Stanwick F & M,DIRECT BILL,"31,363.75",10,"3,136.38",TRW-08
PI-7596983,New Business,2023-11-12,2023-11-25,2024-11-24,CPROP,"Ostrander Freight, LLC",PELHAM IND,AB,44115.1,15,6617.27,HFN-11
PI-3210456,NBS,2023-11-12,2023-11-24,2024-11-23,HOME,Rutger Petrakis,Pelham Indemnity Group,D,1788.55,15,268.28,TRW-08
AM-13687901,NBS,2023-11-14,2023-11-16,2024-11-15,General Liability,LINDQVIST DAIRY INC,Ardsley Mut,A,"41,715.61",17.5,7300.23,TRW-08
NS-517093,Policy Change,2023-11-15,2023-11-09,2024-03-08,General Liability,Dupree Fabrication,Northgate Specialty,Direct,-$140.27,.15,-21.04,MCL-15
AM-86516015,New Business,2023-11-16,2023-12-03,2024-12-02,Workers Comp,"Kowalczyk Landscaping, Co",Ardsley Mutual,Agency Bill,38024.58,15,5703.69,GBY-22
VN689086545,END,2023-11-18,2023-11-18,,HO3,Noor Halloran,Valebrook National,DB,85.65,15,12.85,MCL-01
KC2455065,NEW,2023-11-18,2023-11-18,2024-11-17,UMBR,"Wexler Cabinetry, LLC",Kemwood,A,67081.85,0.15,10062.28,GBY-22
AM-04050375,N/B,2023-11-19,2023-12-05,2024-12-04,Commercial Property,"Petrossian Freight, Corp",Ardsley Mut,Direct,61107.45,15,"$9,166.12",GBY-22
PI-2083724,NEW,2023-11-19,2023-12-06,2024-12-05,Commercial Auto,"Fairweather Roofing, LLC",PELHAM IND,D,6248.65,10,624.87,HFN-11
PI-5837471,New Business,2023-11-20,2023-11-29,2024-11-28,BAUTO,Bramble Cabinetry,Pelham Indemnity Group,Direct Bill,"7,260.12",12,$871.21,GBY-22
VN158776131,endorsement,2023-11-20,2023-11-12,2024-05-24,PAUTO,Rutger Lindgren,Valebrook,Direct Bill,-209.44,12.5,-26.18,GBY-22
AM-46204926,Renewal,2023-11-20,2023-12-04,06/03/2024,Auto,Josefa Vasquez,Ardsley Mutual,DIRECT BILL,2115.54,0.15,317.33,TRW-02
VN153536567,N/B,2023-11-23,12/02/2023,2024-12-01,UMB,"Calloway Roofing, LLC",Valebrook National,A,"$71,907.77",15,10786.17,MCL-01
VN520367901,endorsement,2023-11-23,2023-11-18,2023-12-09,HOME,"Lindgren, Noor",Valebrook National,Direct Bill,-$246.87,12.5,-30.86,GBY-06
SFM26449424,New Business,2023-11-26,11/27/2023,2024-11-26,Comm Auto,"Trask Roofing, LLC",Stanwick F & M,Agency Bill,"$4,969.83",20,993.97,MCL-01
AM-63984602,NBS,2023-11-26,2023-11-27,2024-11-26,HO,Yolanda Vasquez,Ardsley Mutual,Direct Bill,$996.19,20,$199.24,TRW-08
NS-074979,XLC,2023-11-26,2023-11-15,,Workers Comp,"Dupree Millwork, LLC",Northgate Specialty,AGENCY BILL,-948.46,10,-94.85,
KC4883260,New Business,2023-11-26,2023-12-10,2024-12-09,GL,Lindqvist Freight,KEMWOOD CAS,AB,2922.52,10,292.25,GBY-06
SFM90091558,NBS,2023-11-27,2023-12-14,2024-12-13,CGL,Halvorsen Welding,Stanwick Fire & Marine,Direct Bill,-4180.5,15,-627.08,
VN689086545,Cancellation,2023-11-27,2023-11-21,,HO3,Noor Halloran,Valebrook National,Direct,-$474.63,15,-$71.19,MCL-01
AM-24526118,NBS,2023-11-27,2023-11-27,11/26/2024,PROP,"Delacroix Freight, Co",ARDSLEY MUTUAL INS CO,A,1923.93,10,192.39,HFN-11
KC7563931,New Business,2023-11-28,2023-12-07,2024-12-06,CPROP,"Trask Foundry, Inc",Kemwood,AB,49382.54,15,7407.38,MCL-15
NS-510517,New Business,2023-11-29,2023-12-11,2024-12-10,WORK,"Wexler Excavating, Inc",Northgate Specialty,Direct,57257.28,12,6870.87,TRW-08
SFM25420792,PCH,2023-11-29,2023-11-26,,Homeowners,Priya Wojcik,Stanwick Fire & Marine,AB,$301.64,15,45.25,TRW-02
PI-2897748,PCH,2023-11-29,2023-11-20,06/07/2024,BAUTO,"Marchetti Foundry, LLC",Pelham Indemnity,Agency,2521.71,15,378.26,HFN-04
AM-17025779,New Business,2023-11-30,2023-12-12,12/11/2024,Commercial Property,Ostrander Cold Storage,Ardsley Mutual,AB,"14,396.02",10,"1,439.60",
AM-35656160,New Business,2023-11-30,2023-11-30,2024-11-29,Work Comp,"Boyne Auto Body, Ltd",Ardsley Mutual,A,34085.65,10,3408.57,HFN-04
AM-70608537,NBS,2023-12-03,2023-12-04,12/03/2024,Commercial Property,"Lindqvist Electrical, Corp",ardsley mutual,Direct Bill,"$64,010.71",12,"$7,681.29",TRW-08
VN456257912,NBS,2023-12-03,2023-12-14,12/13/2024,Gen Liab,PETROSSIAN EXCAVATING LLC,VALEBROOK NATL,D,24135.49,12,2896.26,GBY-06
PI-2937442,NBS,2023-12-04,2023-12-15,2024-12-14,Commercial Auto,"Tolliver Roofing, Ltd",Pelham Indemnity Group,Agency Bill,"$63,727.11",12,"7,647.25",TRW-02
SFM25420792,Renew,2023-12-06,2023-12-22,06/21/2024,HO3,Priya Wojcik,Stanwick Fire & Marine,A,3994.7,15,599.2,TRW-02
AM-05462841,PCH,2023-12-08,2023-12-08,2024-06-13,Comm Auto,"Petrossian Foundry, LLC",Ardsley Mutual Insurance Company,Direct Bill,5827.66,0.175,1019.84,MCL-01
SFM32516822,Endorsement,2023-12-08,2023-11-30,,General Liability,"Calloway Haulage, Corp",Stanwick F & M,DIRECT BILL,6840.9,10,684.09,HFN-11
SFM66063802,RWL,2023-12-09,2023-12-12,06/11/2024,HOME,Beatriz Sturgeon,Stanwick Fire & Marine,AGENCY BILL,"$2,552.71",15,$382.91,MCL-15
PI-0221707,NBS,2023-12-09,2023-12-12,2024-12-11,CGL,Tolliver Produce,PELHAM IND,DIRECT BILL,64871.32,.15,9730.7,GBY-06
PI-9064826,Endorsement,2023-12-10,2023-12-07,2024-03-18,Homeowners,Noor Sandoval,Pelham Indemnity,Direct,$477.14,0.12,57.26,HFN-11
AM-27379317,NBS,2023-12-11,2023-12-14,2024-12-13,Personal Auto,Ingrid Guerrero,Ardsley Mut,DIRECT BILL,467.04,0.15,70.06,MCL-15
SFM71391815,END,2023-12-11,2023-12-11,,Umbrella,"Calloway Roofing, Ltd",Stanwick Fire and Marine,Agency,-1842.96,15,-276.44,HFN-11
AM-56702560,Endorsement,2023-12-13,2023-12-12,,WC,"Ferraro Roofing, Inc",ARDSLEY MUTUAL INS CO,Direct Bill,"-4,992.53",15,-$748.88,MCL-15
PI-6433226,PCH,2023-12-14,2023-12-05,,UMBR,"Underhill Fabrication, Inc",Pelham Indemnity Group,Direct,1710.11,15,256.52,
PI-1752207,NBS,2023-12-15,2023-12-26,2024-12-25,Umbrella,"Halvorsen Produce, LLC",Pelham Ind.,AGENCY BILL,17351.72,10,1735.17,TRW-02
NS-882836,New Business,2023-12-17,2024-01-04,2025-01-03,Comm Auto,"Underhill Landscaping, LLC",Northgate Specialty,A,35174.32,12,4220.92,
AM-20380804,END,2023-12-17,2023-12-13,2024-07-16,PROP,"Boyne Landscaping, Inc",ARDSLEY MUTUAL INS CO,AB,-5731.66,,-687.8,GBY-22
SFM43950006,END,2023-12-19,2023-12-15,2024-08-04,CGL,"Whitcomb Printing, Corp",Stanwick Fire & Marine,D,"-2,148.28",15,-322.24,
KC8698245,XLC,2023-12-20,2023-12-17,,PROP,Halvorsen Cabinetry,KEMWOOD CAS,A,"-$33,062.16",.15,-4959.32,HFN-11
KC1275683,NEW,2023-12-21,12/23/2023,2024-12-22,PAUTO,Noor Okonkwo,Kemwood Casualty,DB,1994.8,0.175,349.09,MCL-15
VN369549786,New Business,2023-12-23,2024-01-06,2025-01-05,PAUTO,Beatriz Nakagawa,Valebrook National,DIRECT BILL,3883.64,20,776.73,MCL-15
SFM90148248,NBS,2023-12-24,2023-12-26,12/25/2024,General Liability,"Bramble Landscaping, LLC",Stanwick Fire & Marine,A,2502.95,,375.44,MCL-15
SFM27603205,PCH,2023-12-25,2023-12-18,2024-05-02,Personal Auto,Terrence Okonkwo,Stanwick Fire and Marine,A,145.97,17.5,25.54,
KC6081013,Endorsement,2023-12-25,2023-12-24,,Comm Auto,RENNICK ROOFING LLC,Kemwood Casualty,D,1423.13,17.5,$249.05,HFN-04
PI-1783975,New Business,2023-12-26,2023-12-26,2024-12-25,HO3,Vidal Novotny,PELHAM IND,D,1294.18,12.5,161.77,MCL-15
AM-24526118,END,2023-12-27,2023-12-25,,CPROP,"Delacroix Freight, Co",Ardsley Mutual,A,250.75,0.1,$25.08,HFN-11
SFM95382168,Endorsement,2023-12-28,2023-12-23,2024-11-28,Workers Comp,"Standish Haulage, Inc",Stanwick Fire & Marine,D,"3,000.60",10,300.06,TRW-08
NS-268979,Endorsement,2023-12-28,2023-12-20,2024-03-07,Personal Auto,Bartholomew Thorne,Northgate Specialty,D,-$122.07,12,-14.65,GBY-06
KC0608394,NBS,2023-12-28,01/15/2024,2025-01-14,HOME,Emeric Petrakis,Kemwood Casualty,Direct,2915.9,12,$349.91,TRW-02
SFM65489051,New Business,2023-12-29,2024-01-01,2024-12-31,Comm Auto,"Fairweather Welding, Corp",STANWICK F&M,A,46276.25,20,9255.25,
SFM59317951,CAN,2023-12-30,2023-12-26,,Umbrella,"Calloway Excavating, LLC",Stanwick Fire and Marine,A,-22875.69,.15,-3431.35,
NS-742994,RWL,2023-12-31,2024-01-05,2025-01-04,Comm Prop,"Ostrander Bakery, LLC",Northgate Specialty,Agency,"$18,865.94",15,2829.89,GBY-06
NS-795288,Renewal,2023-12-31,2024-01-15,2025-01-14,WORKERS COMPENSATION,Dupree Excavating,Northgate Specialty,D,"$64,494.45",0.12,7739.33,HFN-04
AM-99327016,Policy Change,2023-12-31,2023-12-27,2024-06-11,Commercial Property,"Delacroix Bakery, Corp",Ardsley Mutual Insurance Company,Direct,1772.32,0.15,265.85,HFN-11
AM-77115282,N/B,2024-01-01,2024-01-05,01/04/2025,PROP,"Ashby Welding, LLC",Ardsley Mut,Direct Bill,54523.39,12,"$6,542.81",GBY-06
AM-46204926,endorsement,2024-01-01,2023-12-27,2024-06-03,Auto,Josefa Vasquez,Ardsley Mut,Direct Bill,94.99,15,14.25,TRW-02
VN424934862,NBS,2024-01-02,2024-01-15,2025-01-14,Commercial Property,"Ashby Freight, Corp",VALEBROOK NATL,Direct Bill,"$42,151.41",15,"$6,322.71",
NS-543238,NBS,2024-01-02,2024-01-12,2025-01-11,WORK,Nyquist Millwork,Northgate Specialty Lines,AB,"14,600.04",15,"2,190.01",
SFM59894428,NBS,2024-01-03,2024-01-09,2025-01-08,PROP,"Renfro Electrical, Co",Stanwick Fire & Marine,Agency Bill,29964.13,10,2996.41,TRW-02
KC6939000,Endorsement,2024-01-04,2023-12-27,2024-07-05,General Liability,"Ashby Contracting, LLC",Kemwood Casualty,A,"6,985.59",20,"$1,397.12",HFN-11
VN853711097,PCH,2024-01-04,2023-12-26,2024-02-14,GL,Ostrander Dairy,Valebrook Nat'l,Direct,1470.79,15%,220.62,HFN-11
SFM54918094,REN,2024-01-05,2024-01-14,2025-01-13,General Liability,"Nyquist Contracting, Inc",Stanwick Fire & Marine,AGENCY BILL,"24,894.65",15,3734.2,HFN-04
KC3897834,NBS,2024-01-05,2024-01-22,2025-01-21,Comm Auto,WEXLER MILLWORK CO,Kemwood Casualty,Direct Bill,"$28,002.10",.175,"$4,900.37",
VN551554629,RWL,2024-01-05,2024-01-07,2025-01-06,Commercial Property,"Marchetti Foundry, Co",Valebrook National,AB,"$61,063.78",15,"$9,159.57",HFN-04
KC9425453,endorsement,2024-01-05,2024-01-05,2024-09-19,General Liability,"Wexler Contracting, Ltd",Kemwood Casualty,Direct Bill,1660.95,10,166.1,GBY-06
NS-293415,NBS,2024-01-05,01/05/2024,2025-01-04,PROP,"Kowalczyk Millwork, Corp",NORTHGATE SPEC,AGENCY BILL,"7,420.76",10,742.08,GBY-22
AM-63701545,New Business,2024-01-06,2024-01-10,2024-07-10,Personal Auto,Osman Halloran,Ardsley Mutual,D,2659.33,15,$398.90,HFN-04
SFM75616804,PCH,2024-01-06,2024-01-05,2024-07-30,CGL,"Bramble Bakery, Inc",Stanwick Fire & Marine,D,"13,284.56",20,2656.91,HFN-04
KC7133275,Endorsement,2024-01-07,12/30/2023,2024-08-28,CGL,"Petrossian Foundry, LLC",Kemwood Casualty,A,-3557.53,15,-533.63,TRW-02
VN332954960,XLC,2024-01-08,01/03/2024,,GL,"Standish Roofing, Inc",Valebrook National,A,"-12,511.14",10,"-$1,251.11",TRW-08
PI-9118699,Endorsement,2024-01-08,01/06/2024,2024-02-18,PROP,"Lindqvist Excavating, Co",Pelham Indemnity,D,"-2,431.49",12.5,-303.94,HFN-11
AM-74611821,NBS,2024-01-08,2024-01-20,2025-01-19,Umbrella,"Calloway Excavating, LLC",Ardsley Mutual Insurance Company,DB,19069.2,12,2288.3,GBY-06
NS-268979,Endorsement,2024-01-08,2024-01-01,,PAUTO,Bartholomew Thorne,Northgate Specialty Lines,Direct,347.84,12,41.74,GBY-06
KC5748540,PCH,2024-01-09,2024-01-04,2024-07-30,PAUTO,Terrence Aldridge,Kemwood Casualty,D,30.04,15,4.51,MCL-01
KC5748540,Endorsement,2024-01-10,2024-01-07,,Auto,Terrence Aldridge,Kemwood,DB,-$55.16,15,-$8.27,MCL-01
SFM91122535,END,2024-01-10,2024-01-10,,Workers Comp,"Halvorsen Foundry, LLC",Stanwick F & M,Direct,779.44,15,116.92,
KC2779576,PCH,2024-01-11,01/07/2024,2024-02-15,PROP,Ferraro Landscaping,Kemwood Casualty,Agency Bill,-3053.84,12.5,-381.73,GBY-06
PI-4377229,Endorsement,2024-01-12,2024-01-04,2024-03-06,Commercial Property,"Tolliver Cabinetry, Corp",PELHAM IND,Direct Bill,"-$2,027.96",.125,-253.49,MCL-01
KC9521055,NEW,2024-01-12,2024-01-28,2025-01-27,Auto,Noor Guerrero,KEMWOOD CAS,Direct Bill,2826.79,15,424.02,GBY-22
SFM27603205,PCH,2024-01-13,2024-01-13,,Personal Auto,Terrence Okonkwo,STANWICK F&M,Agency Bill,70.39,17.5,12.32,TRW-08
VN523842487,PCH,2024-01-13,2024-01-12,2024-08-24,Comm Auto,"Whitcomb Excavating, LLC",Valebrook Nat'l,A,1871.21,15,$280.68,GBY-06
KC4057722,PCH,2024-01-13,01/07/2024,,PROP,"Nyquist Excavating, Co",KEMWOOD CAS,A,908.74,20,181.75,TRW-08
AM-44575271,REN,2024-01-14,01/24/2024,01/23/2025,WORK,STANDISH MACHINE WORKS LLC,Ardsley Mutual,Agency,"19,237.86",17.5,3366.63,HFN-11
NS-559240,endorsement,2024-01-14,2024-01-10,2024-08-17,Comm Auto,"Fairweather Auto Body, Corp",Northgate Specialty,AGENCY BILL,"-6,947.01",.175,-1215.73,TRW-08
SFM21287702,RWL,2024-01-15,2024-01-23,2025-01-22,Workers Comp,"Kessler Millwork, Inc",Stanwick Fire & Marine,AGENCY BILL,38102.25,0.175,"6,667.89",TRW-02
VN807791927,NBS,2024-01-17,2024-01-30,2025-01-29,Personal Auto,Freya Rasmussen,Valebrook,DIRECT BILL,"2,227.51",20,445.5,HFN-04
AM-76406752,PCH,2024-01-18,2024-01-16,2024-07-26,WORK,"Marchetti Fabrication, Ltd",Ardsley Mut,Agency Bill,-3475.25,10,-347.52,TRW-08
VN332954960,REI,2024-01-19,2024-02-03,2024-05-18,GL,"Standish Roofing, Inc",VALEBROOK NATL,AB,12511.14,.1,1251.11,TRW-08
AM-14164289,NBS,2024-01-19,2024-02-06,2025-02-05,HOME,Bartholomew Novotny,Ardsley Mutual,D,$688.40,,103.26,TRW-02
KC4781119,RWL,2024-01-20,2024-02-07,2025-02-06,PAUTO,Emeric Guerrero,Kemwood Casualty Co,DB,3645.39,15,546.81,TRW-08
KC2348227,NBS,2024-01-20,01/29/2024,2025-01-28,Work Comp,"Ashby Excavating, LLC",Kemwood Casualty,AB,60152.05,.15,"$9,022.81",GBY-06
AM-26316568,Policy Change,2024-01-20,2024-01-19,2024-06-07,PAUTO,Freya Falkenrath,Ardsley Mutual,AGENCY BILL,$67.72,12,8.13,GBY-06
AM-90991103,endorsement,2024-01-21,2024-01-20,,PAUTO,Yolanda Guerrero,Ardsley Mutual,Agency,$224.21,12,$26.91,HFN-11
AM-76406752,PCH,2024-01-21,2024-01-12,,WC,"Marchetti Fabrication, Ltd",ARDSLEY MUTUAL INS CO,AB,-10204.65,10,-1020.46,TRW-08
KC8770987,NBS,2024-01-21,02/06/2024,2025-02-05,WC,Arbogast Roofing,Kemwood Casualty,D,13773.98,15,2066.1,TRW-02
SFM59317951,END,2024-01-21,2024-01-18,2024-06-15,Comm Umbrella,"Calloway Excavating, LLC",STANWICK F&M,AB,"$1,697.30",15,254.59,HFN-11
AM-27379317,PCH,2024-01-22,2024-01-18,,PPA,Ingrid Guerrero,Ardsley Mutual,Direct Bill,81.32,15%,12.20,MCL-15
PI-3758326,PCH,2024-01-22,2024-01-22,,WORK,"Delacroix Cold Storage, Ltd",Pelham Indemnity Group,DIRECT BILL,-7559.88,20,"-1,511.98",TRW-02
NS-480218,Endorsement,2024-01-23,2024-01-16,,Umbrella,"Calloway Haulage, LLC",Northgate Specialty,DB,$123.46,0.125,15.43,MCL-01
NS-067119,PCH,2024-01-24,2024-01-15,2024-07-28,Comm Prop,"Marchetti Millwork, Corp",Northgate Specialty,A,-676.65,20,-$135.33,HFN-11
SFM59317951,Reinstatement,2024-01-24,01/21/2024,2024-06-15,Umbrella,"Calloway Excavating, LLC",STANWICK F&M,A,22875.69,15,"$3,431.35",HFN-11
AM-86516015,PCH,2024-01-25,2024-01-23,2024-12-02,WORK,"Kowalczyk Landscaping, Co",ARDSLEY MUTUAL INS CO,A,3870.17,15,580.53,GBY-22
VN442938317,N/B,2024-01-25,2024-02-03,2025-02-02,CGL,ARBOGAST PLUMBING AND HEATING INC,Valebrook National,Direct Bill,"32,074.31",12,3848.92,TRW-02
NS-875642,New Business,2024-01-26,2024-02-03,2025-02-02,Homeowners,Noor Lindgren,Northgate Specialty,DIRECT BILL,"$1,580.62",12.5,197.58,HFN-11
KC2365092,endorsement,2024-01-27,2024-01-26,06/06/2024,BAUTO,"Wexler Printing, Inc",Kemwood Casualty Co,AGENCY BILL,4120.62,15,618.09,TRW-08
PI-8772918,NEW,2024-01-28,2024-02-08,2025-02-07,CGL,"Bramble Contracting, Ltd",Pelham Ind.,Direct,59868.44,12,7184.21,GBY-22
SFM87035822,PCH,2024-01-29,01/20/2024,2024-07-30,Gen Liab,"Marchetti Electrical, Ltd",Stanwick F & M,Direct Bill,500.44,20,$100.09,MCL-15
PI-8071041,RWL,2024-01-29,2024-01-29,2025-01-28,Commercial Property,"Petrossian Foundry, LLC",Pelham Indemnity Group,Agency,7751.62,15%,1162.74,HFN-04
AM-34421217,PCH,2024-01-30,01/24/2024,2024-07-09,CPROP,"Halvorsen Landscaping, LLC",Ardsley Mut,Direct Bill,"1,289.09",15,$193.36,GBY-06
AM-23956033,New Business,2024-01-30,2024-02-14,2025-02-13,Comm Prop,"Wexler Foundry, LLC",ardsley mutual,D,"$8,421.23",15,1263.18,GBY-22
NS-480572,REN,2024-01-30,2024-02-14,2025-02-13,HOME,Beatriz Petrakis,Northgate Specialty Lines,D,3818.11,17.5,$668.17,TRW-02
SFM85706852,REN,2024-01-30,2024-02-12,2025-02-11,CAUTO,"Lindqvist Freight, Ltd",Stanwick Fire & Marine,A,"61,753.26",15,9262.99,MCL-01
PI-9330633,END,2024-01-30,2024-01-29,,PAUTO,Vidal Wojcik,Pelham Indemnity,Direct Bill,35.01,15,$5.25,GBY-22
NS-742994,endorsement,2024-01-31,2024-01-24,2025-01-04,Commercial Property,"Ostrander Bakery, LLC",Northgate Specialty,Agency Bill,"1,234.38",15,185.16,GBY-06
VN899646451,NBS,2024-02-03,2024-02-16,2025-02-15,Commercial Property,"Calloway Plumbing & Heating, LLC",Valebrook National,D,44911.93,12.5,"$5,613.99",TRW-08
NS-012412,NEW,2024-02-03,2024-02-17,2025-02-16,General Liability,"Calloway Foundry, Inc",Northgate Specialty,Agency Bill,38465.59,12,4615.87,GBY-06
NS-682740,NBS,2024-02-04,2024-02-20,2025-02-19,Personal Auto,Ingrid Oyelaran,Northgate Specialty Lines,D,2922.15,0.1,292.22,MCL-01
KC3328306,NBS,2024-02-04,2024-02-21,02/20/2025,Work Comp,"Renfro Excavating, LLC",Kemwood Casualty,Direct,"46,120.30",.1,4612.03,GBY-22
PI-9118699,Renewal,2024-02-04,2024-02-18,2025-02-17,Commercial Property,LINDQVIST EXCAVATING CO,Pelham Indemnity,DB,69691.48,12.5,8711.44,HFN-11
KC7844848,New Business,2024-02-04,2024-02-17,2025-02-16,PPA,Priya Sandoval,KEMWOOD CAS,D,"3,534.74",10,353.47,GBY-06
PI-8700746,New Business,2024-02-04,2024-02-07,2025-02-06,CAUTO,"Petrossian Bakery, Inc",Pelham Ind.,Agency Bill,"46,272.69",0.175,"8,097.72",GBY-06
PI-1752207,END,2024-02-05,2024-01-30,,Comm Umbrella,"Halvorsen Produce, LLC",Pelham Indemnity,A,-1060.87,10,-106.09,TRW-02
PI-2527603,NBS,2024-02-06,2024-02-10,2025-02-09,CPROP,Dupree Auto Body,Pelham Indemnity,DB,17359.34,15,2603.9,MCL-01
VN599127392,N/B,2024-02-06,02/09/2024,2025-02-08,BAUTO,"Boyne Produce, Inc",Valebrook National,Agency Bill,"44,849.57",12.5,5606.2,HFN-11
KC2455065,PCH,2024-02-06,2024-02-06,2024-11-17,Umbrella,"Wexler Cabinetry, LLC",Kemwood,Agency,9782.82,15,1467.42,GBY-22
PI-9153728,RWL,2024-02-07,2024-02-22,2025-02-21,GL,"Tolliver Millwork, Inc",PELHAM IND,Direct Bill,54040.48,12.5,"$6,755.06",TRW-08
PI-7398808,NBS,2024-02-07,02/20/2024,2024-08-20,Auto,Josefa Thorne,Pelham Indemnity Group,Direct,"$3,530.13",15,529.52,MCL-15
SFM60462661,END,2024-02-07,2024-01-30,2024-06-02,PAUTO,"Castellanos, Amara",STANWICK F&M,D,58.87,12,7.06,TRW-08
NS-823066,NBS,2024-02-08,2024-02-15,2025-02-14,Homeowners,Vidal Novotny,Northgate Specialty Lines,Agency,"3,373.81",,674.76,MCL-01
SFM33966980,RWL,2024-02-09,2024-02-10,2025-02-09,Commercial Property,"Ferraro Welding, LLC",STANWICK F&M,DIRECT BILL,33484.33,15,5022.65,MCL-01
PI-0221339,RWL,2024-02-09,2024-02-13,2025-02-12,BAUTO,"Fairweather Excavating, Corp",Pelham Indemnity Group,Agency Bill,16647.75,10,1664.78,MCL-15
KC6921184,NBS,2024-02-09,2024-02-15,2025-02-14,Comm Auto,"Calloway Roofing, Inc",Kemwood Casualty,D,16509.1,.125,"$2,063.64",GBY-06
AM-77115282,Endorsement,2024-02-10,2024-02-07,,Commercial Property,"Ashby Welding, LLC",Ardsley Mut,Direct,"$8,930.57",,1071.67,GBY-06
AM-82114865,Renew,2024-02-11,2024-02-21,02/20/2025,CGL,"Boyne Fabrication, LLC",ARDSLEY MUTUAL INS CO,D,"27,500.50",20,"$5,500.10",GBY-06
KC2779576,RWL,2024-02-12,02/15/2024,2025-02-14,PROP,Ferraro Landscaping,Kemwood Casualty Co,Agency,"$22,475.38",12.5,2809.42,GBY-06
VN801444081,Endorsement,2024-02-12,2024-02-10,2024-10-29,WC,PETROSSIAN CABINETRY INC,Valebrook,Agency Bill,7140.33,17.5,1249.56,HFN-11
SFM91122535,PCH,2024-02-12,2024-02-07,,WORK,"Halvorsen Foundry, LLC",Stanwick Fire & Marine,DIRECT BILL,2625.96,15,393.89,TRW-08
AM-22493265,END,2024-02-14,2024-02-10,2024-04-20,Commercial Auto,"Calloway Fabrication, Ltd",Ardsley Mutual,Direct Bill,237.46,15,35.62,MCL-01
NS-003175,New Business,2024-02-14,2024-02-20,2025-02-19,WC,"Halvorsen Plumbing & Heating, Corp",NORTHGATE SPEC,D,34233.11,0.125,4279.14,GBY-22
AM-56702560,END,2024-02-16,02/12/2024,2024-05-26,Work Comp,"Ferraro Roofing, Inc",Ardsley Mutual,Direct Bill,3778.97,15,$566.85,MCL-15
SFM14955130,RWL,2024-02-17,2024-02-28,2025-02-27,BAUTO,HALVORSEN EXCAVATING INC,STANWICK F&M,AGENCY BILL,"$63,374.77",,7604.97,
NS-680989,PCH,2024-02-17,2024-02-16,2024-05-19,Homeowners,Priya Castellanos,NORTHGATE SPEC,DIRECT BILL,-375.32,12,-45.04,TRW-08
NS-279857,RWL,2024-02-18,2024-02-24,2025-02-23,PROP,"Arbogast Foundry, Inc",Northgate Specialty,Agency,33188.9,20,6637.78,MCL-01
NS-122990,RWL,2024-02-18,02/21/2024,2025-02-20,General Liability,"Rennick Bakery, Inc",NORTHGATE SPEC,AB,51473.15,.15,"7,720.97",HFN-11
NS-781273,PCH,2024-02-18,2024-02-11,,UMBR,Renfro Contracting,Northgate Specialty,D,-10377.84,10,"-$1,037.78",MCL-15
KC2510753,NBS,2024-02-18,2024-03-01,03/01/2025,Work Comp,"Trask Bakery, Co",Kemwood,DIRECT BILL,17303.88,,2162.99,GBY-06
SFM91194342,NRA,2024-02-21,2024-04-19,,WORK,"Kowalczyk Cold Storage, Co",Stanwick Fire & Marine,Direct Bill,0,17.5,0,TRW-02
VN376382480,NBS,2024-02-21,2024-03-01,2025-03-01,CAUTO,"Marchetti Millwork, LLC",Valebrook Nat'l,AGENCY BILL,60524.4,12%,"7,262.93",GBY-06
PI-1270836,NEW,2024-02-21,2024-03-05,03/05/2025,HO3,"Castellanos, Bartholomew",PELHAM IND,D,420.3,20,$84.06,GBY-22
NS-075585,PCH,2024-02-21,2024-02-18,2024-08-06,Workers Comp,"Boyne Plumbing & Heating, Co",Northgate Specialty,D,"2,551.23",12,306.15,HFN-11
KC4990163,NBS,2024-02-22,2024-03-09,2025-03-09,CGL,"Tolliver Roofing, LLC",Kemwood Casualty,AGENCY BILL,"$72,236.39",15,10835.46,GBY-06
VN181600788,XLC,2024-02-22,2024-02-14,,GL,Bramble Roofing,VALEBROOK NATL,Direct,-26709.85,20,"-$5,341.97",TRW-02
PI-4377229,RWL,2024-02-22,2024-03-06,2025-03-06,Commercial Property,"Tolliver Cabinetry, Corp",PELHAM IND,Direct,44860.05,12.5,5607.51,MCL-01
VN066306497,New Business,2024-02-23,2024-03-09,2025-03-09,UMBR,TOLLIVER PRODUCE INC,Valebrook Nat'l,Agency Bill,"73,839.58",.2,"14,767.92",MCL-15
SFM49730754,NBS,2024-02-23,03/07/2024,2025-03-07,PROP,BRAMBLE PRINTING LTD,Stanwick Fire & Marine,A,"$8,353.74",12,1002.45,
AM-63984602,Policy Change,2024-02-23,2024-02-17,,HO,Yolanda Vasquez,Ardsley Mut,DB,109.38,0.2,21.88,
VN523842487,Endorsement,2024-02-24,2024-02-22,2024-08-24,BAUTO,"Whitcomb Excavating, LLC",Valebrook,A,-1985.85,15,-297.88,GBY-06
AM-17025779,PCH,2024-02-24,2024-02-18,,PROP,Ostrander Cold Storage,ARDSLEY MUTUAL INS CO,Agency Bill,1262.17,,126.22,TRW-02
PI-6433226,Policy Change,2024-02-24,2024-02-15,,UMBR,"Underhill Fabrication, Inc",Pelham Indemnity Group,DIRECT BILL,-812.28,0.15,-$121.84,MCL-15
SFM26449424,endorsement,2024-02-25,2024-02-25,,Comm Auto,"Trask Roofing, LLC",STANWICK F&M,AGENCY BILL,-620.42,20,-124.08,MCL-01
AM-49182384,RWL,2024-02-25,2024-02-26,2025-02-25,BAUTO,"Arbogast Landscaping, Inc",ARDSLEY MUTUAL INS CO,DIRECT BILL,11203.4,12.5,1400.43,GBY-06
AM-64841105,NBS,2024-02-26,2024-03-15,2025-03-15,GL,"Calloway Haulage, Inc",Ardsley Mutual,AGENCY BILL,66907.42,12,"8,028.89",HFN-11
VN234092119,NEW,2024-02-26,2024-03-02,2025-03-02,General Liability,"Underhill Roofing, Ltd",Valebrook National,D,"24,554.52",12,2946.54,MCL-15
PI-0620366,NBS,2024-02-28,2024-03-04,2025-03-04,CPROP,"Tolliver Cabinetry, Inc",Pelham Indemnity Group,Direct Bill,"31,125.53",15,4668.83,MCL-01
PI-0821547,NBS,2024-02-28,2024-03-04,2025-03-04,WORKERS COMPENSATION,"Bramble Dairy, Corp",Pelham Indemnity,Direct Bill,"4,706.07",15,705.91,HFN-11
KC4293649,END,2024-02-28,2024-02-22,,General Liability,"Rennick Freight, Inc",Kemwood Casualty,A,4526.77,17.5,792.18,HFN-04
VN551602567,endorsement,2024-02-28,2024-02-27,11/05/2024,Umbrella,"Standish Cold Storage, Co",Valebrook National,AGENCY BILL,-10769.92,12,"-1,292.39",
SFM59317951,PCH,2024-02-28,2024-02-28,2024-06-15,Umbrella,"Calloway Excavating, LLC",Stanwick F & M,AB,3422.97,15,513.45,HFN-11
PI-9544507,NBS,2024-02-28,2024-03-01,2025-03-01,Auto,Freya Wojcik,Pelham Indemnity,Direct,"1,516.18",20,303.24,TRW-02
NS-510517,PCH,2024-02-29,2024-02-29,12/10/2024,WORK,"Wexler Excavating, Inc",Northgate Specialty,DB,6233.99,12,748.08,TRW-08
KC7766172,NBS,2024-02-29,2024-03-03,2025-03-03,Comm Prop,"Calloway Landscaping, Ltd",Kemwood,DB,"$30,779.09",15,"$4,616.86",TRW-02
KC2428106,PCH,2024-02-29,02/27/2024,,CPROP,"Fairweather Freight, LLC",Kemwood Casualty,DB,945.80,20,$189.16,HFN-11
SFM87035822,Endorsement,2024-03-01,2024-02-26,,GL,MARCHETTI ELECTRICAL LTD,Stanwick Fire and Marine,DB,-481.68,20,-$96.34,MCL-15
SFM90244528,NEW,2024-03-01,03/17/2024,2025-03-17,GL,"Halvorsen Auto Body, Co",STANWICK F&M,Agency Bill,11181.8,0.1,"$1,118.18",GBY-06
SFM94011300,Audit,2024-03-01,2024-01-26,,Work Comp,Rennick Foundry,Stanwick Fire and Marine,AGENCY BILL,1375.05,,$240.63,MCL-15
NS-268979,Renew,2024-03-01,2024-03-07,2024-09-05,PAUTO,"Thorne, Bartholomew",Northgate Specialty Lines,D,3175.08,12,381.01,GBY-06
KC4204142,RWL,2024-03-02,2024-03-07,2025-03-07,PROP,RENFRO FABRICATION CO,KEMWOOD CAS,Direct Bill,"$32,429.81",20,6485.96,TRW-02
VN065038015,NBS,2024-03-03,2024-03-03,2025-03-03,General Liability,"Fairweather Bakery, Corp",Valebrook National,Direct,54629.38,12,6555.53,GBY-22
SFM66063802,END,2024-03-03,2024-02-28,,HO,Beatriz Sturgeon,Stanwick Fire and Marine,Agency,$221.76,15,33.26,MCL-15
AM-10882705,New Business,2024-03-03,2024-03-10,2025-03-10,Commercial Property,"Bramble Bakery, Corp",Ardsley Mutual Insurance Company,Agency,71304.99,0.1,7130.5,GBY-22
SFM67952841,RWL,2024-03-03,2024-03-14,2025-03-14,CAUTO,"Kowalczyk Cold Storage, Corp",Stanwick F & M,A,"$57,920.34",.125,7240.04,GBY-22
VN656655608,NBS,2024-03-05,2024-03-07,2025-03-07,General Liability,"Underhill Landscaping, Inc",Valebrook National,D,15586.51,12,"1,870.38",
NS-456996,Endorsement,2024-03-05,03/05/2024,,CGL,"Nyquist Cold Storage, LLC",Northgate Specialty Lines,Agency Bill,1431.81,20,286.36,GBY-06
AM-35656160,Policy Change,2024-03-06,2024-03-03,2024-11-29,Work Comp,"Boyne Auto Body, Ltd",Ardsley Mutual,AB,-4364.74,10,-$436.47,HFN-04
KC1757033,NBS,2024-03-09,2024-03-10,2025-03-10,BAUTO,"Halvorsen Excavating, Co",Kemwood Casualty,Agency,13152.48,15,"1,972.87",TRW-08
NS-890029,NBS,2024-03-09,2024-03-16,2025-03-16,BAUTO,TRASK HAULAGE,NORTHGATE SPEC,Agency Bill,14119.13,,"$1,411.91",GBY-22
KC2428106,PCH,2024-03-10,2024-03-03,2024-10-05,Commercial Property,"Fairweather Freight, LLC",Kemwood Casualty,Direct Bill,"$2,322.34",0.2,$464.47,HFN-11
PI-1145187,N/B,2024-03-11,2024-03-23,2025-03-23,CGL,"Renfro Produce, Inc",Pelham Indemnity,Direct Bill,"$40,921.05",12,"$4,910.53",MCL-01
AM-20380804,endorsement,2024-03-12,2024-03-07,2024-07-16,PROP,"Boyne Landscaping, Inc",ARDSLEY MUTUAL INS CO,Agency,"-$2,473.97",12,-296.88,
VN700852441,END,2024-03-12,2024-03-10,,Workers Comp,"Delacroix Contracting, Ltd",Valebrook Nat'l,AB,-1928.36,15,-289.25,GBY-22
SFM32552599,Cancel,2024-03-12,2024-03-10,,Workers Comp,"Petrossian Millwork, LLC",Stanwick F & M,Agency Bill,-16148.71,15,"-2,422.31",MCL-15
AM-49582404,New Business,2024-03-12,03/15/2024,2025-03-15,WORK,Lindqvist Haulage,ARDSLEY MUTUAL INS CO,Agency Bill,"$66,359.73",12,7963.17,GBY-06
SFM32561644,New Business,2024-03-12,2024-03-14,2025-03-14,GL,"Ostrander Welding, LLC",STANWICK F&M,A,44289.76,12,5314.77,MCL-01
SFM06043624,New Business,2024-03-13,2024-03-15,03/15/2025,WORK,"Kessler Printing, Corp",Stanwick Fire and Marine,D,11928.84,,"$1,789.33",MCL-15
SFM59163534,NBS,2024-03-15,2024-03-23,2025-03-23,CGL,"Renfro Fabrication, Ltd",Stanwick Fire & Marine,Agency,"$41,747.72",12.5,5218.47,GBY-06
PI-5980246,NBS,2024-03-17,04/01/2024,04/01/2025,CAUTO,PETROSSIAN MACHINE WORKS LLC,Pelham Indemnity,A,34944.44,17.5,6115.28,GBY-22
AM-56702560,Policy Change,2024-03-17,2024-03-17,,WORK,"Ferraro Roofing, Inc",Ardsley Mutual,Direct Bill,-6846.86,15,-1027.03,MCL-15
VN551554629,PCH,2024-03-17,2024-03-11,01/06/2025,PROP,"Marchetti Foundry, Co",VALEBROOK NATL,Agency Bill,6418.2,,$962.73,
AM-76406752,Endorsement,2024-03-18,2024-03-09,2024-07-26,WORK,"Marchetti Fabrication, Ltd",ARDSLEY MUTUAL INS CO,Agency Bill,-11730.18,10%,-1173.02,TRW-08
PI-9153728,Endorsement,2024-03-20,2024-03-19,2025-02-21,Gen Liab,"Tolliver Millwork, Inc",PELHAM IND,DB,-5673.92,,-709.24,
AM-23956033,END,2024-03-20,2024-03-18,2025-02-13,CPROP,"Wexler Foundry, LLC",Ardsley Mut,Direct Bill,$940.93,15,141.14,GBY-22
SFM95382168,Policy Change,2024-03-22,2024-03-17,2024-11-28,Workers Comp,"Standish Haulage, Inc",Stanwick Fire and Marine,D,4594.38,10,459.44,TRW-08
NS-517719,New Business,2024-03-23,2024-03-26,2025-03-26,Commercial Auto,Wexler Cold Storage,Northgate Specialty,A,10779.17,12,1293.5,TRW-02
VN473129924,New Business,2024-03-23,2024-03-27,2025-03-27,BAUTO,"Halvorsen Millwork, Co",Valebrook National,Direct,"$70,834.68",12.5%,"8,854.33",
KC0295532,New Business,2024-03-24,2024-04-09,2024-10-08,Homeowners,Solveig Aldridge,Kemwood Casualty,D,1543.76,12,$185.25,
SFM43701039,Policy Change,2024-03-25,2024-03-22,2024-08-11,BAUTO,"Wexler Electrical, Corp",Stanwick Fire & Marine,DB,"$8,865.62",.15,1329.84,MCL-01
AM-69651506,PCH,2024-03-25,2024-03-24,2024-11-19,HO3,Yolanda Guerrero,ARDSLEY MUTUAL INS CO,D,368.65,17.5,64.51,TRW-02
VN228262828,NBS,2024-03-27,2024-04-02,2025-04-02,Work Comp,"Halvorsen Excavating, Inc",Valebrook Nat'l,D,"38,908.14",17.5,6808.92,HFN-04
KC6081013,PCH,2024-03-27,2024-03-25,,BAUTO,"Rennick Roofing, LLC",KEMWOOD CAS,D,417.98,17.5,$73.15,HFN-04
SFM12052217,NEW,2024-03-27,2024-04-05,2025-04-05,CGL,Delacroix Dairy,Stanwick F & M,A,52753.03,10,5275.3,TRW-02
AM-31055631,NBS,2024-03-28,04/12/2024,2025-04-12,Homeowners,Casimir Thorne,ardsley mutual,DB,"$3,863.11",15,579.47,MCL-15
NS-443460,endorsement,2024-03-29,2024-03-24,2024-08-18,Workers Comp,"Kowalczyk Haulage, LLC",Northgate Specialty,AB,-739.92,10,-73.99,HFN-04
SFM49730754,endorsement,2024-03-29,2024-03-21,,Commercial Property,"Bramble Printing, Ltd",Stanwick F & M,A,641.66,12%,77,TRW-08
VN158776131,PCH,2024-03-29,2024-03-28,2024-05-24,Personal Auto,Rutger Lindgren,Valebrook National,Direct,-117.76,.125,-14.72,
SFM31518046,New Business,2024-03-30,2024-04-08,2024-10-07,PAUTO,Bartholomew Sandoval,STANWICK F&M,DIRECT BILL,$523.15,12,62.78,MCL-01
PI-6433226,RWL,2024-03-30,2024-04-15,2025-04-15,UMBR,"Underhill Fabrication, Inc",Pelham Indemnity Group,Direct Bill,15356.31,0.15,2303.45,MCL-15
AM-44597277,NBS,2024-04-02,2024-04-18,2025-04-18,Commercial Auto,"Renfro Printing, LLC",Ardsley Mut,Agency,18185.31,10,1818.53,MCL-15
NS-752722,Endorsement,2024-04-02,2024-03-26,2024-09-20,BAUTO,"Underhill Auto Body, LLC",NORTHGATE SPEC,D,721.32,.15,108.2,
KC4883260,PCH,2024-04-02,2024-03-28,,Gen Liab,Lindqvist Freight,KEMWOOD CAS,Agency,79.1,,$7.91,GBY-06
PI-4496495,New Business,2024-04-03,2024-04-05,2025-04-05,WORK,"Fairweather Plumbing & Heating, Co",Pelham Indemnity,Direct Bill,"$48,731.65",12.5,"$6,091.46",TRW-02
PI-3467270,Endorsement,2024-04-03,03/28/2024,,BAUTO,"Bramble Auto Body, Co",Pelham Indemnity Group,A,10409.98,12,"$1,249.20",HFN-11
AM-15965504,NBS,2024-04-03,2024-04-20,2024-10-19,Personal Auto,Freya Petrakis,Ardsley Mutual,Direct Bill,2701.57,.15,405.24,GBY-22
SFM21287702,Premium Audit,2024-04-04,01/23/2024,,WORKERS COMPENSATION,"Kessler Millwork, Inc",STANWICK F&M,AGENCY BILL,-6819.95,17.5,-1193.49,TRW-02
KC7133275,Policy Change,2024-04-05,03/29/2024,2024-08-28,CGL,"Petrossian Foundry, LLC",KEMWOOD CAS,A,"1,645.67",.15,246.85,TRW-02
SFM32516822,PCH,2024-04-07,2024-04-06,,General Liability,"Calloway Haulage, Corp",Stanwick Fire & Marine,D,"8,279.20",10%,827.92,HFN-11
NS-291136,New Business,2024-04-08,04/11/2024,2025-04-11,Gen Liab,"Rennick Millwork, LLC",NORTHGATE SPEC,Agency Bill,"36,096.79",12.5,"$4,512.10",MCL-15
AM-22493265,Renew,2024-04-08,2024-04-20,2025-04-20,CAUTO,"Calloway Fabrication, Ltd",Ardsley Mutual Insurance Company,D,2113.64,15,317.05,MCL-01
KC2476920,RWL,2024-04-09,2024-04-11,2025-04-11,PROP,"Trask Produce, LLC",Kemwood Casualty Co,Agency Bill,"$76,948.05",15,11542.21,HFN-11
KC9224324,Endorsement,2024-04-10,04/10/2024,,Commercial Property,"Halvorsen Plumbing & Heating, LLC",Kemwood Casualty Co,AB,3334.06,20,666.81,TRW-02
SFM65489051,XLN,2024-04-10,2024-04-02,,Comm Auto,"Fairweather Welding, Corp",STANWICK F&M,Agency Bill,2260,20,339,GBY-22
VN722279861,New Business,2024-04-11,2024-04-12,2025-04-12,Comm Auto,"Ostrander Fabrication, Inc",Valebrook National,Agency,"14,058.58",10,1405.86,MCL-15
AM-72563690,N/B,2024-04-11,2024-04-11,04/11/2025,UMBR,"Kessler Roofing, LLC",ardsley mutual,Agency Bill,"$36,067.35",12,4328.08,TRW-08
SFM32552599,Reinstatement,2024-04-11,04/14/2024,11/13/2024,WC,"Petrossian Millwork, LLC",STANWICK F&M,A,"$16,148.71",15,"2,422.31",MCL-15
PI-0345778,New Business,2024-04-11,2024-04-14,04/14/2025,Workers Comp,"Kowalczyk Produce, LLC",Pelham Indemnity,AB,45747.25,10,4574.73,MCL-15
KC1422366,XLC,2024-04-13,04/02/2024,,HO3,Emeric Sandoval,KEMWOOD CAS,Direct,-654.77,12,-78.57,MCL-01
PI-2897748,Endorsement,2024-04-14,2024-04-10,2024-06-07,Commercial Auto,"Marchetti Foundry, LLC",Pelham Indemnity Group,A,"$2,705.39",15,405.81,HFN-04
KC0204509,RWL,2024-04-15,2024-04-21,2025-04-21,Auto,Terrence Novotny,Kemwood Casualty Co,D,"1,036.62",12,124.39,GBY-22
KC1101453,Endorsement,2024-04-16,2024-04-09,,Auto,Emeric Adeyemi,Kemwood Casualty Co,D,176.31,17.5,$30.85,MCL-15
NS-222015,Renewal,2024-04-16,2024-04-20,2025-04-20,BAUTO,"Wexler Cabinetry, Corp",NORTHGATE SPEC,Agency,9097.73,15,1364.66,HFN-04
SFM92401119,NBS,2024-04-16,2024-04-19,04/19/2025,Gen Liab,Fairweather Auto Body,STANWICK F&M,Direct Bill,65787.32,15,9868.1,GBY-06
PI-3623902,NEW,2024-04-16,2024-04-25,04/25/2025,CAUTO,"Halvorsen Excavating, Inc",PELHAM IND,Direct Bill,72231.31,20,"14,446.26",MCL-15
AM-10882705,CAN,2024-04-16,2024-04-14,,PROP,"Bramble Bakery, Corp",Ardsley Mutual,Agency,-64467.53,10%,-6446.75,GBY-22
SFM42897553,Renewal,2024-04-17,2024-04-30,2025-04-30,CGL,KESSLER HAULAGE LLC,Stanwick Fire & Marine,Agency,2976.81,12.5,372.1,GBY-06
NS-443460,PCH,2024-04-18,2024-04-18,2024-08-18,WORK,"Kowalczyk Haulage, LLC",Northgate Specialty,Agency Bill,"$1,070.50",10,107.05,HFN-04
KC1542049,NEW,2024-04-18,2024-05-06,2025-05-06,CAUTO,FERRARO CONTRACTING LTD,Kemwood,A,"28,959.09",15,"4,343.86",TRW-08
VN415713182,RWL,2024-04-19,2024-04-20,2025-04-20,CGL,"Wexler Freight, LLC",Valebrook Nat'l,A,74157.59,15,"$11,123.64",TRW-02
NS-264136,NBS,2024-04-21,2024-04-23,2025-04-23,CGL,"Boyne Millwork, Ltd",NORTHGATE SPEC,Direct Bill,48678.68,15,"7,301.80",GBY-22
KC4758763,N/B,2024-04-21,2024-04-26,04/26/2025,PROP,"Ashby Millwork, LLC",Kemwood Casualty Co,Agency Bill,"$60,205.77",.15,9030.87,GBY-06
PI-8938936,NBS,2024-04-21,2024-04-28,2025-04-28,PPA,"Wojcik, Noor",PELHAM IND,A,3331.18,,399.74,TRW-08
KC1392357,NBS,2024-04-21,04/28/2024,2025-04-28,Homeowners,"Rasmussen, Malachy",Kemwood Casualty,Direct Bill,856.59,0.15,128.49,MCL-01
PI-1790639,NBS,2024-04-22,2024-05-04,05/04/2025,Homeowners,Priya Rasmussen,Pelham Indemnity,DIRECT BILL,2348.42,12,281.81,MCL-15
NS-480218,RWL,2024-04-22,2024-04-24,2025-04-24,Umbrella,"Calloway Haulage, LLC",NORTHGATE SPEC,DB,1998.17,12.5,249.77,MCL-01
VN346225661,PCH,2024-04-23,2024-04-19,,Commercial Auto,"Marchetti Haulage, LLC",Valebrook,A,"10,124.04",0.175,"1,771.71",GBY-06
AM-26476365,N/B,2024-04-23,2024-05-07,2025-05-07,Homeowners,Noor Vasquez,Ardsley Mutual,Agency,959.64,17.5,167.94,GBY-22
PI-9580827,Endorsement,2024-04-24,2024-04-19,,GL,UNDERHILL DAIRY,Pelham Indemnity Group,Agency Bill,782.66,10,78.27,GBY-22
KC7133275,PCH,2024-04-25,2024-04-18,,General Liability,"Petrossian Foundry, LLC",Kemwood Casualty Co,Agency Bill,-2721.86,0.15,-408.28,TRW-02
KC1422366,Reinstatement,2024-04-25,2024-05-03,2024-10-06,Homeowners,Emeric Sandoval,Kemwood Casualty Co,Direct Bill,654.77,12,78.57,MCL-01
KC4293649,Endorsement,2024-04-26,2024-04-18,2024-06-14,CGL,"Rennick Freight, Inc",Kemwood Casualty,A,-3449.88,0.175,-603.73,HFN-04
NS-067119,Policy Change,2024-04-26,2024-04-24,2024-07-28,PROP,"Marchetti Millwork, Corp",Northgate Specialty,Agency Bill,578.18,20,115.64,HFN-11
SFM00539905,Audit,2024-04-26,2024-02-27,,WORK,Calloway Haulage,Stanwick Fire & Marine,D,7161.72,0.2,"$1,432.34",MCL-01
KC0438572,NBS,2024-04-26,2024-05-01,10/30/2024,Personal Auto,"Aldridge, Vidal",Kemwood Casualty Co,Direct Bill,$704.10,.1,70.41,GBY-22
VN860746249,NBS,2024-04-27,2024-05-04,05/04/2025,Comm Prop,"Wexler Dairy, Corp",Valebrook National,Agency Bill,31532.13,15,"4,729.82",MCL-15
NS-140605,RWL,2024-04-29,05/11/2024,2025-05-11,Workers Comp,"Trask Foundry, Ltd",Northgate Specialty Lines,Agency,28460.18,0.12,"3,415.22",GBY-22
PI-8256995,Policy Change,2024-04-30,2024-04-24,2024-07-29,Commercial Property,"Ashby Fabrication, LLC",Pelham Ind.,D,1164.51,15,174.68,TRW-02
NS-096203,REN,2024-04-30,2024-05-14,2025-05-14,Commercial Property,"Bramble Plumbing & Heating, Inc",NORTHGATE SPEC,AGENCY BILL,20752.01,12,"$2,490.24",TRW-08
PI-2467747,NBS,2024-04-30,2024-05-05,2024-11-03,Auto,Priya Novotny,Pelham Indemnity Group,DB,"$3,889.77",20,$777.95,
SFM59163534,endorsement,2024-04-30,2024-04-24,2025-03-23,Gen Liab,"Renfro Fabrication, Ltd",Stanwick Fire & Marine,A,-4770.7,12.5,-596.34,GBY-06
KC1176024,NBS,2024-04-30,2024-05-06,2025-05-06,CGL,"Trask Printing, Inc",Kemwood Casualty Co,D,"31,174.85",0.15,4676.23,MCL-15
SFM27603205,RWL,2024-05-02,2024-05-02,05/02/2025,Personal Auto,"Okonkwo, Terrence",Stanwick F & M,AB,1001.91,17.5,175.33,TRW-08
PI-5395783,NEW,2024-05-02,2024-05-08,05/08/2025,Commercial Property,"Delacroix Excavating, LLC",PELHAM IND,DIRECT BILL,11144.46,12.5,"1,393.06",MCL-01
SFM31518046,END,2024-05-02,04/26/2024,,PAUTO,Bartholomew Sandoval,STANWICK F&M,Direct,-87.18,12,-10.46,MCL-01
VN376382480,PCH,2024-05-04,05/03/2024,2025-03-01,CAUTO,"Marchetti Millwork, LLC",VALEBROOK NATL,A,"$10,019.59",12,"1,202.35",GBY-06
KC1395356,NBS,2024-05-05,2024-05-08,2025-05-08,Commercial Auto,Dupree Printing,Kemwood,A,29913.58,15,"4,487.04",HFN-04
NS-291136,PCH,2024-05-06,2024-05-06,04/11/2025,General Liability,"Rennick Millwork, LLC",Northgate Specialty,Agency,-883.02,12.5,-110.38,MCL-15
VN247075557,Rewrite,2024-05-06,2024-04-25,2025-04-25,UMB,"Ferraro Fabrication, LLC",Valebrook National,A,"63,894.21",15,9584.13,MCL-01
VN158776131,Renewal,2024-05-06,2024-05-24,2025-05-24,Auto,Rutger Lindgren,VALEBROOK NATL,D,1199.86,12.5,149.98,GBY-22
SFM12090180,New Business,2024-05-08,2024-05-19,2025-05-19,WORK,"Lindqvist Cold Storage, Corp",STANWICK F&M,Agency Bill,41110.28,12.5,"5,138.79",
SFM71459312,NEW,2024-05-08,2024-05-19,05/19/2025,UMBR,Tolliver Electrical,STANWICK F&M,A,47979.82,12.5,5997.48,MCL-15
AM-46204926,PCH,2024-05-08,2024-05-04,,PPA,Josefa Vasquez,Ardsley Mutual,D,311.44,,46.72,TRW-02
PI-1783975,END,2024-05-09,2024-05-08,,Homeowners,Vidal Novotny,Pelham Ind.,D,143.75,12.5,17.97,MCL-15
VN323242602,Renewal,2024-05-09,2024-05-22,2025-05-22,CGL,"Calloway Produce, LLC",Valebrook National,AGENCY BILL,47461.71,.2,"$9,492.34",MCL-15
SFM97075609,RWL,2024-05-09,05/14/2024,2025-05-14,Personal Auto,Rutger Thorne,Stanwick Fire and Marine,Agency Bill,1525.01,17.5,$266.88,MCL-01
AM-34421217,END,2024-05-10,05/08/2024,2024-07-09,CPROP,"Halvorsen Landscaping, LLC",Ardsley Mutual,DB,1010.71,0.15,151.61,GBY-06
NS-366326,New Business,2024-05-10,2024-05-17,2024-11-15,PAUTO,Casimir Sturgeon,Northgate Specialty Lines,A,"$3,368.77",0.2,673.75,MCL-15
NS-680989,Renew,2024-05-11,05/19/2024,2025-05-19,Homeowners,Priya Castellanos,NORTHGATE SPEC,Direct Bill,3265.55,,391.87,TRW-08
VN346225661,Renewal,2024-05-13,2024-05-18,05/18/2025,Commercial Auto,MARCHETTI HAULAGE LLC,VALEBROOK NATL,AGENCY BILL,67631.72,17.5,11835.55,GBY-06
SFM43023692,NBS,2024-05-13,2024-05-30,2025-05-30,Personal Auto,Emeric Lindgren,STANWICK F&M,AB,690.41,15,103.56,GBY-06
SFM09663635,NBS,2024-05-13,2024-05-21,2025-05-21,Commercial Auto,"Ferraro Electrical, Inc",STANWICK F&M,Agency Bill,32457.08,12,3894.85,HFN-11
VN801496253,NBS,2024-05-14,2024-05-30,11/28/2024,HO,Josefa Rasmussen,Valebrook National,DB,"3,751.02",20,750.2,TRW-08
PI-3210456,PCH,2024-05-15,2024-05-13,,Homeowners,Rutger Petrakis,Pelham Ind.,D,208.46,,$31.27,TRW-08
KC6081013,REN,2024-05-15,2024-05-25,2025-05-25,Commercial Auto,"Rennick Roofing, LLC",KEMWOOD CAS,DIRECT BILL,8062.84,17.5,1411,HFN-04
KC6921184,END,2024-05-15,2024-05-14,2025-02-14,BAUTO,"Calloway Roofing, Inc",Kemwood Casualty,DB,508.24,12.5,63.53,GBY-06
SFM86423846,RWL,2024-05-16,2024-05-27,2025-05-27,HOME,Osman Castellanos,Stanwick Fire & Marine,D,1829.13,20,365.83,
VN269718219,NEW,2024-05-17,2024-05-24,05/24/2025,Personal Auto,Adaeze Adeyemi,Valebrook National,A,2244.24,0.15,$336.64,TRW-08
KC5631297,New Business,2024-05-18,2024-06-01,2025-06-01,Comm Umbrella,"Renfro Machine Works, Corp",Kemwood Casualty,Direct Bill,46576.18,15,"6,986.43",TRW-08
VN722279861,Cancel,2024-05-18,2024-05-14,,Auto,"Ostrander Fabrication, Inc",VALEBROOK NATL,A,-12826.05,.1,-1282.6,MCL-15
PI-5590287,NBS,2024-05-20,05/29/2024,05/29/2025,CPROP,"Nyquist Freight, Ltd",Pelham Indemnity,A,14364.64,10,1436.46,TRW-02
VN025350399,NEW,2024-05-20,2024-06-04,06/04/2025,Workers Comp,"Ostrander Produce, LLC",Valebrook Nat'l,Agency Bill,14115.17,12,1693.82,MCL-01
AM-56702560,REN,2024-05-20,2024-05-26,2025-05-26,Workers Comp,FERRARO ROOFING INC,Ardsley Mutual,Direct Bill,"73,156.22",15,10973.43,MCL-15
NS-474445,New Business,2024-05-20,2024-05-23,2025-05-23,Comm Prop,"Nyquist Machine Works, LLC",Northgate Specialty,A,21250.06,17.5,3718.76,MCL-01
AM-46204926,RWL,2024-05-20,06/03/2024,12/02/2024,Auto,"Vasquez, Josefa",Ardsley Mut,Direct,2418.26,15,362.74,TRW-02
AM-05462841,Endorsement,2024-05-21,2024-05-18,2024-06-13,CAUTO,"Petrossian Foundry, LLC",Ardsley Mutual Insurance Company,DB,"-6,028.02",.175,-1054.9,MCL-01
PI-1790639,END,2024-05-23,05/18/2024,2025-05-04,Homeowners,Priya Rasmussen,Pelham Indemnity,D,-119.11,12,-14.29,MCL-15
SFM35332498,NBS,2024-05-23,2024-06-10,06/10/2025,Homeowners,Malachy Adeyemi,STANWICK F&M,D,"$3,811.74",.12,457.41,MCL-01
AM-70608537,Endorsement,2024-05-23,05/22/2024,,CPROP,"Lindqvist Electrical, Corp",Ardsley Mutual,Direct Bill,"$8,169.27",12,$980.31,TRW-08
PI-3312302,XLC,2024-05-23,2024-05-20,,HO,Priya Nakagawa,Pelham Indemnity Group,Direct Bill,-916.41,15,-$137.46,TRW-02
PI-7398808,Cancellation,2024-05-24,2024-05-13,,Auto,Josefa Thorne,Pelham Ind.,DIRECT BILL,-1920.24,15,-$288.04,
KC0575592,NBS,2024-05-25,2024-05-26,2025-05-26,CGL,"Tolliver Cabinetry, LLC",Kemwood Casualty Co,DIRECT BILL,"$49,819.21",.15,"7,472.88",GBY-22
AM-83900656,NEW,2024-05-26,2024-05-27,2025-05-27,Work Comp,"Rennick Roofing, Corp",Ardsley Mutual Insurance Company,Agency,12440.2,12,"1,492.82",MCL-15
KC7844848,PCH,2024-05-26,2024-05-17,2025-02-16,PPA,Priya Sandoval,Kemwood Casualty,Direct,397.6,.1,39.76,GBY-06
AM-24526118,PCH,2024-05-27,2024-05-19,11/26/2024,Commercial Property,"Delacroix Freight, Co",Ardsley Mutual,Agency Bill,-190.23,10%,-19.02,HFN-11
SFM43975110,NBS,2024-05-28,2024-06-01,2025-06-01,Gen Liab,"Underhill Auto Body, LLC",Stanwick Fire and Marine,Direct Bill,"$43,583.56",0.1,4358.36,TRW-08
NS-742994,END,2024-05-28,2024-05-23,2025-01-04,Commercial Property,"Ostrander Bakery, LLC",NORTHGATE SPEC,A,"$1,648.81",0.15,247.32,GBY-06
NS-074979,AUD,2024-05-28,2024-04-14,,WORK,"Dupree Millwork, LLC",Northgate Specialty Lines,Agency,388.06,0.1,38.81,TRW-02
SFM54635331,Renew,2024-05-28,06/08/2024,2025-06-08,Personal Auto,Adaeze Sandoval,STANWICK F&M,D,2647.07,12%,$317.65,HFN-04
NS-890029,endorsement,2024-05-29,2024-05-29,,Auto,,Northgate Specialty,AGENCY BILL,"$1,081.77",10,108.18,GBY-22
PI-6742761,Endorsement,2024-05-30,2024-05-24,2024-11-14,Gen Liab,"Ashby Foundry, LLC",Pelham Indemnity Group,Agency Bill,"2,168.39",12.5,271.05,MCL-01
KC9864090,RWL,2024-05-30,2024-06-09,2025-06-09,Commercial Auto,"Delacroix Auto Body, LLC",Kemwood Casualty Co,DIRECT BILL,61944.45,,9291.67,HFN-11
KC4758763,PCH,2024-05-30,2024-05-30,2025-04-26,Comm Prop,ASHBY MILLWORK LLC,Kemwood Casualty Co,AB,5795.94,15,869.39,GBY-06
AM-99327016,Renewal,2024-05-31,2024-06-11,2025-06-11,Commercial Property,"Delacroix Bakery, Corp",Ardsley Mutual Insurance Company,Direct Bill,"22,748.18",15,"$3,412.23",HFN-11
SFM60462661,Renew,2024-05-31,2024-06-02,2025-06-02,PPA,Amara Castellanos,Stanwick Fire and Marine,Direct Bill,2536.05,12,$304.33,TRW-08
NS-480218,endorsement,2024-06-01,2024-05-25,2025-04-24,UMB,CALLOWAY HAULAGE LLC,Northgate Specialty,Direct Bill,326.15,12.5,$40.77,MCL-01
SFM82549307,NBS,2024-06-01,2024-06-05,2024-12-04,PAUTO,Noor Nakagawa,Stanwick Fire & Marine,DIRECT BILL,3684.65,12,442.16,HFN-11
AM-15965504,Endorsement,2024-06-02,2024-05-24,,Personal Auto,"Petrakis, Freya",Ardsley Mutual,D,349.29,,52.39,GBY-22
VN618607023,N/B,2024-06-02,2024-06-16,2025-06-16,WORK,"Trask Auto Body, Ltd",Valebrook National,A,63660.15,10,6366.02,HFN-04
NS-047614,NBS,2024-06-03,2024-06-09,2025-06-09,Personal Auto,Priya Lindgren,Northgate Specialty,DIRECT BILL,2928.44,17.5,512.48,HFN-11
NS-690349,NBS,2024-06-04,06/21/2024,2025-06-21,Auto,Ferraro Printing,NORTHGATE SPEC,D,"$39,893.17",0.1,3989.32,
SFM25420792,Endorsement,2024-06-04,2024-05-28,2024-06-21,HOME,Priya Wojcik,STANWICK F&M,Agency Bill,$177.70,15,26.65,TRW-02
NS-696027,New Business,2024-06-04,2024-06-12,06/12/2025,WORK,Lindqvist Contracting,Northgate Specialty,AB,49130.41,0.15,"7,369.56",
KC1101453,Renewal,2024-06-05,2024-06-12,06/12/2025,Personal Auto,Emeric Adeyemi,Kemwood Casualty Co,D,"1,630.87",17.5%,$285.40,MCL-15
SFM90244528,Endorsement,2024-06-05,2024-06-02,2025-03-17,General Liability,"Halvorsen Auto Body, Co",STANWICK F&M,AB,522.59,10,52.26,GBY-06
SFM42897553,PCH,2024-06-06,2024-05-29,,CGL,"Kessler Haulage, LLC",Stanwick Fire & Marine,Agency Bill,-430.29,0.125,-53.79,GBY-06
KC2365092,Renew,2024-06-06,2024-06-06,2025-06-06,CAUTO,"Wexler Printing, Inc",KEMWOOD CAS,Agency Bill,50776.85,15,"7,616.53",TRW-08
NS-928579,NBS,2024-06-06,2024-06-07,2025-06-07,Auto,Emeric Adeyemi,NORTHGATE SPEC,Direct Bill,"$3,500.95",17.5,612.67,HFN-11
KC6956281,END,2024-06-08,06/04/2024,2024-11-07,Comm Prop,"Kowalczyk Excavating, Inc",Kemwood Casualty,D,-1137.21,17.5,-199.01,MCL-01
PI-7398808,Reinstatement,2024-06-08,2024-06-13,2024-08-20,PAUTO,Josefa Thorne,PELHAM IND,D,"$1,920.24",15,288.04,MCL-15
NS-309974,New Business,2024-06-09,2024-06-16,2025-06-16,WORK,"Bramble Machine Works, Corp",Northgate Specialty Lines,DB,"$31,483.10",17.5,"$5,509.54",MCL-01
PI-4434251,NEW,2024-06-10,2024-06-12,2025-06-12,Commercial Auto,"Marchetti Cold Storage, LLC",Pelham Indemnity,DIRECT BILL,60328.7,0.175,"$10,557.52",GBY-06
KC4293649,Renewal,2024-06-10,06/14/2024,2025-06-14,Gen Liab,"Rennick Freight, Inc",KEMWOOD CAS,Agency Bill,"$29,174.82",17.5,"$5,105.59",HFN-04
PI-7061165,New Business,2024-06-11,06/13/2024,2025-06-13,Commercial Property,"Bramble Dairy, Co",Pelham Indemnity,Agency Bill,"56,264.12",10%,"5,626.41",HFN-04
SFM91122535,Endorsement,2024-06-11,06/06/2024,2024-08-21,WORK,"Halvorsen Foundry, LLC",STANWICK F&M,Direct Bill,-954.12,15%,-$143.12,TRW-08
NS-474445,Endorsement,2024-06-11,2024-06-07,2025-05-23,Commercial Property,"Nyquist Machine Works, LLC",Northgate Specialty,AB,-3278.54,17.5%,-573.74,MCL-01
PI-7398808,PCH,2024-06-12,2024-06-08,08/20/2024,Personal Auto,Josefa Thorne,Pelham Ind.,Direct Bill,$73.67,,11.05,MCL-15
SFM59317951,REN,2024-06-12,2024-06-15,2025-06-15,Umbrella,"Calloway Excavating, LLC",STANWICK F&M,Agency Bill,49700.05,15,"$7,455.01",HFN-11
KC6682767,New Business,2024-06-12,2024-06-23,2024-12-22,Homeowners,Solveig Falkenrath,KEMWOOD CAS,A,"1,340.69",20,268.14,GBY-06
SFM59894428,END,2024-06-13,2024-06-09,01/08/2025,PROP,"Renfro Electrical, Co",Stanwick Fire and Marine,Agency Bill,846.88,,$84.69,TRW-02
VN346225661,Endorsement,2024-06-14,2024-06-07,2025-05-18,Auto,MARCHETTI HAULAGE LLC,VALEBROOK NATL,A,"12,080.85",17.5,"$2,114.15",GBY-06
PI-3744328,NEW,2024-06-14,2024-06-18,2025-06-18,GL,"Ferraro Millwork, LLC",Pelham Indemnity,Agency,"10,719.43",15,1607.91,MCL-15
VN801496253,PCH,2024-06-14,2024-06-10,2024-11-28,HO,Josefa Rasmussen,VALEBROOK NATL,D,394.41,20,78.88,TRW-08
NS-564479,NEW,2024-06-15,2024-06-23,2025-06-23,Homeowners,Ingrid Novotny,Northgate Specialty,A,1117.39,0.2,223.48,GBY-22
NS-580396,Premium Audit,2024-06-15,05/11/2024,,Workers Comp,"Wexler Machine Works, Inc",Northgate Specialty Lines,Agency Bill,-2913.17,12.5,-364.15,TRW-08
SFM79489914,NBS,2024-06-15,2024-07-01,2025-07-01,CAUTO,"Halvorsen Roofing, Inc",Stanwick F & M,Direct,"$19,451.22",10,"$1,945.12",MCL-15
SFM45435178,PCH,2024-06-15,2024-06-06,,PPA,Malachy Guerrero,Stanwick Fire and Marine,Agency Bill,-$355.13,0.175,-62.15,TRW-08
KC7133275,XLC,2024-06-16,2024-06-04,,General Liability,"Petrossian Foundry, LLC",Kemwood Casualty,Agency,"-$4,839.50",15,-725.92,TRW-02
VN322500243,NBS,2024-06-16,07/02/2024,2025-07-02,Commercial Auto,"Halvorsen Millwork, LLC",VALEBROOK NATL,AGENCY BILL,70283.75,12,8434.05,TRW-02
KC7371443,New Business,2024-06-17,2024-06-28,06/28/2025,BAUTO,"Fairweather Welding, LLC",Kemwood Casualty,AB,47286.15,12.5,"$5,910.77",HFN-04
KC3223054,N/B,2024-06-17,06/30/2024,2025-06-30,BAUTO,"Underhill Machine Works, Co",Kemwood Casualty,A,"$39,539.95",12.5,4942.49,
SFM59894428,Endorsement,2024-06-19,2024-06-17,01/08/2025,Commercial Property,"Renfro Electrical, Co",Stanwick Fire and Marine,A,5084.18,10,508.42,
NS-327166,RWL,2024-06-20,2024-06-27,2025-06-27,CGL,Tolliver Machine Works,NORTHGATE SPEC,Agency Bill,36836.63,17.5,6446.41,TRW-02
NS-066294,Renewal,2024-06-20,2024-06-22,2025-06-22,HO,"Aldridge, Freya",Northgate Specialty,AGENCY BILL,"$1,775.21",15,266.28,GBY-06
VN802032265,New Business,2024-06-20,2024-06-20,2025-06-20,General Liability,PETROSSIAN ELECTRICAL INC,Valebrook,AB,7730.29,15,"1,159.54",GBY-06
NS-448674,NBS,2024-06-20,2024-06-29,2025-06-29,CAUTO,"Rennick Auto Body, LLC",NORTHGATE SPEC,A,"$71,499.75",.15,10724.96,GBY-06
SFM43950006,PCH,2024-06-21,2024-06-19,2024-08-04,GL,"Whitcomb Printing, Corp",STANWICK F&M,Direct,7246.92,0.15,"1,087.04",GBY-22
AM-34421217,Renewal,2024-06-21,2024-07-09,07/09/2025,Commercial Property,"Halvorsen Landscaping, LLC",Ardsley Mutual,D,"$14,111.93",15,"2,116.79",GBY-06
NS-360057,NBS,2024-06-21,2024-07-09,2025-07-09,Umbrella,PETROSSIAN DAIRY,NORTHGATE SPEC,D,19063.37,0.15,2859.51,GBY-06
KC9717634,RWL,2024-06-22,2024-06-25,2025-06-25,Commercial Auto,Ashby Printing,Kemwood Casualty,A,"$80,518.37",15,12077.76,HFN-11
AM-63701545,Renewal,2024-06-23,07/10/2024,2025-01-08,Personal Auto,Osman Halloran,Ardsley Mutual Insurance Company,DB,2862,0.15,429.30,HFN-04
VN745433764,PAB,2024-06-24,2024-05-11,,WORK,"Boyne Roofing, LLC",VALEBROOK NATL,Agency Bill,"1,070.00",15,160.5,TRW-08
SFM49207377,RWL,2024-06-24,2024-07-09,2025-07-09,HO3,Bartholomew Novotny,Stanwick F & M,DB,1558.76,12.5,194.85,TRW-02
PI-7398808,PCH,2024-06-24,2024-06-21,,PPA,Josefa Thorne,Pelham Indemnity,Direct Bill,-$382.52,0.15,-57.38,MCL-15
SFM54635331,PCH,2024-06-25,2024-06-25,,Personal Auto,"Sandoval, Adaeze",Stanwick Fire and Marine,DB,465.03,12,$55.80,HFN-04
SFM40632680,New Business,2024-06-26,06/27/2024,2025-06-27,WORK,Ashby Fabrication,Stanwick Fire and Marine,Agency,29674.91,0.12,"$3,560.99",HFN-11
SFM35332498,END,2024-06-26,2024-06-21,06/10/2025,HOME,Malachy Adeyemi,Stanwick Fire & Marine,D,$372.17,12,$44.66,MCL-01
AM-77613776,NBS,2024-06-28,2024-07-06,07/06/2025,CPROP,"Delacroix Dairy, Corp",Ardsley Mutual Insurance Company,D,70350.96,0.12,8442.12,TRW-02
AM-72463784,NEW,2024-06-28,2024-07-08,07/08/2025,Work Comp,CALLOWAY CONTRACTING LLC,Ardsley Mutual,D,69187.55,15,10378.13,HFN-11
NS-788811,New Business,2024-06-29,2024-06-30,2025-06-30,General Liability,"Boyne Roofing, Co",Northgate Specialty Lines,A,"$6,146.56",0.15,921.98,HFN-04
KC6309188,NBS,2024-06-30,2024-07-10,2025-07-10,Work Comp,ARBOGAST AUTO BODY LLC,Kemwood Casualty,Direct Bill,40620.97,15,6093.15,HFN-04
SFM85706852,XLN,2024-06-30,2024-06-28,,BAUTO,"Lindqvist Freight, Ltd",Stanwick Fire and Marine,A,-38574.64,15,-5786.2,MCL-01
SFM48759709,Endorsement,2024-06-30,06/22/2024,2024-08-05,CGL,"Tolliver Excavating, Inc",STANWICK F&M,D,"-$1,745.81",0.12,-209.5,HFN-04
SFM03370283,endorsement,2024-07-01,2024-06-23,2024-10-19,Commercial Property,WHITCOMB PRINTING LLC,Stanwick Fire & Marine,Agency Bill,3539.5,12,$424.74,HFN-04
VN346225661,END,2024-07-02,2024-06-29,2025-05-18,CAUTO,"Marchetti Haulage, LLC",Valebrook Nat'l,A,"-$3,120.44",17.5,-546.08,GBY-06
PI-2083724,Policy Change,2024-07-02,2024-07-02,2024-12-05,Commercial Auto,"Fairweather Roofing, LLC",Pelham Indemnity Group,D,-1079.49,10,-$107.95,HFN-11
KC1395356,PCH,2024-07-03,2024-06-30,2025-05-08,Commercial Auto,Dupree Printing,Kemwood Casualty Co,AB,-2844.23,15,-426.63,HFN-04
PI-3623902,Policy Change,2024-07-03,2024-07-01,,CAUTO,"Halvorsen Excavating, Inc",Pelham Indemnity,Direct Bill,"$1,829.70",20,$365.94,MCL-15
KC2428106,endorsement,2024-07-03,2024-06-26,2024-10-05,Commercial Property,"Fairweather Freight, LLC",Kemwood,Direct Bill,"$1,830.45",20,366.09,HFN-11
KC6862016,Renewal,2024-07-04,2024-07-08,2025-07-08,Commercial Auto,"Lindqvist Electrical, Co",Kemwood Casualty Co,Direct Bill,"$44,947.53",17.5,"7,865.82",HFN-04
SFM12052217,Cancel,2024-07-04,2024-06-28,,GL,Delacroix Dairy,Stanwick Fire & Marine,Agency Bill,-40612.61,10,-4061.26,TRW-02
NS-364407,New Business,2024-07-05,2024-07-14,2025-07-14,UMB,"Boyne Excavating, LLC",NORTHGATE SPEC,Direct,53208.2,12,"$6,384.98",TRW-08
VN385915599,NBS,2024-07-05,2024-07-20,2025-07-20,HOME,Priya Halloran,Valebrook National,DIRECT BILL,3105.89,17.5,543.53,TRW-08
SFM48759709,PCH,2024-07-05,2024-06-27,,GL,"Tolliver Excavating, Inc",Stanwick F & M,Direct Bill,-1110.29,12,-$133.23,HFN-04
KC7642226,NBS,2024-07-06,2024-07-09,2025-07-09,Gen Liab,"Ashby Freight, Co",Kemwood Casualty,A,18461.77,20,"$3,692.35",MCL-15
VN376382480,PCH,2024-07-07,2024-07-01,2025-03-01,BAUTO,MARCHETTI MILLWORK LLC,Valebrook,Agency Bill,-8789.49,.12,"-1,054.74",GBY-06
KC4296054,New Business,2024-07-08,2024-07-13,07/13/2025,PROP,Rennick Freight,Kemwood Casualty Co,DIRECT BILL,"$3,097.78",10,309.78,HFN-04
VN036993785,Cancellation,2024-07-08,06/30/2024,,Commercial Property,"Delacroix Roofing, Co",Valebrook Nat'l,DIRECT BILL,-1942.05,15,-291.31,GBY-22
KC0295532,CAN,2024-07-08,2024-07-04,,Homeowners,Solveig Aldridge,Kemwood Casualty,D,-814.29,12%,-$97.71,HFN-04
AM-24710707,New Business,2024-07-09,2024-07-10,2025-07-10,PAUTO,Josefa Okonkwo,Ardsley Mutual,D,"1,384.73",17.5,242.33,TRW-02
NS-407380,RWL,2024-07-09,2024-07-23,2025-07-23,CAUTO,Boyne Excavating,Northgate Specialty,Agency Bill,74839.84,15,11225.98,GBY-22
VN474291550,Cancel,2024-07-09,2024-07-05,,Commercial Auto,"Bramble Contracting, LLC",Valebrook National,A,-1970.33,12.5,-246.29,MCL-01
NS-867070,NBS,2024-07-10,2024-07-10,2025-07-10,WORK,Standish Machine Works,Northgate Specialty,Agency,31077.9,12%,3729.35,TRW-08
NS-140605,PAB,2024-07-11,05/11/2024,,Work Comp,"Trask Foundry, Ltd",Northgate Specialty,A,2516.51,12,301.98,GBY-22
SFM97244868,NBS,2024-07-12,2024-07-18,2025-07-18,CGL,LINDQVIST CONTRACTING LLC,Stanwick F & M,Agency,47676.09,15,"7,151.41",MCL-15
PI-8256995,RWL,2024-07-12,2024-07-29,2025-07-29,PROP,ASHBY FABRICATION LLC,Pelham Indemnity,D,29821.72,15,"4,473.26",TRW-02
KC4883260,Endorsement,2024-07-12,2024-07-04,,CGL,Lindqvist Freight,KEMWOOD CAS,A,-472.79,10,-47.28,GBY-06
VN234092119,Policy Change,2024-07-12,2024-07-10,,CGL,"Underhill Roofing, Ltd",VALEBROOK NATL,D,-3626.71,12,-435.21,MCL-15
AM-76406752,Renewal,2024-07-13,07/26/2024,2025-07-26,WORK,"Marchetti Fabrication, Ltd",ARDSLEY MUTUAL INS CO,AB,70576.81,10,7057.68,TRW-08
KC5748540,Renewal,2024-07-13,2024-07-30,2025-07-30,Personal Auto,Terrence Aldridge,Kemwood,D,705.22,15,105.78,MCL-01
PI-1752207,endorsement,2024-07-14,2024-07-13,2024-12-25,UMB,"Halvorsen Produce, LLC",Pelham Indemnity,Agency Bill,361.46,10,36.15,TRW-02
NS-255743,NBS,2024-07-15,07/18/2024,2025-07-18,CGL,Bramble Contracting,NORTHGATE SPEC,A,"45,822.27",15,"6,873.34",TRW-02
NS-564479,PCH,2024-07-16,2024-07-11,,HO,Ingrid Novotny,Northgate Specialty,Agency Bill,90.53,0.2,$18.11,GBY-22
NS-284475,RWL,2024-07-17,2024-07-21,2025-07-21,Comm Umbrella,"Underhill Freight, LLC",Northgate Specialty,DIRECT BILL,"$27,200.40",12,3264.05,HFN-11
NS-456996,Renew,2024-07-17,2024-07-28,2025-07-28,General Liability,"Nyquist Cold Storage, LLC",NORTHGATE SPEC,AGENCY BILL,"54,467.18",20,10893.44,GBY-06
AM-44501872,New Business,2024-07-17,2024-07-23,2025-07-23,Auto,Standish Plumbing & Heating,ARDSLEY MUTUAL INS CO,A,55775.49,,"$11,155.10",TRW-08
KC0438572,Endorsement,2024-07-17,2024-07-11,2024-10-30,PAUTO,Vidal Aldridge,Kemwood Casualty Co,D,$38.36,.1,3.84,GBY-22
PI-3758326,Renewal,2024-07-18,2024-07-20,2025-07-20,Workers Comp,DELACROIX COLD STORAGE LTD,Pelham Indemnity,DB,"52,871.01",20,"$10,574.20",TRW-02
NS-066294,PCH,2024-07-20,2024-07-20,2025-06-22,HOME,Freya Aldridge,NORTHGATE SPEC,A,220.59,15,33.09,GBY-06
KC0950613,REN,2024-07-20,2024-08-05,2025-08-05,PROP,"Boyne Cabinetry, LLC",Kemwood,AB,78811.84,12.5,9851.48,GBY-06
KC1392357,Policy Change,2024-07-22,2024-07-16,04/28/2025,HO,Malachy Rasmussen,Kemwood Casualty,Direct,$160.78,15,24.12,MCL-01
AM-56702560,PAB,2024-07-23,05/26/2024,,Workers Comp,"Ferraro Roofing, Inc",Ardsley Mut,DB,"9,765.62",15,"$1,464.84",MCL-15
SFM75616804,RWL,2024-07-24,2024-07-30,07/30/2025,GL,"Bramble Bakery, Inc",Stanwick Fire & Marine,D,79609.33,20,15921.87,HFN-04
VN801496253,Policy Change,2024-07-25,2024-07-21,2024-11-28,HO3,Josefa Rasmussen,Valebrook National,DIRECT BILL,171.82,20,34.36,TRW-08
PI-8712524,New Business,2024-07-26,2024-08-07,2025-08-07,CAUTO,LINDQVIST CONTRACTING LTD,Pelham Ind.,DB,6638,17.5,"1,161.65",TRW-08
NS-067119,Renewal,2024-07-27,2024-07-28,07/28/2025,CPROP,"Marchetti Millwork, Corp",Northgate Specialty,AB,"7,130.53",0.2,1426.11,
PI-9153728,Cancellation,2024-07-27,2024-07-24,,GL,"Tolliver Millwork, Inc",Pelham Indemnity Group,DB,"-31,387.90",12.5,"-$3,923.49",TRW-08
VN618607023,PCH,2024-07-27,2024-07-19,,WORK,"Trask Auto Body, Ltd",Valebrook National,Agency Bill,"-$6,499.90",,-649.99,HFN-04
NS-317097,NBS,2024-07-28,2024-08-02,2025-08-02,CGL,Bramble Foundry,Northgate Specialty,Direct,73175.96,17.5,"$12,805.79",MCL-01
NS-742994,Cancellation,2024-07-29,2024-07-24,,Comm Prop,"Ostrander Bakery, LLC",Northgate Specialty Lines,AGENCY BILL,-8476.75,.15,-1271.51,GBY-06
AM-77115282,XLC,2024-07-29,2024-07-26,,Commercial Property,"Ashby Welding, LLC",ardsley mutual,Direct,"-$24,199.42",12%,-2903.93,GBY-06
SFM85706852,Endorsement,2024-07-29,2024-07-27,,BAUTO,"Lindqvist Freight, Ltd",Stanwick F & M,AGENCY BILL,-10178.7,.15,"-$1,526.80",MCL-01
NS-559240,RWL,2024-07-30,2024-08-17,2025-08-17,BAUTO,"Fairweather Auto Body, Corp",Northgate Specialty,Agency,"67,011.01",,11726.93,TRW-08
KC5488737,Renew,2024-07-30,2024-08-07,2025-08-07,PROP,"Boyne Millwork, LLC",KEMWOOD CAS,Agency,"$12,506.48",12,"$1,500.78",HFN-11
NS-480218,endorsement,2024-07-31,2024-07-24,,UMBR,"Calloway Haulage, LLC",Northgate Specialty Lines,D,233.69,12.5,$29.21,MCL-01
SFM43950006,Renew,2024-07-31,2024-08-04,2025-08-04,CGL,"Whitcomb Printing, Corp",STANWICK F&M,DB,"$46,750.89",15,"$7,012.63",GBY-22
NS-360057,Policy Change,2024-07-31,2024-07-30,2025-07-09,Comm Umbrella,PETROSSIAN DAIRY,Northgate Specialty,D,3288.53,.15,493.28,GBY-06
SFM48684159,New Business,2024-07-31,08/10/2024,08/10/2025,PROP,TRASK FOUNDRY INC,Stanwick Fire & Marine,Agency,53455.94,20,10691.19,GBY-22
VN234092119,PCH,2024-07-31,2024-07-28,,GL,"Underhill Roofing, Ltd",Valebrook,D,-2117.82,12,-254.14,MCL-15
VN036993785,REI,2024-08-01,2024-07-28,2024-11-13,PROP,"Delacroix Roofing, Co",VALEBROOK NATL,Direct,"1,942.05",15,291.31,GBY-22
KC9456849,NBS,2024-08-01,08/19/2024,08/19/2025,UMB,"Marchetti Excavating, LLC",Kemwood Casualty Co,A,69145.07,12.5,"$8,643.13",HFN-11
NS-543238,Policy Change,2024-08-01,2024-07-25,,WORK,Nyquist Millwork,Northgate Specialty,A,"-$2,559.17",15,-$383.88,TRW-08
KC4107692,RWL,2024-08-01,2024-08-18,2025-08-18,CPROP,"Bramble Machine Works, LLC",Kemwood Casualty,Direct,43163.28,12.5,5395.41,HFN-04
NS-443460,Renewal,2024-08-02,2024-08-18,2025-08-18,Work Comp,"Kowalczyk Haulage, LLC",Northgate Specialty,A,24613.56,.1,2461.36,HFN-04
PI-9580827,PCH,2024-08-03,2024-08-02,,Gen Liab,Underhill Dairy,Pelham Indemnity,AGENCY BILL,"$1,559.12",10%,155.91,GBY-22
PI-9118699,PCH,2024-08-03,2024-08-01,2025-02-17,PROP,"Lindqvist Excavating, Co",Pelham Indemnity Group,Direct,-8230.51,12.5,"-$1,028.81",HFN-11
PI-7398808,Renew,2024-08-03,2024-08-20,2025-02-18,PAUTO,Josefa Thorne,Pelham Ind.,D,"$3,901.07",15,$585.16,MCL-15
VN931189587,NBS,2024-08-04,2024-08-18,2025-08-18,Gen Liab,Wexler Plumbing & Heating,Valebrook National,Agency,22227.73,12.5,"$2,778.47",GBY-22
SFM12090180,PCH,2024-08-05,08/02/2024,05/19/2025,WC,"Lindqvist Cold Storage, Corp",STANWICK F&M,A,1516.04,12.5,189.51,HFN-04
NS-075585,Renew,2024-08-05,2024-08-06,2025-08-06,Workers Comp,"Boyne Plumbing & Heating, Co",Northgate Specialty,D,"$16,230.25",0.12,"$1,947.63",HFN-11
KC0438572,Policy Change,2024-08-05,2024-08-03,2024-10-30,PPA,Vidal Aldridge,Kemwood Casualty Co,Direct,58.69,10,$5.87,GBY-22
KC1153023,RWL,2024-08-06,2024-08-08,2025-08-08,CAUTO,"Halvorsen Landscaping, Co",KEMWOOD CAS,D,"38,080.27",12,"$4,569.63",HFN-11
SFM46937492,NBS,2024-08-07,08/22/2024,2025-08-22,Commercial Auto,"Marchetti Freight, LLC",Stanwick Fire & Marine,Direct Bill,68718.39,10,6871.84,TRW-02
SFM43701039,Renewal,2024-08-07,08/11/2024,2025-08-11,CAUTO,"Wexler Electrical, Corp",Stanwick F & M,DIRECT BILL,"64,652.65",,"$9,697.90",MCL-01
SFM28951148,NBS,2024-08-08,2024-08-19,2025-02-17,Auto,Vidal Lindgren,Stanwick Fire & Marine,DIRECT BILL,"1,131.35",,169.70,GBY-06
SFM32561644,Cancellation,2024-08-08,2024-07-31,,General Liability,"Ostrander Welding, LLC",Stanwick Fire & Marine,A,"-$27,423.25",12,-3290.79,MCL-01
PI-3114105,N/B,2024-08-09,2024-08-10,2025-08-10,GL,"Wexler Millwork, Co",Pelham Indemnity Group,Direct Bill,14174.84,0.12,1700.98,
AM-99327016,PCH,2024-08-09,2024-08-09,2025-06-11,CPROP,"Delacroix Bakery, Corp",Ardsley Mutual,D,"$2,040.94",15,306.14,HFN-11
VN415713182,Endorsement,2024-08-09,2024-08-06,2025-04-20,CGL,"Wexler Freight, LLC",VALEBROOK NATL,Agency Bill,"$12,302.96",15,"$1,845.44",TRW-02
KC9864090,PCH,2024-08-10,2024-08-01,2025-06-09,BAUTO,"Delacroix Auto Body, LLC",Kemwood Casualty,D,8583.07,15,1287.46,HFN-11
VN000167815,NBS,2024-08-10,2024-08-27,2025-08-27,BAUTO,"Petrossian Dairy, LLC",Valebrook,Agency Bill,"$60,490.92",17.5,"10,585.91",MCL-01
PI-4922215,Renewal,2024-08-12,2024-08-24,2025-08-24,Workers Comp,Calloway Bakery,Pelham Indemnity,Agency Bill,5159.18,17.5,902.86,HFN-11
VN228262828,PCH,2024-08-13,08/06/2024,,WORK,"Halvorsen Excavating, Inc",Valebrook,Direct Bill,6466.76,17.5,"1,131.68",HFN-04
AM-35656160,PCH,2024-08-14,2024-08-12,2024-11-29,WC,"Boyne Auto Body, Ltd",Ardsley Mut,Agency,5382.99,10,538.3,HFN-04
VN461565437,Audit,2024-08-14,2024-04-25,,Workers Comp,"Underhill Excavating, LLC",Valebrook National,Direct,"12,000.51",15,1800.08,HFN-04
SFM92509992,REN,2024-08-15,2024-08-22,2025-08-22,CAUTO,"Rennick Millwork, Inc",STANWICK F&M,Direct Bill,"75,209.23",12,9025.11,MCL-01
AM-46204926,XLC,2024-08-15,2024-08-03,,PAUTO,Josefa Vasquez,Ardsley Mutual,DB,-1607.74,15,-241.16,TRW-02
KC8508877,N/B,2024-08-17,2024-08-21,2025-08-21,CGL,"Boyne Bakery, Inc",Kemwood Casualty,DIRECT BILL,"4,509.01",12.5,$563.63,HFN-04
PI-1790639,PCH,2024-08-17,08/13/2024,,HOME,"Rasmussen, Priya",Pelham Ind.,D,198.77,.12,23.85,MCL-15
SFM42897553,PCH,2024-08-17,2024-08-08,2025-04-30,CGL,"Kessler Haulage, LLC",STANWICK F&M,A,378.1,12.5%,47.26,GBY-06
PI-4377229,PCH,2024-08-17,2024-08-14,,Comm Prop,"Tolliver Cabinetry, Corp",Pelham Indemnity,DIRECT BILL,"-$3,679.59",12.5,-$459.95,MCL-01
AM-34421217,Policy Change,2024-08-18,2024-08-14,2025-07-09,Comm Prop,"Halvorsen Landscaping, LLC",Ardsley Mut,Direct,"-$2,013.93",15,-302.09,GBY-06
VN523842487,RWL,2024-08-18,2024-08-24,2025-08-24,CAUTO,"Whitcomb Excavating, LLC",Valebrook Nat'l,Agency Bill,12330.79,15,1849.62,GBY-06
KC9408633,PCH,2024-08-18,2024-08-17,,WC,"Ostrander Roofing, Co",Kemwood Casualty,Direct,3557.94,10,355.79,HFN-04
SFM79387086,Non-Renewal,2024-08-18,2024-10-27,,Commercial Auto,Petrossian Foundry,Stanwick Fire & Marine,Direct Bill,$0.00,0.15,$0.00,MCL-01
KC6682767,Endorsement,2024-08-18,2024-08-18,2024-12-22,Homeowners,"Falkenrath, Solveig",Kemwood Casualty Co,A,235.9,20,47.18,GBY-06
PI-4496495,Endorsement,2024-08-19,2024-08-19,,WORK,"Fairweather Plumbing & Heating, Co",Pelham Indemnity,DB,"$3,155.89",12.5,394.49,TRW-02
VN867623526,RWL,2024-08-19,2024-08-30,2025-08-30,General Liability,"Rennick Plumbing & Heating, Co",Valebrook National,A,7013.73,10,$701.37,MCL-15
SFM42687674,NBS,2024-08-19,2024-09-02,09/02/2025,Auto,Josefa Thorne,Stanwick F & M,DB,2662.1,15,399.32,TRW-02
KC4758763,PCH,2024-08-19,08/12/2024,,PROP,"Ashby Millwork, LLC",Kemwood Casualty,Agency,-10729.28,0.15,"-1,609.39",GBY-06
SFM08930705,NBS,2024-08-20,2024-08-23,2025-08-23,CGL,"Renfro Haulage, Corp",STANWICK F&M,Agency Bill,10801.33,15,"$1,620.20",MCL-15
SFM92401119,PCH,2024-08-21,2024-08-13,2025-04-19,CGL,Fairweather Auto Body,STANWICK F&M,D,"$5,539.17",15,830.88,GBY-06
SFM84370561,N/B,2024-08-21,2024-09-04,2025-09-04,General Liability,"Calloway Machine Works, LLC",STANWICK F&M,AB,"39,462.25",15,"5,919.34",MCL-01
SFM54635331,PCH,2024-08-21,2024-08-12,2025-06-08,Auto,Adaeze Sandoval,STANWICK F&M,D,$155.48,12,18.66,HFN-04
KC5128290,NBS,2024-08-21,2024-08-23,2025-08-23,Comm Auto,"Marchetti Fabrication, LLC",Kemwood,A,17980.8,,"$1,798.08",HFN-04
SFM33966980,PCH,2024-08-22,2024-08-13,,Commercial Property,"Ferraro Welding, LLC",Stanwick Fire & Marine,D,4026.76,15,604.01,MCL-01
NS-066294,PCH,2024-08-22,2024-08-18,,Homeowners,Freya Aldridge,Northgate Specialty,AB,288.11,15,$43.22,GBY-06
AM-63984602,XLN,2024-08-22,2024-08-21,,HOME,Yolanda Vasquez,Ardsley Mutual,D,-264.74,0.2,-52.95,TRW-08
VN413107115,PCH,2024-08-22,2024-08-15,,GL,Fairweather Foundry,Valebrook National,DB,$514.96,15,77.24,TRW-02
KC9425453,endorsement,2024-08-23,08/18/2024,,CGL,"Wexler Contracting, Ltd",KEMWOOD CAS,D,"2,233.66",10,$223.37,GBY-06
SFM09839403,NEW,2024-08-24,2024-09-09,2025-09-09,Commercial Property,"Halvorsen Machine Works, LLC",STANWICK F&M,Direct Bill,37926.12,.12,"4,551.13",GBY-22
NS-222015,endorsement,2024-08-24,2024-08-18,2025-04-20,Auto,"Wexler Cabinetry, Corp",NORTHGATE SPEC,A,"1,436.09",15,$215.41,HFN-04
NS-165941,Renew,2024-08-26,2024-09-02,2025-09-02,CGL,"Ferraro Dairy, Co",Northgate Specialty,AGENCY BILL,34269.44,10,3426.94,MCL-15
NS-268979,Renew,2024-08-27,2024-09-05,2025-03-06,PAUTO,Bartholomew Thorne,Northgate Specialty,Direct,3547.59,,425.71,GBY-06
VN413107115,Endorsement,2024-08-27,2024-08-18,2024-11-23,GL,Fairweather Foundry,VALEBROOK NATL,DB,452.89,15,67.93,TRW-02
SFM60462661,PCH,2024-08-27,2024-08-25,2025-06-02,PPA,Amara Castellanos,Stanwick Fire and Marine,DIRECT BILL,-287.29,12,-$34.47,
PI-9706615,REN,2024-08-28,2024-09-09,2025-09-09,WORK,"Petrossian Plumbing & Heating, Co",Pelham Indemnity,Agency Bill,31915.3,0.1,"3,191.53",GBY-22
AM-35656160,XLC,2024-08-28,2024-08-19,,WORKERS COMPENSATION,"Boyne Auto Body, Ltd",ARDSLEY MUTUAL INS CO,A,"-9,525.30",10%,-952.53,HFN-04
AM-42643776,N/B,2024-08-28,2024-08-28,08/28/2025,General Liability,"Ferraro Welding, LLC",Ardsley Mut,Agency Bill,16438.46,12.5,2054.81,TRW-02
KC0608394,Endorsement,2024-08-29,2024-08-26,2025-01-14,HOME,Emeric Petrakis,Kemwood Casualty,DIRECT BILL,-489.3,12,-58.72,TRW-02
KC1275683,Endorsement,2024-08-30,08/27/2024,,PPA,Noor Okonkwo,Kemwood Casualty,D,-147.59,17.5,-25.83,MCL-15
PI-1529510,NEW,2024-08-30,2024-09-05,2025-09-05,PAUTO,Osman Nakagawa,Pelham Indemnity Group,Direct,1750.91,15,262.64,GBY-06
SFM22128484,N/B,2024-08-30,09/10/2024,2025-09-10,Workers Comp,"Trask Welding, Corp",Stanwick Fire and Marine,Agency,"$60,295.21",15,9044.28,HFN-04
VN369549786,END,2024-08-30,08/24/2024,,PPA,Beatriz Nakagawa,Valebrook National,D,594.63,20,118.93,MCL-15
AM-46204926,Reinstate,2024-08-30,2024-08-28,2024-12-02,Auto,Josefa Vasquez,ARDSLEY MUTUAL INS CO,D,1607.74,15,241.16,TRW-02
SFM90223197,NBS,2024-08-31,2024-09-07,2025-09-07,UMBR,"Whitcomb Contracting, LLC",Stanwick Fire & Marine,Agency Bill,"42,658.70",10,4265.87,TRW-08
SFM09679669,New Business,2024-08-31,2024-09-13,2025-09-13,WORK,"Kowalczyk Plumbing & Heating, LLC",Stanwick Fire and Marine,AGENCY BILL,"$54,918.82",17.5,"$9,610.79",MCL-01
KC8338915,NBS,2024-08-31,2024-09-07,2025-03-08,HOME,Ingrid Rasmussen,Kemwood,Direct,2819.02,15%,$422.85,GBY-06
AM-83900656,PCH,2024-09-01,2024-08-23,05/27/2025,WORK,RENNICK ROOFING CORP,Ardsley Mutual Insurance Company,AB,1079.6,.12,129.55,MCL-15
KC7435476,NBS,2024-09-01,2024-09-15,2025-09-15,CAUTO,DUPREE EXCAVATING CO,Kemwood Casualty,Agency Bill,"32,414.81",12,"$3,889.78",TRW-02
AM-96774600,NBS,2024-09-02,2024-09-04,2025-09-04,HO3,Ingrid Halloran,Ardsley Mutual Insurance Company,Direct,3298.63,15,494.79,HFN-04
VN252744419,RWL,2024-09-02,09/13/2024,2025-09-13,Workers Comp,FAIRWEATHER CABINETRY,VALEBROOK NATL,Direct Bill,40975.94,,8195.19,MCL-15
KC9425453,Renew,2024-09-02,2024-09-19,2025-09-19,GL,"Wexler Contracting, Ltd",Kemwood,Direct Bill,"$18,883.19",10,1888.32,GBY-06
KC7642226,PCH,2024-09-03,2024-09-03,,Gen Liab,ASHBY FREIGHT CO,Kemwood Casualty,A,"-2,109.48",20,-421.90,MCL-15
PI-7596983,Endorsement,2024-09-03,2024-08-28,2024-11-24,Commercial Property,OSTRANDER FREIGHT LLC,Pelham Indemnity Group,AB,3566.11,0.15,534.92,HFN-11
SFM60462661,PCH,2024-09-03,08/31/2024,2025-06-02,PPA,Amara Castellanos,STANWICK F&M,D,-103.74,12,-12.45,
SFM43950006,Endorsement,2024-09-04,2024-09-02,2025-08-04,CGL,"Whitcomb Printing, Corp",STANWICK F&M,Direct,996.29,15,149.44,GBY-22
NS-559240,PCH,2024-09-05,2024-08-28,2025-08-17,CAUTO,"Fairweather Auto Body, Corp",Northgate Specialty Lines,AB,"$9,145.70",,1600.5,TRW-08
PI-8772918,XLC,2024-09-05,2024-08-30,,GL,"Bramble Contracting, Ltd",Pelham Indemnity,Direct Bill,"-$26,407.72",12,-3168.93,GBY-22
SFM71459312,endorsement,2024-09-06,2024-08-31,2025-05-19,Umbrella,Tolliver Electrical,Stanwick F & M,A,"6,827.58",12.5,853.45,MCL-15
NS-291136,PCH,2024-09-07,08/30/2024,,General Liability,"Rennick Millwork, LLC",Northgate Specialty,A,"$3,477.09",12.5,434.64,
VN451339954,New Business,2024-09-07,2024-09-10,2025-09-10,WORK,"Whitcomb Bakery, LLC",Valebrook National,DB,"$51,376.79",15,"7,706.52",TRW-02
KC9864090,Endorsement,2024-09-07,08/29/2024,2025-06-09,Auto,"Delacroix Auto Body, LLC",Kemwood Casualty,D,9758.2,.15,1463.73,HFN-11
AM-28743124,NBS,2024-09-10,2024-09-21,2025-09-21,PROP,"Delacroix Cabinetry, Co",Ardsley Mutual Insurance Company,A,28995.04,12,3479.4,MCL-01
PI-9580827,END,2024-09-10,2024-09-06,,General Liability,Underhill Dairy,PELHAM IND,AGENCY BILL,-504.17,,-50.42,GBY-22
SFM91793064,RWL,2024-09-10,2024-09-22,2025-09-22,UMBR,KOWALCZYK CABINETRY LLC,Stanwick Fire & Marine,D,"$72,138.64",15,10820.8,TRW-02
AM-74611821,Cancel,2024-09-11,2024-09-03,,UMB,"Calloway Excavating, LLC",Ardsley Mutual,DB,-7209.72,12%,-865.17,GBY-06
KC6426632,New Business,2024-09-11,09/26/2024,2025-09-26,Commercial Property,"Kessler Machine Works, LLC",Kemwood Casualty,A,46022.88,,"5,522.75",
NS-293415,XLC,2024-09-11,2024-09-10,,PROP,"Kowalczyk Millwork, Corp",NORTHGATE SPEC,A,"-2,358.38",.1,-235.84,
KC2365092,PCH,2024-09-12,2024-09-07,,Commercial Auto,"Wexler Printing, Inc",Kemwood,A,5330.34,.15,799.55,TRW-08
PI-3926801,NBS,2024-09-14,2024-10-02,10/02/2025,GL,"Kowalczyk Freight, Corp",PELHAM IND,A,"$10,744.50",15,1611.68,HFN-04
AM-24526118,PCH,2024-09-14,2024-09-05,2024-11-26,Comm Prop,"Delacroix Freight, Co",ardsley mutual,A,108.52,,10.85,HFN-11
SFM59317951,PCH,2024-09-14,2024-09-05,2025-06-15,UMBR,"Calloway Excavating, LLC",Stanwick Fire and Marine,A,"$9,015.65",0.15,"1,352.35",HFN-11
NS-615588,AUD,2024-09-15,2024-05-21,,WORK,"Marchetti Welding, Corp",NORTHGATE SPEC,Agency,"2,215.65",.125,$276.96,GBY-22
AM-44597277,Cancellation,2024-09-15,09/03/2024,,Comm Auto,"Renfro Printing, LLC",ARDSLEY MUTUAL INS CO,A,"-11,309.77",0.1,"-$1,130.98",MCL-15
AM-02158373,NBS,2024-09-15,09/26/2024,2025-09-26,Comm Prop,TOLLIVER CONTRACTING LLC,Ardsley Mut,D,58725.43,10,5872.54,TRW-02
AM-41923973,New Business,2024-09-16,2024-10-02,10/02/2025,Commercial Property,"Boyne Haulage, LLC",ardsley mutual,DB,"$12,621.34",12.5,"1,577.67",GBY-22
NS-107783,New Business,2024-09-16,10/04/2024,2025-10-04,Workers Comp,"Calloway Millwork, Ltd",Northgate Specialty,Agency,"13,154.45",,1973.17,HFN-04
PI-9330633,Renew,2024-09-16,2024-09-25,09/25/2025,Auto,"Wojcik, Vidal",Pelham Indemnity,DIRECT BILL,1109.3,15,166.4,GBY-22
SFM32839916,Policy Change,2024-09-17,2024-09-11,2024-11-13,Commercial Property,DELACROIX ROOFING CO,Valebrook National,Direct,-$263.37,15,-39.51,GBY-22
PI-3312302,Endorsement,2024-09-17,2024-09-11,,HO,Priya Nakagawa,Pelham Indemnity Group,D,72.58,15,$10.89,TRW-02
KC4204142,Endorsement,2024-09-17,2024-09-13,2025-03-07,Commercial Property,"Renfro Fabrication, Co",Kemwood Casualty,DB,4867.27,20,973.45,TRW-02
NS-003175,Cancellation,2024-09-17,2024-09-14,,WC,"Halvorsen Plumbing & Heating, Corp",NORTHGATE SPEC,D,-14818.72,12.5%,-1852.34,GBY-22
NS-914183,NBS,2024-09-18,2024-10-02,2025-10-02,WORKERS COMPENSATION,Arbogast Cold Storage,Northgate Specialty,A,"$37,314.73",17.5,6530.08,HFN-04
PI-7061165,Endorsement,2024-09-18,2024-09-09,2025-06-13,Comm Prop,"Bramble Dairy, Co",PELHAM IND,Agency Bill,"-$3,549.86",10,-$354.99,HFN-04
PI-3114105,PCH,2024-09-18,09/16/2024,,GL,"Wexler Millwork, Co",Pelham Indemnity,DIRECT BILL,-724.87,.12,-86.98,TRW-02
PI-8243699,NBS,2024-09-18,2024-09-19,2025-09-19,Workers Comp,"Trask Cabinetry, Inc",Pelham Indemnity,Agency Bill,32352.9,12,3882.35,TRW-02
AM-44597277,REI,2024-09-18,2024-09-27,2025-04-18,Comm Auto,"Renfro Printing, LLC",ardsley mutual,Agency,11309.77,10,"$1,130.98",MCL-15
AM-63984602,Reinstate,2024-09-18,2024-09-10,2024-11-26,Homeowners,Yolanda Vasquez,Ardsley Mutual,D,264.74,20%,$52.95,TRW-08
NS-512979,REW,2024-09-19,2024-09-08,2025-09-08,HO,Marguerite Castellanos,NORTHGATE SPEC,A,"$1,391.82",17.5,$243.57,MCL-01
KC1422366,Renew,2024-09-19,2024-10-06,2025-10-06,Homeowners,Emeric Sandoval,Kemwood Casualty,Direct,1410.04,12,169.20,MCL-01
SFM71459312,PCH,2024-09-19,09/12/2024,2025-05-19,UMB,Tolliver Electrical,Stanwick Fire and Marine,Agency Bill,7044.08,0.125,880.51,MCL-15
NS-541540,Renew,2024-09-19,2024-09-23,2025-09-23,HOME,Casimir Castellanos,Northgate Specialty Lines,D,1665.57,17.5,291.47,TRW-02
SFM00447308,Renewal,2024-09-20,2024-10-06,2025-10-06,Auto,Solveig Halloran,Stanwick Fire and Marine,Direct,917.24,0.15,137.59,TRW-08
PI-3744328,PCH,2024-09-20,2024-09-12,,Gen Liab,FERRARO MILLWORK LLC,Pelham Indemnity Group,AGENCY BILL,"-$1,946.59",15,-$291.99,MCL-15
VN016661244,NBS,2024-09-20,2024-10-03,10/03/2025,CGL,"Fairweather Cold Storage, Co",Valebrook,A,30036.39,0.125,"3,754.55",GBY-06
AM-25480314,New Business,2024-09-20,2024-10-05,2025-10-05,PROP,"Lindqvist Auto Body, Co",Ardsley Mutual,D,68221.8,12%,"8,186.62",MCL-15
NS-752722,Renewal,2024-09-20,2024-09-20,09/20/2025,BAUTO,UNDERHILL AUTO BODY LLC,Northgate Specialty,D,18025.53,15%,2703.83,GBY-22
KC2365092,PCH,2024-09-21,2024-09-19,2025-06-06,BAUTO,"Wexler Printing, Inc",Kemwood Casualty Co,A,1521.77,15%,228.27,TRW-08
KC8338915,PCH,2024-09-21,2024-09-21,2025-03-08,HOME,Ingrid Rasmussen,Kemwood,D,-$142.08,15,-21.31,GBY-06
SFM90091558,PCH,2024-09-23,2024-09-15,2024-12-13,CGL,Halvorsen Welding,Stanwick F & M,Direct,1494.05,15,224.11,GBY-22
VN700852441,REN,2024-09-23,2024-10-04,2025-10-04,Work Comp,"Delacroix Contracting, Ltd",VALEBROOK NATL,Agency,11875.5,15,1781.33,GBY-22
KC5128290,PCH,2024-09-25,2024-09-16,2025-08-23,CAUTO,"Marchetti Fabrication, LLC",Kemwood Casualty Co,A,744.01,.1,74.40,HFN-04
AM-29947237,NBS,2024-09-27,2024-10-10,10/10/2025,Gen Liab,"Nyquist Haulage, Inc",ARDSLEY MUTUAL INS CO,Direct Bill,14855.08,12.5,1856.89,HFN-04
KC4057722,PCH,2024-09-27,2024-09-21,2024-10-12,Commercial Property,"Nyquist Excavating, Co",KEMWOOD CAS,AB,"$1,461.21",20,$292.24,TRW-08
SFM48684159,PCH,2024-09-27,2024-09-21,,Commercial Property,TRASK FOUNDRY INC,Stanwick F & M,AB,3917.12,20,783.42,GBY-22
SFM45535954,New Business,2024-09-28,10/09/2024,2025-10-09,PROP,"Petrossian Electrical, Inc",Stanwick Fire & Marine,Agency,31796.95,17.5,5564.47,HFN-11
KC5639249,NBS,2024-09-28,2024-10-12,2025-10-12,WORK,"Bramble Contracting, Co",Kemwood Casualty,A,72976.55,12.5,"9,122.07",MCL-01
SFM28951148,Endorsement,2024-09-28,09/28/2024,,Auto,Vidal Lindgren,Stanwick Fire & Marine,Direct Bill,64.63,15,9.69,GBY-06
SFM14955130,PCH,2024-09-29,2024-09-23,,BAUTO,"Halvorsen Excavating, Inc",Stanwick Fire and Marine,AB,"-$10,602.53",0.12,"-$1,272.30",MCL-01
AM-37211964,NEW,2024-09-29,10/01/2024,2025-10-01,Auto,Osman Aldridge,Ardsley Mutual,Direct,"$2,081.72",10%,208.17,HFN-11
PI-1311432,Renewal,2024-09-29,2024-09-30,2025-09-30,General Liability,"Kowalczyk Landscaping, LLC",PELHAM IND,Direct Bill,70602.31,15,"$10,590.35",MCL-01
NS-293415,REI,2024-09-29,2024-10-16,2025-01-04,Commercial Property,"Kowalczyk Millwork, Corp",NORTHGATE SPEC,Agency,2358.38,0.1,$235.84,GBY-22
PI-3467270,RWL,2024-09-30,2024-10-14,2025-10-14,BAUTO,"Bramble Auto Body, Co",PELHAM IND,A,57589.39,12,6910.73,HFN-11
KC9717634,Cancel,2024-09-30,2024-09-24,,CAUTO,Ashby Printing,Kemwood,AB,-60443.93,15,-9066.59,HFN-11
VN286143612,NBS,2024-10-01,2024-10-15,2025-10-15,PPA,Priya Rasmussen,Valebrook National,D,"2,128.69",.12,255.44,
SFM31518046,RWL,2024-10-02,2024-10-07,2025-04-07,PAUTO,Bartholomew Sandoval,Stanwick Fire & Marine,Direct,555.20,12,66.62,MCL-01
KC4057722,RWL,2024-10-03,2024-10-12,2025-10-12,PROP,"Nyquist Excavating, Co",Kemwood Casualty,Agency,"$22,374.90",20,"4,474.98",TRW-08
PI-2377847,Renewal,2024-10-03,2024-10-07,2025-10-07,BAUTO,Halvorsen Welding,PELHAM IND,Direct,7998.89,15,"$1,199.83",GBY-22
PI-8700746,Endorsement,2024-10-03,2024-09-26,2025-02-06,BAUTO,"Petrossian Bakery, Inc",Pelham Ind.,A,3463.93,0.175,606.19,GBY-06
KC8236963,New Business,2024-10-03,10/08/2024,2025-10-08,Commercial Auto,"Lindqvist Cold Storage, Co",Kemwood,Agency Bill,47430.37,12,5691.64,HFN-04
PI-3312302,Policy Change,2024-10-04,2024-09-28,2024-11-17,HOME,Priya Nakagawa,Pelham Indemnity Group,Direct,-264.59,15,-39.69,TRW-02
SFM03370283,RWL,2024-10-04,2024-10-19,2025-10-19,PROP,"Whitcomb Printing, LLC",Stanwick Fire and Marine,Agency Bill,30801.16,.12,3696.14,HFN-04
AM-90991103,Endorsement,2024-10-06,2024-10-03,2024-10-29,Personal Auto,Yolanda Guerrero,Ardsley Mutual,Agency Bill,$289.61,0.12,34.75,HFN-11
PI-3189397,Renew,2024-10-06,2024-10-23,2025-10-23,CGL,"Rennick Landscaping, Co",Pelham Indemnity,D,23456.87,10,2345.69,MCL-01
SFM71391815,END,2024-10-06,2024-10-03,,Umbrella,"Calloway Roofing, Ltd",STANWICK F&M,Agency Bill,3069.47,0.15,460.42,HFN-11
VN270793491,New Business,2024-10-07,10/25/2024,2025-04-25,Homeowners,Rutger Falkenrath,VALEBROOK NATL,Agency Bill,"3,439.09",12,412.69,TRW-02
AM-02158373,Policy Change,2024-10-07,10/07/2024,2025-09-26,PROP,"Tolliver Contracting, LLC",ARDSLEY MUTUAL INS CO,Direct,-4782.53,10,-478.25,TRW-02
NS-682740,PCH,2024-10-08,2024-10-05,,Auto,Ingrid Oyelaran,NORTHGATE SPEC,DIRECT BILL,$430.93,10,43.09,MCL-01
SFM90091558,Endorsement,2024-10-08,2024-10-02,,GL,Halvorsen Welding,STANWICK F&M,DB,"$2,813.81",,$422.07,GBY-22
NS-149141,New Business,2024-10-09,2024-10-12,2025-10-12,Gen Liab,Fairweather Fabrication,Northgate Specialty Lines,Direct Bill,21044.44,17.5,"$3,682.78",GBY-06
PI-1342494,New Business,2024-10-10,2024-10-12,2025-10-12,Homeowners,Terrence Sturgeon,PELHAM IND,DB,863.36,12.5,107.92,MCL-01
VN891623432,N/B,2024-10-10,10/17/2024,2025-10-17,WC,"Arbogast Electrical, LLC",Valebrook Nat'l,DB,51508.51,15,"$7,726.28",HFN-04
AM-15965504,REN,2024-10-10,10/19/2024,2025-04-19,PAUTO,Freya Petrakis,ARDSLEY MUTUAL INS CO,DIRECT BILL,"2,773.20",15,415.98,GBY-22
KC5748540,PCH,2024-10-11,2024-10-05,,PPA,Terrence Aldridge,Kemwood,Direct Bill,$92.11,15,$13.82,MCL-01
SFM91122535,PAB,2024-10-12,08/21/2024,,WORKERS COMPENSATION,"Halvorsen Foundry, LLC",Stanwick Fire & Marine,D,-3306.03,15,-495.9,TRW-08
SFM59317951,Cancel,2024-10-12,2024-10-07,,UMB,"Calloway Excavating, LLC",Stanwick Fire & Marine,Agency,"-$34,177.29",15%,-5126.59,HFN-11
KC5138749,NEW,2024-10-14,2024-10-25,10/25/2025,Comm Prop,"Fairweather Electrical, Corp",Kemwood Casualty,D,18370.61,20,3674.12,
AM-96774600,Endorsement,2024-10-14,2024-10-08,09/04/2025,Homeowners,"Halloran, Ingrid",ARDSLEY MUTUAL INS CO,DB,-353.9,0.15,-53.08,HFN-04
KC9521055,Endorsement,2024-10-14,2024-10-11,2025-01-27,Personal Auto,Noor Guerrero,Kemwood Casualty,Direct,438.32,,65.75,GBY-22
PI-1726057,New Business,2024-10-14,2024-10-23,2025-10-23,GL,Dupree Contracting,Pelham Indemnity,Agency Bill,"$53,002.85",,6360.34,HFN-11
AM-90991103,RWL,2024-10-15,2024-10-29,2025-10-29,Personal Auto,Yolanda Guerrero,Ardsley Mut,A,"$1,888.17",12,226.58,HFN-11
VN387052745,NEW,2024-10-15,2024-10-28,2025-10-28,CAUTO,"Standish Printing, Corp",Valebrook National,Agency Bill,"$5,553.69",12,666.44,TRW-02
NS-559240,PCH,2024-10-15,2024-10-12,2025-08-17,BAUTO,"Fairweather Auto Body, Corp",Northgate Specialty,A,-11942.74,17.5,-2089.98,TRW-08
KC1099323,New Business,2024-10-16,2024-10-30,2025-10-30,Commercial Property,KESSLER FOUNDRY LTD,KEMWOOD CAS,AB,53137.29,0.15,"$7,970.59",TRW-08
NS-510517,NON RENEW,2024-10-16,12/10/2024,,Work Comp,"Wexler Excavating, Inc",Northgate Specialty,Direct,0,12,$0.00,TRW-08
PI-4496495,Endorsement,2024-10-16,10/14/2024,,Work Comp,"Fairweather Plumbing & Heating, Co",Pelham Indemnity,DIRECT BILL,"$5,093.51",12.5%,$636.69,TRW-02
PI-9685329,NBS,2024-10-16,2024-10-27,2025-10-27,GL,"Dupree Fabrication, LLC",PELHAM IND,A,5081.28,10,$508.13,TRW-08
KC4293649,Cancellation,2024-10-17,10/11/2024,,CGL,"Rennick Freight, Inc",Kemwood,A,-19663.03,0.175,-3441.03,HFN-04
VN801444081,Renewal,2024-10-17,2024-10-29,2025-10-29,Work Comp,"Petrossian Cabinetry, Inc",VALEBROOK NATL,AGENCY BILL,51504.54,17.5,"$9,013.29",HFN-11
SFM45435178,Renewal,2024-10-17,2024-10-28,2025-10-28,PAUTO,Malachy Guerrero,STANWICK F&M,A,"2,283.57",17.5,399.62,TRW-08
PI-4519744,New Business,2024-10-18,2024-11-05,11/05/2025,BAUTO,"Tolliver Printing, LLC",PELHAM IND,D,22403.88,10,"$2,240.39",TRW-02
PI-4496495,PCH,2024-10-19,2024-10-13,2025-04-05,WORK,"Fairweather Plumbing & Heating, Co",Pelham Indemnity,Direct Bill,"-3,861.64",12.5,-482.7,TRW-02
NS-872548,NEW,2024-10-20,2024-10-20,2025-10-20,Umbrella,"Rennick Plumbing & Heating, LLC",Northgate Specialty Lines,D,24723,.1,2472.3,MCL-15
VN931189587,XLC,2024-10-20,2024-10-14,,CGL,Wexler Plumbing & Heating,Valebrook,Agency,"-$18,756.55",0.125,-2344.57,GBY-22
PI-2083724,Endorsement,2024-10-21,10/13/2024,,BAUTO,"Fairweather Roofing, LLC",Pelham Ind.,Direct,982.52,10,98.25,HFN-11
VN599127392,PCH,2024-10-22,2024-10-18,2025-02-08,Commercial Auto,"Boyne Produce, Inc",VALEBROOK NATL,Agency Bill,"$2,397.38",.125,299.67,HFN-11
SFM09663635,XLC,2024-10-22,2024-10-15,,Commercial Auto,"Ferraro Electrical, Inc",Stanwick Fire and Marine,A,"-19,385.32",12,"-$2,326.24",HFN-11
VN025350399,PCH,2024-10-23,2024-10-15,06/04/2025,WC,"Ostrander Produce, LLC",Valebrook Nat'l,A,2579.12,0.12,309.49,MCL-01
NS-054810,New Business,2024-10-23,10/29/2024,2025-10-29,Workers Comp,"Dupree Cabinetry, Co",Northgate Specialty,Agency Bill,30430.98,12.5,"$3,803.87",MCL-15
PI-3744328,Endorsement,2024-10-24,2024-10-24,2025-06-18,General Liability,FERRARO MILLWORK LLC,Pelham Indemnity,AB,702.79,15,105.42,MCL-15
VN512182951,N/B,2024-10-24,2024-11-04,2025-05-05,HO3,Casimir Aldridge,Valebrook Nat'l,DIRECT BILL,"3,280.52",.1,328.05,HFN-11
SFM59317951,Reinstatement,2024-10-24,2024-10-31,2025-06-15,Comm Umbrella,"Calloway Excavating, LLC",Stanwick Fire & Marine,Agency Bill,34177.29,15,5126.59,HFN-11
KC5128290,XLC,2024-10-24,2024-10-15,,CAUTO,"Marchetti Fabrication, LLC",Kemwood Casualty Co,AGENCY BILL,-15369.89,.1,-1536.99,HFN-04
KC9408633,RWL,2024-10-25,2024-11-01,2025-11-01,WC,"Ostrander Roofing, Co",Kemwood Casualty Co,Direct,65195.87,10,"$6,519.59",HFN-04
SFM32516822,RWL,2024-10-27,11/04/2024,2025-11-04,CGL,"Calloway Haulage, Corp",Stanwick Fire & Marine,D,46849.59,10,4684.96,HFN-11
KC8338915,XLC,2024-10-27,2024-10-16,,HO3,Ingrid Rasmussen,Kemwood Casualty Co,Direct Bill,-2214.94,15,-332.24,GBY-06
PI-1311432,END,2024-10-28,2024-10-26,,GL,"Kowalczyk Landscaping, LLC",Pelham Indemnity,D,"4,166.33",15,624.95,MCL-01
KC1275683,NON RENEW,2024-10-29,2024-12-22,,PAUTO,Noor Okonkwo,Kemwood Casualty,DIRECT BILL,0,17.5,$0.00,
NS-443460,Premium Audit,2024-10-30,2024-08-18,,WORKERS COMPENSATION,"Kowalczyk Haulage, LLC",Northgate Specialty,Agency Bill,1497.19,10,149.72,HFN-04
VN689573132,NBS,2024-10-30,2024-11-15,11/15/2025,BAUTO,"Arbogast Welding, Corp",Valebrook,Direct Bill,29111.16,12,"3,493.34",MCL-15
KC9456849,PCH,2024-10-30,2024-10-25,,UMBR,"Marchetti Excavating, LLC",Kemwood Casualty,Agency,"$4,696.02",12.5,587,HFN-11
PI-4922215,Premium Audit,2024-10-30,2024-08-24,,Workers Comp,Calloway Bakery,Pelham Indemnity Group,A,732.84,17.5,128.25,HFN-11
VN551602567,RWL,2024-10-30,2024-11-05,2025-11-05,Umbrella,"Standish Cold Storage, Co",Valebrook National,AGENCY BILL,"65,464.09",0.12,7855.69,TRW-08
SFM71391815,REN,2024-10-30,2024-11-14,2025-11-14,Umbrella,"Calloway Roofing, Ltd",Stanwick Fire and Marine,A,42104.1,0.15,"$6,315.62",HFN-11
KC0438572,Renewal,2024-10-30,2024-10-30,2025-04-30,PAUTO,Vidal Aldridge,Kemwood,DIRECT BILL,740.29,10,74.03,GBY-22
KC5748540,END,2024-10-31,2024-10-26,,PAUTO,Terrence Aldridge,Kemwood,D,-55.81,15,-8.37,MCL-01
VN570156740,NBS,2024-10-31,2024-11-06,2025-11-06,Umbrella,"Bramble Haulage, LLC",VALEBROOK NATL,D,22587.52,12.5,2823.44,MCL-15
PI-1783975,Endorsement,2024-11-01,2024-10-31,,Homeowners,Vidal Novotny,Pelham Indemnity Group,D,-73.08,12.5,-9.13,MCL-15
AM-23613803,NBS,2024-11-01,2024-11-10,2025-11-10,BAUTO,"Fairweather Fabrication, Co",Ardsley Mut,Agency,35838.29,20,"7,167.66",TRW-08
KC8338915,Endorsement,2024-11-01,2024-10-29,2025-03-08,HOME,Ingrid Rasmussen,Kemwood Casualty,Direct Bill,-342.24,15,-$51.34,GBY-06
NS-480572,Endorsement,2024-11-02,2024-11-01,2025-02-13,HO,Beatriz Petrakis,Northgate Specialty,D,-568.58,17.5,-99.5,TRW-02
AM-76406752,Premium Audit,2024-11-03,2024-07-26,,WORKERS COMPENSATION,"Marchetti Fabrication, Ltd",ARDSLEY MUTUAL INS CO,Agency Bill,7829.86,10,782.99,TRW-08
VN036993785,RWL,2024-11-03,2024-11-13,2025-11-13,CPROP,"Delacroix Roofing, Co",Valebrook National,D,5515.85,0.15,827.38,GBY-22
SFM09635499,New Business,2024-11-03,2024-11-18,2025-11-18,Auto,"Marchetti Freight, LLC",Stanwick F & M,Agency Bill,66550.25,15,9982.54,HFN-04
KC5128290,Reinstate,2024-11-03,2024-11-21,08/23/2025,BAUTO,"Marchetti Fabrication, LLC",Kemwood Casualty,A,"$15,369.89",,"1,536.99",HFN-04
NS-360057,XLN,2024-11-04,2024-11-01,,UMB,Petrossian Dairy,Northgate Specialty,D,-13057.1,15,-1958.56,
PI-3891445,NBS,2024-11-04,2024-11-17,2025-11-17,CAUTO,"Whitcomb Landscaping, LLC",Pelham Ind.,AB,"12,913.32",10,1291.33,HFN-11
KC9980867,New Business,2024-11-06,2024-11-12,2025-05-13,HOME,Vidal Guerrero,KEMWOOD CAS,D,"$3,003.45",12,360.41,TRW-02
KC8338915,Reinstate,2024-11-06,2024-11-01,2025-03-08,HOME,Ingrid Rasmussen,Kemwood Casualty,Direct Bill,"2,214.94",0.15,332.24,GBY-06
KC2455065,Renewal,2024-11-06,2024-11-17,2025-11-17,Umbrella,"Wexler Cabinetry, LLC",KEMWOOD CAS,A,69889.6,15,10483.44,GBY-22
PI-5590287,PCH,2024-11-07,2024-10-29,,Commercial Property,"Nyquist Freight, Ltd",Pelham Indemnity Group,Agency Bill,1467.87,10%,146.79,TRW-02
VN660701796,NBS,2024-11-08,2024-11-24,2025-11-24,Comm Auto,"Trask Dairy, LLC",VALEBROOK NATL,A,"$73,663.21",12,"$8,839.59",HFN-11
KC8770987,Policy Change,2024-11-08,2024-11-03,2025-02-05,Work Comp,Arbogast Roofing,Kemwood Casualty,Direct,2087.99,15,$313.20,TRW-02
NS-851871,NBS,2024-11-08,2024-11-22,11/22/2025,WORK,ASHBY HAULAGE LLC,Northgate Specialty,Agency,"$15,651.59",10,1565.16,TRW-08
KC1153023,Endorsement,2024-11-09,11/08/2024,2025-08-08,CAUTO,"Halvorsen Landscaping, Co",Kemwood Casualty,Direct Bill,4321.25,12,518.55,
KC5488737,PCH,2024-11-09,2024-11-02,08/07/2025,Commercial Property,"Boyne Millwork, LLC",KEMWOOD CAS,Agency Bill,789.05,0.12,$94.69,HFN-11
PI-3210456,REN,2024-11-10,11/23/2024,2025-11-23,Homeowners,Rutger Petrakis,PELHAM IND,Direct,1832.85,15,274.93,TRW-08
NS-465714,N/B,2024-11-11,2024-11-16,2025-11-16,CGL,WEXLER BAKERY,NORTHGATE SPEC,DB,62280.52,12,7473.66,GBY-22
SFM82549307,PCH,2024-11-11,11/02/2024,,Personal Auto,Noor Nakagawa,STANWICK F&M,D,-$586.04,0.12,-70.32,HFN-11
KC2290055,NBS,2024-11-11,2024-11-15,2025-05-16,Personal Auto,Freya Aldridge,KEMWOOD CAS,DB,2550.83,17.5,446.4,
SFM95382168,Renewal,2024-11-11,11/28/2024,11/28/2025,WORK,"Standish Haulage, Inc",Stanwick F & M,DB,33402.66,10,"$3,340.27",TRW-08
SFM32552599,RWL,2024-11-12,2024-11-13,2025-11-13,Work Comp,"Petrossian Millwork, LLC",Stanwick F & M,Agency Bill,24755.39,15,"$3,713.31",MCL-15
SFM15554137,NBS,2024-11-13,2024-11-26,11/26/2025,Commercial Auto,"Marchetti Electrical, LLC",Stanwick F & M,Agency Bill,"40,349.84",20,8069.97,HFN-11
NS-165941,PCH,2024-11-13,2024-11-07,2025-09-02,CGL,"Ferraro Dairy, Co",NORTHGATE SPEC,Agency Bill,-957.47,10,-95.75,MCL-15
VN028603407,NBS,2024-11-14,11/24/2024,11/24/2025,HOME,Malachy Guerrero,VALEBROOK NATL,D,3861.98,,675.85,HFN-11
VN143773193,NEW,2024-11-14,2024-11-26,2025-11-26,WC,HALVORSEN BAKERY LLC,Valebrook National,AB,58545.39,0.15,8781.81,TRW-02
SFM54145300,N/B,2024-11-14,2024-11-18,11/18/2025,CAUTO,"Ferraro Auto Body, Co",Stanwick Fire & Marine,D,67974.19,15,"10,196.13",MCL-15
VN921739236,Renew,2024-11-14,2024-11-25,2025-11-25,Workers Comp,"Petrossian Contracting, Corp",Valebrook National,D,74818.97,10,7481.9,MCL-01
AM-82114865,END,2024-11-15,2024-11-06,,General Liability,"Boyne Fabrication, LLC",Ardsley Mutual Insurance Company,Direct Bill,"$3,341.78",.2,668.36,GBY-06
VN867623526,PCH,2024-11-15,2024-11-13,2025-08-30,GL,"Rennick Plumbing & Heating, Co",Valebrook National,AGENCY BILL,1163.01,10,116.3,MCL-15
AM-55546408,NBS,2024-11-16,2024-11-26,2025-11-26,Comm Auto,"Wexler Contracting, Co",Ardsley Mutual,Direct Bill,25221.67,0.125,"$3,152.71",TRW-08
AM-69651506,REN,2024-11-17,2024-11-19,2025-11-19,Homeowners,Yolanda Guerrero,ARDSLEY MUTUAL INS CO,Direct Bill,4142.71,17.5,724.97,TRW-02
KC6682767,END,2024-11-17,2024-11-10,,HO,Solveig Falkenrath,KEMWOOD CAS,Agency Bill,-65.54,20%,-13.11,GBY-06
VN387052745,PCH,2024-11-18,2024-11-12,,Comm Auto,"Standish Printing, Corp",VALEBROOK NATL,AB,-$203.67,12%,-24.44,TRW-02
AM-86516015,Renewal,2024-11-18,2024-12-02,2025-12-02,WORKERS COMPENSATION,"Kowalczyk Landscaping, Co",ardsley mutual,Agency,"40,515.72",15,"$6,077.36",GBY-22
NS-480218,Policy Change,2024-11-19,2024-11-10,2025-04-24,Umbrella,"Calloway Haulage, LLC",Northgate Specialty,D,-$191.24,12.5,-23.9,MCL-01
KC4965333,New Business,2024-11-20,2024-12-04,2025-12-04,General Liability,"Underhill Landscaping, Corp",Kemwood,Agency,"$17,865.18",10,1786.52,GBY-06
KC7371443,PCH,2024-11-20,2024-11-13,,Comm Auto,"Fairweather Welding, LLC",Kemwood Casualty,Agency Bill,"$1,992.69",12.5,249.09,HFN-04
VN801496253,RWL,2024-11-20,2024-11-28,2025-05-29,HOME,Josefa Rasmussen,VALEBROOK NATL,Direct Bill,4034.29,20,806.86,TRW-08
AM-63984602,RWL,2024-11-21,2024-11-26,2025-11-26,HOME,Yolanda Vasquez,ARDSLEY MUTUAL INS CO,DIRECT BILL,1078.3,20%,215.66,TRW-08
KC9425453,Policy Change,2024-11-22,2024-11-20,,CGL,"Wexler Contracting, Ltd",KEMWOOD CAS,D,-1016.51,10,-101.65,GBY-06
NS-222015,Cancel,2024-11-24,2024-11-23,,Commercial Auto,"Wexler Cabinetry, Corp",NORTHGATE SPEC,AGENCY BILL,-3688.94,15,-553.34,HFN-04
VN197290074,NEW,2024-11-25,2024-11-29,2025-11-29,Gen Liab,"Rennick Printing, Inc",Valebrook National,A,61037.82,15,9155.67,TRW-02
VN376382480,PCH,2024-11-26,2024-11-22,2025-03-01,Comm Auto,"Marchetti Millwork, LLC",VALEBROOK NATL,Agency,-10333.01,12%,-1239.96,GBY-06
PI-2083724,RWL,2024-11-26,2024-12-05,12/05/2025,BAUTO,"Fairweather Roofing, LLC",PELHAM IND,Direct,6582.92,10%,$658.29,HFN-11
AM-25480314,Cancellation,2024-11-26,2024-11-17,,Commercial Property,"Lindqvist Auto Body, Co",Ardsley Mutual,D,-60184.71,12,"-7,222.17",MCL-15
NS-448674,PCH,2024-11-26,2024-11-21,2025-06-29,BAUTO,"Rennick Auto Body, LLC",Northgate Specialty,A,"$8,456.97",15,1268.55,GBY-06
SFM82549307,RWL,2024-11-27,2024-12-04,2025-06-04,PAUTO,"Nakagawa, Noor",STANWICK F&M,Direct Bill,"3,802.64",0.12,456.32,HFN-11
PI-2937442,PCH,2024-11-27,2024-11-18,,Comm Auto,"Tolliver Roofing, Ltd",Pelham Indemnity,AB,"-5,446.26",12,-653.55,TRW-02
PI-8700746,Endorsement,2024-11-27,2024-11-25,,Commercial Auto,PETROSSIAN BAKERY INC,Pelham Indemnity Group,A,1264.77,17.5,221.33,GBY-06
VN384144632,New Business,2024-11-27,2024-12-02,2025-12-02,BAUTO,"Delacroix Bakery, Corp",Valebrook,A,71449.18,12,8573.9,HFN-04
AM-40086053,New Business,2024-11-29,12/15/2024,12/15/2025,WC,"Ashby Landscaping, LLC",Ardsley Mutual,Agency Bill,"29,538.50",15,"$4,430.77",HFN-04
KC3223054,Endorsement,2024-11-29,2024-11-27,,CAUTO,"Underhill Machine Works, Co",Kemwood Casualty Co,Agency Bill,2931.63,0.125,366.45,GBY-22
VN899646451,XLC,2024-11-30,2024-11-19,,Comm Prop,"Calloway Plumbing & Heating, LLC",VALEBROOK NATL,Direct Bill,-10828.08,.125,-1353.51,TRW-08
AM-25480314,endorsement,2024-12-01,2024-11-29,2025-10-05,PROP,"Lindqvist Auto Body, Co",Ardsley Mut,D,10123.49,12,1214.82,MCL-15
PI-2304482,New Business,2024-12-01,2024-12-08,2025-12-08,WC,"Wexler Cold Storage, Inc",Pelham Ind.,Agency Bill,57000.92,0.15,"8,550.14",MCL-15
PI-0221707,REN,2024-12-01,2024-12-11,2025-12-11,General Liability,Tolliver Produce,Pelham Indemnity,Direct Bill,67560.22,15,10134.03,GBY-06
PI-5801976,NBS,2024-12-02,2024-12-03,2025-12-03,WORK,"Kowalczyk Cabinetry, LLC",Pelham Indemnity Group,AB,17762.9,17.5,3108.51,TRW-08
AM-20153118,NBS,2024-12-02,2024-12-03,2025-06-03,Personal Auto,Priya Wojcik,ARDSLEY MUTUAL INS CO,A,"2,314.12",10,231.41,GBY-22
VN928930496,New Business,2024-12-03,2024-12-08,2025-12-08,General Liability,HALVORSEN AUTO BODY INC,Valebrook National,Direct,41257.42,0.125,5157.18,MCL-15
KC0438572,endorsement,2024-12-03,2024-11-25,,Auto,Vidal Aldridge,Kemwood,Direct Bill,102.94,10,10.29,GBY-22
PI-8712524,PCH,2024-12-04,2024-12-04,,BAUTO,"Lindqvist Contracting, Ltd",Pelham Indemnity,Direct Bill,1156.08,17.5,202.31,TRW-08
AM-27379317,Renewal,2024-12-04,2024-12-13,2025-12-13,Personal Auto,Ingrid Guerrero,Ardsley Mutual,DB,506.2,.15,75.93,MCL-15
KC7563931,Renew,2024-12-04,12/06/2024,2025-12-06,Comm Prop,"Trask Foundry, Inc",KEMWOOD CAS,AB,51837.07,0.15,7775.56,MCL-15
NS-776192,New Business,2024-12-05,12/12/2024,12/12/2025,CGL,"Ostrander Welding, LLC",Northgate Specialty Lines,Agency,"34,008.56",15,"5,101.28",MCL-15
NS-678971,NBS,2024-12-06,2024-12-19,2025-06-19,Auto,Amara Oyelaran,Northgate Specialty Lines,DB,1984.24,,248.03,TRW-02
KC5431532,N/B,2024-12-06,12/18/2024,2025-12-18,Commercial Property,"Fairweather Roofing, Co",Kemwood Casualty Co,A,"21,120.26",10%,"2,112.03",MCL-01
KC4883260,RWL,2024-12-06,2024-12-09,2025-12-09,Gen Liab,Lindqvist Freight,Kemwood Casualty,Agency Bill,"$3,224.91",0.1,322.49,GBY-06
SFM67952841,XLC,2024-12-06,2024-11-29,,CAUTO,"Kowalczyk Cold Storage, Corp",Stanwick Fire & Marine,Agency Bill,-16662.02,0.125,-2082.75,GBY-22
PI-0821547,PCH,2024-12-07,12/06/2024,2025-03-04,Work Comp,"Bramble Dairy, Corp",PELHAM IND,D,$407.37,.15,$61.11,HFN-11
PI-0821547,XLC,2024-12-07,2024-11-27,,WC,"Bramble Dairy, Corp",Pelham Indemnity,DB,"-$1,250.65",15,-187.6,HFN-11
VN801444081,PAB,2024-12-07,2024-10-29,,WORK,"Petrossian Cabinetry, Inc",VALEBROOK NATL,Agency Bill,2377.83,17.5,416.12,HFN-11
PI-7398808,PCH,2024-12-07,2024-12-01,2025-02-18,PPA,Josefa Thorne,Pelham Indemnity,Direct,646.48,15,96.97,MCL-15
AM-17025779,Renewal,2024-12-08,2024-12-11,2025-12-11,Commercial Property,Ostrander Cold Storage,ARDSLEY MUTUAL INS CO,A,15250.58,0.1,1525.06,TRW-02
KC0520981,NBS,2024-12-08,2024-12-13,12/13/2025,WORK,"Dupree Plumbing & Heating, LLC",KEMWOOD CAS,A,"$4,687.62",10,468.76,MCL-01
VN065038015,XLC,2024-12-09,2024-12-01,,General Liability,"Fairweather Bakery, Corp",Valebrook,D,"-$13,769.60",12,"-1,652.35",GBY-22
PI-1752207,Renewal,2024-12-09,2024-12-25,2025-12-25,Comm Umbrella,"Halvorsen Produce, LLC",PELHAM IND,AGENCY BILL,18350.59,10,1835.06,TRW-02
PI-3114105,PCH,2024-12-10,2024-12-05,2025-08-10,General Liability,WEXLER MILLWORK CO,Pelham Indemnity,DB,$552.84,12,66.34,TRW-02
PI-8256995,Policy Change,2024-12-10,2024-12-06,,PROP,"Ashby Fabrication, LLC",Pelham Indemnity Group,Direct,1972.5,15,295.88,TRW-02
KC2779576,PCH,2024-12-10,2024-12-07,02/14/2025,CPROP,Ferraro Landscaping,Kemwood Casualty Co,Agency Bill,"-$4,265.81",12.5,-533.23,GBY-06
NS-049706,New Business,2024-12-10,12/22/2024,2025-12-22,Comm Auto,"Bramble Haulage, Inc",Northgate Specialty,DB,"$20,264.70",12,2431.76,GBY-06
AM-31055631,Endorsement,2024-12-11,2024-12-05,2025-04-12,Homeowners,Casimir Thorne,Ardsley Mutual Insurance Company,Direct Bill,-224.77,15,-33.72,MCL-15
VN523842487,Endorsement,2024-12-12,2024-12-09,2025-08-24,BAUTO,WHITCOMB EXCAVATING LLC,Valebrook Nat'l,A,"-1,987.53",15,-$298.13,GBY-06
VN286143612,Policy Change,2024-12-12,2024-12-12,2025-10-15,PPA,Priya Rasmussen,Valebrook National,Direct Bill,338.43,,$40.61,MCL-01
PI-0821547,Reinstatement,2024-12-12,2025-01-05,2025-03-04,WC,"Bramble Dairy, Corp",Pelham Indemnity,DIRECT BILL,1250.65,15,187.60,HFN-11
PI-7061165,Endorsement,2024-12-13,2024-12-11,2025-06-13,PROP,"Bramble Dairy, Co",Pelham Indemnity,A,6250.04,10,$625.00,HFN-04
KC3272643,NBS,2024-12-13,12/16/2024,2025-12-16,CAUTO,"Standish Produce, LLC",Kemwood,A,4971.35,15,745.7,HFN-04
VN322500243,END,2024-12-14,12/13/2024,2025-07-02,Comm Auto,"Halvorsen Millwork, LLC",VALEBROOK NATL,A,8075.09,12%,969.01,TRW-02
VN415713182,Policy Change,2024-12-15,12/07/2024,04/20/2025,CGL,"Wexler Freight, LLC",VALEBROOK NATL,AGENCY BILL,13143.21,15,"1,971.48",TRW-02
SFM71391815,PCH,2024-12-15,2024-12-12,2025-11-14,UMBR,"Calloway Roofing, Ltd",STANWICK F&M,AB,"-$3,467.26",,-520.09,HFN-11
KC4781119,Non-Renewal,2024-12-16,2025-02-06,,PPA,Emeric Guerrero,KEMWOOD CAS,D,0,15,0,TRW-08
VN676217673,NBS,2024-12-17,01/03/2025,01/03/2026,Comm Auto,"Boyne Haulage, Co",Valebrook National,Direct Bill,"2,794.23",12,335.31,
SFM02461364,New Business,2024-12-17,2025-01-01,2026-01-01,CPROP,"Standish Excavating, Inc",STANWICK F&M,Direct,68340.61,17.5,"$11,959.61",GBY-22
SFM90148248,RWL,2024-12-17,2024-12-25,2025-12-25,CGL,"Bramble Landscaping, LLC",Stanwick Fire & Marine,A,2566.81,15,385.02,MCL-15
NS-510517,REW,2024-12-19,2024-12-10,2025-12-10,Work Comp,"Wexler Excavating, Inc",Northgate Specialty,Direct Bill,"$57,257.28",12,"6,870.87",TRW-08
PI-2304482,END,2024-12-19,2024-12-18,12/08/2025,Work Comp,"Wexler Cold Storage, Inc",Pelham Indemnity,A,3317.31,15,497.6,MCL-15
VN442938317,Endorsement,2024-12-19,12/19/2024,2025-02-02,CGL,"Arbogast Plumbing & Heating, Inc",Valebrook National,D,6080.23,12,729.63,TRW-02
PI-5590287,Endorsement,2024-12-20,12/19/2024,,Comm Prop,"Nyquist Freight, Ltd",PELHAM IND,A,1242.65,10,124.27,TRW-02
SFM33966980,NRA,2024-12-20,2025-02-09,,CPROP,"Ferraro Welding, LLC",Stanwick Fire and Marine,D,$0.00,15,0,MCL-01
VN857767444,New Business,2024-12-20,2024-12-31,2025-07-01,Personal Auto,Casimir Castellanos,Valebrook,DIRECT BILL,3258.63,17.5,$570.26,GBY-06
KC9439020,NEW,2024-12-21,2024-12-21,2025-12-21,WC,"Tolliver Produce, Ltd",Kemwood Casualty Co,AB,56595.88,12,6791.51,HFN-11
PI-7022799,NBS,2024-12-22,2024-12-29,2025-12-29,HOME,Ingrid Thorne,Pelham Indemnity,A,1569.18,15,235.38,TRW-02
SFM88352497,NBS,2024-12-22,01/04/2025,2026-01-04,CGL,"Ostrander Cold Storage, LLC",Stanwick F & M,A,"$48,494.20",0.2,9698.84,TRW-02
VN065038015,Reinstate,2024-12-23,2024-12-15,03/03/2025,GL,"Fairweather Bakery, Corp",Valebrook Nat'l,Direct Bill,"13,769.60",12%,"1,652.35",GBY-22
SFM45535954,PCH,2024-12-24,12/15/2024,2025-10-09,Commercial Property,"Petrossian Electrical, Inc",Stanwick F & M,A,"-$3,006.48",17.5%,-526.13,HFN-11
VN373827030,New Business,2024-12-24,2024-12-27,2025-12-27,PROP,"Calloway Landscaping, Inc",VALEBROOK NATL,A,24472.28,15,3670.84,MCL-15
VN369549786,RWL,2024-12-24,2025-01-05,2026-01-05,Auto,Beatriz Nakagawa,Valebrook National,DB,"3,976.93",20,795.39,MCL-15
NS-293415,Renew,2024-12-24,2025-01-04,2026-01-04,PROP,"Kowalczyk Millwork, Corp",Northgate Specialty,Agency Bill,"$7,718.82",10,771.88,GBY-22
AM-90014069,New Business,2024-12-25,2025-01-06,2026-01-06,PPA,Osman Oyelaran,Ardsley Mutual,Agency,3867.83,10,386.78,HFN-11
NS-925453,NEW,2024-12-25,2024-12-29,2025-12-29,HO3,Yolanda Adeyemi,NORTHGATE SPEC,Direct Bill,"$3,194.71",15,479.21,
VN891623432,XLC,2024-12-25,2024-12-23,,WC,"Arbogast Electrical, LLC",Valebrook National,Direct Bill,-42053.52,15,-6308.03,HFN-04
VN662061287,NBS,2024-12-25,2025-01-06,2026-01-06,UMB,"Delacroix Fabrication, Co",Valebrook National,Agency,"$43,740.96",0.125,5467.62,TRW-08
NS-543238,RWL,2024-12-25,2025-01-11,01/11/2026,Work Comp,Nyquist Millwork,NORTHGATE SPEC,AB,16025.72,15,2403.86,TRW-08
NS-882836,Renewal,2024-12-26,2025-01-03,2026-01-03,BAUTO,"Underhill Landscaping, LLC",Northgate Specialty Lines,A,36452.12,0.12,4374.25,HFN-04
VN329113948,NEW,2024-12-26,2025-01-06,2026-01-06,PPA,Amara Petrakis,VALEBROOK NATL,DIRECT BILL,"2,502.56",15,375.38,MCL-01
SFM54918094,Renewal,2024-12-27,2025-01-13,01/13/2026,General Liability,"Nyquist Contracting, Inc",Stanwick Fire and Marine,Agency Bill,26563.98,15,3984.6,HFN-04
KC4758763,END,2024-12-27,2024-12-22,,Commercial Property,"Ashby Millwork, LLC",Kemwood Casualty Co,AB,"$10,151.28",15,1522.69,
PI-0915559,NBS,2024-12-28,01/15/2025,2026-01-15,UMB,Calloway Freight,PELHAM IND,AGENCY BILL,25884.61,10,2588.46,TRW-08
AM-82114865,XLN,2024-12-28,12/26/2024,,GL,"Boyne Fabrication, LLC",ARDSLEY MUTUAL INS CO,Direct Bill,"-$4,219.25",20,-$843.85,GBY-06
VN700852441,PAB,2024-12-28,2024-10-04,,WC,"Delacroix Contracting, Ltd",Valebrook Nat'l,Agency Bill,2196.7,15,$329.50,GBY-22
AM-42643776,Cancellation,2024-12-28,12/22/2024,,CGL,"Ferraro Welding, LLC",ardsley mutual,Agency Bill,-11214.18,12.5,"-$1,401.77",TRW-02
PI-9706615,Policy Change,2024-12-31,2024-12-22,,Work Comp,"Petrossian Plumbing & Heating, Co",Pelham Indemnity,Agency Bill,-3243.23,10,-324.32,GBY-22
PI-3189397,END,2024-12-31,2024-12-25,2025-10-23,General Liability,"Rennick Landscaping, Co",Pelham Ind.,DB,3219.67,10,321.97,MCL-01
PI-3891445,PCH,2024-12-31,2024-12-25,,Auto,"Whitcomb Landscaping, LLC",PELHAM IND,Agency Bill,327.81,10,32.78,HFN-11
PI-3926801,Policy Change,2025-01-01,2024-12-27,2025-10-02,Gen Liab,"Kowalczyk Freight, Corp",PELHAM IND,Agency,-1579.2,.15,-236.88,HFN-04
KC7563931,Policy Change,2025-01-01,12/30/2024,2025-12-06,Comm Prop,"Trask Foundry, Inc",Kemwood Casualty,AB,"$6,869.51",15,1030.43,MCL-15
VN551554629,REN,2025-01-02,2025-01-06,2026-01-06,CPROP,"Marchetti Foundry, Co",Valebrook Nat'l,AGENCY BILL,61066.74,15,9160.01,HFN-04
KC0608394,Renewal,2025-01-02,01/14/2025,2026-01-14,HOME,Emeric Petrakis,Kemwood Casualty,D,3100.24,12,372.03,TRW-02
NS-049706,New Business,2025-01-03,2025-01-07,2026-01-07,WC,BOYNE FOUNDRY INC,Kemwood,A,"31,067.88",15,4660.18,TRW-08
KC1027895,New Business,2025-01-03,2025-01-14,2026-01-14,Homeowners,"Rasmussen, Ingrid",Kemwood Casualty,A,2174.88,12,260.99,MCL-01
AM-22493265,PCH,2025-01-04,01/02/2025,,Comm Auto,"Calloway Fabrication, Ltd",Ardsley Mutual,D,185,15,27.75,MCL-01
KC0931423,NBS,2025-01-05,2025-01-17,01/17/2026,CGL,Rennick Welding,Kemwood Casualty Co,Agency Bill,15058.03,12%,"$1,806.96",TRW-08
VN660701796,PCH,2025-01-05,2024-12-27,,BAUTO,"Trask Dairy, LLC",Valebrook Nat'l,A,-10953.25,12,-1314.39,HFN-11
AM-86516015,PCH,2025-01-05,2025-01-04,,Work Comp,"Kowalczyk Landscaping, Co",Ardsley Mutual,Agency,-6002.78,15,-900.42,GBY-22
VN252744419,Premium Audit,2025-01-05,2024-09-13,,WORK,Fairweather Cabinetry,Valebrook National,Direct,-4310.92,20,-862.18,MCL-15
KC6814603,NEW,2025-01-05,2025-01-10,01/10/2026,PROP,"Boyne Machine Works, Corp",Kemwood Casualty,Direct,44062.32,15,6609.35,GBY-06
PI-4040253,NEW,2025-01-08,2025-01-23,2026-01-23,Personal Auto,Solveig Halloran,Pelham Ind.,Direct Bill,"$3,516.59",17.5,$615.40,GBY-22
SFM22128484,PCH,2025-01-08,2025-01-06,09/10/2025,Workers Comp,"Trask Welding, Corp",Stanwick Fire & Marine,A,-7989.38,15,-1198.41,HFN-04
SFM66229609,New Business,2025-01-08,2025-01-23,01/23/2026,General Liability,"Nyquist Millwork, LLC",STANWICK F&M,A,71699.37,0.15,10754.91,GBY-06
SFM58385555,New Business,2025-01-09,2025-01-13,2026-01-13,GL,"Boyne Millwork, Inc",Stanwick Fire and Marine,A,"$28,667.96",10%,"2,866.80",HFN-04
KC8631460,NBS,2025-01-09,2025-01-20,2026-01-20,WC,"Delacroix Contracting, Inc",Kemwood Casualty,Direct Bill,"$29,055.72",10,2905.57,MCL-01
NS-309974,XLC,2025-01-09,2025-01-01,,Work Comp,"Bramble Machine Works, Corp",Northgate Specialty Lines,Direct Bill,"-14,318.34",17.5,-2505.71,MCL-01
VN801496253,Endorsement,2025-01-09,2025-01-03,2025-05-29,HO3,Josefa Rasmussen,Valebrook National,DB,181.63,.2,36.33,TRW-08
SFM78886993,New Business,2025-01-10,2025-01-23,01/23/2026,HO3,Beatriz Mercier,Stanwick Fire and Marine,DB,"$1,949.97",12,$234.00,GBY-06
AM-96774600,END,2025-01-10,01/01/2025,2025-09-04,Homeowners,Ingrid Halloran,Ardsley Mutual,Direct,526.19,0.15,78.93,HFN-04
KC0438572,PCH,2025-01-10,2025-01-06,2025-04-30,Personal Auto,Vidal Aldridge,KEMWOOD CAS,D,122,10,$12.20,GBY-22
SFM21287702,RWL,2025-01-11,2025-01-22,2026-01-22,WC,"Kessler Millwork, Inc",STANWICK F&M,AB,38153.11,.175,6676.79,TRW-02
VN424934862,RWL,2025-01-11,2025-01-14,2026-01-14,Commercial Property,ASHBY FREIGHT CORP,Valebrook National,DB,"45,635.89",15,6845.38,MCL-01
SFM36750713,NEW,2025-01-11,2025-01-27,2026-01-27,WORKERS COMPENSATION,"Marchetti Cabinetry, Inc",Stanwick Fire & Marine,D,50335.24,12,6040.23,GBY-22
NS-795288,RWL,2025-01-12,2025-01-14,2026-01-14,WORK,Dupree Excavating,NORTHGATE SPEC,D,69336.02,12,8320.32,HFN-04
AM-49182384,Endorsement,2025-01-12,2025-01-05,,BAUTO,"Arbogast Landscaping, Inc",Ardsley Mutual,DIRECT BILL,-302.92,12.5%,-37.86,GBY-06
VN551602567,END,2025-01-13,2025-01-10,,Umbrella,"Standish Cold Storage, Co",Valebrook National,A,-6595.25,.12,-791.43,TRW-08
SFM60462661,Endorsement,2025-01-13,2025-01-08,2025-06-02,PAUTO,"Castellanos, Amara",Stanwick Fire & Marine,D,$113.97,,$13.68,TRW-08
KC7077510,NBS,2025-01-13,01/26/2025,2026-01-26,PAUTO,Josefa Bhattacharya,KEMWOOD CAS,Direct,842,15,126.30,HFN-11
AM-09188581,N/B,2025-01-14,2025-01-22,2026-01-22,General Liability,"Underhill Dairy, Inc",ARDSLEY MUTUAL INS CO,A,29543.35,.1,2954.34,MCL-15
KC7766172,Non-Renewal,2025-01-14,03/03/2025,,Commercial Property,"Calloway Landscaping, Ltd",Kemwood Casualty Co,Direct,0,15,0,TRW-02
AM-23613803,PCH,2025-01-14,2025-01-07,11/10/2025,CAUTO,"Fairweather Fabrication, Co",Ardsley Mutual Insurance Company,Agency Bill,"1,004.42",20,200.88,TRW-08
VN228262828,PCH,2025-01-15,2025-01-14,,WC,"Halvorsen Excavating, Inc",Valebrook National,D,"-$4,758.78",17.5,-$832.79,HFN-04
PI-8772918,Policy Change,2025-01-15,2025-01-10,2025-02-07,CGL,"Bramble Contracting, Ltd",Pelham Indemnity,Direct,"4,173.93",12,$500.87,GBY-22
SFM09635499,PCH,2025-01-15,2025-01-14,,Comm Auto,"Marchetti Freight, LLC",Stanwick Fire & Marine,AGENCY BILL,"4,558.65",.15,683.8,
NS-047614,PCH,2025-01-15,2025-01-15,,Personal Auto,Priya Lindgren,Northgate Specialty,D,379.4,17.5,$66.40,HFN-11
AM-44575271,REN,2025-01-17,01/23/2025,01/23/2026,WORK,"Standish Machine Works, LLC",ARDSLEY MUTUAL INS CO,AB,21387.94,.175,"3,742.89",HFN-11
SFM02461364,endorsement,2025-01-17,01/17/2025,2026-01-01,Commercial Property,"Standish Excavating, Inc",Stanwick Fire and Marine,Direct,4497.8,,787.12,GBY-22
AM-23613803,Endorsement,2025-01-17,2025-01-14,,BAUTO,"Fairweather Fabrication, Co",Ardsley Mutual,Agency Bill,3051.79,20,610.36,TRW-08
SFM95382168,PCH,2025-01-18,2025-01-18,2025-11-28,WORK,"Standish Haulage, Inc",Stanwick Fire & Marine,DB,-5714.74,10,-571.47,TRW-08
VN158776131,Cancel,2025-01-18,2025-01-16,,Personal Auto,Rutger Lindgren,Valebrook,Direct,-420.77,12.5,-52.6,GBY-22
KC3897834,Renew,2025-01-19,2025-01-21,01/21/2026,BAUTO,"Wexler Millwork, Co",Kemwood Casualty,DB,30974.24,17.5,5420.49,HFN-11
VN421218214,New Business,2025-01-20,2025-01-26,2026-01-26,PAUTO,Bartholomew Rasmussen,Valebrook Nat'l,D,$874.78,12.5,$109.35,HFN-11
VN228262828,PCH,2025-01-20,01/19/2025,2025-04-02,WC,"Halvorsen Excavating, Inc",VALEBROOK NATL,Direct Bill,2973.54,0.175,520.37,HFN-04
AM-15965504,Endorsement,2025-01-20,2025-01-12,2025-04-19,Auto,Freya Petrakis,Ardsley Mutual,Direct,-199.07,15,-29.86,GBY-22
AM-20153118,Policy Change,2025-01-21,2025-01-15,2025-06-03,PAUTO,Priya Wojcik,Ardsley Mutual,AB,171.17,10%,17.12,GBY-22
NS-541540,END,2025-01-21,2025-01-13,2025-09-23,HO,Casimir Castellanos,NORTHGATE SPEC,DB,-296.75,17.5,-51.93,TRW-02
SFM45535954,PCH,2025-01-22,2025-01-20,2025-10-09,CPROP,PETROSSIAN ELECTRICAL INC,Stanwick F & M,AGENCY BILL,5386.88,17.5,942.70,HFN-11
SFM70975814,New Business,2025-01-23,2025-01-26,2026-01-26,BAUTO,"Ferraro Fabrication, LLC",Stanwick Fire and Marine,A,"$18,744.64",12,2249.36,MCL-15
NS-268979,PCH,2025-01-24,2025-01-19,,Personal Auto,Bartholomew Thorne,Northgate Specialty,D,168.12,12,$20.17,GBY-06
KC4296054,XLC,2025-01-25,2025-01-13,,PROP,Rennick Freight,Kemwood Casualty,D,-1536.16,10,-153.62,HFN-04
NS-402053,New Business,2025-01-25,01/25/2025,2026-01-25,BAUTO,"Whitcomb Bakery, Corp",Northgate Specialty,D,"$16,502.11",10,"1,650.21",TRW-02
VN863676797,New Business,2025-01-25,2025-02-09,2026-02-09,PROP,"Marchetti Welding, LLC",Valebrook National,A,48340.1,10,4834.01,HFN-04
VN807791927,RWL,2025-01-26,2025-01-29,2026-01-29,PAUTO,Freya Rasmussen,Valebrook National,D,2359.38,20%,471.88,HFN-04
PI-8071041,RWL,2025-01-26,2025-01-28,2026-01-28,CPROP,"Petrossian Foundry, LLC",Pelham Indemnity Group,AB,"$7,784.20",15,1167.63,HFN-04
VN315214209,New Business,2025-01-27,2025-02-08,2025-08-09,HO,Noor Nakagawa,Valebrook Nat'l,DB,1004.8,15,150.72,GBY-22
KC0204509,Endorsement,2025-01-27,2025-01-19,2025-04-21,Personal Auto,Terrence Novotny,Kemwood Casualty,D,-$153.60,12%,-$18.43,GBY-22
KC2510753,Cancellation,2025-01-27,01/24/2025,,WORK,"Trask Bakery, Co",KEMWOOD CAS,Direct,-1706.68,12.5,-213.33,GBY-06
PI-0428293,N/B,2025-01-28,2025-02-06,2026-02-06,Commercial Property,"Underhill Freight, LLC",PELHAM IND,A,"$30,097.04",12.5,"3,762.13",TRW-02
AM-23956033,RWL,2025-01-28,2025-02-13,2026-02-13,PROP,"Wexler Foundry, LLC",ardsley mutual,D,"8,851.57",15,1327.74,GBY-22
SFM32552599,endorsement,2025-01-28,2025-01-27,,WORKERS COMPENSATION,"Petrossian Millwork, LLC",Stanwick F & M,Agency Bill,841.13,0.15,126.17,MCL-15
AM-41923973,Endorsement,2025-01-28,2025-01-28,,Commercial Property,"Boyne Haulage, LLC",ARDSLEY MUTUAL INS CO,Direct,"-1,452.37",12.5,-$181.55,GBY-22
NS-480218,Cancel,2025-01-29,2025-01-21,,Umbrella,"Calloway Haulage, LLC",NORTHGATE SPEC,DIRECT BILL,-509.12,12.5,-63.64,MCL-01
SFM32552599,endorsement,2025-01-29,01/29/2025,2025-11-13,WORK,"Petrossian Millwork, LLC",Stanwick Fire & Marine,AGENCY BILL,940.44,15,141.07,MCL-15
VN442938317,Renewal,2025-01-29,02/02/2025,2026-02-02,CGL,"Arbogast Plumbing & Heating, Inc",Valebrook,Direct Bill,34079.91,12,"$4,089.59",
NS-012412,Renewal,2025-01-29,2025-02-16,2026-02-16,General Liability,"Calloway Foundry, Inc",Northgate Specialty Lines,AGENCY BILL,42420.67,12,5090.48,GBY-06
VN071133188,NEW,2025-01-30,2025-02-15,2026-02-15,Gen Liab,Standish Electrical,Valebrook National,AB,47572.73,17.5,8325.23,TRW-08
KC8770987,RWL,2025-01-31,2025-02-05,2026-02-05,WC,Arbogast Roofing,Kemwood Casualty Co,Direct Bill,14493.93,15,2174.09,TRW-02
KC3349165,NBS,2025-01-31,2025-02-16,2026-02-16,CGL,"Ostrander Fabrication, Inc",Kemwood Casualty Co,D,58867.59,12,7064.11,HFN-04
NS-682740,RWL,2025-02-01,2025-02-19,2026-02-19,PAUTO,Ingrid Oyelaran,Northgate Specialty,D,3128.72,10,$312.87,
KC3328306,Renewal,2025-02-02,2025-02-20,02/20/2026,Work Comp,"Renfro Excavating, LLC",Kemwood Casualty,Direct,49958.78,10,4995.88,GBY-22
VN911846037,NBS,2025-02-02,2025-02-19,2026-02-19,CAUTO,Bramble Cabinetry,Valebrook National,A,26490.49,0.1,2649.05,TRW-02
VN270793491,PCH,2025-02-02,2025-01-30,2025-04-25,HO3,"Falkenrath, Rutger",VALEBROOK NATL,AGENCY BILL,$439.15,12,52.7,TRW-02
NS-823066,RWL,2025-02-02,02/14/2025,2026-02-14,HO3,Vidal Novotny,Northgate Specialty,A,"3,695.35",0.2,$739.07,MCL-01
KC7844848,RWL,2025-02-02,2025-02-16,2026-02-16,PAUTO,Priya Sandoval,KEMWOOD CAS,DIRECT BILL,3848.62,10,$384.86,GBY-06
SFM22128484,END,2025-02-02,2025-01-26,2025-09-10,WC,"Trask Welding, Corp",Stanwick Fire & Marine,A,-3638.06,0.15,-545.71,
NS-872548,Policy Change,2025-02-03,01/25/2025,,Umbrella,"Rennick Plumbing & Heating, LLC",Northgate Specialty Lines,D,3009.14,10,$300.91,MCL-15
AM-24710707,PCH,2025-02-04,01/30/2025,2025-07-10,Auto,Josefa Okonkwo,Ardsley Mutual,Direct,50.53,17.5,$8.84,TRW-02
SFM92401119,Non-Renewal,2025-02-04,2025-04-19,,Gen Liab,Fairweather Auto Body,Stanwick Fire & Marine,DIRECT BILL,0,15,$0.00,GBY-06
KC9456849,endorsement,2025-02-04,2025-01-27,,Umbrella,MARCHETTI EXCAVATING LLC,Kemwood Casualty,Agency Bill,2068.62,0.125,258.58,
SFM28951148,RWL,2025-02-04,2025-02-17,2025-08-18,Auto,Vidal Lindgren,Stanwick Fire & Marine,D,1168.17,15,175.23,GBY-06
KC4296054,REI,2025-02-06,2025-02-22,2025-07-13,Commercial Property,Rennick Freight,Kemwood Casualty,Direct Bill,"$1,536.16",10,153.62,
SFM90223197,PCH,2025-02-06,2025-01-28,,UMBR,"Whitcomb Contracting, LLC",STANWICK F&M,Agency Bill,"4,257.81",10,425.78,TRW-08
KC6122066,NBS,2025-02-06,2025-02-18,02/18/2026,Gen Liab,"Wexler Roofing, LLC",Kemwood,A,"69,732.96",.1,6973.3,MCL-01
PI-0345778,PCH,2025-02-06,2025-01-31,,WC,"Kowalczyk Produce, LLC",Pelham Indemnity,AB,"$2,328.07",10,$232.81,MCL-15
KC6921184,Renewal,2025-02-07,2025-02-14,2026-02-14,BAUTO,"Calloway Roofing, Inc",Kemwood Casualty,Direct,17037.16,.125,2129.65,GBY-06
VN483460542,NBS,2025-02-07,2025-02-16,2026-02-16,GL,"Halvorsen Bakery, Co",VALEBROOK NATL,DB,"$72,815.91",12.5%,"$9,101.99",GBY-22
KC1176024,PCH,2025-02-08,2025-02-05,2025-05-06,Gen Liab,"Trask Printing, Inc",Kemwood,D,"-2,643.42",0.15,-396.51,MCL-15
SFM43950006,PCH,2025-02-09,02/04/2025,2025-08-04,CGL,WHITCOMB PRINTING CORP,Stanwick Fire & Marine,D,-8731.69,0.15,-1309.75,GBY-22
PI-2527603,RWL,2025-02-09,2025-02-09,2026-02-09,CPROP,Dupree Auto Body,PELHAM IND,Direct,"$18,477.00",15,2771.55,MCL-01
VN894442528,NBS,2025-02-09,2025-02-09,2026-02-09,Workers Comp,"Halvorsen Dairy, LLC",Valebrook,Direct Bill,72274.8,15,10841.22,TRW-02
NS-928579,Policy Change,2025-02-09,2025-02-09,2025-06-07,Auto,"Adeyemi, Emeric",Northgate Specialty Lines,Direct Bill,192.60,17.5,33.71,HFN-11
NS-872548,END,2025-02-09,2025-02-07,2025-10-20,Umbrella,"Rennick Plumbing & Heating, LLC",NORTHGATE SPEC,Direct Bill,2944.03,,294.4,
SFM95382168,XLC,2025-02-09,2025-02-04,,WORK,"Standish Haulage, Inc",Stanwick F & M,Direct,-27179.7,10,"-$2,717.97",TRW-08
VN599127392,Rewrite,2025-02-09,2025-02-08,2026-02-08,Commercial Auto,"Boyne Produce, Inc",Valebrook National,A,"44,849.57",12.5,5606.2,HFN-11
PI-7398808,RWL,2025-02-09,2025-02-18,2025-08-19,PAUTO,Josefa Thorne,PELHAM IND,Direct Bill,"4,034.76",15,$605.21,MCL-15
KC2779576,Renew,2025-02-10,02/14/2025,2026-02-14,Commercial Property,Ferraro Landscaping,Kemwood Casualty,A,23057.57,0.125,"$2,882.20",GBY-06
PI-9118699,Renew,2025-02-10,02/17/2025,2026-02-17,Comm Prop,LINDQVIST EXCAVATING CO,Pelham Indemnity,Direct Bill,76750.48,12.5,9593.81,HFN-11
AM-15965504,Policy Change,2025-02-10,2025-02-08,2025-04-19,PAUTO,Freya Petrakis,ARDSLEY MUTUAL INS CO,Direct Bill,-377.22,15,-56.58,
SFM88352497,PCH,2025-02-11,2025-02-02,2026-01-04,General Liability,"Ostrander Cold Storage, LLC",Stanwick Fire and Marine,A,-7783.96,.2,"-$1,556.79",TRW-02
VN376382480,Renewal,2025-02-11,2025-03-01,2026-03-01,Auto,MARCHETTI MILLWORK LLC,Valebrook,A,"$64,884.83",12,"$7,786.18",GBY-06
NS-776192,PCH,2025-02-11,02/07/2025,,General Liability,"Ostrander Welding, LLC",NORTHGATE SPEC,AGENCY BILL,-1217.91,15,-182.69,MCL-15
KC7642226,PCH,2025-02-12,2025-02-10,2025-07-09,CGL,"Ashby Freight, Co",KEMWOOD CAS,A,1544.04,20,308.81,MCL-15
VN424934862,Endorsement,2025-02-12,02/06/2025,2026-01-14,CPROP,"Ashby Freight, Corp",VALEBROOK NATL,DIRECT BILL,8295.26,15,1244.29,MCL-01
SFM37808329,NEW,2025-02-12,2025-02-25,2026-02-25,General Liability,"Calloway Bakery, LLC",Stanwick Fire & Marine,Direct,55188.77,15,8278.32,GBY-06
SFM51027869,New Business,2025-02-13,2025-02-15,2026-02-15,General Liability,TRASK BAKERY LLC,STANWICK F&M,Direct Bill,13115.97,17.5,2295.29,TRW-02
NS-480572,Renewal,2025-02-13,2025-02-13,2026-02-13,HOME,"Petrakis, Beatriz",NORTHGATE SPEC,Direct Bill,3586.31,17.5,$627.60,TRW-02
VN234092119,REN,2025-02-13,2025-03-02,03/02/2026,General Liability,"Underhill Roofing, Ltd",Valebrook National,D,25613.76,12,3073.65,MCL-15
SFM37083631,N/B,2025-02-14,2025-02-18,2026-02-18,Comm Auto,"Renfro Contracting, Co",Stanwick F & M,A,68323.13,20,"13,664.63",GBY-22
KC6394210,NBS,2025-02-15,2025-02-23,2026-02-23,PPA,Noor Lindgren,KEMWOOD CAS,Direct Bill,2700.83,10,270.08,GBY-22
SFM84370561,Cancellation,2025-02-16,2025-02-10,,CGL,"Calloway Machine Works, LLC",Stanwick Fire & Marine,AGENCY BILL,"-$22,271.85",15%,-3340.78,MCL-01
AM-35923862,NBS,2025-02-16,2025-03-02,2026-03-02,Workers Comp,Marchetti Produce,Ardsley Mut,D,"71,263.15",20,14252.63,HFN-11
KC4482871,NBS,2025-02-17,02/20/2025,2026-02-20,Auto,Casimir Sandoval,KEMWOOD CAS,Direct Bill,2482.43,15,372.36,GBY-06
VN270793491,Endorsement,2025-02-17,2025-02-13,,Homeowners,Rutger Falkenrath,Valebrook National,AGENCY BILL,$240.35,12,28.84,TRW-02
SFM91793064,Endorsement,2025-02-17,2025-02-11,,Comm Umbrella,"Kowalczyk Cabinetry, LLC",Stanwick Fire & Marine,D,10254.85,0.15,1538.23,TRW-02
VN269718219,PCH,2025-02-18,2025-02-11,2025-05-24,Auto,Adaeze Adeyemi,Valebrook National,A,402.28,15,60.34,TRW-08
PI-9330633,XLN,2025-02-18,2025-02-12,,Personal Auto,Vidal Wojcik,PELHAM IND,D,-683.82,15,-102.57,GBY-22
VN935476750,NEW,2025-02-19,2025-03-04,03/04/2026,General Liability,"Petrossian Auto Body, Corp",VALEBROOK NATL,A,32492.52,,4873.88,MCL-15
PI-8938936,Endorsement,2025-02-20,2025-02-11,2025-04-28,PAUTO,Noor Wojcik,Pelham Indemnity,Agency Bill,-468.67,12,-56.24,TRW-08
PI-8258609,NEW,2025-02-21,03/07/2025,2026-03-07,UMB,"Boyne Landscaping, Co",Pelham Indemnity Group,AGENCY BILL,22409.84,,2240.98,MCL-01
KC9089444,PCH,2025-02-21,2025-02-20,01/07/2026,WORK,"Boyne Foundry, Inc",Kemwood Casualty,A,2880.85,15,$432.13,TRW-08
SFM43975110,Policy Change,2025-02-21,2025-02-13,2025-06-01,General Liability,"Underhill Auto Body, LLC",STANWICK F&M,Direct Bill,1579.8,0.1,$157.98,TRW-08
PI-9544507,Renewal,2025-02-21,2025-03-01,2026-03-01,PPA,Freya Wojcik,Pelham Ind.,DIRECT BILL,1663.77,20,332.75,TRW-02
VN370295087,NBS,2025-02-22,2025-03-09,2026-03-09,WORK,TRASK DAIRY CORP,Valebrook National,Agency,"73,835.18",20,"$14,767.04",GBY-06
SFM95382168,Premium Audit,2025-02-22,2024-11-28,,WORK,"Standish Haulage, Inc",STANWICK F&M,Direct Bill,"$6,169.75",10,616.98,TRW-08
PI-3710851,NBS,2025-02-22,2025-03-08,2026-03-08,BAUTO,"Halvorsen Millwork, Corp",Pelham Ind.,A,36065.31,0.15,"5,409.80",MCL-15
NS-788811,Cancel,2025-02-23,2025-02-19,,CGL,"Boyne Roofing, Co",Northgate Specialty,AB,"-$2,206.03",15,-330.9,HFN-04
KC1527568,NBS,2025-02-23,2025-03-12,2026-03-12,CGL,Marchetti Cabinetry,KEMWOOD CAS,Agency,"47,800.57",15,"$7,170.09",TRW-02
SFM82549307,PCH,2025-02-24,2025-02-17,06/04/2025,PPA,"Nakagawa, Noor",Stanwick Fire & Marine,D,492.77,12,59.13,HFN-11
PI-9213907,New Business,2025-02-24,2025-03-10,2026-03-10,Homeowners,Beatriz Sturgeon,Pelham Indemnity,Direct,654.91,15,98.24,HFN-04
SFM81229216,New Business,2025-02-24,2025-03-02,2026-03-02,CGL,"Ashby Roofing, Corp",Stanwick Fire & Marine,Agency,71119.31,.1,7111.93,GBY-22
NS-066294,CAN,2025-02-24,2025-02-17,,HOME,Freya Aldridge,NORTHGATE SPEC,A,-607.95,15,-91.19,GBY-06
KC0823088,NBS,2025-02-25,2025-03-08,2026-03-08,WORK,"Renfro Cabinetry, LLC",Kemwood Casualty,AB,65713.53,0.12,7885.62,MCL-01
VN252744419,PCH,2025-02-25,2025-02-25,,Work Comp,Fairweather Cabinetry,VALEBROOK NATL,D,"4,819.78",0.2,963.96,MCL-15
NS-485986,New Business,2025-02-25,2025-03-13,2026-03-13,Personal Auto,Desmond Oyelaran,NORTHGATE SPEC,Direct,2812.52,12,$337.50,HFN-11
KC2799797,New Business,2025-02-25,2025-02-25,2026-02-25,WC,Halvorsen Printing,Kemwood Casualty,Direct,"24,058.07",12,"$2,886.97",GBY-22
SFM02461364,endorsement,2025-02-26,2025-02-20,,Comm Prop,"Standish Excavating, Inc",Stanwick Fire & Marine,DB,6452.93,,1129.26,GBY-22
AM-04069281,New Business,2025-02-27,03/15/2025,2026-03-15,Homeowners,,Ardsley Mutual,DIRECT BILL,3650.58,12%,438.07,TRW-08
SFM31518046,END,2025-02-27,2025-02-25,2025-04-07,PAUTO,"Sandoval, Bartholomew",Stanwick Fire & Marine,Direct Bill,13.88,12,1.67,MCL-01
SFM38920738,New Business,2025-02-28,2025-03-01,2026-03-01,WC,"Kowalczyk Machine Works, Ltd",STANWICK F&M,DIRECT BILL,"$22,443.40",.15,3366.51,TRW-08
NS-811413,New Business,2025-02-28,2025-02-28,2026-02-28,BAUTO,"Ashby Printing, LLC",Northgate Specialty,A,55193.42,0.12,"6,623.21",TRW-02
KC6309188,Endorsement,2025-02-28,2025-02-26,,Workers Comp,"Arbogast Auto Body, LLC",KEMWOOD CAS,DIRECT BILL,"-$6,622.80",15,-993.42,HFN-04
VN921739236,PCH,2025-02-28,2025-02-19,,WORK,"Petrossian Contracting, Corp",VALEBROOK NATL,Direct,-10500.18,.1,-1050.02,MCL-01
NS-480218,REI,2025-03-01,2025-02-13,2025-04-24,UMB,"Calloway Haulage, LLC",NORTHGATE SPEC,Direct Bill,509.12,12.5%,$63.64,MCL-01
AM-86516015,Premium Audit,2025-03-01,2024-12-02,,WORK,"Kowalczyk Landscaping, Co",Ardsley Mutual,Agency Bill,"-$3,169.98",15,-475.5,GBY-22
PI-1270836,REN,2025-03-01,2025-03-05,2026-03-05,Homeowners,Bartholomew Castellanos,Pelham Ind.,DIRECT BILL,436.89,20,87.38,GBY-22
KC5273957,NBS,2025-03-02,2025-03-14,2026-03-14,Umbrella,"Ferraro Dairy, Inc",Kemwood Casualty Co,Agency,37714.95,15,5657.24,HFN-11
PI-0620366,RWL,2025-03-02,2025-03-04,2026-03-04,PROP,"Tolliver Cabinetry, Inc",Pelham Indemnity,D,"32,491.32",0.15,4873.7,MCL-01
PI-0821547,RWL,2025-03-02,2025-03-04,2026-03-04,WC,"Bramble Dairy, Corp",Pelham Indemnity,Direct Bill,4957.67,.15,743.65,HFN-11
KC5431532,Endorsement,2025-03-02,2025-02-27,2025-12-18,Commercial Property,FAIRWEATHER ROOFING CO,KEMWOOD CAS,A,-3414.79,0.1,-$341.48,
KC3944402,New Business,2025-03-02,2025-03-07,2026-03-07,WC,"Tolliver Roofing, Inc",Kemwood Casualty,D,57763.69,17.5,10108.65,MCL-01
PI-4377229,REN,2025-03-02,2025-03-06,2026-03-06,Comm Prop,"Tolliver Cabinetry, Corp",Pelham Indemnity,Direct Bill,47861.57,12.5,5982.7,MCL-01
NS-140605,NON RENEW,2025-03-03,2025-05-11,,WC,"Trask Foundry, Ltd",NORTHGATE SPEC,A,0,12,$0.00,GBY-22
KC4204142,Renewal,2025-03-03,03/07/2025,2026-03-07,Comm Prop,"Renfro Fabrication, Co",KEMWOOD CAS,D,"$34,269.41",20,6853.88,TRW-02
KC2290055,END,2025-03-04,2025-03-04,,Personal Auto,Freya Aldridge,Kemwood Casualty,D,-93.46,17.5,-16.36,TRW-02
VN863676797,PCH,2025-03-04,2025-02-28,2026-02-09,Comm Prop,"Marchetti Welding, LLC",VALEBROOK NATL,A,"$1,591.36",10,159.14,HFN-04
NS-890029,RWL,2025-03-04,2025-03-16,2026-03-16,BAUTO,Trask Haulage,NORTHGATE SPEC,Agency Bill,14634.64,10,1463.46,GBY-22
SFM49730754,RWL,2025-03-05,2025-03-07,2026-03-07,PROP,"Bramble Printing, Ltd",Stanwick Fire & Marine,Agency Bill,"$8,666.53",0.12,"$1,039.98",TRW-08
KC2348227,PAB,2025-03-05,2025-01-28,,Work Comp,"Ashby Excavating, LLC",KEMWOOD CAS,A,-2335.8,.15,-350.37,GBY-06
VN512182951,PCH,2025-03-05,2025-02-25,05/05/2025,HOME,Casimir Aldridge,VALEBROOK NATL,Direct,$161.91,10,16.19,HFN-11
SFM32968739,NBS,2025-03-05,2025-03-13,2025-09-11,Homeowners,Amara Guerrero,Stanwick F & M,A,"3,501.27",10,$350.13,TRW-08
AM-76406752,PCH,2025-03-06,03/01/2025,2025-07-26,WORK,"Marchetti Fabrication, Ltd",ARDSLEY MUTUAL INS CO,AB,4019.77,10,401.98,TRW-08
PI-9967983,NBS,2025-03-06,2025-03-06,2026-03-06,General Liability,Trask Machine Works,Pelham Indemnity,D,54393.04,12,6527.16,HFN-11
SFM06043624,Renew,2025-03-06,2025-03-15,2026-03-15,Work Comp,"Kessler Printing, Corp",Stanwick Fire & Marine,DIRECT BILL,"$12,529.03",15,1879.35,MCL-15
KC1757033,RWL,2025-03-06,2025-03-10,2026-03-10,Comm Auto,"Halvorsen Excavating, Co",Kemwood Casualty,Agency Bill,"$13,926.59",15,2088.99,TRW-08
PI-4040253,PCH,2025-03-07,02/27/2025,2026-01-23,Personal Auto,Solveig Halloran,Pelham Indemnity,D,608.61,17.5,106.51,GBY-22
PI-9330633,REI,2025-03-07,2025-03-17,2025-09-25,Personal Auto,Vidal Wojcik,PELHAM IND,D,683.82,15,102.57,GBY-22
SFM90244528,RWL,2025-03-08,2025-03-17,03/17/2026,CGL,"Halvorsen Auto Body, Co",Stanwick Fire & Marine,Agency Bill,"$12,205.78",10,1220.58,GBY-06
SFM94999848,NBS,2025-03-08,03/12/2025,2026-03-12,BAUTO,"Boyne Freight, Corp",Stanwick Fire and Marine,DIRECT BILL,23135.88,12,"$2,776.31",GBY-22
SFM10953232,NBS,2025-03-08,2025-03-12,2026-03-12,Commercial Auto,"Nyquist Haulage, LLC",STANWICK F&M,AGENCY BILL,"$14,110.17",12,1693.22,MCL-15
KC4990163,RWL,2025-03-09,03/09/2025,2026-03-09,Gen Liab,"Tolliver Roofing, LLC",KEMWOOD CAS,AB,75421.63,15,11313.24,GBY-06
KC7371443,Policy Change,2025-03-09,2025-03-01,06/28/2025,Commercial Auto,"Fairweather Welding, LLC",Kemwood Casualty,A,-6287.52,0.125,-785.94,
SFM43292813,N/B,2025-03-10,2025-03-22,2026-03-22,Personal Auto,Beatriz Guerrero,Stanwick F & M,Direct,$443.92,,44.39,GBY-06
VN928930496,Endorsement,2025-03-10,2025-03-06,,GL,"Halvorsen Auto Body, Inc",VALEBROOK NATL,DB,-3995.36,12.5,-499.42,
VN415713182,END,2025-03-11,2025-03-09,2025-04-20,General Liability,"Wexler Freight, LLC",VALEBROOK NATL,Agency Bill,"$10,133.58",15,"$1,520.04",
AM-09188581,PCH,2025-03-12,2025-03-05,2026-01-22,CGL,"Underhill Dairy, Inc",ARDSLEY MUTUAL INS CO,Agency Bill,1872.68,10,187.27,MCL-15
AM-72563690,Endorsement,2025-03-13,2025-03-08,,UMBR,"Kessler Roofing, LLC",Ardsley Mut,Agency Bill,798.93,12,95.87,TRW-08
AM-44575271,END,2025-03-14,2025-03-07,2026-01-23,WORK,"Standish Machine Works, LLC",Ardsley Mutual,A,"3,252.87",0.175,569.25,HFN-11
AM-04251552,NBS,2025-03-14,2025-03-28,2026-03-28,CAUTO,"Nyquist Printing, Inc",Ardsley Mutual,AGENCY BILL,"35,052.85",12,"$4,206.34",MCL-15
NS-517719,Renewal,2025-03-15,2025-03-26,2026-03-26,BAUTO,Wexler Cold Storage,Northgate Specialty,A,11831.23,12,"$1,419.75",TRW-02
KC3897834,PCH,2025-03-15,03/07/2025,,Commercial Auto,"Wexler Millwork, Co",Kemwood Casualty,Direct Bill,"-$4,069.99",,-712.25,HFN-11
VN228262828,Renewal,2025-03-16,2025-04-02,04/02/2026,WORK,"Halvorsen Excavating, Inc",Valebrook,DB,42642.85,17.5,7462.5,HFN-04
KC8770987,Audit,2025-03-17,2025-02-05,,Work Comp,Arbogast Roofing,Kemwood Casualty,D,2546.88,15,382.03,TRW-02
KC2290055,END,2025-03-18,2025-03-13,,PAUTO,Freya Aldridge,Kemwood Casualty Co,Direct Bill,129.1,17.5,22.59,TRW-02
SFM84370561,REI,2025-03-19,2025-03-06,2025-09-04,Gen Liab,"Calloway Machine Works, LLC",STANWICK F&M,Agency Bill,"$22,271.85",0.15,3340.78,MCL-01
SFM82549307,Endorsement,2025-03-20,2025-03-17,06/04/2025,Personal Auto,Noor Nakagawa,STANWICK F&M,Direct Bill,-699.16,12,-$83.90,HFN-11
KC2290055,Endorsement,2025-03-20,2025-03-20,,Personal Auto,Freya Aldridge,Kemwood Casualty,Direct Bill,-229.12,17.5,-40.1,TRW-02
VN680433614,N/B,2025-03-20,2025-04-01,04/01/2026,WC,"Boyne Millwork, LLC",Valebrook National,Direct Bill,"$7,852.95",0.175,"$1,374.27",GBY-06
AM-61010900,N/B,2025-03-21,2025-03-26,2026-03-26,WC,"Tolliver Machine Works, Co",Ardsley Mutual,Agency,7375.61,15,1106.34,HFN-04
SFM59163534,Renewal,2025-03-21,2025-03-23,2026-03-23,CGL,"Renfro Fabrication, Ltd",Stanwick Fire & Marine,Agency Bill,43446.38,,"5,430.80",GBY-06
NS-364407,END,2025-03-22,2025-03-21,2025-07-14,Umbrella,"Boyne Excavating, LLC",Northgate Specialty Lines,D,"9,643.15",.12,1157.18,TRW-08
KC4057722,Policy Change,2025-03-22,03/13/2025,,CPROP,"Nyquist Excavating, Co",Kemwood,Agency Bill,"2,336.16",,467.23,TRW-08
SFM94999848,endorsement,2025-03-22,2025-03-22,2026-03-12,BAUTO,"Boyne Freight, Corp",STANWICK F&M,D,-1061.83,12%,-127.42,GBY-22
VN424249654,New Business,2025-03-24,03/31/2025,2026-03-31,CGL,"Bramble Welding, Co",Valebrook Nat'l,A,43060.53,12,5167.26,MCL-01
NS-291136,Renewal,2025-03-25,2025-04-11,2026-04-11,General Liability,"Rennick Millwork, LLC",Northgate Specialty Lines,A,37256.42,0.125,4657.05,MCL-15
NS-165941,END,2025-03-25,2025-03-17,09/02/2025,CGL,"Ferraro Dairy, Co",Northgate Specialty Lines,A,-4005.55,10,-400.56,MCL-15
PI-3623902,Endorsement,2025-03-25,2025-03-23,04/25/2025,CAUTO,"Halvorsen Excavating, Inc",Pelham Indemnity Group,Direct Bill,8282.8,0.2,"$1,656.56",MCL-15
SFM50617918,NBS,2025-03-26,2025-04-09,2026-04-09,PROP,"Fairweather Auto Body, LLC",STANWICK F&M,Agency,"67,668.11",0.125,"$8,458.51",HFN-04
AM-24710707,Policy Change,2025-03-26,2025-03-21,,PPA,Josefa Okonkwo,Ardsley Mutual Insurance Company,Direct Bill,119.4,17.5,20.90,TRW-02
SFM32516822,Cancellation,2025-03-28,2025-03-21,,Gen Liab,"Calloway Haulage, Corp",Stanwick F & M,Direct Bill,"-$29,264.95",0.1,"-$2,926.50",HFN-11
PI-5980246,RWL,2025-03-29,2025-04-01,2026-04-01,BAUTO,"Petrossian Machine Works, LLC",PELHAM IND,Agency,38120.11,17.5,6671.02,GBY-22
VN928930496,END,2025-03-30,2025-03-24,,CGL,"Halvorsen Auto Body, Inc",VALEBROOK NATL,D,2331.73,0.125,$291.47,MCL-15
KC8631460,PCH,2025-03-30,2025-03-25,2026-01-20,Workers Comp,"Delacroix Contracting, Inc",Kemwood,Direct Bill,4278.04,10,427.8,MCL-01
PI-4040253,XLC,2025-03-30,03/18/2025,,PPA,Solveig Halloran,Pelham Indemnity,Direct,-2996.33,17.5,-$524.36,GBY-22
AM-22493265,Cancel,2025-03-30,03/18/2025,,BAUTO,"Calloway Fabrication, Ltd",ARDSLEY MUTUAL INS CO,DB,-$191.10,15,-28.66,MCL-01
KC6921184,END,2025-03-30,2025-03-22,02/14/2026,Commercial Auto,"Calloway Roofing, Inc",Kemwood Casualty Co,Direct,"1,259.77",12.5,157.47,GBY-06
NS-003175,PAB,2025-03-31,02/19/2025,,WORKERS COMPENSATION,"Halvorsen Plumbing & Heating, Corp",NORTHGATE SPEC,D,"$6,645.22",12.5,830.65,GBY-22
PI-1726057,endorsement,2025-03-31,2025-03-28,,CGL,Dupree Contracting,PELHAM IND,AB,-4164.65,12,-499.76,HFN-11
VN028603407,PCH,2025-04-01,2025-03-26,2025-11-24,HOME,Malachy Guerrero,VALEBROOK NATL,D,-217.48,0.175,-38.06,HFN-11
AM-72563690,REN,2025-04-01,2025-04-11,2026-04-11,UMBR,"Kessler Roofing, LLC",Ardsley Mut,Agency Bill,36964.05,12,4435.69,TRW-08
NS-075585,CAN,2025-04-01,2025-03-25,,WC,"Boyne Plumbing & Heating, Co",NORTHGATE SPEC,D,-5958.5,12,-$715.02,HFN-11
AM-99327016,END,2025-04-01,2025-04-01,,PROP,"Delacroix Bakery, Corp",ARDSLEY MUTUAL INS CO,Direct Bill,2426.29,15,363.94,HFN-11
AM-96774600,PCH,2025-04-02,2025-03-30,,HO3,Ingrid Halloran,Ardsley Mutual,Direct,360.27,15,54.04,
PI-0345778,REN,2025-04-02,2025-04-14,2026-04-14,WC,"Kowalczyk Produce, LLC",Pelham Ind.,Agency Bill,"$47,862.69",10,"$4,786.27",MCL-15
AM-44597277,Renewal,2025-04-03,2025-04-18,04/18/2026,CAUTO,"Renfro Printing, LLC",Ardsley Mutual,A,"$19,910.20",10,1991.02,MCL-15
VN197290074,Policy Change,2025-04-03,2025-03-31,2025-11-29,GL,"Rennick Printing, Inc",Valebrook National,Agency,7062.49,15%,1059.37,TRW-02
NS-149141,Endorsement,2025-04-04,2025-04-02,,GL,Fairweather Fabrication,NORTHGATE SPEC,DB,"$1,539.33",17.5%,$269.38,GBY-06
PI-4496495,RWL,2025-04-04,2025-04-05,2026-04-05,WORK,"Fairweather Plumbing & Heating, Co",Pelham Indemnity,DB,"52,880.25",12.5,"$6,610.03",TRW-02
NS-096203,Endorsement,2025-04-04,04/04/2025,,Comm Prop,"Bramble Plumbing & Heating, Inc",Northgate Specialty Lines,A,-3695.32,12,-443.44,
NS-205061,NBS,2025-04-04,2025-04-12,2026-04-12,Homeowners,Desmond Aldridge,NORTHGATE SPEC,DB,2553.36,15%,383,MCL-01
SFM56594751,N/B,2025-04-04,2025-04-20,2025-10-19,HOME,Josefa Adeyemi,Stanwick Fire & Marine,A,3212.65,15,481.9,MCL-01
AM-84631931,NEW,2025-04-05,2025-04-17,2026-04-17,GL,"Bramble Printing, LLC",ARDSLEY MUTUAL INS CO,D,46836.24,15,"$7,025.44",MCL-01
AM-15965504,RWL,2025-04-05,2025-04-19,2025-10-18,PAUTO,Freya Petrakis,Ardsley Mutual,D,2862.47,15,429.37,GBY-22
KC1153023,PCH,2025-04-05,2025-04-03,2025-08-08,Commercial Auto,"Halvorsen Landscaping, Co",KEMWOOD CAS,D,5604.82,12,$672.58,HFN-11
KC2476920,RWL,2025-04-05,2025-04-11,2026-04-11,PROP,"Trask Produce, LLC",Kemwood Casualty,A,83567.56,15,12535.13,HFN-11
PI-7398808,PCH,2025-04-06,04/04/2025,08/19/2025,PAUTO,Josefa Thorne,PELHAM IND,Direct Bill,631.72,15,94.76,MCL-15
SFM28951148,END,2025-04-08,2025-04-01,,Personal Auto,Vidal Lindgren,STANWICK F&M,Direct,174.81,15,26.22,GBY-06
KC6821968,N/B,2025-04-10,2025-04-28,2026-04-28,UMBR,"Rennick Welding, Inc",Kemwood,Agency Bill,"$34,962.60",15,5244.39,GBY-06
VN323242602,Policy Change,2025-04-10,2025-04-04,2025-05-22,GL,"Calloway Produce, LLC",Valebrook National,AB,1723.45,0.2,$344.69,MCL-15
KC7844848,Endorsement,2025-04-10,04/04/2025,2026-02-16,Personal Auto,Priya Sandoval,Kemwood,Direct Bill,270.93,10%,$27.09,
VN252744419,END,2025-04-11,2025-04-05,,Work Comp,Fairweather Cabinetry,Valebrook National,Direct Bill,"-3,325.26",20,-665.05,MCL-15
NS-480218,Renewal,2025-04-12,2025-04-24,2026-04-24,Comm Umbrella,"Calloway Haulage, LLC",Northgate Specialty,DB,2102.87,12.5,262.86,MCL-01
NS-264136,RWL,2025-04-12,2025-04-23,2026-04-23,GL,"Boyne Millwork, Ltd",Northgate Specialty,DIRECT BILL,50564.69,15%,7584.7,GBY-22
KC5748540,Endorsement,2025-04-12,2025-04-04,2025-07-30,Personal Auto,Terrence Aldridge,KEMWOOD CAS,D,-125.25,15,-18.79,
NS-851871,PCH,2025-04-13,2025-04-11,,Work Comp,"Ashby Haulage, LLC",NORTHGATE SPEC,A,2850.35,10,$285.04,TRW-08
KC7435476,Endorsement,2025-04-14,2025-04-05,09/15/2025,Commercial Auto,"Dupree Excavating, Co",Kemwood Casualty,A,5114.3,12,$613.72,TRW-02
SFM28951148,Policy Change,2025-04-14,2025-04-14,2025-08-18,PAUTO,Vidal Lindgren,Stanwick F & M,D,-42.71,15,-6.41,GBY-06
VN270793491,RWL,2025-04-15,2025-04-25,2025-10-24,HO3,Rutger Falkenrath,Valebrook National,Agency Bill,3711.3,12,445.36,TRW-02
SFM81229216,PCH,2025-04-15,04/13/2025,2026-03-02,GL,"Ashby Roofing, Corp",STANWICK F&M,A,"$11,921.16",10,"$1,192.12",GBY-22
AM-02158373,PCH,2025-04-15,2025-04-08,,Comm Prop,TOLLIVER CONTRACTING LLC,Ardsley Mut,D,3566.27,10,$356.63,TRW-02
PI-3623902,Renewal,2025-04-15,2025-04-25,2026-04-25,Auto,"Halvorsen Excavating, Inc",Pelham Indemnity,Direct Bill,"$76,378.25",20,15275.65,
PI-0821547,PCH,2025-04-16,2025-04-14,2026-03-04,WORK,"Bramble Dairy, Corp",PELHAM IND,DB,$372.93,15,55.94,
SFM53473615,New Business,2025-04-16,2025-04-27,04/27/2026,General Liability,"Trask Millwork, Corp",Stanwick Fire and Marine,A,66613.97,0.12,7993.68,TRW-08
SFM54635331,PCH,2025-04-16,2025-04-16,,Personal Auto,Adaeze Sandoval,STANWICK F&M,Direct,-353.75,12,-42.45,HFN-04
PI-5590287,PCH,2025-04-17,2025-04-17,05/29/2025,CPROP,"Nyquist Freight, Ltd",PELHAM IND,Agency,348.03,10,34.8,TRW-02
KC9408633,Endorsement,2025-04-17,2025-04-13,2025-11-01,WORK,"Ostrander Roofing, Co",Kemwood Casualty Co,DB,7151.02,10,$715.10,HFN-04
PI-4519744,XLC,2025-04-17,2025-04-12,,Comm Auto,"Tolliver Printing, LLC",Pelham Ind.,Direct,-12705.76,10,-1270.58,TRW-02
SFM27603205,Renewal,2025-04-18,2025-05-02,2026-05-02,Auto,Terrence Okonkwo,STANWICK F&M,A,1050.16,17.5,183.78,TRW-08
NS-075585,REI,2025-04-18,2025-04-25,2025-08-06,WC,"Boyne Plumbing & Heating, Co",Northgate Specialty Lines,DIRECT BILL,5958.5,0.12,$715.02,HFN-11
NS-905276,New Business,2025-04-18,05/01/2025,2026-05-01,Auto,"Standish Foundry, Inc",NORTHGATE SPEC,Direct,35218.46,15,5282.77,GBY-06
KC1395356,Renewal,2025-04-20,2025-05-08,2026-05-08,Commercial Auto,DUPREE PRINTING,Kemwood Casualty,Agency Bill,31630.78,,4744.62,HFN-04
AM-20153118,PCH,2025-04-20,2025-04-12,2025-06-03,Auto,Priya Wojcik,ardsley mutual,A,169.61,10,$16.96,
AM-22493265,REI,2025-04-20,2025-04-12,2025-04-20,CAUTO,"Calloway Fabrication, Ltd",Ardsley Mutual,Direct Bill,$191.10,,28.67,
NS-893231,New Business,2025-04-21,05/09/2025,2026-05-09,Commercial Auto,"Wexler Excavating, Co",Northgate Specialty,DIRECT BILL,"$66,635.99",10,6663.6,HFN-04
SFM22128484,PCH,2025-04-21,2025-04-20,2025-09-10,Work Comp,"Trask Welding, Corp",Stanwick F & M,Agency,-5389.12,15,-$808.37,HFN-04
KC4758763,Renewal,2025-04-24,2025-04-26,2026-04-26,Commercial Property,ASHBY MILLWORK LLC,Kemwood Casualty,A,65028.97,.15,"9,754.35",GBY-06
VN504130257,NBS,2025-04-25,2025-04-26,04/26/2026,CAUTO,"Delacroix Contracting, Corp",Valebrook National,Agency Bill,"$36,983.86",15,"$5,547.58",MCL-15
KC4057722,Cancel,2025-04-26,04/23/2025,,Commercial Property,"Nyquist Excavating, Co",Kemwood,Agency Bill,-10543.79,20,"-2,108.76",TRW-08
AM-63984602,Policy Change,2025-04-26,2025-04-23,,HOME,"Vasquez, Yolanda",ARDSLEY MUTUAL INS CO,Direct,182.99,0.2,$36.60,TRW-08
VN689573132,Endorsement,2025-04-27,2025-04-18,,BAUTO,"Arbogast Welding, Corp",Valebrook National,Direct Bill,996.55,12,119.59,MCL-15
VN172181737,NBS,2025-04-27,2025-05-15,2026-05-15,WC,"Halvorsen Excavating, LLC",Valebrook National,AGENCY BILL,70390.11,0.2,"14,078.02",GBY-22
KC3328306,Premium Audit,2025-04-28,2025-02-20,,Work Comp,"Renfro Excavating, LLC",Kemwood Casualty,Direct,"9,829.60",10,$982.96,
SFM59163534,endorsement,2025-04-28,2025-04-24,2026-03-23,GL,"Renfro Fabrication, Ltd",Stanwick F & M,AB,-5831.71,12.5,-728.96,GBY-06
KC0520981,END,2025-04-28,2025-04-26,,Work Comp,"Dupree Plumbing & Heating, LLC",Kemwood Casualty Co,AGENCY BILL,$152.50,,15.25,MCL-01
VN860746249,RWL,2025-04-30,2025-05-04,05/04/2026,Comm Prop,"Wexler Dairy, Corp",Valebrook National,AB,33859.42,15,5078.91,MCL-15
SFM09663635,PCH,2025-04-30,2025-04-22,2025-05-21,BAUTO,"Ferraro Electrical, Inc",Stanwick Fire and Marine,Agency Bill,2782.83,12,333.94,
SFM97075609,Renewal,2025-05-01,2025-05-14,2026-05-14,PAUTO,Rutger Thorne,Stanwick Fire & Marine,Agency Bill,1493.32,0.175,261.33,
VN071133188,Policy Change,2025-05-02,2025-04-29,2026-02-15,GL,Standish Electrical,VALEBROOK NATL,Agency Bill,"6,636.81",17.5,1161.44,TRW-08
KC6265587,New Business,2025-05-02,2025-05-05,2026-05-05,BAUTO,"Kessler Millwork, Co",Kemwood Casualty,Agency Bill,27950.09,12,"3,354.01",MCL-15
PI-6205277,NBS,2025-05-02,2025-05-16,2025-11-14,Auto,"Thorne, Marguerite",Pelham Ind.,D,827.44,17.5,144.80,GBY-22
VN377092888,NBS,2025-05-02,2025-05-18,2026-05-18,WORK,"Lindqvist Foundry, LLC",Valebrook National,Direct Bill,41369.27,15,6205.39,TRW-02
KC1176024,Renewal,2025-05-02,2025-05-06,2026-05-06,General Liability,"Trask Printing, Inc",Kemwood Casualty,Direct Bill,33058.41,15,"$4,958.76",MCL-15
PI-9544507,PCH,2025-05-02,04/23/2025,2026-03-01,Personal Auto,Freya Wojcik,Pelham Ind.,Direct Bill,222.02,20,44.4,TRW-02
KC0099920,New Business,2025-05-03,2025-05-13,2026-05-13,BAUTO,"Lindqvist Printing, Inc",Kemwood Casualty,D,29512.29,15,4426.84,GBY-06
SFM61318921,NBS,2025-05-03,2025-05-06,2026-05-06,Comm Prop,"Bramble Fabrication, Inc",Stanwick Fire & Marine,A,"$56,675.48",0.1,5667.55,TRW-02
AM-80594509,N/B,2025-05-04,2025-05-06,2026-05-06,BAUTO,"Delacroix Contracting, LLC",Ardsley Mutual,Direct Bill,68472.83,17.5,"11,982.75",TRW-08
VN921739236,END,2025-05-04,2025-04-25,11/25/2025,WC,"Petrossian Contracting, Corp",VALEBROOK NATL,DIRECT BILL,12095.19,10,"$1,209.52",MCL-01
NS-362057,NBS,2025-05-05,05/10/2025,2026-05-10,BAUTO,"Arbogast Bakery, Co",NORTHGATE SPEC,A,18190.44,17.5,"$3,183.33",TRW-02
AM-26476365,RWL,2025-05-05,2025-05-07,05/07/2026,HOME,Noor Vasquez,ARDSLEY MUTUAL INS CO,AGENCY BILL,"$1,051.96",17.5,184.09,GBY-22
NS-474445,RWL,2025-05-05,2025-05-23,2026-05-23,Comm Prop,"Nyquist Machine Works, LLC",Northgate Specialty,A,22402.12,.175,3920.37,
NS-776192,PCH,2025-05-05,04/30/2025,,GL,"Ostrander Welding, LLC",Northgate Specialty,AB,"3,370.58",15,505.59,MCL-15
KC2290055,Renewal,2025-05-06,2025-05-16,11/14/2025,Auto,Freya Aldridge,Kemwood,Direct Bill,2672.22,17.5,467.64,TRW-02
AM-84631931,endorsement,2025-05-06,2025-05-01,,Gen Liab,BRAMBLE PRINTING LLC,Ardsley Mutual,D,"6,269.60",15,940.44,MCL-01
VN323242602,Renew,2025-05-06,05/22/2025,2026-05-22,Gen Liab,"Calloway Produce, LLC",Valebrook National,Agency,49976.48,20,9995.3,MCL-15
VN269718219,RWL,2025-05-06,2025-05-24,2026-05-24,Personal Auto,Adaeze Adeyemi,Valebrook National,Agency Bill,"$2,369.97",0.15,355.5,TRW-08
KC9425453,Policy Change,2025-05-06,2025-04-27,2025-09-19,GL,"Wexler Contracting, Ltd",Kemwood,Direct Bill,"$1,580.76",10,158.08,GBY-06
VN421218214,XLC,2025-05-07,2025-04-29,,PPA,Bartholomew Rasmussen,Valebrook National,D,-$651.89,12.5,-$81.49,HFN-11
KC3050058,NBS,2025-05-07,2025-05-09,2026-05-09,Commercial Property,"Ostrander Dairy, Inc",KEMWOOD CAS,D,44779.62,12,5373.55,GBY-22
NS-795288,PAB,2025-05-07,01/14/2025,,Workers Comp,Dupree Excavating,NORTHGATE SPEC,D,-12541.29,,-1504.95,HFN-04
VN802032265,END,2025-05-07,2025-05-02,2025-06-20,General Liability,"Petrossian Electrical, Inc",VALEBROOK NATL,Agency Bill,420,15,63,GBY-06
VN986516051,NEW,2025-05-07,2025-05-23,2026-05-23,Workers Comp,"Ferraro Haulage, LLC",Valebrook,Agency,68638.88,15,10295.83,GBY-22
VN478126535,Policy Change,2025-05-08,2025-05-05,,PAUTO,Osman Oyelaran,Ardsley Mut,A,-653.25,10,-65.32,HFN-11
NS-066294,PCH,2025-05-08,2025-05-07,,HO3,Freya Aldridge,Northgate Specialty,AB,-$303.61,15,-$45.54,GBY-06
SFM71459312,RWL,2025-05-08,05/19/2025,2026-05-19,UMBR,Tolliver Electrical,Stanwick Fire & Marine,A,52577.35,12.5,6572.17,MCL-15
VN228262828,Audit,2025-05-09,2025-04-02,,WORK,"Halvorsen Excavating, Inc",VALEBROOK NATL,Direct Bill,-7079.43,.175,-1238.9,HFN-04
AM-83900656,RWL,2025-05-10,05/27/2025,2026-05-27,WC,"Rennick Roofing, Corp",ARDSLEY MUTUAL INS CO,A,"13,075.26",12,"$1,569.03",MCL-15
PI-7809435,New Business,2025-05-10,2025-05-25,2026-05-25,Workers Comp,"Ostrander Cabinetry, Ltd",Pelham Indemnity Group,Agency Bill,"26,785.41",20,"$5,357.08",
KC6081013,RWL,2025-05-10,2025-05-25,2026-05-25,Commercial Auto,"Rennick Roofing, LLC",Kemwood Casualty,Direct,9232.4,0.175,1615.67,HFN-04
NS-682103,New Business,2025-05-11,2025-05-15,2026-05-15,Comm Umbrella,UNDERHILL BAKERY INC,NORTHGATE SPEC,AGENCY BILL,"57,654.79",0.15,"8,648.22",TRW-08
VN252744419,PCH,2025-05-11,2025-05-06,,Workers Comp,Fairweather Cabinetry,Valebrook,DB,-1845.45,20,-$369.09,MCL-15
VN863676797,CAN,2025-05-11,2025-05-09,,PROP,"Marchetti Welding, LLC",Valebrook,A,-36553.06,10,-3655.31,HFN-04
NS-480572,Endorsement,2025-05-11,2025-05-05,2026-02-13,HO3,Beatriz Petrakis,NORTHGATE SPEC,Direct Bill,414.34,17.5,72.51,TRW-02
SFM32516822,PCH,2025-05-11,05/10/2025,,CGL,"Calloway Haulage, Corp",Stanwick Fire & Marine,DB,"$6,564.29",10,$656.43,HFN-11
SFM63255703,NBS,2025-05-14,2025-05-27,05/27/2026,Comm Auto,"Trask Roofing, Corp",STANWICK F&M,AGENCY BILL,55171,0.125,"$6,896.38",MCL-15
NS-680989,REN,2025-05-14,2025-05-19,05/19/2026,Homeowners,"Castellanos, Priya",NORTHGATE SPEC,DIRECT BILL,"3,337.49",12,$400.50,TRW-08
SFM06043624,Endorsement,2025-05-15,2025-05-09,2026-03-15,WC,"Kessler Printing, Corp",STANWICK F&M,DB,"-$1,678.67",15,-251.8,MCL-15
VN117189056,New Business,2025-05-15,2025-05-21,2026-05-21,CGL,"Dupree Freight, Ltd",Valebrook National,D,11707.02,10,1170.7,TRW-02
VN424934862,Endorsement,2025-05-15,2025-05-11,,Commercial Property,"Ashby Freight, Corp",VALEBROOK NATL,Direct Bill,4645.01,.15,696.75,MCL-01
SFM60462661,Renewal,2025-05-15,2025-06-02,2026-06-02,PPA,Amara Castellanos,Stanwick F & M,Direct Bill,"2,525.10",0.12,303.01,TRW-08
SFM51027869,Endorsement,2025-05-16,2025-05-14,2026-02-15,CGL,"Trask Bakery, LLC",Stanwick F & M,DB,"2,447.73",.175,428.35,TRW-02
PI-9685329,END,2025-05-16,2025-05-14,,CGL,"Dupree Fabrication, LLC",Pelham Indemnity,AGENCY BILL,107.56,0.1,10.76,TRW-08
SFM86423846,Renewal,2025-05-16,05/27/2025,2026-05-27,HOME,Osman Castellanos,Stanwick Fire & Marine,D,1873.32,20,374.66,MCL-01
PI-1726057,PCH,2025-05-17,2025-05-11,,GL,DUPREE CONTRACTING,Pelham Ind.,A,-5370.73,12,-644.49,
VN384144632,PCH,2025-05-18,2025-05-09,,Commercial Auto,"Delacroix Bakery, Corp",Valebrook National,Agency Bill,-1714.85,,-205.78,HFN-04
NS-564479,PCH,2025-05-19,2025-05-16,2025-06-23,HO3,Ingrid Novotny,Northgate Specialty Lines,A,-47,20,-9.4,GBY-22
VN894442528,PCH,2025-05-19,2025-05-19,2026-02-09,WORK,"Halvorsen Dairy, LLC",Valebrook National,DB,"-8,333.14",15,"-$1,249.97",TRW-02
SFM43975110,RWL,2025-05-19,2025-06-01,2026-06-01,CGL,"Underhill Auto Body, LLC",Stanwick Fire and Marine,Direct,47114.98,10,4711.5,TRW-08
NS-034052,NBS,2025-05-19,05/20/2025,2026-05-20,UMBR,"Ostrander Produce, Co",Northgate Specialty,Agency,"35,584.47",12,4270.14,TRW-08
PI-5590287,RWL,2025-05-20,2025-05-29,2026-05-29,Commercial Property,"Nyquist Freight, Ltd",PELHAM IND,A,15224.88,10,1522.49,
AM-73108372,NBS,2025-05-20,2025-06-03,2026-06-03,Comm Prop,"Delacroix Produce, Inc",Ardsley Mut,A,12610.73,15,"$1,891.61",TRW-02
KC2476920,Endorsement,2025-05-20,05/18/2025,2026-04-11,PROP,"Trask Produce, LLC",Kemwood Casualty Co,Agency Bill,"14,761.69",15,"$2,214.25",HFN-11
PI-5164471,New Business,2025-05-21,2025-06-04,2026-06-04,HO3,Malachy Thorne,Pelham Indemnity,Direct,2600.25,15%,390.04,TRW-08
VN283799223,NBS,2025-05-21,2025-06-01,06/01/2026,HO3,Freya Lindgren,Valebrook,Direct,868.16,15,130.22,TRW-02
SFM44033202,N/B,2025-05-21,2025-05-24,2026-05-24,BAUTO,"Underhill Auto Body, Inc",Stanwick Fire and Marine,AB,"$7,666.52",.12,919.98,MCL-15
KC9864090,Renewal,2025-05-22,2025-06-09,2026-06-09,BAUTO,"Delacroix Auto Body, LLC",Kemwood,Direct Bill,"$67,022.10",15,"$10,053.32",HFN-11
SFM43023692,Renewal,2025-05-22,2025-05-30,2026-05-30,PAUTO,Emeric Lindgren,Stanwick Fire & Marine,AB,750.61,0.15,112.59,GBY-06
KC1527568,Endorsement,2025-05-22,2025-05-14,2026-03-12,General Liability,Marchetti Cabinetry,Kemwood Casualty,Agency Bill,1937.33,0.15,290.6,TRW-02
KC7461467,New Business,2025-05-22,05/24/2025,2026-05-24,Commercial Auto,"Boyne Freight, Co",Kemwood Casualty,Agency,7416.81,10,741.68,TRW-08
SFM82549307,RWL,2025-05-23,2025-06-04,2025-12-03,Auto,Noor Nakagawa,Stanwick Fire and Marine,D,4235.02,12,$508.20,HFN-11
KC9527529,NBS,2025-05-23,2025-06-06,2026-06-06,BAUTO,"Tolliver Produce, LLC",Kemwood Casualty,A,"36,308.29",,3630.83,MCL-01
PI-0620366,XLC,2025-05-25,05/22/2025,,Commercial Property,"Tolliver Cabinetry, Inc",Pelham Indemnity,Direct Bill,"-$25,458.95",15,-3818.84,MCL-01
NS-928579,RWL,2025-05-26,2025-06-07,2026-06-07,Auto,Emeric Adeyemi,NORTHGATE SPEC,Direct,3723.98,17.5%,$651.70,HFN-11
KC7844848,endorsement,2025-05-26,2025-05-25,02/16/2026,PPA,Priya Sandoval,Kemwood Casualty Co,D,$292.57,0.1,29.26,GBY-06
KC2252474,New Business,2025-05-26,2025-06-12,2026-06-12,GL,MARCHETTI FOUNDRY,Kemwood Casualty,AGENCY BILL,16501.89,0.15,2475.28,GBY-22
AM-10696476,NEW,2025-05-28,05/30/2025,2026-05-30,Commercial Auto,"Boyne Contracting, Inc",Ardsley Mutual Insurance Company,A,17665.79,15,2649.87,HFN-04
PI-8258609,Endorsement,2025-05-29,2025-05-26,,Umbrella,"Boyne Landscaping, Co",PELHAM IND,A,"1,162.13",10,116.21,MCL-01
NS-795288,PCH,2025-05-29,05/24/2025,01/14/2026,Workers Comp,Dupree Excavating,NORTHGATE SPEC,D,"-9,780.24",.12,-1173.63,HFN-04
AM-27379317,endorsement,2025-05-29,2025-05-25,,Personal Auto,Ingrid Guerrero,ardsley mutual,Direct Bill,12.4,15,1.86,MCL-15
NS-358949,NBS,2025-05-29,2025-06-03,2026-06-03,Comm Auto,"Standish Contracting, Ltd",NORTHGATE SPEC,A,68775.2,.125,"$8,596.90",MCL-15
AM-90977648,NBS,2025-05-29,06/11/2025,2026-06-11,Commercial Property,"Ostrander Millwork, Co",Ardsley Mutual Insurance Company,Direct,"4,728.05",15,$709.21,GBY-22
AM-20153118,Renewal,2025-05-29,06/03/2025,2025-12-02,Personal Auto,Priya Wojcik,Ardsley Mutual,Agency Bill,"2,471.90",10,247.19,GBY-22
KC1176024,Endorsement,2025-05-29,2025-05-23,,CGL,"Trask Printing, Inc",Kemwood Casualty,Direct Bill,"-2,045.74",15,-306.86,MCL-15
NS-678971,Endorsement,2025-05-30,2025-05-29,2025-06-19,Personal Auto,Amara Oyelaran,Northgate Specialty,DB,$105.99,12.5,13.25,TRW-02
NS-317097,PCH,2025-05-30,2025-05-30,2025-08-02,GL,Bramble Foundry,NORTHGATE SPEC,Direct,11006.82,17.5,"1,926.19",MCL-01
NS-787130,NBS,2025-05-30,2025-05-31,2026-05-31,WC,"Halvorsen Electrical, Inc",Northgate Specialty,D,"$71,012.41",10,"7,101.24",GBY-22
KC1757033,Cancellation,2025-05-30,2025-05-28,,CAUTO,"Halvorsen Excavating, Co",Kemwood Casualty,A,"-$10,912.34",15,-1636.85,TRW-08
SFM54635331,RWL,2025-05-30,2025-06-08,2026-06-08,Auto,Adaeze Sandoval,Stanwick F & M,DB,2737.46,12,$328.50,HFN-04
SFM45535954,PCH,2025-06-01,05/30/2025,,Comm Prop,"Petrossian Electrical, Inc",Stanwick Fire and Marine,A,"$5,031.30",0.175,880.48,HFN-11
VN025350399,Renewal,2025-06-01,2025-06-04,2026-06-04,WORK,"Ostrander Produce, LLC",VALEBROOK NATL,Agency Bill,15642.91,12%,1877.15,MCL-01
PI-3744328,REN,2025-06-01,2025-06-18,2026-06-18,GL,"Ferraro Millwork, LLC",Pelham Indemnity,A,10946.63,15,1641.99,MCL-15
SFM17964075,NBS,2025-06-01,2025-06-16,2026-06-16,CGL,"Renfro Machine Works, Ltd",Stanwick Fire and Marine,Agency,49677.53,0.12,5961.3,MCL-15
VN475685562,NBS,2025-06-01,2025-06-07,2026-06-07,PAUTO,Solveig Thorne,Valebrook Nat'l,Direct,3875.02,0.15,581.25,TRW-08
SFM48833538,NBS,2025-06-01,2025-06-17,2026-06-17,Comm Auto,"Kowalczyk Electrical, Co",Stanwick Fire and Marine,AB,51195.4,0.2,10239.08,HFN-04
NS-178123,New Business,2025-06-02,2025-06-03,06/03/2026,GL,Fairweather Landscaping,Northgate Specialty,Agency Bill,9237.18,10,923.72,GBY-22
VN802032265,RWL,2025-06-03,2025-06-20,2026-06-20,CGL,PETROSSIAN ELECTRICAL INC,Valebrook Nat'l,AGENCY BILL,"8,233.26",15,"1,234.99",GBY-06
VN033896556,New Business,2025-06-04,2025-06-04,2026-06-04,WORK,Ferraro Printing,Valebrook National,D,51227.16,0.15,7684.07,MCL-15
VN384144632,Policy Change,2025-06-04,2025-05-27,2025-12-02,Auto,"Delacroix Bakery, Corp",VALEBROOK NATL,A,6383.83,12,$766.06,HFN-04
VN421218214,REI,2025-06-05,2025-05-24,2026-01-26,Auto,Bartholomew Rasmussen,Valebrook National,D,651.89,12.5,81.49,HFN-11
AM-80594509,Endorsement,2025-06-05,2025-06-05,2026-05-06,CAUTO,"Delacroix Contracting, LLC",Ardsley Mutual,D,-5123.42,17.5,-896.6,TRW-08
NS-690349,RWL,2025-06-06,2025-06-21,2026-06-21,Commercial Auto,FERRARO PRINTING,Northgate Specialty,D,"$44,236.66",10,"$4,423.67",GBY-22
SFM35332498,RWL,2025-06-06,06/10/2025,2026-06-10,HO3,Malachy Adeyemi,Stanwick F & M,Direct,4029.97,12,483.6,MCL-01
VN270793491,PCH,2025-06-06,2025-05-30,2025-10-24,HOME,Rutger Falkenrath,Valebrook National,A,-460.06,12,-$55.21,TRW-02
NS-047614,RWL,2025-06-06,2025-06-09,06/09/2026,Auto,Priya Lindgren,Northgate Specialty,Direct,"3,074.17",0.175,537.98,HFN-11
VN680433614,END,2025-06-06,2025-05-29,2026-04-01,Workers Comp,"Boyne Millwork, LLC",Valebrook,D,"$1,196.77",17.5,209.43,
SFM03944926,NBS,2025-06-07,2025-06-16,2026-06-16,GL,"Boyne Dairy, Inc",Stanwick Fire & Marine,D,"$59,451.28",12.5,"7,431.41",TRW-02
SFM90223197,PCH,2025-06-07,2025-06-03,,UMB,"Whitcomb Contracting, LLC",Stanwick Fire and Marine,AB,7885.69,10,$788.57,TRW-08
VN986516051,endorsement,2025-06-07,2025-06-07,2026-05-23,WORK,"Ferraro Haulage, LLC",Valebrook National,Agency,10458.08,.15,"1,568.71",GBY-22
KC1101453,RWL,2025-06-08,2025-06-12,2026-06-12,Auto,Emeric Adeyemi,KEMWOOD CAS,DIRECT BILL,1665.97,17.5,291.54,MCL-15
NS-696027,RWL,2025-06-08,2025-06-12,2026-06-12,WORK,Lindqvist Contracting,NORTHGATE SPEC,Agency Bill,54162.67,0.15,8124.4,GBY-22
VN660701796,Endorsement,2025-06-09,2025-06-09,,Comm Auto,TRASK DAIRY LLC,Valebrook National,A,5454.1,12,654.49,HFN-11
KC8505938,NEW,2025-06-10,2025-06-13,2026-06-13,Umbrella,Wexler Auto Body,KEMWOOD CAS,Direct Bill,28723.84,12,"$3,446.86",GBY-22
KC1757033,REI,2025-06-11,2025-06-14,2026-03-10,BAUTO,"Halvorsen Excavating, Co",Kemwood Casualty Co,AGENCY BILL,10912.34,15,"1,636.85",TRW-08
SFM88352497,PCH,2025-06-12,2025-06-06,2026-01-04,CGL,"Ostrander Cold Storage, LLC",Stanwick Fire and Marine,A,"-8,718.29",0.2,-1743.66,TRW-02
SFM59163534,PCH,2025-06-12,06/11/2025,,GL,"Renfro Fabrication, Ltd",Stanwick Fire & Marine,Agency Bill,"1,182.66",12.5,147.83,GBY-06
KC9408633,XLC,2025-06-14,2025-06-02,,WC,"Ostrander Roofing, Co",KEMWOOD CAS,Direct,-27150.06,.1,"-$2,715.01",HFN-04
PI-0821547,PAB,2025-06-14,2025-03-04,,Workers Comp,"Bramble Dairy, Corp",PELHAM IND,Direct,$758.22,0.15,$113.73,HFN-11
PI-3210456,PCH,2025-06-14,2025-06-08,,HO,Rutger Petrakis,Pelham Ind.,Direct Bill,-$89.77,15,-$13.47,TRW-08
PI-4434251,Rewrite,2025-06-15,2025-06-12,2026-06-12,CAUTO,"Marchetti Cold Storage, LLC",Pelham Indemnity,Direct,60328.7,17.5,10557.52,GBY-06
AM-84631931,PCH,2025-06-15,2025-06-10,2026-04-17,CGL,"Bramble Printing, LLC",Ardsley Mutual,Direct,"$8,459.55",15,1268.93,MCL-01
NS-327166,Renewal,2025-06-16,2025-06-27,2026-06-27,CGL,Tolliver Machine Works,NORTHGATE SPEC,Agency Bill,39334.1,17.5,"$6,883.47",TRW-02
NS-448674,Renew,2025-06-16,2025-06-29,2026-06-29,BAUTO,"Rennick Auto Body, LLC",NORTHGATE SPEC,Agency,78300.56,15,11745.08,GBY-06
KC6921184,endorsement,2025-06-16,2025-06-12,,Comm Auto,"Calloway Roofing, Inc",KEMWOOD CAS,DIRECT BILL,-515.34,12.5,-64.42,GBY-06
SFM49207377,END,2025-06-17,06/08/2025,2025-07-09,HO3,"Novotny, Bartholomew",Stanwick F & M,DB,65.34,12.5,$8.17,TRW-02
AM-23956033,PCH,2025-06-17,2025-06-15,2026-02-13,Comm Prop,"Wexler Foundry, LLC",Ardsley Mut,Direct Bill,-1374.42,0.15,-206.16,GBY-22
SFM71391815,Cancellation,2025-06-17,2025-06-13,,Comm Umbrella,"Calloway Roofing, Ltd",Stanwick F & M,Agency,-17764.47,15,"-$2,664.67",
KC7371443,Renewal,2025-06-18,2025-06-28,2026-06-28,CAUTO,"Fairweather Welding, LLC",KEMWOOD CAS,Agency Bill,49042.37,12.5,6130.3,HFN-04
NS-678971,RWL,2025-06-19,2025-06-19,2025-12-18,Personal Auto,Amara Oyelaran,Northgate Specialty,DIRECT BILL,2170.1,12.5,271.26,TRW-02
AM-76406752,Endorsement,2025-06-19,2025-06-17,2025-07-26,WORK,"Marchetti Fabrication, Ltd",Ardsley Mutual,A,"-6,347.33",,-634.73,TRW-08
NS-049706,END,2025-06-20,2025-06-20,,Commercial Auto,"Bramble Haulage, Inc",Northgate Specialty,DIRECT BILL,1469.32,0.12,176.32,GBY-06
KC3223054,Renew,2025-06-20,2025-06-30,2026-06-30,Commercial Auto,"Underhill Machine Works, Co",Kemwood,AGENCY BILL,"41,349.45",12.5,5168.68,GBY-22
NS-255743,END,2025-06-21,2025-06-15,2025-07-18,GL,Bramble Contracting,Northgate Specialty Lines,A,"-$7,261.23",15,-1089.18,TRW-02
VN323242602,XLC,2025-06-22,2025-06-19,,CGL,"Calloway Produce, LLC",VALEBROOK NATL,Agency Bill,-46142.67,20,-9228.53,MCL-15
VN857767444,RWL,2025-06-22,2025-07-01,2025-12-30,PAUTO,Casimir Castellanos,Valebrook National,D,3468.49,17.5,606.99,GBY-06
NS-680989,PCH,2025-06-22,2025-06-20,2026-05-19,HO3,Priya Castellanos,Northgate Specialty,Direct Bill,-449.03,12%,-53.88,TRW-08
AM-09188581,PCH,2025-06-23,2025-06-21,01/22/2026,GL,"Underhill Dairy, Inc",Ardsley Mutual,AB,"$3,975.58",10,397.56,MCL-15
PI-8256995,Endorsement,2025-06-26,06/18/2025,,Commercial Property,"Ashby Fabrication, LLC",Pelham Indemnity,D,-784.9,15,-117.73,TRW-02
PI-7398808,END,2025-06-26,2025-06-22,08/19/2025,PPA,Josefa Thorne,Pelham Indemnity,DIRECT BILL,655.32,15,98.30,MCL-15
AM-24710707,REN,2025-06-28,07/10/2025,2026-07-10,Auto,Josefa Okonkwo,Ardsley Mutual,D,1472.14,17.5,257.62,TRW-02
PI-0821547,Cancellation,2025-06-28,06/27/2025,,Work Comp,"Bramble Dairy, Corp",Pelham Indemnity Group,DIRECT BILL,"-$3,395.66",15,-509.35,HFN-11
KC2455065,endorsement,2025-06-28,2025-06-19,2025-11-17,UMB,"Wexler Cabinetry, LLC",Kemwood Casualty,A,5823.09,15,873.46,GBY-22
NS-867070,RWL,2025-06-29,07/10/2025,2026-07-10,Workers Comp,Standish Machine Works,NORTHGATE SPEC,Agency Bill,32967.91,12,3956.15,TRW-08
AM-34421217,RWL,2025-06-29,2025-07-09,2026-07-09,PROP,"Halvorsen Landscaping, LLC",Ardsley Mutual,D,"15,270.65",0.15,2290.6,GBY-06
VN689573132,PCH,2025-06-29,06/23/2025,2025-11-15,Commercial Auto,ARBOGAST WELDING CORP,Valebrook Nat'l,Direct Bill,-2209.26,12,-$265.11,MCL-15
KC3272643,PCH,2025-06-29,06/28/2025,2025-12-16,CAUTO,"Standish Produce, LLC",Kemwood Casualty,A,-334.06,15,-50.11,HFN-04
PI-0620366,Reinstatement,2025-06-30,06/22/2025,2026-03-04,CPROP,"Tolliver Cabinetry, Inc",Pelham Indemnity,Direct Bill,"25,458.95",0.15,3818.84,MCL-01
SFM02461364,Cancellation,2025-06-30,2025-06-23,,Comm Prop,"Standish Excavating, Inc",STANWICK F&M,DB,-35949.03,0.175,"-6,291.08",GBY-22
PI-4922215,Endorsement,2025-06-30,2025-06-29,2025-08-24,WC,CALLOWAY BAKERY,Pelham Indemnity,AB,491.35,17.5,85.99,HFN-11
SFM79489914,Renewal,2025-07-01,2025-07-01,2026-07-01,Commercial Auto,"Halvorsen Roofing, Inc",Stanwick F & M,Direct,21336,10,2133.6,MCL-15
NS-480218,PCH,2025-07-02,2025-06-24,2026-04-24,Umbrella,"Calloway Haulage, LLC",Northgate Specialty,D,347.8,12.5,43.48,MCL-01
PI-5590287,Endorsement,2025-07-02,06/27/2025,2026-05-29,PROP,"Nyquist Freight, Ltd",Pelham Ind.,Agency,1936.98,10,193.7,TRW-02
NS-291136,Policy Change,2025-07-02,2025-07-01,04/11/2026,GL,"Rennick Millwork, LLC",Northgate Specialty,Agency Bill,-3204.21,12.5,-400.53,MCL-15
PI-4496495,Audit,2025-07-02,2025-04-05,,WC,"Fairweather Plumbing & Heating, Co",PELHAM IND,Direct Bill,-1582.13,12.5,-$197.77,TRW-02
SFM49730754,Endorsement,2025-07-04,2025-07-02,,PROP,"Bramble Printing, Ltd",Stanwick Fire & Marine,A,-770.39,12,-92.45,TRW-08
AM-77613776,Renewal,2025-07-04,2025-07-06,2026-07-06,PROP,"Delacroix Dairy, Corp",ARDSLEY MUTUAL INS CO,DIRECT BILL,"74,264.75",12,8911.77,TRW-02
NS-456996,Endorsement,2025-07-04,2025-06-28,,CGL,"Nyquist Cold Storage, LLC",Northgate Specialty Lines,AB,7592.74,0.2,1518.55,GBY-06
KC9408633,Policy Change,2025-07-05,2025-07-04,2025-11-01,Workers Comp,"Ostrander Roofing, Co",KEMWOOD CAS,Direct Bill,"-$8,445.45",10,-844.54,
KC6862016,Renewal,2025-07-05,07/08/2025,2026-07-08,Commercial Auto,"Lindqvist Electrical, Co",Kemwood Casualty Co,DB,48538.41,17.5,"8,494.22",HFN-04
KC6309188,Renewal,2025-07-05,2025-07-10,2026-07-10,WORKERS COMPENSATION,"Arbogast Auto Body, LLC",Kemwood,Direct Bill,44434.82,0.15,"$6,665.22",HFN-04
KC4296054,REN,2025-07-06,2025-07-13,2026-07-13,Commercial Property,Rennick Freight,Kemwood Casualty Co,DB,"3,210.33",10,321.03,HFN-04
KC7642226,Renewal,2025-07-06,2025-07-09,2026-07-09,General Liability,ASHBY FREIGHT CO,Kemwood Casualty Co,Agency Bill,18851.08,20,"$3,770.22",MCL-15
NS-407380,Renew,2025-07-06,2025-07-23,2026-07-23,Commercial Auto,Boyne Excavating,NORTHGATE SPEC,A,78955.57,15,11843.34,GBY-22
SFM06043624,PAB,2025-07-06,2025-03-15,,Workers Comp,"Kessler Printing, Corp",Stanwick Fire and Marine,DIRECT BILL,"1,669.32",15,$250.40,MCL-15
NS-264136,PCH,2025-07-06,07/02/2025,,GL,"Boyne Millwork, Ltd",Northgate Specialty,D,6700.05,15,"1,005.01",GBY-22
AM-44501872,RWL,2025-07-06,07/23/2025,2026-07-23,CAUTO,Standish Plumbing & Heating,Ardsley Mutual,A,61697.97,20,"$12,339.59",
PI-5590287,PCH,2025-07-07,2025-06-28,,Comm Prop,"Nyquist Freight, Ltd",Pelham Indemnity Group,Agency,-611.74,10%,-61.17,TRW-02
VN016661244,END,2025-07-07,2025-06-30,,General Liability,"Fairweather Cold Storage, Co",Valebrook National,Agency Bill,4404.19,12.5,550.52,
PI-8243699,PCH,2025-07-12,2025-07-09,2025-09-19,WC,"Trask Cabinetry, Inc",PELHAM IND,AB,-5417.4,12,-650.09,TRW-02
VN323242602,Reinstatement,2025-07-12,2025-07-05,05/22/2026,General Liability,"Calloway Produce, LLC",Valebrook National,A,46142.67,20,9228.53,MCL-15
VN483460542,endorsement,2025-07-12,2025-07-10,,General Liability,"Halvorsen Bakery, Co",Valebrook,Direct Bill,10650.19,.125,1331.27,GBY-22
NS-075585,Endorsement,2025-07-13,2025-07-07,,Work Comp,"Boyne Plumbing & Heating, Co",NORTHGATE SPEC,Direct,-2841.5,12,-$340.98,HFN-11
AM-63984602,Policy Change,2025-07-14,2025-07-11,,HOME,Yolanda Vasquez,ardsley mutual,Direct Bill,-177.95,0.2,-$35.59,TRW-08
SFM71391815,Policy Change,2025-07-15,2025-07-09,11/14/2025,Umbrella,"Calloway Roofing, Ltd",Stanwick Fire & Marine,AB,"$2,098.26",15,$314.74,HFN-11
NS-284475,RWL,2025-07-16,2025-07-21,07/21/2026,UMB,"Underhill Freight, LLC",NORTHGATE SPEC,DB,31272.17,12,"$3,752.66",
NS-811413,PCH,2025-07-16,2025-07-08,,CAUTO,"Ashby Printing, LLC",Northgate Specialty,Agency Bill,-9260.06,.12,-1111.21,TRW-02
NS-893231,PCH,2025-07-16,2025-07-08,,Auto,"Wexler Excavating, Co",Northgate Specialty,DIRECT BILL,8050.75,10,805.08,HFN-04
SFM48684159,END,2025-07-16,2025-07-12,,Commercial Property,"Trask Foundry, Inc",Stanwick Fire & Marine,A,"-$7,534.60",20,"-1,506.92",GBY-22
PI-3710851,endorsement,2025-07-17,2025-07-12,2026-03-08,CAUTO,"Halvorsen Millwork, Corp",PELHAM IND,Agency,"3,611.23",.15,541.68,MCL-15
NS-443460,Endorsement,2025-07-19,2025-07-15,2025-08-18,Workers Comp,"Kowalczyk Haulage, LLC",Northgate Specialty,Agency Bill,"3,017.59",,301.76,HFN-04
VN028603407,Policy Change,2025-07-19,2025-07-18,,Homeowners,Malachy Guerrero,VALEBROOK NATL,Direct,359.06,17.5,62.84,HFN-11
NS-811413,Policy Change,2025-07-19,2025-07-12,2026-02-28,CAUTO,"Ashby Printing, LLC",Northgate Specialty,Agency,9172.52,12,1100.7,TRW-02
PI-4377229,PCH,2025-07-19,2025-07-10,,Comm Prop,"Tolliver Cabinetry, Corp",Pelham Indemnity,Direct Bill,3127.15,.125,390.89,MCL-01
VN551554629,PCH,2025-07-19,2025-07-16,,Commercial Property,"Marchetti Foundry, Co",Valebrook National,AGENCY BILL,"-$3,290.85",15%,-493.63,HFN-04
AM-83900656,PAB,2025-07-20,2025-05-27,,Workers Comp,"Rennick Roofing, Corp",ARDSLEY MUTUAL INS CO,Agency Bill,"-$2,635.75",12,-316.29,MCL-15
VN385915599,RWL,2025-07-20,2025-07-20,2026-07-20,HOME,"Halloran, Priya",Valebrook National,D,3250.17,17.5,568.78,
VN857767444,PCH,2025-07-21,2025-07-15,2025-12-30,Personal Auto,Casimir Castellanos,Valebrook National,D,-556.71,17.5,-97.42,GBY-06
KC2476920,Policy Change,2025-07-21,2025-07-17,2026-04-11,Comm Prop,TRASK PRODUCE LLC,Kemwood Casualty Co,AB,12294.76,15,1844.21,HFN-11
NS-480218,PCH,2025-07-22,2025-07-15,2026-04-24,Umbrella,"Calloway Haulage, LLC",NORTHGATE SPEC,Direct Bill,-$313.74,12.5,-39.22,MCL-01
KC2290055,Endorsement,2025-07-23,2025-07-23,2025-11-14,PPA,Freya Aldridge,Kemwood Casualty Co,D,-$264.93,17.5,-46.36,TRW-02
KC1153023,RWL,2025-07-23,2025-08-08,2026-08-08,Commercial Auto,"Halvorsen Landscaping, Co",Kemwood,D,42041.69,.12,5045,HFN-11
VN857767444,PCH,2025-07-23,2025-07-16,2025-12-30,PPA,Casimir Castellanos,VALEBROOK NATL,Direct Bill,-328.45,17.5,-57.48,GBY-06
SFM75616804,Renewal,2025-07-23,2025-07-30,07/30/2026,General Liability,"Bramble Bakery, Inc",Stanwick Fire & Marine,Direct,80243.96,20,16048.79,HFN-04
KC8236963,END,2025-07-23,2021-11-30,2025-10-08,CAUTO,"Lindqvist Cold Storage, Co",Kemwood,AGENCY BILL,-2288.6,12,-$274.63,HFN-04
SFM84370561,Endorsement,2025-07-24,07/17/2025,,CGL,"Calloway Machine Works, LLC",Stanwick Fire & Marine,AB,"-5,852.66",.15,-877.9,MCL-01
KC1027895,endorsement,2025-07-24,2025-07-17,,HO,Ingrid Rasmussen,Kemwood Casualty,AB,138.62,12,16.63,MCL-01
KC6081013,PCH,2025-07-24,2025-07-18,2026-05-25,Comm Auto,RENNICK ROOFING LLC,KEMWOOD CAS,D,"1,125.41",.175,196.95,HFN-04
VN451339954,Policy Change,2025-07-25,07/21/2025,2025-09-10,WORK,"Whitcomb Bakery, LLC",Valebrook Nat'l,DIRECT BILL,6542.72,15,981.41,TRW-02
NS-067119,Renewal,2025-07-25,2025-07-28,2026-07-28,Commercial Property,"Marchetti Millwork, Corp",Northgate Specialty,AB,7307.86,20,"$1,461.57",HFN-11
KC5488737,Renewal,2025-07-26,2025-08-07,2026-08-07,Commercial Property,BOYNE MILLWORK LLC,KEMWOOD CAS,A,13968.31,12,"1,676.20",HFN-11
NS-787130,PCH,2025-07-26,2025-07-19,05/31/2026,WORK,"Halvorsen Electrical, Inc",Northgate Specialty,Direct Bill,-9593.01,10,-959.3,GBY-22
AM-90991103,Endorsement,2025-07-27,2025-07-19,2025-10-29,PAUTO,Yolanda Guerrero,Ardsley Mutual,A,-$319.27,12,-38.31,HFN-11
KC0950613,RWL,2025-07-27,2025-08-05,2026-08-05,PROP,"Boyne Cabinetry, LLC",Kemwood Casualty,A,76790.21,12.5,9598.78,GBY-06
PI-3210456,endorsement,2025-07-27,2025-07-19,,HO3,Rutger Petrakis,PELHAM IND,DIRECT BILL,-288.74,0.15,-43.31,TRW-08
VN315214209,RWL,2025-07-28,2025-08-09,2026-02-07,HO,Noor Nakagawa,Valebrook,D,1072.15,0.15,160.82,GBY-22
NS-682740,PCH,2025-07-29,2025-07-29,2026-02-19,PAUTO,Ingrid Oyelaran,Northgate Specialty Lines,D,202.21,10,20.22,MCL-01
AM-44575271,Policy Change,2025-07-29,2025-07-24,2026-01-23,WC,"Standish Machine Works, LLC",ARDSLEY MUTUAL INS CO,Agency Bill,3714.87,17.5,650.1,HFN-11
PI-9706615,Cancel,2025-07-29,2025-07-23,,WORK,"Petrossian Plumbing & Heating, Co",Pelham Indemnity,Agency Bill,"-$4,197.08",10,-419.71,GBY-22
SFM66229609,Endorsement,2025-07-29,2025-07-21,2026-01-23,CGL,"Nyquist Millwork, LLC",Stanwick F & M,A,-6576.15,15,-986.42,GBY-06
PI-3891445,END,2025-07-31,07/30/2025,2025-11-17,CAUTO,"Whitcomb Landscaping, LLC",PELHAM IND,Agency Bill,"-1,264.55",10,-126.45,HFN-11
PI-0821547,Reinstate,2025-08-02,07/26/2025,2026-03-04,Workers Comp,"Bramble Dairy, Corp",PELHAM IND,Direct Bill,"$3,395.66",15,$509.35,HFN-11
PI-3744328,Endorsement,2025-08-02,2025-07-31,,CGL,"Ferraro Millwork, LLC",PELHAM IND,A,"$1,790.51",15,268.58,MCL-15
KC8508877,Renewal,2025-08-03,08/21/2025,2026-08-21,CGL,"Boyne Bakery, Inc",Kemwood Casualty,D,4646.13,12.5,580.77,HFN-04
NS-559240,REN,2025-08-03,2025-08-17,2026-08-17,CAUTO,"Fairweather Auto Body, Corp",Northgate Specialty,A,"63,567.59",17.5,"$11,124.33",TRW-08
SFM32968739,Endorsement,2025-08-03,2025-08-03,,HOME,Amara Guerrero,Stanwick Fire and Marine,Agency Bill,267.97,10,$26.80,TRW-08
VN689573132,Policy Change,2025-08-04,2025-07-26,2025-11-15,Auto,"Arbogast Welding, Corp",Valebrook National,DB,"-$2,933.61",12%,-$352.03,MCL-15
VN373827030,Policy Change,2025-08-05,2025-08-05,2025-12-27,CPROP,"Calloway Landscaping, Inc",VALEBROOK NATL,Agency Bill,"1,096.44",15,164.47,MCL-15
SFM43701039,Renewal,2025-08-05,08/11/2025,2026-08-11,Auto,"Wexler Electrical, Corp",STANWICK F&M,DIRECT BILL,"$74,467.07",15,"$11,170.06",MCL-01
VN921739236,XLC,2025-08-05,2025-07-25,,WORK,"Petrossian Contracting, Corp",Valebrook National,Direct Bill,-25212.97,10,-2521.3,MCL-01
VN475685562,endorsement,2025-08-06,08/05/2025,2026-06-07,Personal Auto,Solveig Thorne,Valebrook Nat'l,D,292.28,15,43.84,TRW-08
VN373827030,Endorsement,2025-08-07,2025-08-03,,Commercial Property,"Calloway Landscaping, Inc",Valebrook National,Agency Bill,4561.24,15,684.19,MCL-15
KC5128290,Renewal,2025-08-07,2025-08-23,08/23/2026,Commercial Auto,"Marchetti Fabrication, LLC",Kemwood Casualty,Agency Bill,18506.95,,"1,850.70",HFN-04
NS-140605,AUD,2025-08-08,2025-05-11,,Work Comp,"Trask Foundry, Ltd",Northgate Specialty,Agency Bill,"3,976.94",12%,$477.23,GBY-22
VN551554629,END,2025-08-08,2025-08-02,,Commercial Property,"Marchetti Foundry, Co",Valebrook National,AB,-11088.1,15,"-1,663.21",HFN-04
VN894442528,Cancellation,2025-08-09,2025-08-03,,WORK,"Halvorsen Dairy, LLC",Valebrook National,D,-37622.5,15,-5643.37,TRW-02
SFM35332498,PCH,2025-08-10,2025-08-04,,Homeowners,Malachy Adeyemi,Stanwick F & M,D,$238.93,.12,$28.67,
KC2779576,Policy Change,2025-08-10,2025-08-05,2026-02-14,PROP,Ferraro Landscaping,KEMWOOD CAS,AGENCY BILL,1791.99,.125,224,GBY-06
SFM08930705,Renewal,2025-08-10,2025-08-23,2026-08-23,General Liability,RENFRO HAULAGE CORP,STANWICK F&M,A,"$11,928.78",15,"1,789.32",MCL-15
KC1527568,Policy Change,2025-08-11,2025-08-03,2026-03-12,CGL,Marchetti Cabinetry,KEMWOOD CAS,A,-8616.55,.15,-1292.48,TRW-02
PI-9685329,Policy Change,2025-08-12,2025-08-12,10/27/2025,CGL,"Dupree Fabrication, LLC",Pelham Indemnity Group,Agency,355.93,10%,35.59,TRW-08
VN442938317,PCH,2025-08-12,2025-08-12,,CGL,ARBOGAST PLUMBING AND HEATING INC,Valebrook Nat'l,DB,"-5,080.85",12,-609.7,TRW-02
PI-9330633,PCH,2025-08-12,2025-08-09,,PPA,Vidal Wojcik,PELHAM IND,D,-173.21,15,-$25.98,GBY-22
SFM46937492,Renew,2025-08-14,2025-08-22,2026-08-22,BAUTO,"Marchetti Freight, LLC",STANWICK F&M,DB,"75,228.79",10,7522.88,TRW-02
AM-23956033,XLC,2025-08-14,2025-08-09,,PROP,"Wexler Foundry, LLC",Ardsley Mutual,DIRECT BILL,"-$4,559.16",15,-683.87,GBY-22
AM-28743124,XLN,2025-08-15,2025-08-13,,PROP,"Delacroix Cabinetry, Co",ARDSLEY MUTUAL INS CO,AGENCY BILL,-3098.1,12,-371.77,MCL-01
NS-443460,REN,2025-08-15,2025-08-18,2026-08-18,WORK,"Kowalczyk Haulage, LLC",Northgate Specialty,Agency,24792.29,0.1,2479.23,HFN-04
NS-358949,Policy Change,2025-08-15,2025-08-10,2026-06-03,Comm Auto,"Standish Contracting, Ltd",Northgate Specialty,A,"$7,324.54",12.5,915.57,MCL-15
VN618607023,PAB,2025-08-15,06/16/2025,,WORK,"Trask Auto Body, Ltd",Valebrook National,AGENCY BILL,"$6,296.59",10,629.66,HFN-04
SFM92509992,REN,2025-08-15,2025-08-22,2026-08-22,BAUTO,"Rennick Millwork, Inc",Stanwick Fire & Marine,D,"84,793.48",12,"$10,175.22",
AM-63984602,Policy Change,2025-08-16,2025-08-11,11/26/2025,Homeowners,Yolanda Vasquez,Ardsley Mutual Insurance Company,Direct Bill,$77.76,0.2,15.55,TRW-08
AM-56702560,Premium Audit,2025-08-17,2025-05-26,,Workers Comp,"Ferraro Roofing, Inc",Ardsley Mut,D,-9970.64,15,-1495.6,MCL-15
AM-44501872,PCH,2025-08-17,2025-08-12,2026-07-23,BAUTO,Standish Plumbing & Heating,ARDSLEY MUTUAL INS CO,Agency,4705.05,0.2,$941.01,TRW-08
PI-3467270,Endorsement,2025-08-18,08/14/2025,2025-10-14,Commercial Auto,"Bramble Auto Body, Co",Pelham Indemnity Group,Agency Bill,"-$4,299.72",12,-$515.97,HFN-11
VN000167815,RWL,2025-08-18,2025-08-27,08/27/2026,Commercial Auto,"Petrossian Dairy, LLC",Valebrook National,Agency Bill,65839.62,17.5,"$11,521.93",MCL-01
PI-0915559,PCH,2025-08-19,2025-08-11,2026-01-15,Umbrella,Calloway Freight,Pelham Indemnity,AGENCY BILL,"1,808.86",0.1,180.89,TRW-08
PI-2304482,XLC,2025-08-20,2025-08-16,,WORK,"Wexler Cold Storage, Inc",PELHAM IND,A,-17803.03,15,"-2,670.45",MCL-15
VN867623526,Renewal,2025-08-20,2025-08-30,2026-08-30,CGL,"Rennick Plumbing & Heating, Co",Valebrook Nat'l,AB,6854.74,0.1,$685.47,MCL-15
KC9439020,PCH,2025-08-20,2025-08-16,,Work Comp,"Tolliver Produce, Ltd",KEMWOOD CAS,A,"-8,718.92",12,-1046.27,HFN-11
PI-1726057,Endorsement,2025-08-20,08/20/2025,,Gen Liab,DUPREE CONTRACTING,Pelham Indemnity,Agency,1611.46,12,$193.38,HFN-11
VN373827030,END,2025-08-21,2025-08-16,2025-12-27,Commercial Property,"Calloway Landscaping, Inc",Valebrook,Agency Bill,2475.15,15,371.27,MCL-15
VN025350399,PAB,2025-08-21,2025-06-04,,WORK,"Ostrander Produce, LLC",Valebrook Nat'l,AGENCY BILL,1022.83,12,$122.74,
VN551602567,endorsement,2025-08-24,08/22/2025,,Umbrella,"Standish Cold Storage, Co",Valebrook Nat'l,A,7363.23,12,$883.59,TRW-08
KC5138749,NRA,2025-08-25,10/25/2025,,CPROP,"Fairweather Electrical, Corp",Kemwood Casualty,D,0,.2,0,TRW-02
NS-165941,Renewal,2025-08-27,2025-09-02,2026-09-02,GL,"Ferraro Dairy, Co",Northgate Specialty,A,"$37,307.04",10%,"3,730.70",MCL-15
PI-1529510,RWL,2025-08-27,2025-09-05,2026-09-05,Personal Auto,Osman Nakagawa,PELHAM IND,Direct Bill,1888.47,15,$283.27,GBY-06
SFM90223197,Renew,2025-08-29,2025-09-07,2026-09-07,UMBR,"Whitcomb Contracting, LLC",Stanwick Fire & Marine,Agency Bill,46717.72,,4671.77,TRW-08
VN451339954,Renew,2025-08-29,09/10/2025,2026-09-10,Workers Comp,WHITCOMB BAKERY LLC,Valebrook National,D,55180.52,0.15,8277.08,TRW-02
VN801444081,Policy Change,2025-08-29,2025-08-27,,WC,"Petrossian Cabinetry, Inc",Valebrook Nat'l,A,7010.91,17.5,"$1,226.91",HFN-11
SFM09679669,Renewal,2025-08-30,2025-09-13,2026-09-13,WC,KOWALCZYK PLUMBING AND HEATING LLC,Stanwick F & M,A,59815.67,17.5,"$10,467.74",MCL-01
PI-5801976,Cancellation,2025-08-30,2025-08-21,,WORKERS COMPENSATION,"Kowalczyk Cabinetry, LLC",Pelham Indemnity Group,A,-5061.21,17.5,-$885.71,TRW-08
SFM42687674,Renewal,2025-08-30,2025-09-02,09/02/2026,Personal Auto,Josefa Thorne,Stanwick F & M,Direct Bill,2910.9,0.15,436.64,TRW-02
KC9527529,Endorsement,2025-08-30,2025-08-30,06/06/2026,BAUTO,"Tolliver Produce, LLC",Kemwood Casualty,AB,2092.28,10,209.23,MCL-01
KC4204142,END,2025-08-30,2025-08-22,,Commercial Property,"Renfro Fabrication, Co",Kemwood Casualty,DIRECT BILL,-2037.46,20,-407.49,TRW-02
KC8236963,Endorsement,2025-08-30,2025-08-24,,Comm Auto,"Lindqvist Cold Storage, Co",KEMWOOD CAS,A,5464.91,12,655.79,HFN-04
VN376382480,Policy Change,2025-08-31,08/22/2025,2026-03-01,Commercial Auto,MARCHETTI MILLWORK LLC,Valebrook National,A,"-4,938.66",12,-592.64,GBY-06
KC1395356,Policy Change,2025-09-01,2025-08-24,2026-05-08,Comm Auto,Dupree Printing,Kemwood Casualty Co,Agency,2847.62,15,427.14,HFN-04
PI-9967983,END,2025-09-01,2025-08-31,,GL,Trask Machine Works,Pelham Indemnity,Direct,-7349.4,12,-881.93,HFN-11
NS-905276,PCH,2025-09-02,2025-08-27,,Commercial Auto,"Standish Foundry, Inc",NORTHGATE SPEC,Direct Bill,"$5,842.94",0.15,876.44,GBY-06
PI-2377847,XLC,2025-09-03,2025-08-30,,Comm Auto,Halvorsen Welding,Pelham Indemnity,Direct Bill,-832.76,15,-124.91,GBY-22
KC9425453,RWL,2025-09-04,09/19/2025,2026-09-19,GL,WEXLER CONTRACTING LTD,KEMWOOD CAS,D,20950.47,0.1,2095.05,GBY-06
VN252744419,RWL,2025-09-05,2025-09-13,2026-09-13,Workers Comp,Fairweather Cabinetry,Valebrook National,D,"45,938.85",20,9187.77,MCL-15
KC9527529,PCH,2025-09-05,2025-09-03,,Commercial Auto,"Tolliver Produce, LLC",Kemwood Casualty,A,"$4,795.50",10%,479.55,MCL-01
SFM32968739,RWL,2025-09-05,2025-09-11,2026-03-12,HOME,Amara Guerrero,Stanwick Fire & Marine,AB,3792.57,0.1,379.26,TRW-08
NS-682740,PCH,2025-09-08,2025-08-30,2026-02-19,Auto,Ingrid Oyelaran,NORTHGATE SPEC,D,-$141.41,10,-14.14,MCL-01
PI-5164471,PCH,2025-09-08,2025-09-02,,HOME,"Thorne, Malachy",Pelham Indemnity,Direct,-114.8,15%,-17.22,TRW-08
PI-8243699,Renew,2025-09-09,2025-09-19,2026-09-19,WORK,"Trask Cabinetry, Inc",PELHAM IND,AGENCY BILL,34884.13,12,"$4,186.10",TRW-02
AM-41923973,XLC,2025-09-09,2025-08-28,,Commercial Property,"Boyne Haulage, LLC",Ardsley Mut,Direct Bill,"-$1,210.27",12.5,-$151.28,GBY-22
AM-02158373,RWL,2025-09-10,09/26/2025,2026-09-26,PROP,"Tolliver Contracting, LLC",Ardsley Mutual,DB,60997.48,10,6099.75,
SFM40632680,PAB,2025-09-11,2025-06-27,,WC,Ashby Fabrication,Stanwick F & M,Agency Bill,3657.85,12,438.94,HFN-11
PI-5164471,Cancellation,2025-09-11,2025-09-02,,HO3,Malachy Thorne,Pelham Ind.,DB,-1959.09,15,-293.86,TRW-08
AM-41923973,REI,2025-09-11,2025-10-06,2025-10-02,PROP,"Boyne Haulage, LLC",Ardsley Mutual,Direct Bill,1210.27,12.5,$151.28,GBY-22
PI-9330633,RWL,2025-09-11,2025-09-25,2026-09-25,Personal Auto,Vidal Wojcik,Pelham Indemnity,Direct,"$1,206.32",15,180.95,GBY-22
SFM06043624,PCH,2025-09-13,2025-09-06,2026-03-15,WORK,"Kessler Printing, Corp",Stanwick Fire & Marine,Direct Bill,904.25,15,135.64,MCL-15
PI-8258609,XLC,2025-09-14,2025-09-02,,Umbrella,"Boyne Landscaping, Co",Pelham Indemnity Group,Agency Bill,"-$11,419.81",0.1,"-1,141.98",MCL-01
PI-2304482,REI,2025-09-15,2025-09-04,2025-12-08,WORK,"Wexler Cold Storage, Inc",PELHAM IND,Agency Bill,17803.03,,2670.45,MCL-15
KC0823088,Endorsement,2025-09-16,09/13/2025,2026-03-08,Work Comp,"Renfro Cabinetry, LLC",Kemwood Casualty,AGENCY BILL,-8965.13,12,"-$1,075.82",MCL-01
SFM94999848,END,2025-09-17,2025-09-11,,Commercial Auto,"Boyne Freight, Corp",Stanwick F & M,D,2886.05,12,346.33,GBY-22
KC1027895,END,2025-09-17,2025-09-17,,Homeowners,"Rasmussen, Ingrid",Kemwood Casualty,A,-249.41,0.12,-29.93,MCL-01
KC1153023,Endorsement,2025-09-18,09/16/2025,,Comm Auto,"Halvorsen Landscaping, Co",Kemwood Casualty,D,"4,229.08",12,507.49,HFN-11
VN384144632,END,2025-09-18,2025-09-17,2025-12-02,Commercial Auto,DELACROIX BAKERY CORP,Valebrook Nat'l,Agency Bill,-5676.87,0.12,-$681.22,HFN-04
SFM27603205,END,2025-09-19,2025-09-18,2026-05-02,Personal Auto,Terrence Okonkwo,STANWICK F&M,Agency Bill,89.08,17.5%,$15.59,
KC2799797,END,2025-09-19,2025-09-16,,WC,Halvorsen Printing,Kemwood Casualty,D,"-2,839.86",12,-340.78,GBY-22
SFM61318921,Policy Change,2025-09-20,2025-09-17,2026-05-06,CPROP,"Bramble Fabrication, Inc",Stanwick Fire and Marine,Agency Bill,1388.83,.1,138.88,TRW-02
VN000167815,PCH,2025-09-20,2025-09-14,,Comm Auto,"Petrossian Dairy, LLC",Valebrook National,A,2178.24,17.5,381.19,
SFM00447308,RWL,2025-09-21,2025-10-06,2026-10-06,PAUTO,Solveig Halloran,Stanwick Fire and Marine,D,989.68,15,$148.45,TRW-08
KC9864090,PCH,2025-09-21,09/18/2025,06/09/2026,BAUTO,"Delacroix Auto Body, LLC",Kemwood Casualty,DB,12419,15,"$1,862.85",
SFM02461364,PCH,2025-09-21,2025-09-12,2026-01-01,PROP,"Standish Excavating, Inc",Stanwick Fire and Marine,Direct Bill,"5,948.75",.175,1041.03,GBY-22
VN700852441,Renewal,2025-09-21,2025-10-04,2026-10-04,Workers Comp,"Delacroix Contracting, Ltd",Valebrook Nat'l,A,12006.13,0.15,1800.92,GBY-22
PI-1311432,REN,2025-09-23,2025-09-30,2026-09-30,CGL,"Kowalczyk Landscaping, LLC",Pelham Indemnity Group,Direct Bill,76534.13,0.15,"$11,480.12",MCL-01
KC6426632,RWL,2025-09-23,09/26/2025,2026-09-26,Comm Prop,"Kessler Machine Works, LLC",Kemwood Casualty,Agency,"48,745.45",12,5849.45,HFN-11
PI-8258609,Reinstate,2025-09-24,2025-09-29,2026-03-07,UMBR,"Boyne Landscaping, Co",PELHAM IND,Agency,"11,419.81",10,1141.98,MCL-01
AM-37211964,RWL,2025-09-24,2025-10-01,2026-10-01,PAUTO,Osman Aldridge,ARDSLEY MUTUAL INS CO,D,"2,251.28",0.1,$225.13,HFN-11
SFM37808329,PCH,2025-09-24,2025-09-24,2026-02-25,GL,CALLOWAY BAKERY LLC,Stanwick Fire and Marine,Direct Bill,"10,329.66",15,1549.45,GBY-06
KC0520981,Policy Change,2025-09-24,2025-09-24,2025-12-13,WORKERS COMPENSATION,DUPREE PLUMBING AND HEATING LLC,KEMWOOD CAS,A,$197.12,10%,19.71,MCL-01
AM-76406752,Premium Audit,2025-09-26,2025-07-26,,Work Comp,"Marchetti Fabrication, Ltd",Ardsley Mutual Insurance Company,AGENCY BILL,9039.43,10,903.94,TRW-08
PI-5801976,PCH,2025-09-26,2025-09-23,,WORK,"Kowalczyk Cabinetry, LLC",PELHAM IND,AGENCY BILL,-775.29,17.5,-135.68,TRW-08
KC0520981,Policy Change,2025-09-26,2025-09-17,2025-12-13,Work Comp,"Dupree Plumbing & Heating, LLC",Kemwood,AGENCY BILL,177.69,10,$17.77,MCL-01
NS-107783,RWL,2025-09-26,2025-10-04,2026-10-04,Work Comp,"Calloway Millwork, Ltd",Northgate Specialty Lines,Agency Bill,"13,591.55",15,2038.73,HFN-04
PI-3926801,RWL,2025-09-29,2025-10-02,2026-10-02,Gen Liab,"Kowalczyk Freight, Corp",Pelham Indemnity Group,AB,"$10,994.09",.15,"1,649.11",HFN-04
SFM63255703,PCH,2025-09-29,2025-09-24,2026-05-27,BAUTO,"Trask Roofing, Corp",Stanwick Fire & Marine,A,8591.32,12.5,"$1,073.92",MCL-15
KC6122066,PCH,2025-09-29,2025-09-27,2026-02-18,CGL,"Wexler Roofing, LLC",Kemwood Casualty,AB,-8071.81,10,-807.18,MCL-01
VN286143612,Renewal,2025-10-01,2025-10-15,2026-10-15,Personal Auto,Priya Rasmussen,Valebrook,DB,2281.47,12,273.78,MCL-01
AM-17025779,Endorsement,2025-10-01,09/26/2025,,CPROP,Ostrander Cold Storage,Ardsley Mutual,Agency Bill,-2137.01,10,-$213.70,TRW-02
SFM54918094,PCH,2025-10-02,2025-09-28,,CGL,"Nyquist Contracting, Inc",Stanwick F & M,Agency,-2418.66,15,-$362.80,HFN-04
SFM56594751,RWL,2025-10-02,2025-10-19,2026-04-19,HO3,Josefa Adeyemi,STANWICK F&M,Agency Bill,3429.83,.15,514.47,MCL-01
SFM42687674,Cancellation,2025-10-02,2025-10-01,,Personal Auto,Josefa Thorne,STANWICK F&M,D,"-2,679.62",.15,-401.94,TRW-02
AM-41923973,RWL,2025-10-02,10/02/2025,10/02/2026,PROP,"Boyne Haulage, LLC",Ardsley Mutual,D,"13,752.88",12.5,1719.11,GBY-22
NS-149141,RWL,2025-10-03,2025-10-12,2026-10-12,GL,Fairweather Fabrication,Northgate Specialty,DIRECT BILL,22386.84,.175,3917.7,GBY-06
VN660701796,Endorsement,2025-10-03,2025-09-25,2025-11-24,Commercial Auto,"Trask Dairy, LLC",VALEBROOK NATL,A,"-11,557.10",12,-1386.85,HFN-11
VN016661244,RWL,2025-10-03,10/03/2025,2026-10-03,CGL,"Fairweather Cold Storage, Co",Valebrook Nat'l,Agency Bill,32807.75,12.5,"$4,100.97",GBY-06
KC1153023,PCH,2025-10-03,09/25/2025,,Auto,"Halvorsen Landscaping, Co",KEMWOOD CAS,DIRECT BILL,5299.04,12,$635.88,HFN-11
SFM54145300,PCH,2025-10-03,2025-09-24,2025-11-18,Comm Auto,"Ferraro Auto Body, Co",Stanwick Fire & Marine,Direct Bill,"$9,644.95",15,"$1,446.74",MCL-15
NS-407380,PCH,2025-10-04,2025-10-03,,Commercial Auto,Boyne Excavating,Northgate Specialty,A,11058.19,,1658.73,GBY-22
VN143773193,PCH,2025-10-04,2025-09-26,,WC,"Halvorsen Bakery, LLC",Valebrook National,A,3576.39,15,536.46,TRW-02
VN857767444,Endorsement,2025-10-04,2025-10-03,2025-12-30,PPA,Casimir Castellanos,Valebrook,Direct Bill,424.48,17.5,74.28,GBY-06
KC3272643,END,2025-10-04,2025-09-25,,BAUTO,"Standish Produce, LLC",Kemwood Casualty,Agency Bill,662.91,15,99.44,HFN-04
NS-362057,XLN,2025-10-05,2025-10-03,,BAUTO,"Arbogast Bakery, Co",Northgate Specialty,Agency Bill,"-10,914.26",17.5,-1910,TRW-02
SFM48833538,PCH,2025-10-05,2025-10-02,2026-06-17,BAUTO,"Kowalczyk Electrical, Co",Stanwick Fire and Marine,AB,"$9,362.96",20,1872.59,HFN-04
PI-2304482,Endorsement,2025-10-07,2025-09-28,2025-12-08,Workers Comp,"Wexler Cold Storage, Inc",PELHAM IND,A,"4,011.13",15,601.67,MCL-15
SFM03370283,REN,2025-10-07,2025-10-19,10/19/2026,PROP,"Whitcomb Printing, LLC",STANWICK F&M,Agency,29361.97,12,3523.44,HFN-04
SFM51027869,Endorsement,2025-10-08,09/29/2025,2026-02-15,General Liability,"Trask Bakery, LLC",Stanwick Fire & Marine,Direct Bill,924.82,17.5%,161.84,TRW-02
KC5639249,RWL,2025-10-08,2025-10-12,2026-10-12,Workers Comp,"Bramble Contracting, Co",Kemwood Casualty Co,AB,"$77,896.64",12.5,9737.08,MCL-01
SFM97075609,Policy Change,2025-10-08,2025-10-08,,Auto,Rutger Thorne,Stanwick F & M,Agency,-129.05,,-22.58,MCL-01
KC8236963,RWL,2025-10-08,2025-10-08,2026-10-08,Commercial Auto,"Lindqvist Cold Storage, Co",KEMWOOD CAS,Agency,49439.61,12,5932.75,HFN-04
VN270793491,RWL,2025-10-11,2025-10-24,2026-04-24,Homeowners,Rutger Falkenrath,Valebrook Nat'l,Agency Bill,3583.07,12,429.97,TRW-02
SFM48833538,Policy Change,2025-10-11,2025-10-03,2026-06-17,Commercial Auto,"Kowalczyk Electrical, Co",Stanwick Fire and Marine,AB,8427.87,20,1685.57,HFN-04
NS-678971,NRA,2025-10-12,2025-12-18,,PPA,Amara Oyelaran,Northgate Specialty,D,0.00,12.5,$0.00,TRW-02
AM-34421217,Policy Change,2025-10-12,10/05/2025,2026-07-09,CPROP,"Halvorsen Landscaping, LLC",Ardsley Mutual Insurance Company,Direct,1296.62,0.15,194.49,
VN071133188,endorsement,2025-10-12,2025-10-08,02/15/2026,CGL,Standish Electrical,Valebrook National,A,"$5,385.58",17.5,942.48,TRW-08
SFM60462661,PCH,2025-10-12,2025-10-09,2026-06-02,Personal Auto,Amara Castellanos,Stanwick F & M,Direct,-157.18,12,-18.86,TRW-08
SFM35332498,END,2025-10-13,2025-10-12,2026-06-10,HOME,Malachy Adeyemi,STANWICK F&M,D,152.91,12,$18.35,
SFM94999848,Policy Change,2025-10-13,2025-10-11,2026-03-12,Comm Auto,"Boyne Freight, Corp",Stanwick Fire and Marine,Direct Bill,-2413.27,12,-$289.59,GBY-22
NS-443460,Endorsement,2025-10-14,2025-10-07,,WORK,"Kowalczyk Haulage, LLC",NORTHGATE SPEC,Agency,2497.3,10,249.73,HFN-04
VN252744419,AUD,2025-10-14,2025-09-13,,WC,Fairweather Cabinetry,Valebrook,Direct Bill,2547.59,20,$509.52,MCL-15
KC3944402,Policy Change,2025-10-16,2025-10-08,03/07/2026,Workers Comp,"Tolliver Roofing, Inc",Kemwood Casualty Co,D,"7,291.90",17.5,"$1,276.08",MCL-01
AM-72463784,AUD,2025-10-16,07/08/2025,,Workers Comp,"Calloway Contracting, LLC",Ardsley Mutual Insurance Company,Direct,6934.1,15,1040.12,HFN-11
NS-465714,PCH,2025-10-17,2025-10-13,2025-11-16,CGL,Wexler Bakery,NORTHGATE SPEC,Direct Bill,-10444.01,12,"-1,253.28",GBY-22
KC6309188,Policy Change,2025-10-19,2025-10-17,2026-07-10,Work Comp,"Arbogast Auto Body, LLC",KEMWOOD CAS,D,-7305.5,15,-1095.82,HFN-04
KC1027895,endorsement,2025-10-19,2025-10-10,,HO3,Ingrid Rasmussen,Kemwood Casualty,Agency Bill,-165.05,12,-19.81,MCL-01
SFM38920738,PCH,2025-10-20,10/11/2025,2026-03-01,Work Comp,"Kowalczyk Machine Works, Ltd",Stanwick Fire & Marine,Direct Bill,-3762.3,0.15,-564.34,TRW-08
NS-054810,RWL,2025-10-20,2025-10-29,10/29/2026,WC,"Dupree Cabinetry, Co",Northgate Specialty,Agency,31230.49,12.5,"$3,903.81",MCL-15
PI-1726057,Renewal,2025-10-21,2025-10-23,2026-10-23,CGL,Dupree Contracting,Pelham Indemnity,Agency Bill,"$56,015.18",.12,"$6,721.82",HFN-11
VN172181737,PCH,2025-10-22,10/22/2025,,Work Comp,"Halvorsen Excavating, LLC",VALEBROOK NATL,AB,6800.81,0.2,1360.16,GBY-22
KC1527568,Endorsement,2025-10-23,2025-10-21,2026-03-12,Gen Liab,Marchetti Cabinetry,Kemwood Casualty Co,Agency Bill,7563.23,0.15,1134.48,TRW-02
KC3328306,PCH,2025-10-24,2025-10-15,,Workers Comp,"Renfro Excavating, LLC",Kemwood Casualty,D,"$2,191.59",0.1,219.16,GBY-22
SFM63255703,PCH,2025-10-24,10/20/2025,2026-05-27,Commercial Auto,"Trask Roofing, Corp",STANWICK F&M,A,"4,353.86",0.125,544.23,MCL-15
AM-27379317,END,2025-10-24,2025-10-24,,PAUTO,Ingrid Guerrero,Ardsley Mutual,D,43.19,0.15,6.48,MCL-15
PI-9685329,REN,2025-10-24,10/27/2025,2026-10-27,CGL,"Dupree Fabrication, LLC",Pelham Indemnity,Agency Bill,5358.17,.1,535.82,TRW-08
VN551602567,Renewal,2025-10-25,2025-11-05,2026-11-05,Umbrella,"Standish Cold Storage, Co",Valebrook National,Agency,"$68,197.40",12,"$8,183.69",TRW-08
PI-9213907,END,2025-10-26,10/19/2025,03/10/2026,HOME,Beatriz Sturgeon,Pelham Indemnity,D,-65.56,15,-9.83,HFN-04
AM-80594509,CAN,2025-10-27,2025-10-20,,Comm Auto,"Delacroix Contracting, LLC",Ardsley Mutual Insurance Company,DIRECT BILL,-37144.17,17.5,"-$6,500.23",TRW-08
NS-867070,AUD,2025-10-28,2025-07-10,,WORK,Standish Machine Works,NORTHGATE SPEC,A,4790.21,12,574.83,TRW-08
NS-893231,PCH,2025-10-28,2025-10-21,,Commercial Auto,"Wexler Excavating, Co",Northgate Specialty,Direct Bill,1811.75,10,$181.18,
NS-362057,REI,2025-10-29,2025-11-01,2026-05-10,Comm Auto,"Arbogast Bakery, Co",Northgate Specialty Lines,A,10914.26,17.5,"1,910.00",TRW-02
VN071133188,Policy Change,2025-10-29,2025-10-21,2026-02-15,General Liability,STANDISH ELECTRICAL,VALEBROOK NATL,Agency Bill,-5118.06,0.175,-895.66,TRW-08
VN036993785,RWL,2025-10-29,2025-11-13,11/13/2026,PROP,"Delacroix Roofing, Co",VALEBROOK NATL,Direct Bill,6074.59,15,$911.19,GBY-22
VN689573132,REN,2025-10-29,2025-11-15,2026-11-15,BAUTO,"Arbogast Welding, Corp",Valebrook Nat'l,Direct Bill,31712.31,.12,3805.48,MCL-15
KC2799797,PCH,2025-10-29,10/26/2025,2026-02-25,WORK,Halvorsen Printing,KEMWOOD CAS,Direct,"2,466.85",12%,296.02,GBY-22
SFM37808329,PCH,2025-10-30,10/25/2025,2026-02-25,GL,"Calloway Bakery, LLC",Stanwick Fire & Marine,DIRECT BILL,4466.77,15,670.02,GBY-06
KC4296054,PCH,2025-10-31,2025-10-29,,PROP,Rennick Freight,KEMWOOD CAS,DB,425.48,10%,42.55,HFN-04
VN424934862,Non-Renewal,2025-10-31,2026-01-14,,Commercial Property,"Ashby Freight, Corp",VALEBROOK NATL,D,$0.00,15,0,MCL-01
NS-443460,Audit,2025-11-01,2025-08-18,,WC,"Kowalczyk Haulage, LLC",Northgate Specialty,Agency,821.28,10,82.13,HFN-04
PI-6205277,Renewal,2025-11-02,2025-11-14,2026-05-15,PAUTO,Marguerite Thorne,PELHAM IND,DIRECT BILL,850.56,17.5,148.85,GBY-22
PI-3891445,RWL,2025-11-02,11/17/2025,2026-11-17,Commercial Auto,"Whitcomb Landscaping, LLC",Pelham Indemnity Group,AB,"13,346.30",10,1334.63,HFN-11
VN928930496,END,2025-11-04,2025-10-31,,General Liability,"Halvorsen Auto Body, Inc",Valebrook,Direct Bill,"$1,014.33",12.5,$126.79,MCL-15
AM-24710707,Policy Change,2025-11-04,10/29/2025,2026-07-10,Personal Auto,Josefa Okonkwo,Ardsley Mut,Direct,$269.32,17.5,47.13,TRW-02
AM-23613803,REN,2025-11-04,2025-11-10,2026-11-10,BAUTO,FAIRWEATHER FABRICATION CO,Ardsley Mutual,A,"36,934.94",20,7386.99,TRW-08
SFM32552599,REN,2025-11-05,2025-11-13,2026-11-13,Work Comp,"Petrossian Millwork, LLC",STANWICK F&M,A,"$26,050.50",15,3907.58,MCL-15
VN570156740,Renewal,2025-11-05,11/06/2025,2026-11-06,UMBR,BRAMBLE HAULAGE LLC,Valebrook,D,"23,594.77",12.5,2949.35,MCL-15
VN252744419,END,2025-11-07,2025-11-01,,WORK,Fairweather Cabinetry,Valebrook National,DB,"-$4,403.23",20,-$880.65,MCL-15
AM-37211964,END,2025-11-07,2025-10-29,10/01/2026,Personal Auto,Osman Aldridge,ARDSLEY MUTUAL INS CO,D,340.12,10,34.01,HFN-11
AM-72563690,endorsement,2025-11-07,11/02/2025,,UMBR,"Kessler Roofing, LLC",ARDSLEY MUTUAL INS CO,Agency Bill,-5424.94,12,-650.99,TRW-08
SFM43701039,endorsement,2025-11-07,2025-11-05,2026-08-11,Comm Auto,"Wexler Electrical, Corp",Stanwick Fire & Marine,Direct Bill,8419.44,15,1262.92,MCL-01
PI-8243699,Audit,2025-11-08,2025-09-19,,Workers Comp,"Trask Cabinetry, Inc",Pelham Indemnity,A,"3,429.00",12,411.48,TRW-02
VN028603407,Renewal,2025-11-08,2025-11-24,11/24/2026,HO3,Malachy Guerrero,Valebrook,D,4223.69,17.5,739.15,HFN-11
VN680433614,Endorsement,2025-11-08,11/05/2025,2026-04-01,WC,"Boyne Millwork, LLC",Valebrook National,Direct Bill,-492.07,17.5,-86.11,GBY-06
SFM54918094,XLC,2025-11-09,2025-10-30,,General Liability,"Nyquist Contracting, Inc",STANWICK F&M,Agency Bill,-5458.35,15,-818.75,HFN-04
KC2290055,RWL,2025-11-10,2025-11-14,2026-05-15,Auto,Freya Aldridge,Kemwood Casualty,D,2794.75,17.5,489.08,TRW-02
AM-20153118,END,2025-11-10,11/02/2025,,PAUTO,Priya Wojcik,Ardsley Mutual,A,59.03,10,5.9,GBY-22
AM-69651506,REN,2025-11-10,2025-11-19,2026-11-19,HOME,"Guerrero, Yolanda",Ardsley Mut,Direct,"4,126.26",17.5,$722.10,TRW-02
SFM63255703,Cancellation,2025-11-11,2025-11-02,,CAUTO,"Trask Roofing, Corp",Stanwick Fire & Marine,Agency Bill,-31137.61,12.5,-3892.2,MCL-15
AM-80594509,Policy Change,2025-11-11,2025-11-07,2026-05-06,CAUTO,"Delacroix Contracting, LLC",Ardsley Mutual Insurance Company,D,-8692.79,17.5,-1521.24,TRW-08
VN283799223,Endorsement,2025-11-11,2025-11-11,,HO3,Freya Lindgren,VALEBROOK NATL,Direct Bill,56.16,15%,8.42,TRW-02
SFM81229216,PCH,2025-11-12,2025-11-03,2026-03-02,CGL,"Ashby Roofing, Corp",Stanwick Fire and Marine,Agency,13426.07,,1342.61,GBY-22
NS-851871,RWL,2025-11-12,2025-11-22,2026-11-22,WORKERS COMPENSATION,"Ashby Haulage, LLC",Northgate Specialty Lines,Agency Bill,16581.81,10,"$1,658.18",TRW-08
PI-3210456,Renewal,2025-11-12,2025-11-23,2026-11-23,HOME,"Petrakis, Rutger",Pelham Ind.,DB,2139.01,0.15,320.85,TRW-08
SFM10953232,XLN,2025-11-12,2025-11-04,,CAUTO,"Nyquist Haulage, LLC",STANWICK F&M,Agency,-4948.22,12,-593.79,MCL-15
SFM54145300,Renew,2025-11-13,2025-11-18,2026-11-18,Commercial Auto,"Ferraro Auto Body, Co",Stanwick Fire & Marine,DB,70380.46,0.15,10557.07,MCL-15
PI-8258609,Endorsement,2025-11-14,2025-11-14,2026-03-07,UMB,"Boyne Landscaping, Co",PELHAM IND,A,-1652.53,10,-165.25,MCL-01
KC8631460,Policy Change,2025-11-15,2025-11-15,,WORK,"Delacroix Contracting, Inc",Kemwood Casualty,Direct Bill,$979.73,10,97.97,MCL-01
PI-3758326,Audit,2025-11-15,2025-07-20,,WC,"Delacroix Cold Storage, Ltd",Pelham Indemnity,D,"$3,932.88",20,786.58,TRW-02
NS-107783,PAB,2025-11-15,2025-10-04,,Work Comp,"Calloway Millwork, Ltd",Northgate Specialty,A,1019.48,0.15,152.92,HFN-04
NS-485986,Endorsement,2025-11-16,2025-11-07,2026-03-13,Personal Auto,Desmond Oyelaran,Northgate Specialty,Direct,-444.24,12,-53.31,HFN-11
KC6122066,PCH,2025-11-16,2025-11-07,,General Liability,"Wexler Roofing, LLC",Kemwood Casualty,A,-12254.45,10,"-$1,225.45",MCL-01
SFM09635499,RWL,2025-11-18,11/18/2025,11/18/2026,Comm Auto,"Marchetti Freight, LLC",Stanwick Fire & Marine,A,71123.87,15,10668.58,HFN-04
AM-44501872,endorsement,2025-11-18,11/17/2025,,Comm Auto,Standish Plumbing & Heating,ARDSLEY MUTUAL INS CO,AB,4642.38,20,928.48,
KC5639249,PAB,2025-11-19,2025-10-12,,Workers Comp,"Bramble Contracting, Co",KEMWOOD CAS,Agency Bill,3595.38,12.5,449.42,MCL-01
SFM63255703,PCH,2025-11-20,11/18/2025,,CAUTO,"Trask Roofing, Corp",Stanwick Fire and Marine,Agency Bill,-6692.74,12.5,-836.59,MCL-15
VN117189056,PCH,2025-11-20,2025-11-19,,CGL,"Dupree Freight, Ltd",Valebrook Nat'l,DIRECT BILL,1383.37,10,138.34,TRW-02
VN894442528,PCH,2025-11-21,2025-11-21,2026-02-09,WC,"Halvorsen Dairy, LLC",Valebrook National,D,5832.51,0.15,874.88,TRW-02
NS-485986,END,2025-11-22,2025-11-22,2026-03-13,PPA,Desmond Oyelaran,Northgate Specialty,D,320.77,12,38.49,HFN-11
PI-5980246,END,2025-11-23,2025-11-19,2026-04-01,Comm Auto,"Petrossian Machine Works, LLC",Pelham Indemnity,Agency Bill,3430.84,17.5,$600.40,GBY-22
PI-2304482,RWL,2025-11-23,2025-12-08,2026-12-08,Workers Comp,"Wexler Cold Storage, Inc",Pelham Ind.,Agency,"$58,933.41",15,8840.01,MCL-15
VN197290074,REN,2025-11-23,2025-11-29,11/29/2026,GL,"Rennick Printing, Inc",VALEBROOK NATL,A,"$65,328.71",15,9799.31,TRW-02
VN370295087,XLC,2025-11-24,2025-11-14,,WORKERS COMPENSATION,"Trask Dairy, Corp",Valebrook Nat'l,Agency,-23263.14,0.2,-4652.63,GBY-06
SFM43975110,END,2025-11-24,2025-11-24,,CGL,"Underhill Auto Body, LLC",Stanwick Fire & Marine,Direct Bill,"-1,370.22",10,-$137.02,TRW-08
VN807791927,Endorsement,2025-11-26,2025-11-26,2026-01-29,Auto,Freya Rasmussen,Valebrook National,DIRECT BILL,$250.69,20%,50.14,HFN-04
KC8770987,Policy Change,2025-11-26,2025-11-20,2026-02-05,Work Comp,Arbogast Roofing,Kemwood Casualty Co,Direct Bill,-1531.7,15,-$229.75,TRW-02
VN143773193,Renewal,2025-11-26,2025-11-26,2026-11-26,WORK,"Halvorsen Bakery, LLC",Valebrook Nat'l,Agency Bill,64742.27,15,9711.34,TRW-02
KC1757033,endorsement,2025-11-26,2025-11-18,03/10/2026,BAUTO,"Halvorsen Excavating, Co",KEMWOOD CAS,AB,833.36,.15,125,TRW-08
SFM82549307,Renewal,2025-11-27,2025-12-03,2026-06-03,Auto,Noor Nakagawa,STANWICK F&M,DB,4406.45,12,528.77,HFN-11
AM-90977648,END,2025-11-27,2025-11-20,2026-06-11,PROP,"Ostrander Millwork, Co",ARDSLEY MUTUAL INS CO,Direct Bill,585.52,15,87.83,GBY-22
SFM75616804,Policy Change,2025-11-27,2025-11-24,2026-07-30,General Liability,"Bramble Bakery, Inc",STANWICK F&M,D,-13178.88,0.2,-2635.78,HFN-04
KC4965333,RWL,2025-11-28,2025-12-04,2026-12-04,CGL,UNDERHILL LANDSCAPING CORP,KEMWOOD CAS,Agency Bill,"$18,507.14",10,1850.71,GBY-06
KC3272643,REN,2025-11-28,2025-12-16,2026-12-16,CAUTO,"Standish Produce, LLC",Kemwood,AB,5261.87,15,789.28,HFN-04
VN286143612,PCH,2025-11-29,2025-11-28,2026-10-15,Auto,"Rasmussen, Priya",VALEBROOK NATL,D,-51.79,12%,-6.21,MCL-01
PI-0915559,NRA,2025-11-30,2026-01-15,,Umbrella,Calloway Freight,Pelham Ind.,A,$0.00,10,0.00,TRW-08
AM-10696476,PCH,2025-11-30,11/21/2025,05/30/2026,BAUTO,"Boyne Contracting, Inc",ARDSLEY MUTUAL INS CO,AGENCY BILL,3050.07,15,$457.51,HFN-04
KC4296054,Policy Change,2025-12-01,11/24/2025,2026-07-13,CPROP,Rennick Freight,Kemwood,Direct Bill,351.39,0.1,35.14,HFN-04
NS-149141,Endorsement,2025-12-01,2025-11-29,,General Liability,Fairweather Fabrication,Northgate Specialty,DB,"-3,694.03",17.5,-646.46,GBY-06
VN483460542,XLN,2025-12-01,2025-11-23,,GL,"Halvorsen Bakery, Co",Valebrook,D,"-$16,957.13",0.125,-2119.64,GBY-22
NS-905276,XLN,2025-12-03,11/30/2025,,Commercial Auto,"Standish Foundry, Inc",Northgate Specialty Lines,Direct Bill,-14666.32,15,"-2,199.95",GBY-06
NS-682103,Policy Change,2025-12-04,2025-12-03,2026-05-15,Umbrella,"Underhill Bakery, Inc",Northgate Specialty,Agency Bill,"-$3,582.54",15,-537.38,TRW-08
KC7563931,Renewal,2025-12-04,2025-12-06,2026-12-06,CPROP,"Trask Foundry, Inc",Kemwood Casualty,Agency,"$58,174.15",15%,"$8,726.12",MCL-15
KC9439020,Renew,2025-12-04,2025-12-21,12/21/2026,WORK,"Tolliver Produce, Ltd",Kemwood,Agency Bill,"$60,695.20",12,7283.42,HFN-11
SFM42687674,endorsement,2025-12-07,2025-12-03,2026-09-02,Personal Auto,Josefa Thorne,Stanwick Fire & Marine,D,$450.84,15,$67.63,TRW-02
VN269718219,PCH,2025-12-08,2025-12-01,,Personal Auto,Adaeze Adeyemi,Valebrook National,Agency Bill,-130.21,15,-19.53,
NS-867070,PCH,2025-12-09,2025-12-05,2026-07-10,WORK,Standish Machine Works,Northgate Specialty,Agency Bill,"$4,066.84",,$488.02,TRW-08
AM-90977648,PCH,2025-12-09,2025-12-07,2026-06-11,CPROP,"Ostrander Millwork, Co",ARDSLEY MUTUAL INS CO,D,398.15,,59.72,GBY-22
AM-23956033,END,2025-12-09,2025-12-03,02/13/2026,PROP,"Wexler Foundry, LLC",Ardsley Mutual,D,748.36,15,$112.25,GBY-22
SFM10953232,Reinstatement,2025-12-10,2025-11-30,2026-03-12,Commercial Auto,"Nyquist Haulage, LLC",STANWICK F&M,AB,"$4,948.22",12,593.79,MCL-15
PI-7022799,Renewal,2025-12-11,2025-12-29,2026-12-29,Homeowners,Ingrid Thorne,Pelham Indemnity,Agency,1703.53,15%,255.53,TRW-02
VN700852441,PAB,2025-12-11,2025-10-04,,WC,"Delacroix Contracting, Ltd",Valebrook National,A,-1554.78,15,-233.22,GBY-22
NS-867070,END,2025-12-12,2025-12-03,07/10/2026,WC,Standish Machine Works,Northgate Specialty,AB,5837.19,12,700.46,TRW-08
NS-928579,PCH,2025-12-12,2025-12-06,2026-06-07,Auto,Emeric Adeyemi,NORTHGATE SPEC,Direct,-179.96,17.5,-$31.49,HFN-11
NS-049706,Renewal,2025-12-12,2025-12-22,2026-12-22,BAUTO,"Bramble Haulage, Inc",Northgate Specialty,Direct Bill,21340.34,12,2560.84,GBY-06
KC6862016,endorsement,2025-12-12,2025-12-04,07/08/2026,BAUTO,,KEMWOOD CAS,D,-5010.18,17.5,-$876.78,HFN-04
KC5128290,Endorsement,2025-12-14,2025-12-09,2026-08-23,Commercial Auto,"Marchetti Fabrication, LLC",Kemwood Casualty Co,Agency Bill,3515.42,10,351.54,HFN-04
NS-914183,PAB,2025-12-16,2025-10-02,,Workers Comp,Arbogast Cold Storage,NORTHGATE SPEC,Agency,"$3,288.73",17.5,575.53,HFN-04
PI-1752207,REN,2025-12-16,2025-12-25,2026-12-25,UMBR,"Halvorsen Produce, LLC",Pelham Indemnity Group,A,21123.89,10,"2,112.39",TRW-02
KC2252474,PCH,2025-12-17,2025-12-15,2026-06-12,GL,Marchetti Foundry,Kemwood Casualty,Agency Bill,-$791.84,15,-$118.78,GBY-22
KC6921184,END,2025-12-17,2025-12-17,2026-02-14,Commercial Auto,"Calloway Roofing, Inc",Kemwood Casualty Co,DB,-2364.85,12.5,-$295.61,GBY-06
KC0608394,PCH,2025-12-17,2025-12-16,2026-01-14,Homeowners,Emeric Petrakis,Kemwood Casualty Co,DB,488.82,.12,$58.66,
SFM66229609,PCH,2025-12-19,2025-12-10,,Gen Liab,"Nyquist Millwork, LLC",STANWICK F&M,Agency,7960.85,.15,"1,194.13",GBY-06
VN676217673,Renewal,2025-12-20,2026-01-03,2027-01-03,Auto,"Boyne Haulage, Co",Valebrook,D,2904.98,12,348.6,MCL-15
KC9089444,RWL,2025-12-21,2026-01-07,2027-01-07,Workers Comp,"Boyne Foundry, Inc",Kemwood Casualty,AB,33187.69,15,"4,978.15",TRW-08
AM-09188581,Endorsement,2025-12-22,2025-12-18,2026-01-22,CGL,"Underhill Dairy, Inc",Ardsley Mutual,AB,4342.15,0.1,434.22,MCL-15
PI-8071041,Endorsement,2025-12-22,12/13/2025,2026-01-28,Comm Prop,"Petrossian Foundry, LLC",PELHAM IND,A,896.33,15,134.45,HFN-04
NS-882836,REN,2025-12-23,2026-01-03,2027-01-03,BAUTO,"Underhill Landscaping, LLC",Northgate Specialty Lines,A,"$37,771.39",.12,4532.57,HFN-04
SFM88352497,Renewal,2025-12-23,2026-01-04,2027-01-04,General Liability,"Ostrander Cold Storage, LLC",Stanwick Fire and Marine,A,53547,20,10709.4,TRW-02
VN373827030,RWL,2025-12-25,12/27/2025,2026-12-27,Comm Prop,"Calloway Landscaping, Inc",Valebrook Nat'l,AB,"25,950.85",15,"$3,892.63",MCL-15
SFM43023692,CAN,2025-12-25,2025-12-19,,PPA,Emeric Lindgren,Stanwick Fire & Marine,A,-333.15,0.15,-49.97,GBY-06
VN329113948,RWL,2025-12-26,2026-01-06,2027-01-06,Personal Auto,Amara Petrakis,Valebrook Nat'l,D,"$2,554.86",15,383.23,MCL-01
SFM58385555,Renew,2025-12-26,2026-01-13,2027-01-13,General Liability,"Boyne Millwork, Inc",Stanwick Fire and Marine,Agency Bill,"$30,686.05",10,3068.61,HFN-04
KC3897834,endorsement,2025-12-26,2025-12-22,2026-01-21,Comm Auto,"Wexler Millwork, Co",Kemwood Casualty,Direct,1749.74,17.5,306.2,HFN-11
KC6814603,RWL,2025-12-27,01/10/2026,2027-01-10,PROP,"Boyne Machine Works, Corp",KEMWOOD CAS,DB,48112.51,15,7216.88,GBY-06
PI-9967983,PCH,2025-12-28,2025-12-28,,General Liability,Trask Machine Works,PELHAM IND,DB,"-4,910.71",12,-589.29,HFN-11
KC4990163,NRA,2025-12-30,2026-03-09,,CGL,"Tolliver Roofing, LLC",Kemwood,A,0,15,0,GBY-06
KC3328306,Endorsement,2025-12-31,2025-12-26,2026-02-20,WC,RENFRO EXCAVATING LLC,Kemwood,DB,-3115.72,.1,-311.57,GBY-22
VN369549786,RWL,2025-12-31,2026-01-05,01/05/2027,Auto,Beatriz Nakagawa,Valebrook Nat'l,Direct,"$4,234.23",20,846.85,MCL-15
KC7077510,PCH,2025-12-31,2025-12-29,,Auto,Josefa Bhattacharya,Kemwood Casualty Co,Direct,21.39,15,$3.21,HFN-11
SFM51027869,PCH,2026-01-01,2025-12-26,2026-02-15,CGL,TRASK BAKERY LLC,Stanwick Fire and Marine,DB,"$1,315.66",.175,230.24,TRW-02
SFM70975814,Endorsement,2026-01-01,2025-12-29,2026-01-26,Comm Auto,"Ferraro Fabrication, LLC",Stanwick F & M,AGENCY BILL,1044.14,12,$125.30,MCL-15
NS-543238,RWL,2026-01-01,2026-01-11,01/11/2027,WC,Nyquist Millwork,NORTHGATE SPEC,Agency,17328.34,15,2599.25,TRW-08
KC8770987,Policy Change,2026-01-02,2026-01-02,,WORK,Arbogast Roofing,Kemwood,Direct,-703.12,15,-$105.47,TRW-02
KC8631460,RWL,2026-01-02,2026-01-20,01/20/2027,Workers Comp,"Delacroix Contracting, Inc",Kemwood Casualty,Direct,29681.67,10,2968.17,MCL-01
KC0931423,Renewal,2026-01-04,01/17/2026,2027-01-17,CGL,Rennick Welding,KEMWOOD CAS,Agency Bill,15857.87,12,1902.94,TRW-08
KC6265587,PCH,2026-01-04,2025-12-29,05/05/2026,Comm Auto,"Kessler Millwork, Co",Kemwood Casualty Co,Agency,-963.55,12,-$115.63,MCL-15
VN867623526,PCH,2026-01-05,2025-12-31,,General Liability,"Rennick Plumbing & Heating, Co",Valebrook National,AGENCY BILL,1104.71,,110.47,MCL-15
KC9425453,Policy Change,2026-01-07,2026-01-03,2026-09-19,CGL,"Wexler Contracting, Ltd",Kemwood Casualty Co,D,"-$3,618.68",10,-$361.87,GBY-06
KC1027895,RWL,2026-01-07,2026-01-14,01/14/2027,Homeowners,Ingrid Rasmussen,Kemwood Casualty,A,2340.95,.12,$280.91,MCL-01
SFM21287702,Renewal,2026-01-08,2026-01-22,2027-01-22,WC,"Kessler Millwork, Inc",Stanwick Fire & Marine,A,"39,937.00",17.5,"6,988.98",TRW-02
AM-09188581,REN,2026-01-09,2026-01-22,2027-01-22,CGL,"Underhill Dairy, Inc",Ardsley Mutual Insurance Company,Agency,31446.77,,"3,144.68",MCL-15
NS-795288,RWL,2026-01-09,2026-01-14,01/14/2027,WC,Dupree Excavating,Northgate Specialty Lines,D,"$69,602.33",12,8352.28,HFN-04
PI-9544507,NRA,2026-01-10,03/01/2026,,Personal Auto,Freya Wojcik,Pelham Indemnity,D,$0.00,20,0,
NS-205061,Policy Change,2026-01-11,2026-01-10,,HO,Desmond Aldridge,NORTHGATE SPEC,D,285.77,15,$42.87,MCL-01
SFM70975814,RWL,2026-01-11,01/26/2026,01/26/2027,BAUTO,"Ferraro Fabrication, LLC",Stanwick Fire and Marine,Agency,"$19,610.75",12,2353.29,MCL-15
NS-034052,PCH,2026-01-14,2026-01-13,2026-05-20,Umbrella,"Ostrander Produce, Co",Northgate Specialty,A,"$2,131.73",12,255.81,TRW-08
AM-37211964,PCH,2026-01-14,2026-01-08,2026-10-01,Personal Auto,Osman Aldridge,ARDSLEY MUTUAL INS CO,D,414.3,10,$41.43,HFN-11
SFM36750713,RWL,2026-01-14,01/27/2026,2027-01-27,WORK,MARCHETTI CABINETRY INC,Stanwick Fire & Marine,Direct Bill,51831.93,12,"$6,219.83",GBY-22
KC0950613,END,2026-01-15,2026-01-11,,PROP,"Boyne Cabinetry, LLC",Kemwood Casualty,A,"$3,523.55",12.5,440.44,GBY-06
KC3897834,Renew,2026-01-16,2026-01-21,01/21/2027,BAUTO,"Wexler Millwork, Co",Kemwood Casualty,Direct,32263.21,17.5,"$5,646.06",HFN-11
NS-823066,PCH,2026-01-16,2026-01-09,2026-02-14,Homeowners,"Novotny, Vidal",NORTHGATE SPEC,AGENCY BILL,-507.38,20,-101.48,MCL-01
VN421218214,Renewal,2026-01-18,2026-01-26,01/26/2027,Personal Auto,Bartholomew Rasmussen,Valebrook National,DB,970.29,12.5,121.29,
VN451339954,Policy Change,2026-01-18,2026-01-17,09/10/2026,WORK,"Whitcomb Bakery, LLC",VALEBROOK NATL,DIRECT BILL,"-9,517.29",15,"-1,427.59",TRW-02
VN801444081,Audit,2026-01-18,2025-10-29,,Work Comp,"Petrossian Cabinetry, Inc",Valebrook,A,8640.29,17.5,1512.05,HFN-11
KC0950613,endorsement,2026-01-20,2026-01-13,2026-08-05,Commercial Property,"Boyne Cabinetry, LLC",Kemwood Casualty,AB,"-$10,427.48",12.5,"-1,303.43",GBY-06
SFM00447308,XLN,2026-01-21,2026-01-20,,PPA,Solveig Halloran,Stanwick Fire & Marine,Direct Bill,-$702.27,15,-105.34,TRW-08
KC2252474,PCH,2026-01-23,01/22/2026,2026-06-12,General Liability,Marchetti Foundry,Kemwood Casualty,Agency,$811.15,15,121.67,GBY-22
KC7077510,Renewal,2026-01-24,2026-01-26,2027-01-26,PPA,Josefa Bhattacharya,KEMWOOD CAS,D,$891.16,15,$133.67,HFN-11
NS-291136,END,2026-01-25,2026-01-20,2026-04-11,CGL,"Rennick Millwork, LLC",Northgate Specialty Lines,A,-970.15,12.5,-121.27,MCL-15
PI-0428293,END,2026-01-25,2026-01-16,,PROP,"Underhill Freight, LLC",PELHAM IND,AB,1748.7,12.5,218.59,TRW-02
VN807791927,Renewal,2026-01-26,2026-01-29,01/29/2027,Personal Auto,Freya Rasmussen,VALEBROOK NATL,D,2501.54,20,500.31,HFN-04
PI-0428293,REN,2026-01-26,2026-02-06,2027-02-06,Comm Prop,"Underhill Freight, LLC",Pelham Indemnity Group,A,32398.88,12.5,4049.86,TRW-02
VN228262828,XLC,2026-01-29,2026-01-18,,WORK,"Halvorsen Excavating, Inc",Valebrook,Direct,-8645.4,17.5,-1512.94,HFN-04
VN442938317,RWL,2026-01-30,02/02/2026,2027-02-02,GL,"Arbogast Plumbing & Heating, Inc",VALEBROOK NATL,Direct,"$34,586.28",12,4150.35,TRW-02
VN504130257,END,2026-01-30,01/25/2026,2026-04-26,BAUTO,"Delacroix Contracting, Corp",Valebrook Nat'l,AGENCY BILL,"-$4,388.96",15,-658.34,MCL-15
PI-2527603,Renew,2026-01-31,02/09/2026,02/09/2027,Comm Prop,Dupree Auto Body,PELHAM IND,D,"$18,455.88",.15,"$2,768.38",MCL-01
VN071133188,Renewal,2026-01-31,2026-02-15,2027-02-15,GL,Standish Electrical,Valebrook National,A,"50,034.26",17.5,8756,TRW-08
KC2779576,RWL,2026-01-31,2026-02-14,2027-02-14,PROP,Ferraro Landscaping,Kemwood,AB,22840.41,12.5,2855.05,GBY-06
VN315214209,REN,2026-02-01,2026-02-07,2026-08-08,Homeowners,Noor Nakagawa,Valebrook National,Direct Bill,1091.58,15,163.74,GBY-22
AM-44597277,Endorsement,2026-02-03,2026-01-30,2026-04-18,CAUTO,RENFRO PRINTING LLC,Ardsley Mutual,Agency,-$716.23,10,-71.62,MCL-15
SFM00447308,Reinstate,2026-02-04,2026-03-01,10/06/2026,Personal Auto,Solveig Halloran,Stanwick Fire & Marine,D,702.27,.15,105.34,TRW-08
NS-823066,Renew,2026-02-04,2026-02-14,2027-02-14,HO3,Vidal Novotny,NORTHGATE SPEC,A,3863.59,20,772.72,MCL-01
NS-893231,END,2026-02-04,2026-02-02,,Commercial Auto,"Wexler Excavating, Co",Northgate Specialty Lines,Direct Bill,"-$10,134.24",10,-1013.42,
KC7371443,PCH,2026-02-04,01/30/2026,2026-06-28,BAUTO,"Fairweather Welding, LLC",Kemwood,A,2166.43,12.5,270.80,HFN-04
SFM51027869,RWL,2026-02-05,2026-02-15,2027-02-15,GL,TRASK BAKERY LLC,Stanwick Fire & Marine,Direct,13890.93,.175,2430.91,TRW-02
KC3328306,END,2026-02-05,2026-01-28,,WC,"Renfro Excavating, LLC",KEMWOOD CAS,D,"-$7,733.57",0.1,-773.36,GBY-22
KC3897834,PCH,2026-02-06,02/01/2026,01/21/2027,Comm Auto,"Wexler Millwork, Co",KEMWOOD CAS,Direct,-2105.07,17.5,-368.39,HFN-11
KC6394210,Renewal,2026-02-06,2026-02-23,02/23/2027,Personal Auto,Noor Lindgren,Kemwood Casualty Co,D,2873.9,0.1,287.39,GBY-22
KC7844848,Renewal,2026-02-07,2026-02-16,2027-02-16,Personal Auto,"Sandoval, Priya",Kemwood Casualty,D,"$3,994.44",10,399.44,GBY-06
SFM95382168,Audit,2026-02-09,11/28/2025,,WORK,"Standish Haulage, Inc",Stanwick F & M,D,-2287.6,10,-228.76,TRW-08
PI-9213907,PCH,2026-02-12,2026-02-05,,HO,Beatriz Sturgeon,Pelham Indemnity Group,D,-91.62,15,-13.74,HFN-04
VN911846037,RWL,2026-02-12,02/19/2026,2027-02-19,Comm Auto,Bramble Cabinetry,Valebrook,AGENCY BILL,"$27,710.51",10,"$2,771.05",TRW-02
AM-35923862,RWL,2026-02-12,2026-03-02,2027-03-02,WC,Marchetti Produce,ARDSLEY MUTUAL INS CO,DIRECT BILL,73086.44,0.2,"14,617.29",HFN-11
VN143773193,Cancellation,2026-02-13,02/10/2026,,Work Comp,"Halvorsen Bakery, LLC",VALEBROOK NATL,A,-51261.69,15,"-7,689.25",TRW-02
NS-543238,END,2026-02-13,02/06/2026,,Workers Comp,Nyquist Millwork,Northgate Specialty,Agency Bill,"2,461.78",15,369.27,TRW-08
PI-0821547,REN,2026-02-15,2026-03-04,2027-03-04,WORK,"Bramble Dairy, Corp",PELHAM IND,DIRECT BILL,5323.65,,$798.55,HFN-11
KC6862016,PCH,2026-02-15,2026-02-11,2026-07-08,BAUTO,"Lindqvist Electrical, Co",Kemwood Casualty,D,"$6,280.52",17.5,1099.09,HFN-04
PI-9118699,RWL,2026-02-16,2026-02-17,2027-02-17,PROP,"Lindqvist Excavating, Co",Pelham Ind.,D,"77,703.23",.125,9712.9,HFN-11
VN689573132,XLC,2026-02-16,02/10/2026,,BAUTO,"Arbogast Welding, Corp",Valebrook Nat'l,D,"-$24,153.49",.12,"-$2,898.42",MCL-15
PI-1270836,RWL,2026-02-17,2026-03-05,2027-03-05,HO3,Bartholomew Castellanos,Pelham Indemnity,Direct Bill,$463.09,,92.62,GBY-22
SFM81229216,Renew,2026-02-18,2026-03-02,2027-03-02,Gen Liab,"Ashby Roofing, Corp",Stanwick Fire & Marine,Agency,"$74,583.92",10,7458.39,GBY-22
NS-682740,Renewal,2026-02-19,02/19/2026,2027-02-19,PAUTO,Ingrid Oyelaran,Northgate Specialty,DIRECT BILL,3225.57,10,$322.56,MCL-01
NS-811413,Renewal,2026-02-19,2026-02-28,2027-02-28,BAUTO,"Ashby Printing, LLC",NORTHGATE SPEC,Agency Bill,"56,920.02",0.12,6830.4,TRW-02
KC2799797,RWL,2026-02-20,2026-02-25,02/25/2027,WC,Halvorsen Printing,Kemwood Casualty,Direct Bill,"26,062.63",12,3127.52,GBY-22
SFM37808329,RWL,2026-02-21,02/25/2026,2027-02-25,GL,"Calloway Bakery, LLC",STANWICK F&M,D,"$58,961.82",15%,8844.27,GBY-06
VN234092119,RWL,2026-02-21,2026-03-02,2027-03-02,CGL,"Underhill Roofing, Ltd",Valebrook National,Direct,"$26,639.83",12,3196.78,MCL-15
VN676217673,PCH,2026-02-22,2026-02-13,2027-01-03,BAUTO,"Boyne Haulage, Co",Valebrook National,DB,-309.06,12,-37.09,MCL-15
AM-83900656,Policy Change,2026-02-25,2026-02-17,2026-05-27,Workers Comp,RENNICK ROOFING CORP,Ardsley Mutual,Agency Bill,1640.35,12,196.84,MCL-15
KC8631460,Audit,2026-02-25,2026-01-20,,Work Comp,"Delacroix Contracting, Inc",KEMWOOD CAS,D,4521.94,0.1,$452.19,
SFM10953232,RWL,2026-02-25,2026-03-12,03/12/2027,Commercial Auto,"Nyquist Haulage, LLC",Stanwick Fire & Marine,Agency,"$15,031.50",12,1803.78,MCL-15
SFM21287702,Premium Audit,2026-02-26,2026-01-22,,WORK,"Kessler Millwork, Inc",Stanwick F & M,AGENCY BILL,7454.46,17.5%,1304.53,
KC6265587,Endorsement,2026-02-26,2026-02-23,05/05/2026,BAUTO,"Kessler Millwork, Co",KEMWOOD CAS,AGENCY BILL,3364.51,12,$403.74,MCL-15
VN376382480,RWL,2026-02-26,2026-03-01,2027-03-01,BAUTO,"Marchetti Millwork, LLC",Valebrook National,Agency,63365.17,12,7603.82,GBY-06
VN143773193,Reinstatement,2026-02-26,03/13/2026,2026-11-26,WORK,"Halvorsen Bakery, LLC",Valebrook Nat'l,Agency,51261.69,15,7689.25,TRW-02
SFM94999848,REN,2026-02-26,2026-03-12,2027-03-12,Comm Auto,"Boyne Freight, Corp",STANWICK F&M,D,25579.47,12,3069.54,GBY-22
SFM49730754,Renewal,2026-02-27,2026-03-07,2027-03-07,PROP,BRAMBLE PRINTING LTD,Stanwick Fire and Marine,A,9281.14,12,"1,113.74",TRW-08
NS-485986,RWL,2026-02-27,2026-03-13,2027-03-13,Personal Auto,Desmond Oyelaran,Northgate Specialty,DB,2872.17,,344.66,HFN-11
NS-890029,RWL,2026-02-27,2026-03-16,2027-03-16,BAUTO,Trask Haulage,Northgate Specialty,A,16943.66,10,1694.37,GBY-22
SFM58385555,Endorsement,2026-02-28,2026-02-26,2027-01-13,Gen Liab,"Boyne Millwork, Inc",Stanwick Fire & Marine,AGENCY BILL,-3401.33,10,-340.13,HFN-04
VN935476750,Renewal,2026-02-28,03/04/2026,2027-03-04,CGL,"Petrossian Auto Body, Corp",Valebrook National,A,35936.31,.15,5390.45,MCL-15
KC7371443,END,2026-02-28,2026-02-21,2026-06-28,CAUTO,"Fairweather Welding, LLC",Kemwood Casualty,AB,6700.91,12.5,837.61,HFN-04
SFM06043624,RWL,2026-03-01,2026-03-15,2027-03-15,WORK,KESSLER PRINTING CORP,Stanwick Fire & Marine,Direct Bill,13627.88,15,2044.18,MCL-15
NS-358949,END,2026-03-01,2026-02-23,2026-06-03,BAUTO,"Standish Contracting, Ltd",Northgate Specialty,Agency Bill,-6905.7,12.5,-863.21,
KC0823088,RWL,2026-03-02,2026-03-08,2027-03-08,WORK,"Renfro Cabinetry, LLC",Kemwood Casualty Co,Agency,"68,482.54",12,8217.9,MCL-01
AM-24710707,Cancellation,2026-03-02,2026-02-22,,PAUTO,Josefa Okonkwo,Ardsley Mut,DB,-556.59,17.5,-97.4,TRW-02
NS-823066,Endorsement,2026-03-02,2026-03-02,2027-02-14,HOME,Vidal Novotny,Northgate Specialty Lines,Agency,-486.38,20,-97.28,MCL-01
VN252744419,Policy Change,2026-03-04,2026-03-02,,Work Comp,Fairweather Cabinetry,Valebrook,Direct Bill,"1,650.74",20,330.15,MCL-15
KC4204142,Renewal,2026-03-05,2026-03-07,2027-03-07,Commercial Property,"Renfro Fabrication, Co",Kemwood Casualty,Direct Bill,35271.64,0.2,7054.33,TRW-02
PI-8258609,RWL,2026-03-06,2026-03-07,2027-03-07,UMBR,"Boyne Landscaping, Co",PELHAM IND,Agency,24614.89,0.1,"$2,461.49",MCL-01
KC6265587,PCH,2026-03-06,03/03/2026,,BAUTO,"Kessler Millwork, Co",Kemwood Casualty Co,AGENCY BILL,-3174.4,12,-380.93,MCL-15
PI-9967983,RWL,2026-03-06,2026-03-06,03/06/2027,CGL,Trask Machine Works,Pelham Indemnity,D,"$59,906.24",0.12,7188.75,HFN-11
KC5273957,RWL,2026-03-08,2026-03-14,2027-03-14,UMBR,"Ferraro Dairy, Inc",Kemwood Casualty Co,Agency,39104.32,15,"$5,865.65",HFN-11
SFM90244528,REN,2026-03-08,2026-03-17,2027-03-17,General Liability,"Halvorsen Auto Body, Co",Stanwick Fire & Marine,A,"$13,327.81",0.1,"1,332.78",GBY-06
PI-3710851,Renewal,2026-03-08,2026-03-08,2027-03-08,BAUTO,"Halvorsen Millwork, Corp",Pelham Ind.,A,38273.8,15,"5,741.07",MCL-15
SFM48833538,PCH,2026-03-08,2026-03-07,,CAUTO,"Kowalczyk Electrical, Co",Stanwick F & M,AGENCY BILL,4653.04,20,930.61,HFN-04
VN986516051,PCH,2026-03-09,2026-03-07,2026-05-23,WORK,"Ferraro Haulage, LLC",Valebrook,Agency Bill,"$4,201.97",15,630.3,GBY-22
SFM43292813,REN,2026-03-10,2026-03-22,03/22/2027,PAUTO,Beatriz Guerrero,STANWICK F&M,DIRECT BILL,472.26,10,47.23,GBY-06
NS-165941,PCH,2026-03-10,2026-03-05,2026-09-02,Gen Liab,FERRARO DAIRY CO,Northgate Specialty,Agency,5911.05,0.1,$591.11,MCL-15
AM-04069281,Renewal,2026-03-12,2026-03-15,2027-03-15,Homeowners,Adaeze Sandoval,ardsley mutual,D,3959.54,12,475.14,TRW-08
AM-26476365,NRA,2026-03-14,2026-05-07,,HOME,Noor Vasquez,ARDSLEY MUTUAL INS CO,AGENCY BILL,0,17.5%,0,GBY-22
NS-178123,END,2026-03-14,2026-03-12,,CGL,Fairweather Landscaping,Northgate Specialty Lines,A,-770.71,0.1,-77.07,GBY-22
KC5128290,Policy Change,2026-03-16,2026-03-10,2026-08-23,Comm Auto,"Marchetti Fabrication, LLC",Kemwood Casualty,Agency Bill,-1522.41,10,-152.24,HFN-04
AM-40086053,PAB,2026-03-17,12/15/2025,,WORK,"Ashby Landscaping, LLC",Ardsley Mutual,A,-1773.47,15,-266.02,HFN-04
KC9425453,Policy Change,2026-03-19,2026-03-12,09/19/2026,General Liability,"Wexler Contracting, Ltd",Kemwood,Direct Bill,-2095.42,10,-$209.54,GBY-06
NS-787130,Endorsement,2026-03-19,2026-03-15,2026-05-31,Work Comp,"Halvorsen Electrical, Inc",Northgate Specialty,D,10125.64,0.1,1012.56,GBY-22
KC9089444,Audit,2026-03-20,2026-01-07,,WORK,"Boyne Foundry, Inc",Kemwood,Agency Bill,5499.46,.15,824.92,TRW-08
VN504130257,Cancellation,2026-03-21,2026-03-15,,Commercial Auto,"Delacroix Contracting, Corp",Valebrook National,A,-4255.68,0.15,-638.35,MCL-15
SFM59163534,Renewal,2026-03-22,03/23/2026,2027-03-23,CGL,"Renfro Fabrication, Ltd",Stanwick Fire and Marine,AGENCY BILL,"$46,799.87",,5849.98,GBY-06
PI-4496495,Renewal,2026-03-25,2026-04-05,2027-04-05,Work Comp,"Fairweather Plumbing & Heating, Co",PELHAM IND,Direct Bill,52724.97,0.125,6590.62,TRW-02
VN270793491,PCH,2026-03-25,2026-03-18,2026-04-24,Homeowners,Rutger Falkenrath,Valebrook Nat'l,Agency Bill,496.25,12,59.55,TRW-02
AM-72563690,RWL,2026-03-25,2026-04-11,2027-04-11,UMB,KESSLER ROOFING LLC,Ardsley Mutual,AB,"38,294.87",12,4595.38,TRW-08
VN323242602,Non-Renewal,2026-03-26,2026-05-22,,General Liability,"Calloway Produce, LLC",Valebrook,Agency,0,20,0,MCL-15
AM-34421217,PCH,2026-03-27,2026-03-25,,PROP,"Halvorsen Landscaping, LLC",Ardsley Mutual,Direct Bill,2580.02,15,387,GBY-06
AM-86516015,Audit,2026-03-27,2025-12-02,,Work Comp,"Kowalczyk Landscaping, Co",Ardsley Mutual,AB,5604.1,15,$840.62,GBY-22
KC7461467,Endorsement,2026-03-27,2026-03-25,2026-05-24,Comm Auto,"Boyne Freight, Co",Kemwood Casualty,AGENCY BILL,"-$1,162.86",0.1,-116.29,TRW-08
VN424249654,RWL,2026-03-28,2026-03-31,03/31/2027,GL,BRAMBLE WELDING CO,VALEBROOK NATL,A,"44,456.63",12,5334.8,MCL-01
PI-2304482,PCH,2026-03-29,2026-03-23,2026-12-08,WORKERS COMPENSATION,"Wexler Cold Storage, Inc",Pelham Indemnity Group,Agency,"$8,688.96",15,1303.34,MCL-15
VN680433614,Renewal,2026-03-29,2026-04-01,2027-04-01,WORKERS COMPENSATION,"Boyne Millwork, LLC",Valebrook National,D,8277.81,17.5,1448.62,GBY-06
PI-5980246,RWL,2026-03-31,2026-04-01,2027-04-01,CAUTO,"Petrossian Machine Works, LLC",Pelham Indemnity Group,A,"$36,491.22",17.5%,6385.96,GBY-22
VN315214209,Policy Change,2026-04-02,2026-03-24,,HO3,Noor Nakagawa,Valebrook National,DB,158.84,15,23.83,
AM-09188581,CAN,2026-04-03,2026-03-26,,CGL,"Underhill Dairy, Inc",Ardsley Mutual,AB,-26018.97,.1,-2601.9,MCL-15
PI-3744328,endorsement,2026-04-04,2026-04-02,2026-06-18,CGL,"Ferraro Millwork, LLC",Pelham Indemnity,AB,-487.21,0.15,-73.08,MCL-15
NS-047614,NRA,2026-04-05,2026-06-09,,Auto,Priya Lindgren,Northgate Specialty Lines,D,0,17.5%,0.00,HFN-11
AM-84631931,Renewal,2026-04-07,2026-04-17,2027-04-17,GL,"Bramble Printing, LLC",Ardsley Mutual,Direct Bill,50324.16,15,7548.62,MCL-01
PI-2304482,Audit,2026-04-07,12/08/2025,,WORKERS COMPENSATION,"Wexler Cold Storage, Inc",Pelham Indemnity,AB,-10316.28,15,"-$1,547.44",MCL-15
KC2799797,PAB,2026-04-07,02/25/2026,,WC,Halvorsen Printing,Kemwood Casualty,Direct Bill,"$5,104.13",0.12,$612.50,GBY-22
AM-35923862,Premium Audit,2026-04-08,2026-03-02,,Work Comp,Marchetti Produce,Ardsley Mut,Direct Bill,-8941.79,20,-1788.36,HFN-11
SFM32552599,XLC,2026-04-09,2026-03-30,,Workers Comp,"Petrossian Millwork, LLC",STANWICK F&M,Agency,-16272.64,15,-2440.9,MCL-15
SFM53473615,RWL,2026-04-09,2026-04-27,04/27/2027,CGL,"Trask Millwork, Corp",STANWICK F&M,Agency Bill,68306.19,12,8196.74,TRW-08
SFM94999848,Endorsement,2026-04-09,2026-03-31,2027-03-12,CAUTO,"Boyne Freight, Corp",Stanwick Fire and Marine,Direct Bill,$913.75,0.12,109.65,GBY-22
SFM48833538,Cancellation,2026-04-09,2026-04-06,,Commercial Auto,"Kowalczyk Electrical, Co",STANWICK F&M,A,"-$10,098.82",20,-2019.76,HFN-04
PI-6041396,PCH,2026-04-11,04/02/2026,,Homeowners,Noor Nakagawa,Valebrook Nat'l,DIRECT BILL,83.92,15,12.59,GBY-22
SFM35332498,XLC,2026-04-11,03/31/2026,,HO3,Malachy Adeyemi,STANWICK F&M,D,-783.91,12,-94.07,MCL-01
VN451339954,PCH,2026-04-11,04/03/2026,2026-09-10,WORK,"Whitcomb Bakery, LLC",Valebrook National,DB,-8567.76,15,-1285.16,TRW-02
PI-0345778,RWL,2026-04-11,2026-04-14,2027-04-14,Work Comp,"Kowalczyk Produce, LLC",Pelham Ind.,A,54532.68,0.1,5453.27,
SFM56594751,RWL,2026-04-12,2026-04-19,10/18/2026,Homeowners,Josefa Adeyemi,Stanwick Fire and Marine,Agency Bill,3653.11,15%,547.97,MCL-01
KC9089444,XLC,2026-04-13,2026-04-07,,WORK,"Boyne Foundry, Inc",Kemwood Casualty,A,-25004.42,15,-3750.66,TRW-08
KC6821968,RWL,2026-04-13,2026-04-28,2027-04-28,Comm Umbrella,"Rennick Welding, Inc",KEMWOOD CAS,Agency,"35,762.85",15,"$5,364.43",GBY-06
AM-44597277,REN,2026-04-14,2026-04-18,2027-04-18,Commercial Auto,"Renfro Printing, LLC",Ardsley Mut,AB,"21,859.15",10,2185.92,MCL-15
VN504130257,Reinstatement,2026-04-14,2026-04-21,2026-04-26,BAUTO,"Delacroix Contracting, Corp",Valebrook National,Agency,4255.68,.15,638.35,MCL-15
SFM58385555,endorsement,2026-04-16,2026-04-07,,General Liability,"Boyne Millwork, Inc",Stanwick Fire & Marine,A,5086.3,10,508.63,HFN-04
SFM81229216,Cancellation,2026-04-16,2026-04-05,,GL,"Ashby Roofing, Corp",STANWICK F&M,A,-67636.38,10,"-6,763.64",GBY-22
VN000167815,Endorsement,2026-04-16,2026-04-12,2026-08-27,Auto,"Petrossian Dairy, LLC",Valebrook Nat'l,A,-10021.42,17.5,"-$1,753.75",MCL-01
AM-23613803,Policy Change,2026-04-16,2026-04-14,2026-11-10,Auto,"Fairweather Fabrication, Co",ARDSLEY MUTUAL INS CO,Agency,-6394.43,0.2,-1278.89,
SFM00447308,endorsement,2026-04-17,2026-04-11,2026-10-06,PAUTO,Solveig Halloran,STANWICK F&M,DIRECT BILL,166.48,15,24.97,TRW-08
NS-480218,REN,2026-04-19,2026-04-24,2027-04-24,Umbrella,"Calloway Haulage, LLC",NORTHGATE SPEC,D,2142.27,12.5,267.78,MCL-01
SFM75616804,Endorsement,2026-04-19,2026-04-16,2026-07-30,General Liability,"Bramble Bakery, Inc",Stanwick Fire and Marine,DIRECT BILL,-9779.76,20%,-1955.95,HFN-04
AM-34421217,endorsement,2026-04-21,2026-04-13,,Comm Prop,"Halvorsen Landscaping, LLC",Ardsley Mutual,DB,-881.38,15,-$132.21,GBY-06
VN385915599,Endorsement,2026-04-21,04/12/2026,2026-07-20,HOME,Priya Halloran,Valebrook,DB,308.61,17.5,$54.01,TRW-08
VN860746249,RWL,2026-04-21,2026-05-04,2027-05-04,PROP,"Wexler Dairy, Corp",Valebrook Nat'l,Agency Bill,33610.94,15,5041.64,MCL-15
SFM27603205,RWL,2026-04-22,2026-05-02,2027-05-02,Personal Auto,Terrence Okonkwo,Stanwick Fire and Marine,Agency Bill,1183.63,0.175,207.14,TRW-08
KC4758763,RWL,2026-04-22,2026-04-26,04/26/2027,CPROP,"Ashby Millwork, LLC",Kemwood Casualty,AB,71235.39,15,10685.31,GBY-06
NS-795288,PAB,2026-04-24,2026-01-14,,WC,Dupree Excavating,NORTHGATE SPEC,D,"2,603.48",12%,312.42,HFN-04
PI-3710851,PCH,2026-04-24,2026-04-15,,Commercial Auto,"Halvorsen Millwork, Corp",PELHAM IND,A,2646.88,15,$397.03,MCL-15
VN071133188,PCH,2026-04-25,2026-04-18,02/15/2027,General Liability,Standish Electrical,VALEBROOK NATL,A,"$6,664.45",17.5,1166.28,TRW-08
SFM06043624,Premium Audit,2026-04-27,2026-03-15,,Work Comp,"Kessler Printing, Corp",Stanwick Fire and Marine,Direct Bill,2280.8,0.15,$342.12,MCL-15
VN894442528,Audit,2026-04-28,2026-02-09,,WC,"Halvorsen Dairy, LLC",Valebrook Nat'l,Direct Bill,15753.95,15,2363.09,TRW-02
NS-893231,Renewal,2026-04-28,05/09/2026,2027-05-09,BAUTO,"Wexler Excavating, Co",NORTHGATE SPEC,DB,"73,688.06",10,7368.81,HFN-04
KC2290055,Renewal,2026-04-30,2026-05-15,2026-11-13,Personal Auto,Freya Aldridge,KEMWOOD CAS,D,3306.98,17.5,$578.72,TRW-02
VN329113948,PCH,2026-04-30,2026-04-27,2027-01-06,Auto,Amara Petrakis,Valebrook National,Direct Bill,247.3,15,37.1,MCL-01
SFM54145300,Endorsement,2026-04-30,2026-04-24,2026-11-18,Commercial Auto,"Ferraro Auto Body, Co",Stanwick Fire & Marine,D,8829.98,15,"1,324.50",MCL-15
SFM92509992,Cancellation,2026-04-30,2026-04-28,,Comm Auto,"Rennick Millwork, Inc",STANWICK F&M,D,-26948.06,12,"-$3,233.77",MCL-01
SFM90244528,Endorsement,2026-05-01,2026-04-27,2027-03-17,CGL,"Halvorsen Auto Body, Co",Stanwick Fire & Marine,A,1662.33,10,$166.23,GBY-06
SFM70975814,Policy Change,2026-05-02,2026-04-29,,Commercial Auto,"Ferraro Fabrication, LLC",Stanwick Fire & Marine,Agency Bill,573.62,12,$68.83,
KC1176024,RWL,2026-05-02,2026-05-06,2027-05-06,CGL,"Trask Printing, Inc",Kemwood Casualty,D,34838.38,15,5225.76,MCL-15
SFM81229216,Endorsement,2026-05-03,04/30/2026,,CGL,"Ashby Roofing, Corp",STANWICK F&M,AB,"$3,108.20",.1,310.82,GBY-22
SFM71459312,RWL,2026-05-03,2026-05-19,2027-05-19,Umbrella,TOLLIVER ELECTRICAL,Stanwick Fire and Marine,AGENCY BILL,58519.74,12.5,7314.97,MCL-15
SFM00447308,Policy Change,2026-05-04,2026-04-28,10/06/2026,PPA,Solveig Halloran,Stanwick Fire and Marine,D,-26.07,15,-3.91,TRW-08
NS-682103,RWL,2026-05-04,2026-05-15,2027-05-15,Umbrella,"Underhill Bakery, Inc",Northgate Specialty,A,59826.38,15,"$8,973.96",TRW-08
KC5488737,Endorsement,2026-05-04,2026-04-25,2026-08-07,CPROP,"Boyne Millwork, LLC",Kemwood Casualty Co,Agency Bill,288.11,12,$34.57,HFN-11
SFM97075609,Renew,2026-05-05,2026-05-14,2027-05-14,PAUTO,Rutger Thorne,STANWICK F&M,AB,1651.8,17.5,289.07,MCL-01
NS-362057,RWL,2026-05-06,2026-05-10,05/10/2027,Commercial Auto,"Arbogast Bakery, Co",NORTHGATE SPEC,A,"$20,006.34",17.5,"$3,501.11",TRW-02
AM-44597277,PCH,2026-05-06,2026-04-28,,Commercial Auto,"Renfro Printing, LLC",Ardsley Mutual,A,"-$4,079.25",10%,-407.92,MCL-15
KC0099920,Renew,2026-05-07,2026-05-13,2027-05-13,Comm Auto,"Lindqvist Printing, Inc",Kemwood Casualty,D,"$30,546.28",15,4581.94,GBY-06
KC4965333,XLC,2026-05-09,2026-05-07,,General Liability,"Underhill Landscaping, Corp",Kemwood,Agency,-10698.65,10,-1069.86,
SFM90244528,Cancellation,2026-05-09,2026-05-04,,CGL,"Halvorsen Auto Body, Co",Stanwick Fire and Marine,A,"-$11,575.11",10,"-1,157.51",GBY-06
KC6814603,PCH,2026-05-09,2026-04-30,,PROP,"Boyne Machine Works, Corp",Kemwood,D,4959.55,15,743.93,GBY-06
KC7461467,Renewal,2026-05-13,2026-05-24,2027-05-24,Comm Auto,"Boyne Freight, Co",Kemwood Casualty Co,Agency,8146.53,10,814.65,TRW-08
PI-7809435,RWL,2026-05-14,2026-05-25,2027-05-25,WORKERS COMPENSATION,"Ostrander Cabinetry, Ltd",Pelham Indemnity Group,AB,"27,561.29",20,"$5,512.26",HFN-11
KC8770987,Audit,2026-05-14,2026-02-05,,WORK,Arbogast Roofing,Kemwood,D,2760.31,0.15,414.05,TRW-02
VN172181737,Renewal,2026-05-14,2026-05-15,2027-05-15,Workers Comp,"Halvorsen Excavating, LLC",Valebrook National,AB,74974.97,20,14994.99,GBY-22
PI-5590287,REN,2026-05-15,2026-05-29,2027-05-29,PROP,"Nyquist Freight, Ltd",Pelham Indemnity,Agency Bill,16447.13,10,"$1,644.71",TRW-02
VN036993785,Policy Change,2026-05-15,2026-05-15,2026-11-13,CPROP,"Delacroix Roofing, Co",Valebrook National,Direct Bill,-404.62,0.15,-60.69,GBY-22
VN377092888,Renewal,2026-05-15,05/18/2026,2027-05-18,Work Comp,"Lindqvist Foundry, LLC",Valebrook National,D,"45,554.95",15%,6833.24,TRW-02
VN117189056,RWL,2026-05-16,05/21/2026,05/21/2027,GL,"Dupree Freight, Ltd",Valebrook Nat'l,DIRECT BILL,11991.73,.1,1199.17,TRW-02
KC0950613,Endorsement,2026-05-16,2026-05-15,2026-08-05,PROP,"Boyne Cabinetry, LLC",Kemwood Casualty,AGENCY BILL,10568.3,,1321.04,GBY-06
NS-034052,RWL,2026-05-17,2026-05-20,05/20/2027,Umbrella,"Ostrander Produce, Co",NORTHGATE SPEC,A,"$39,158.66",12,4699.04,TRW-08
VN143773193,Endorsement,2026-05-17,05/09/2026,2026-11-26,WC,"Halvorsen Bakery, LLC",Valebrook National,A,-11705.45,0.15,-1755.82,TRW-02
NS-178123,RWL,2026-05-17,2026-06-03,2027-06-03,CGL,Fairweather Landscaping,Northgate Specialty,Agency,"$9,686.00",10,968.60,
SFM92509992,Reinstatement,2026-05-17,06/04/2026,2026-08-22,Commercial Auto,"Rennick Millwork, Inc",STANWICK F&M,Direct Bill,"$26,948.06",0.12,"$3,233.77",MCL-01
VN033896556,REN,2026-05-18,06/04/2026,2027-06-04,Work Comp,Ferraro Printing,VALEBROOK NATL,Direct Bill,"53,954.88",15%,"$8,093.23",MCL-15
VN283799223,RWL,2026-05-18,2026-06-01,2027-06-01,HO,Freya Lindgren,VALEBROOK NATL,D,898.52,.15,134.78,TRW-02
SFM60462661,RWL,2026-05-18,2026-06-02,2027-06-02,PPA,Amara Castellanos,Stanwick Fire & Marine,DB,"2,994.20",12,359.3,TRW-08
NS-284475,Cancellation,2026-05-20,2026-05-08,,Umbrella,"Underhill Freight, LLC",Northgate Specialty,D,-6340.11,12,-$760.81,HFN-11
VN269718219,RWL,2026-05-21,2026-05-24,2027-05-24,PPA,Adaeze Adeyemi,Valebrook National,A,"2,691.02",15,403.65,TRW-08
KC6081013,RWL,2026-05-21,2026-05-25,2027-05-25,Commercial Auto,"Rennick Roofing, LLC",Kemwood,D,9193.01,17.5,1608.78,HFN-04
AM-83900656,Renew,2026-05-22,2026-05-27,2027-05-27,WC,"Rennick Roofing, Corp",Ardsley Mutual,AB,13393.04,12,1607.16,MCL-15
SFM53473615,PCH,2026-05-22,2026-05-17,2027-04-27,Gen Liab,"Trask Millwork, Corp",Stanwick Fire & Marine,AB,-3404.9,12,-$408.59,TRW-08
AM-24710707,Policy Change,2026-05-23,2026-05-20,,Personal Auto,Josefa Okonkwo,ARDSLEY MUTUAL INS CO,DB,$35.91,.175,6.28,TRW-02
PI-3744328,PCH,2026-05-25,2026-05-19,2026-06-18,Gen Liab,"Ferraro Millwork, LLC",Pelham Indemnity Group,A,1748.08,15,$262.21,MCL-15
SFM43975110,RWL,2026-05-26,06/01/2026,2027-06-01,CGL,"Underhill Auto Body, LLC",Stanwick Fire and Marine,DB,50476.94,10,5047.69,TRW-08
VN570156740,Cancel,2026-05-26,2026-05-22,,Umbrella,"Bramble Haulage, LLC",Valebrook,Direct,"-$10,860.06",12.5,-1357.51,MCL-15
AM-10696476,RWL,2026-05-27,05/30/2026,2027-05-30,CAUTO,"Boyne Contracting, Inc",Ardsley Mutual,A,19533.51,15,2930.03,HFN-04
NS-443460,Policy Change,2026-05-28,2026-05-23,,Workers Comp,"Kowalczyk Haulage, LLC",Northgate Specialty,Agency,"2,848.19",10,284.82,HFN-04
KC9864090,RWL,2026-05-28,2026-06-09,2027-06-09,Commercial Auto,"Delacroix Auto Body, LLC",Kemwood Casualty,Direct Bill,73283.66,15,10992.55,HFN-11
KC4965333,Reinstatement,2026-05-30,2026-06-14,12/04/2026,GL,"Underhill Landscaping, Corp",Kemwood Casualty,Agency Bill,"$10,698.65",10,1069.87,GBY-06
VN475685562,RWL,2026-05-30,06/07/2026,2027-06-07,Personal Auto,Solveig Thorne,Valebrook Nat'l,Direct,4020.2,0.15,603.03,TRW-08
VN025350399,RWL,2026-05-31,06/04/2026,2027-06-04,WORK,OSTRANDER PRODUCE LLC,Valebrook Nat'l,AB,15661.8,12,1879.42,
AM-90977648,Renewal,2026-05-31,2026-06-11,2027-06-11,Commercial Property,"Ostrander Millwork, Co",Ardsley Mut,D,4846.76,15,727.01,GBY-22
KC1101453,RWL,2026-06-02,2026-06-12,2027-06-12,Personal Auto,Emeric Adeyemi,Kemwood Casualty,Direct Bill,1688.32,17.5,$295.46,MCL-15
KC7844848,END,2026-06-02,05/31/2026,,PPA,Priya Sandoval,Kemwood Casualty,D,-224.10,.1,-22.41,GBY-06
VN269718219,PCH,2026-06-03,2026-06-03,05/24/2027,PPA,Adaeze Adeyemi,Valebrook National,A,-$151.78,0.15,-$22.77,TRW-08
SFM03944926,Renew,2026-06-04,06/16/2026,2027-06-16,GL,"Boyne Dairy, Inc",STANWICK F&M,Direct Bill,"$62,932.32",.125,7866.54,TRW-02
SFM90244528,Reinstate,2026-06-04,2026-06-06,03/17/2027,General Liability,"Halvorsen Auto Body, Co",Stanwick Fire and Marine,AB,11575.11,.1,1157.51,GBY-06
PI-3744328,Renewal,2026-06-05,2026-06-18,2027-06-18,Gen Liab,"Ferraro Millwork, LLC",Pelham Indemnity Group,Agency Bill,"$13,074.70",15,1961.21,MCL-15
VN385915599,PCH,2026-06-05,2026-06-01,,HOME,Priya Halloran,Valebrook National,DB,314.7,17.5,55.07,TRW-08
SFM17964075,RWL,2026-06-05,2026-06-16,2027-06-16,Gen Liab,RENFRO MACHINE WORKS LTD,Stanwick Fire & Marine,Agency Bill,55008.91,.12,6601.07,MCL-15
VN143773193,PCH,2026-06-07,2026-05-29,,WORKERS COMPENSATION,"Halvorsen Bakery, LLC",VALEBROOK NATL,Agency Bill,"$6,230.74",.15,$934.61,TRW-02
SFM54635331,RWL,2026-06-08,2026-06-08,2027-06-08,Auto,Adaeze Sandoval,STANWICK F&M,D,3324.84,12,398.98,HFN-04
VN370295087,AUD,2026-06-09,2026-03-09,,WC,"Trask Dairy, Corp",Valebrook Nat'l,Agency Bill,"-$8,223.02",20,-1644.6,
SFM71459312,PCH,2026-06-09,2026-06-08,2027-05-19,Comm Umbrella,Tolliver Electrical,Stanwick Fire and Marine,AB,3557.25,12.5,$444.66,MCL-15
VN000167815,Cancellation,2026-06-09,06/06/2026,,CAUTO,"Petrossian Dairy, LLC",Valebrook,AB,-14791.37,.175,"-$2,588.49",MCL-01
VN570156740,Endorsement,2026-06-09,06/02/2026,,Comm Umbrella,"Bramble Haulage, LLC",Valebrook,DB,"-4,315.67",,-539.46,MCL-15
KC2252474,RWL,2026-06-11,2026-06-12,2027-06-12,Gen Liab,Marchetti Foundry,KEMWOOD CAS,AB,17224.59,15,2583.69,GBY-22
SFM00447308,END,2026-06-12,2026-06-11,,Auto,Solveig Halloran,Stanwick Fire & Marine,Direct Bill,40.23,0.15,6.03,
KC3328306,Audit,2026-06-12,2026-02-20,,WORKERS COMPENSATION,"Renfro Excavating, LLC",KEMWOOD CAS,Direct,2813.52,10,281.35,GBY-22
VN570156740,Reinstatement,2026-06-13,2026-06-16,2026-11-06,UMBR,"Bramble Haulage, LLC",Valebrook National,D,10860.06,12.5,"$1,357.51",MCL-15
VN680433614,Premium Audit,2026-06-13,2026-04-01,,Work Comp,"Boyne Millwork, LLC",Valebrook National,DB,960.53,17.5,$168.09,GBY-06
NS-690349,RWL,2026-06-14,2026-06-21,2027-06-21,Commercial Auto,Ferraro Printing,Northgate Specialty,DB,"$42,492.23",10,"4,249.22",
SFM79489914,Renew,2026-06-14,2026-07-01,2027-07-01,CAUTO,"Halvorsen Roofing, Inc",Stanwick F & M,D,21428.12,0.1,"2,142.81",MCL-15
NS-165941,Cancellation,2026-06-15,2026-06-05,,CGL,"Ferraro Dairy, Co",Northgate Specialty,Agency Bill,-9096.79,10,-909.68,MCL-15
NS-327166,Renew,2026-06-15,2026-06-27,2027-06-27,General Liability,Tolliver Machine Works,Northgate Specialty Lines,A,41007.14,17.5,"7,176.25",TRW-02
KC7371443,RWL,2026-06-15,2026-06-28,2027-06-28,CAUTO,"Fairweather Welding, LLC",KEMWOOD CAS,Agency Bill,55955.09,12.5,6994.39,HFN-04
PI-8258609,Endorsement,2026-06-16,2026-06-10,2027-03-07,UMB,"Boyne Landscaping, Co",Pelham Indemnity Group,A,3480.3,10,348.03,MCL-01
SFM32552599,endorsement,2026-06-16,2026-06-09,,WORK,"Petrossian Millwork, LLC",Stanwick Fire & Marine,Agency Bill,"$2,697.51",15,404.63,MCL-15
SFM36750713,XLN,2026-06-17,2026-06-06,,Workers Comp,"Marchetti Cabinetry, Inc",Stanwick Fire and Marine,DB,"-33,371.24",12,-4004.55,GBY-22
NS-448674,Renewal,2026-06-18,2026-06-29,2027-06-29,BAUTO,"Rennick Auto Body, LLC",Northgate Specialty,AGENCY BILL,"86,988.43",15,"13,048.26",GBY-06
VN329113948,Policy Change,2026-06-19,06/10/2026,,Personal Auto,Amara Petrakis,Valebrook National,DB,-$326.90,15,-49.03,MCL-01
VN071133188,Endorsement,2026-06-20,2026-06-15,2027-02-15,CGL,Standish Electrical,Valebrook National,A,3648.44,17.5,638.48,TRW-08
SFM46937492,END,2026-06-20,06/11/2026,2026-08-22,CAUTO,"Marchetti Freight, LLC",Stanwick Fire and Marine,DB,7985.99,10,798.60,TRW-02
VN860746249,PCH,2026-06-21,2026-06-19,2027-05-04,Comm Prop,"Wexler Dairy, Corp",Valebrook National,AB,1812.91,15,271.94,MCL-15
SFM82549307,REW,2026-06-23,2026-06-03,2026-12-02,Auto,Noor Nakagawa,Stanwick Fire & Marine,D,3684.65,0.12,442.16,HFN-11
SFM43975110,PCH,2026-06-26,2026-06-18,2027-06-01,General Liability,"Underhill Auto Body, LLC",STANWICK F&M,DB,"-$5,350.33",0.1,-535.03,TRW-08
KC3897834,PCH,2026-06-26,06/26/2026,2027-01-21,BAUTO,"Wexler Millwork, Co",Kemwood Casualty,Direct Bill,"-6,078.87",0.175,-1063.8,HFN-11
KC5273957,PCH,2026-06-28,2026-06-25,,UMBR,"Ferraro Dairy, Inc",Kemwood Casualty,A,"3,523.53",.15,$528.53,HFN-11
KC3272643,PCH,2026-06-29,2026-06-20,2026-12-16,CAUTO,STANDISH PRODUCE LLC,Kemwood Casualty,AB,512.31,15,$76.85,HFN-04
KC6394210,Endorsement,2026-07-01,06/29/2026,2027-02-23,PAUTO,Noor Lindgren,KEMWOOD CAS,D,$545.17,10,54.52,GBY-22
AM-34421217,Renew,2026-07-02,2026-07-09,07/09/2027,CPROP,"Halvorsen Landscaping, LLC",ARDSLEY MUTUAL INS CO,Direct,17368.78,15,2605.32,GBY-06
KC7642226,RWL,2026-07-02,2026-07-09,2027-07-09,GL,"Ashby Freight, Co",Kemwood Casualty,Agency Bill,20290.72,20,4058.14,MCL-15
KC0823088,PAB,2026-07-03,2026-03-08,,WORK,"Renfro Cabinetry, LLC",Kemwood Casualty,AB,7074.82,12,$848.98,
VN373827030,Cancellation,2026-07-03,2026-06-23,,Comm Prop,"Calloway Landscaping, Inc",VALEBROOK NATL,Agency,"-$13,295.37",15,-1994.31,MCL-15
KC8236963,Endorsement,2026-07-03,2026-07-03,,BAUTO,"Lindqvist Cold Storage, Co",KEMWOOD CAS,A,"2,307.80",12,276.94,HFN-04
KC4296054,REN,2026-07-05,2026-07-13,2027-07-13,PROP,Rennick Freight,Kemwood,DB,3639.34,10,363.93,HFN-04
SFM58385555,PCH,2026-07-06,2026-07-04,,General Liability,"Boyne Millwork, Inc",Stanwick Fire and Marine,AGENCY BILL,"3,501.15",10,350.12,HFN-04
NS-867070,Renewal,2026-07-07,2026-07-10,2027-07-10,Workers Comp,Standish Machine Works,Northgate Specialty,Agency,32833.1,12,3939.97,TRW-08
NS-165941,Reinstate,2026-07-07,2026-06-25,09/02/2026,GL,"Ferraro Dairy, Co",NORTHGATE SPEC,A,9096.79,0.1,$909.68,
AM-44501872,RWL,2026-07-07,2026-07-23,2027-07-23,BAUTO,Standish Plumbing & Heating,Ardsley Mutual Insurance Company,A,64668.66,20,"$12,933.73",TRW-08
KC6309188,Renew,2026-07-08,2026-07-10,2027-07-10,WC,"Arbogast Auto Body, LLC",Kemwood Casualty,Direct Bill,46352.89,15,"$6,952.93",HFN-04
KC3223054,Rewrite,2026-07-09,2026-06-30,2027-06-30,Comm Auto,"Underhill Machine Works, Co",Kemwood Casualty,Agency,39539.95,12.5,4942.49,GBY-22
AM-37211964,PCH,2026-07-12,2026-07-07,2026-10-01,PPA,Osman Aldridge,Ardsley Mutual Insurance Company,Direct Bill,68.04,10,6.80,HFN-11
KC9439020,XLC,2026-07-12,2026-06-30,,WORK,"Tolliver Produce, Ltd",Kemwood Casualty,AB,-28934.15,12,-3472.1,HFN-11
NS-823066,Cancellation,2026-07-13,2026-07-01,,HO3,Vidal Novotny,Northgate Specialty,Agency Bill,-2413.42,.2,-482.68,
KC7461467,PCH,2026-07-13,2026-07-10,,CAUTO,"Boyne Freight, Co",Kemwood Casualty,AGENCY BILL,599.36,10,59.94,TRW-08
SFM06043624,END,2026-07-14,2026-07-12,,WORK,"Kessler Printing, Corp",Stanwick F & M,DB,-1937.46,15,-$290.62,MCL-15
VN385915599,Renewal,2026-07-15,2026-07-20,2027-07-20,HO,Priya Halloran,Valebrook Nat'l,DB,3655.69,0.175,639.75,TRW-08
KC2799797,Endorsement,2026-07-15,2026-07-14,02/25/2027,WC,Halvorsen Printing,Kemwood Casualty Co,D,-2342.56,12,-281.11,GBY-22
PI-9118699,PCH,2026-07-16,07/09/2026,,Comm Prop,"Lindqvist Excavating, Co",Pelham Indemnity Group,Direct,2996.32,12.5,374.54,HFN-11
NS-407380,RWL,2026-07-17,2026-07-23,2027-07-23,Commercial Auto,Boyne Excavating,Northgate Specialty,A,74705.03,15,"$11,205.75",
PI-3926801,END,2026-07-17,2026-07-11,2026-10-02,Gen Liab,KOWALCZYK FREIGHT CORP,PELHAM IND,A,"-$1,274.69",15%,-191.2,HFN-04
VN935476750,PCH,2026-07-18,2026-07-16,,General Liability,"Petrossian Auto Body, Corp",VALEBROOK NATL,A,6630.71,15,994.61,MCL-15
VN570156740,END,2026-07-19,07/10/2026,2026-11-06,UMBR,"Bramble Haulage, LLC",Valebrook National,Direct Bill,"$3,882.40",12.5%,485.30,MCL-15
NS-067119,Renew,2026-07-20,2026-07-28,2027-07-28,Commercial Property,"Marchetti Millwork, Corp",NORTHGATE SPEC,Agency,8266.12,20,1653.22,HFN-11
KC1153023,Renewal,2026-07-22,2026-08-08,2027-08-08,CAUTO,HALVORSEN LANDSCAPING CO,Kemwood Casualty Co,Direct Bill,"40,532.19",12,4863.86,HFN-11
NS-893231,endorsement,2026-07-22,2026-07-15,,CAUTO,"Wexler Excavating, Co",Northgate Specialty Lines,D,-2708.45,10%,-270.84,HFN-04
VN315214209,RWL,2026-07-23,2026-08-08,2027-02-06,HOME,Noor Nakagawa,VALEBROOK NATL,D,1126.91,0.15,169.04,GBY-22
SFM53473615,PCH,2026-07-23,2026-07-19,,CGL,"Trask Millwork, Corp",Stanwick Fire & Marine,Agency,-7295.3,.12,-875.44,TRW-08
VN172181737,Audit,2026-07-25,2026-05-15,,Workers Comp,"Halvorsen Excavating, LLC",Valebrook National,A,15023.35,20,3004.67,GBY-22
VN071133188,Endorsement,2026-07-27,2026-07-19,,GL,Standish Electrical,VALEBROOK NATL,A,2613.75,17.5,457.41,TRW-08
KC9089444,END,2026-07-28,2026-07-28,2027-01-07,WORKERS COMPENSATION,"Boyne Foundry, Inc",Kemwood Casualty,Agency Bill,5327.3,15,799.1,TRW-08
PI-3744328,PCH,2026-07-28,2026-07-23,2027-06-18,CGL,"Ferraro Millwork, LLC",Pelham Indemnity,AB,"-1,732.69",15,-259.9,MCL-15
AM-35923862,END,2026-07-29,2026-07-25,2027-03-02,WORK,Marchetti Produce,ARDSLEY MUTUAL INS CO,DB,-11606.69,20,"-$2,321.34",HFN-11
SFM43701039,Renew,2026-07-30,2026-08-11,2027-08-11,Commercial Auto,"Wexler Electrical, Corp",STANWICK F&M,D,"$81,730.96",15,12259.64,MCL-01
SFM32552599,PCH,2026-08-01,2026-07-31,11/13/2026,WC,"Petrossian Millwork, LLC",Stanwick Fire & Marine,Agency,"$3,023.97",15,453.6,MCL-15
KC5488737,Renew,2026-08-06,2026-08-07,2027-08-07,Commercial Property,"Boyne Millwork, LLC",Kemwood Casualty,A,"$15,625.37",12,1875.04,HFN-11
VN376382480,endorsement,2026-08-07,2026-07-30,2027-03-01,Comm Auto,"Marchetti Millwork, LLC",Valebrook,Agency,"-$7,618.50",12,-914.22,GBY-06
KC6426632,Endorsement,2026-08-07,2026-08-01,,PROP,"Kessler Machine Works, LLC",Kemwood Casualty,Agency Bill,"$3,085.82",12,370.3,HFN-11
NS-178123,Cancellation,2026-08-07,2026-07-26,,General Liability,Fairweather Landscaping,Northgate Specialty,A,-8279.54,10,-827.95,GBY-22
KC8508877,RWL,2026-08-09,08/21/2026,2027-08-21,GL,"Boyne Bakery, Inc",Kemwood Casualty,D,4773.39,,596.67,HFN-04
VN036993785,END,2026-08-09,2026-08-09,2026-11-13,Commercial Property,DELACROIX ROOFING CO,Valebrook Nat'l,Direct Bill,-973.55,15,-146.03,GBY-22
NS-867070,Policy Change,2026-08-10,2026-08-04,2027-07-10,Work Comp,Standish Machine Works,Northgate Specialty,Agency Bill,5474.33,12,656.92,TRW-08
AM-83900656,Audit,2026-08-14,2026-05-27,,WORKERS COMPENSATION,"Rennick Roofing, Corp",ARDSLEY MUTUAL INS CO,A,-1322.4,12,-158.69,MCL-15
VN036993785,Endorsement,2026-08-14,08/10/2026,,Comm Prop,"Delacroix Roofing, Co",Valebrook Nat'l,Direct,833.06,15,124.96,GBY-22
SFM56594751,Cancellation,2026-08-18,2026-08-10,,HO3,Josefa Adeyemi,Stanwick Fire and Marine,AGENCY BILL,-1384.97,15,-207.75,MCL-01
KC6081013,Endorsement,2026-08-18,2026-08-10,2027-05-25,Commercial Auto,"Rennick Roofing, LLC",Kemwood Casualty,D,$274.64,17.5,48.06,HFN-04
SFM81229216,PCH,2026-08-19,08/15/2026,,CGL,"Ashby Roofing, Corp",Stanwick Fire & Marine,A,4784.96,10,478.5,GBY-22
PI-3891445,PCH,2026-08-21,08/14/2026,2026-11-17,CAUTO,"Whitcomb Landscaping, LLC",PELHAM IND,A,-480.27,10,-48.03,HFN-11
SFM92509992,REN,2026-08-22,2026-08-22,2027-08-22,CAUTO,"Rennick Millwork, Inc",Stanwick Fire & Marine,D,"86,060.01",0.12,"10,327.20",MCL-01
VN143773193,PCH,2026-08-23,2026-08-23,2026-11-26,WC,HALVORSEN BAKERY LLC,Valebrook National,Agency Bill,5517.25,15,827.59,TRW-02
SFM54145300,PCH,2026-08-24,2026-08-22,11/18/2026,Comm Auto,"Ferraro Auto Body, Co",Stanwick Fire & Marine,D,"$4,912.28",15,736.84,MCL-15
NS-448674,Endorsement,2026-08-27,2026-08-26,,CAUTO,"Rennick Auto Body, LLC",NORTHGATE SPEC,AB,5906.63,15,885.99,GBY-06
AM-84631931,XLN,2026-08-29,2026-08-20,,CGL,"Bramble Printing, LLC",Ardsley Mutual,Direct,"-33,089.86",15,-4963.48,MCL-01
NS-165941,Renew,2026-08-30,2026-09-02,2027-09-02,CGL,"Ferraro Dairy, Co",Northgate Specialty,AGENCY BILL,39481.2,10,3948.12,MCL-15
SFM81229216,PCH,2026-08-30,08/22/2026,03/02/2027,Gen Liab,"Ashby Roofing, Corp",STANWICK F&M,Agency Bill,9396.34,10,939.63,GBY-22
PI-1529510,Renewal,2026-08-31,2026-09-05,2027-09-05,PAUTO,Osman Nakagawa,Pelham Indemnity,DB,2100.62,15,315.09,GBY-06
VN025350399,Premium Audit,2026-09-02,2026-06-04,,Work Comp,"Ostrander Produce, LLC",Valebrook National,A,"$2,173.17",.12,260.78,MCL-01
NS-178123,Reinstatement,2026-09-03,08/20/2026,2027-06-03,General Liability,Fairweather Landscaping,NORTHGATE SPEC,AB,"8,279.54",0.1,827.95,GBY-22
PI-1726057,Endorsement,2026-09-03,2026-09-02,2026-10-23,General Liability,DUPREE CONTRACTING,Pelham Indemnity,Agency Bill,9795.74,0.12,1175.49,HFN-11
VN269718219,END,2026-09-04,2026-08-29,2027-05-24,Auto,Adaeze Adeyemi,Valebrook National,A,223.39,15,33.51,TRW-08
SFM09679669,REN,2026-09-05,2026-09-13,09/13/2027,WC,"Kowalczyk Plumbing & Heating, LLC",STANWICK F&M,AGENCY BILL,62201.04,17.5%,"10,885.18",MCL-01
NS-867070,PAB,2026-09-08,2026-07-10,,Workers Comp,Standish Machine Works,Northgate Specialty,AGENCY BILL,6277.83,12,753.34,TRW-08
VN935476750,Policy Change,2026-09-08,2026-09-05,2027-03-04,CGL,"Petrossian Auto Body, Corp",Valebrook Nat'l,Agency Bill,-2955.65,15,-443.35,MCL-15
AM-04069281,END,2026-09-09,2026-09-02,2027-03-15,Homeowners,Adaeze Sandoval,Ardsley Mut,DIRECT BILL,361.45,12,43.37,TRW-08
AM-84631931,Reinstate,2026-09-09,09/24/2026,2027-04-17,CGL,"Bramble Printing, LLC",ARDSLEY MUTUAL INS CO,Direct Bill,33089.86,15%,4963.48,MCL-01
KC2799797,XLC,2026-09-09,2026-09-05,,Workers Comp,Halvorsen Printing,Kemwood Casualty,D,"-12,352.97",,"-$1,482.36",GBY-22
NS-696027,Audit,2026-09-09,2026-06-12,,WORK,Lindqvist Contracting,Northgate Specialty,A,"$1,777.67",15,266.65,GBY-22
AM-02158373,PCH,2026-09-13,2026-09-06,2026-09-26,Commercial Property,TOLLIVER CONTRACTING LLC,ARDSLEY MUTUAL INS CO,DIRECT BILL,-11586.86,10,"-1,158.69",TRW-02
PI-2304482,XLC,2026-09-13,2026-09-12,,WC,"Wexler Cold Storage, Inc",PELHAM IND,A,-14047.14,15%,-2107.07,MCL-15
VN551602567,PCH,2026-09-13,2026-09-06,,Umbrella,"Standish Cold Storage, Co",VALEBROOK NATL,A,5902.14,12,708.26,
PI-2527603,PCH,2026-09-14,2026-09-09,,CPROP,DUPREE AUTO BODY,Pelham Indemnity Group,D,-$977.93,15,-146.69,MCL-01
VN028603407,Endorsement,2026-09-15,09/15/2026,2026-11-24,HOME,Malachy Guerrero,VALEBROOK NATL,Direct Bill,-$316.10,17.5,-55.32,HFN-11
PI-9118699,CAN,2026-09-15,2026-09-12,,Commercial Property,"Lindqvist Excavating, Co",Pelham Indemnity Group,Direct,-33635.92,12.5,-4204.49,HFN-11
NS-107783,RWL,2026-09-16,2026-10-04,2027-10-04,Workers Comp,,Northgate Specialty Lines,A,14756.19,15,"$2,213.43",HFN-04
PI-7022799,PCH,2026-09-17,2026-09-10,2026-12-29,HO,Ingrid Thorne,Pelham Indemnity,Agency Bill,-173.03,15,-25.95,TRW-02
SFM56594751,PCH,2026-09-17,2026-09-14,,HO3,Josefa Adeyemi,Stanwick Fire and Marine,A,-90.91,15,-13.64,MCL-01
NS-787130,AUD,2026-09-17,2026-05-31,,Workers Comp,"Halvorsen Electrical, Inc",NORTHGATE SPEC,D,"$9,452.02",10,945.20,GBY-22
AM-41923973,REN,2026-09-18,2026-10-02,2027-10-02,PROP,"Boyne Haulage, LLC",Ardsley Mutual Insurance Company,D,"$13,753.95",12.5,"$1,719.24",GBY-22
KC8236963,END,2026-09-18,2026-09-12,,Comm Auto,"Lindqvist Cold Storage, Co",KEMWOOD CAS,Agency,"-9,130.33",12,"-$1,095.64",HFN-04
PI-3710851,END,2026-09-19,2026-09-16,2027-03-08,Commercial Auto,HALVORSEN MILLWORK CORP,PELHAM IND,A,6036.27,15,905.44,MCL-15
AM-02158373,Renew,2026-09-20,2026-09-26,2027-09-26,Commercial Property,"Tolliver Contracting, LLC",Ardsley Mut,DB,67531.85,0.1,"6,753.19",TRW-02
NS-034052,Endorsement,2026-09-23,2026-09-16,2027-05-20,Umbrella,"Ostrander Produce, Co",Northgate Specialty Lines,A,1477.89,12,177.35,TRW-08
NS-682103,Cancel,2026-09-24,2026-09-14,,Umbrella,"Underhill Bakery, Inc",NORTHGATE SPEC,Agency Bill,"-39,829.62",.15,-5974.44,TRW-08
VN424249654,Endorsement,2026-09-25,2026-09-16,2027-03-31,General Liability,"Bramble Welding, Co",Valebrook,A,1586.32,12,190.36,MCL-01
PI-9967983,END,2026-09-25,2026-09-17,2027-03-06,Gen Liab,Trask Machine Works,Pelham Indemnity,DIRECT BILL,"-$6,127.06",12,-735.25,HFN-11
AM-90977648,Cancellation,2026-09-25,2026-09-13,,Commercial Property,"Ostrander Millwork, Co",Ardsley Mutual,D,-3598.55,15,-539.78,GBY-22
AM-37211964,RWL,2026-09-25,2026-10-01,2027-10-01,Personal Auto,"Aldridge, Osman",Ardsley Mut,Direct Bill,2179.96,10,218,HFN-11
VN315214209,Cancellation,2026-09-26,2026-09-20,,HO3,Noor Nakagawa,Valebrook Nat'l,DB,-860.66,15,-129.10,GBY-22
PI-3926801,Renewal,2026-09-27,2026-10-02,2027-10-02,CGL,"Kowalczyk Freight, Corp",Pelham Ind.,Agency,12552.85,15,1882.93,HFN-04
SFM09635499,XLC,2026-09-27,2026-09-15,,Commercial Auto,"Marchetti Freight, LLC",Stanwick Fire & Marine,Agency Bill,-12471.03,,"-$1,870.65",HFN-04
VN016661244,Renewal,2026-09-28,2026-10-03,2027-10-03,General Liability,"Fairweather Cold Storage, Co",Valebrook,Agency Bill,32577.65,0.125,"$4,072.21",GBY-06
NS-149141,Renewal,2026-10-02,2026-10-12,2027-10-12,CGL,Fairweather Fabrication,Northgate Specialty Lines,D,"$22,885.57",17.5,4004.97,GBY-06
KC5639249,RWL,2026-10-04,2026-10-12,10/12/2027,Work Comp,"Bramble Contracting, Co",Kemwood Casualty Co,AGENCY BILL,"$76,028.25",12.5,"9,503.53",MCL-01
NS-485986,PCH,2026-10-04,2026-09-25,,PPA,Desmond Oyelaran,Northgate Specialty,D,-331.5,12,-39.78,HFN-11
KC8236963,Renew,2026-10-04,2026-10-08,2027-10-08,CAUTO,"Lindqvist Cold Storage, Co",KEMWOOD CAS,A,49795.92,12,"$5,975.51",HFN-04
VN286143612,RWL,2026-10-05,2026-10-15,2027-10-15,PPA,Priya Rasmussen,VALEBROOK NATL,DB,2376.93,12,285.23,
KC2252474,PCH,2026-10-08,10/03/2026,2027-06-12,CGL,Marchetti Foundry,Kemwood Casualty Co,Agency Bill,2460.21,,369.03,GBY-22
PI-8258609,Endorsement,2026-10-10,10/03/2026,2027-03-07,Umbrella,BOYNE LANDSCAPING CO,Pelham Indemnity Group,Agency Bill,879.91,10,87.99,MCL-01
VN028603407,PCH,2026-10-14,2026-10-05,2026-11-24,Homeowners,Malachy Guerrero,Valebrook National,D,-779.63,17.5,-136.44,HFN-11
SFM71459312,END,2026-10-14,10/05/2026,2027-05-19,UMBR,Tolliver Electrical,Stanwick Fire and Marine,Agency,1821.96,12.5%,227.75,MCL-15
PI-0821547,Cancel,2026-10-17,2026-10-14,,Workers Comp,"Bramble Dairy, Corp",Pelham Ind.,D,-2056.53,15%,-308.48,
PI-9685329,Renewal,2026-10-17,2026-10-27,2027-10-27,General Liability,"Dupree Fabrication, LLC",Pelham Indemnity,Agency,5449.93,10,544.99,TRW-08
AM-10696476,Endorsement,2026-10-18,2026-10-15,,Commercial Auto,"Boyne Contracting, Inc",Ardsley Mutual,AB,1340.95,15,201.14,HFN-04
SFM94999848,Policy Change,2026-10-19,10/19/2026,,Commercial Auto,"Boyne Freight, Corp",Stanwick Fire & Marine,DB,4390.28,12,526.83,GBY-22
VN315214209,Reinstatement,2026-10-20,10/09/2026,2027-02-06,HO3,Noor Nakagawa,Valebrook National,Direct,860.66,15,129.1,GBY-22
AM-90977648,REI,2026-10-20,2026-10-22,2027-06-11,Commercial Property,"Ostrander Millwork, Co",ardsley mutual,DIRECT BILL,"$3,598.55",.15,539.78,GBY-22
PI-9118699,Reinstatement,2026-10-20,2026-10-14,2027-02-17,CPROP,"Lindqvist Excavating, Co",PELHAM IND,Direct Bill,"$33,635.92",12.5,4204.49,HFN-11
NS-823066,PCH,2026-10-20,10/19/2026,2027-02-14,Homeowners,Vidal Novotny,Northgate Specialty,AGENCY BILL,371.34,20,$74.27,MCL-01
KC7563931,NRA,2026-10-20,2026-12-06,,CPROP,"Trask Foundry, Inc",Kemwood Casualty,A,0.00,15,0,MCL-15
KC3897834,PCH,2026-10-23,2026-10-21,,CAUTO,"Wexler Millwork, Co",Kemwood Casualty Co,DB,"$1,630.10",17.5,$285.27,
SFM71459312,Endorsement,2026-10-25,2026-10-21,2027-05-19,Umbrella,Tolliver Electrical,STANWICK F&M,AB,9420.99,12.5,1177.62,MCL-15
PI-4496495,END,2026-10-26,2026-10-21,,WC,"Fairweather Plumbing & Heating, Co",Pelham Indemnity,Direct,7821.76,0.125,977.72,TRW-02
AM-72563690,PCH,2026-10-26,2026-10-23,,Umbrella,"Kessler Roofing, LLC",ARDSLEY MUTUAL INS CO,A,1309.61,12,157.15,TRW-08
NS-067119,END,2026-11-03,10/29/2026,,Comm Prop,MARCHETTI MILLWORK CORP,Northgate Specialty,A,-$435.36,20,-87.07,HFN-11
KC5273957,PCH,2026-11-04,2026-11-03,2027-03-14,UMBR,"Ferraro Dairy, Inc",Kemwood Casualty Co,A,"$4,282.56",15,642.38,HFN-11
PI-3210456,RWL,2026-11-05,2026-11-23,11/23/2027,HOME,Rutger Petrakis,PELHAM IND,Direct Bill,"1,982.69",15,297.4,TRW-08
AM-69651506,Renewal,2026-11-06,2026-11-19,2027-11-19,HOME,Yolanda Guerrero,Ardsley Mutual,Direct Bill,"$5,056.03",17.5,884.81,TRW-02
SFM94999848,Endorsement,2026-11-06,2026-11-02,,BAUTO,"Boyne Freight, Corp",Stanwick Fire & Marine,Direct Bill,-2999,12,-359.88,GBY-22
NS-067119,Policy Change,2026-11-09,2026-11-01,2027-07-28,Comm Prop,"Marchetti Millwork, Corp",NORTHGATE SPEC,AB,$899.84,20,179.97,HFN-11
VN451339954,Audit,2026-11-11,2026-09-10,,WORK,"Whitcomb Bakery, LLC",VALEBROOK NATL,Direct Bill,9044.47,15,1356.67,TRW-02
KC7371443,PCH,2026-11-11,2026-11-02,,Commercial Auto,"Fairweather Welding, LLC",Kemwood Casualty,AB,2740.84,12.5,342.61,
VN036993785,RWL,2026-11-13,2026-11-13,11/13/2027,Comm Prop,"Delacroix Roofing, Co",Valebrook Nat'l,D,6047.32,.15,907.1,GBY-22
KC4296054,PCH,2026-11-14,2026-11-11,07/13/2027,Comm Prop,Rennick Freight,Kemwood Casualty Co,Direct,436.85,10,43.69,HFN-04
VN676217673,PCH,2026-11-14,2026-11-13,,CAUTO,BOYNE HAULAGE CO,Valebrook,D,436.99,12,52.44,MCL-15
VN197290074,REN,2026-11-14,11/29/2026,11/29/2027,CGL,RENNICK PRINTING INC,Valebrook Nat'l,A,"$68,159.21",15,10223.88,TRW-02
NS-795288,CAN,2026-11-19,2026-11-09,,WORKERS COMPENSATION,Dupree Excavating,Northgate Specialty,DIRECT BILL,"-12,585.63",12,-1510.28,HFN-04
VN252744419,Audit,2026-11-22,2026-09-13,,WORK,Fairweather Cabinetry,Valebrook National,Direct Bill,-6082.77,0.2,-1216.55,MCL-15
KC4965333,RWL,2026-11-23,12/04/2026,2027-12-04,CGL,"Underhill Landscaping, Corp",KEMWOOD CAS,Agency Bill,21433.55,10,2143.36,GBY-06
NS-851871,REW,2026-11-23,11/22/2026,2027-11-22,Work Comp,"Ashby Haulage, LLC",Northgate Specialty,AGENCY BILL,15651.59,10,1565.16,
PI-9967983,PCH,2026-11-24,2026-11-20,,GL,Trask Machine Works,Pelham Indemnity,Direct Bill,"5,279.91",12,633.59,HFN-11
SFM37808329,PCH,2026-11-24,11/24/2026,2027-02-25,General Liability,"Calloway Bakery, LLC",Stanwick Fire and Marine,Direct,"-$11,085.75",15,-1662.86,GBY-06
SFM43701039,endorsement,2026-11-25,2026-11-22,,BAUTO,"Wexler Electrical, Corp",Stanwick Fire & Marine,Direct Bill,9114.06,15,"$1,367.11",MCL-01
PI-8243699,PAB,2026-11-27,2026-09-19,,WORKERS COMPENSATION,"Trask Cabinetry, Inc",Pelham Indemnity Group,Agency,6040.42,12,724.85,TRW-02
VN269718219,Policy Change,2026-11-30,2026-11-22,,Personal Auto,Adaeze Adeyemi,Valebrook Nat'l,A,155.01,15,23.25,TRW-08
KC9089444,END,2026-12-01,2026-12-01,2027-01-07,Work Comp,"Boyne Foundry, Inc",KEMWOOD CAS,Agency,3369.89,15,505.48,TRW-08
PI-4496495,END,2026-12-02,2026-11-28,,Workers Comp,"Fairweather Plumbing & Heating, Co",Pelham Indemnity Group,Direct,6386.56,12.5,798.32,TRW-02
VN172181737,END,2026-12-10,2026-12-01,,Workers Comp,"Halvorsen Excavating, LLC",VALEBROOK NATL,Agency Bill,2619.35,20,$523.87,GBY-22
PI-8258609,PCH,2026-12-11,2026-12-06,2027-03-07,UMB,"Boyne Landscaping, Co",Pelham Indemnity,Agency Bill,-1740.89,10,-174.09,MCL-01
PI-7022799,Renewal,2026-12-11,12/29/2026,2027-12-29,Homeowners,Ingrid Thorne,Pelham Indemnity Group,Agency Bill,1748.47,15,262.27,TRW-02
VN376382480,PCH,2026-12-12,2026-12-07,2027-03-01,Comm Auto,"Marchetti Millwork, LLC",Valebrook National,AB,10313.15,12,1237.58,GBY-06
KC3272643,RWL,2026-12-12,2026-12-16,2027-12-16,BAUTO,"Standish Produce, LLC",Kemwood Casualty,Agency Bill,5497.43,,824.61,HFN-04
NS-407380,Policy Change,2026-12-14,2026-12-05,,BAUTO,Boyne Excavating,Northgate Specialty,AB,-5789.54,0.15,-$868.43,
KC9864090,END,2026-12-14,12/06/2026,2027-06-09,Comm Auto,"Delacroix Auto Body, LLC",Kemwood Casualty,DIRECT BILL,"$8,154.71",15,1223.21,HFN-11
VN376382480,PCH,2026-12-15,2026-12-09,,CAUTO,"Marchetti Millwork, LLC",Valebrook National,A,"-$5,074.18",12,-608.9,GBY-06
KC2779576,XLC,2026-12-16,2026-12-09,,Comm Prop,Ferraro Landscaping,KEMWOOD CAS,Agency,"-4,192.62",12.5%,-$524.08,GBY-06
NS-682103,Policy Change,2026-12-17,2026-12-11,2027-05-15,UMB,"Underhill Bakery, Inc",NORTHGATE SPEC,AB,6669.68,0.15,1000.45,TRW-08
NS-682103,Endorsement,2026-12-18,2026-12-13,2027-05-15,UMBR,"Underhill Bakery, Inc",Northgate Specialty,A,"-10,509.36",15,-1576.4,TRW-08
SFM59163534,PCH,2026-12-19,2026-12-12,2027-03-23,GL,"Renfro Fabrication, Ltd",Stanwick Fire & Marine,A,-2568.45,12.5,-321.06,GBY-06
AM-04069281,PCH,2026-12-21,2026-12-15,2027-03-15,Homeowners,Adaeze Sandoval,ARDSLEY MUTUAL INS CO,DB,-389.29,12,-46.71,TRW-08
SFM88352497,REN,2026-12-21,2027-01-04,01/04/2028,GL,"Ostrander Cold Storage, LLC",Stanwick Fire and Marine,A,50762.33,0.2,"$10,152.47",TRW-02
NS-049706,REN,2026-12-21,2026-12-22,2027-12-22,Comm Auto,"Bramble Haulage, Inc",Northgate Specialty Lines,Direct Bill,21782.29,0.12,"2,613.87",GBY-06
PI-0821547,END,2026-12-23,2026-12-17,,Work Comp,"Bramble Dairy, Corp",Pelham Indemnity Group,D,-501.31,15,-75.2,HFN-11
NS-543238,RWL,2026-12-28,01/11/2027,2028-01-11,WORKERS COMPENSATION,Nyquist Millwork,NORTHGATE SPEC,AB,"$15,838.14",15,"$2,375.72",TRW-08
VN033896556,END,2026-12-29,2026-12-27,2027-06-04,WORK,FERRARO PRINTING,Valebrook,DB,7095.68,15,1064.35,MCL-15
PI-2527603,Endorsement,2026-12-31,2026-12-25,,CPROP,Dupree Auto Body,Pelham Indemnity,Direct Bill,"-$1,108.45",15,-166.27,MCL-01
KC2779576,REI,2026-12-31,2026-12-26,2027-02-14,PROP,Ferraro Landscaping,Kemwood Casualty,Agency Bill,4192.62,,524.08,GBY-06
VN329113948,REN,2026-12-31,2027-01-06,2028-01-06,PAUTO,Amara Petrakis,Valebrook,Direct,2896.94,15,434.54,MCL-01
KC6814603,Renewal,2027-01-01,2027-01-10,2028-01-10,CPROP,"Boyne Machine Works, Corp",Kemwood Casualty,Direct Bill,48424.5,15,"7,263.68",GBY-06
SFM79489914,Policy Change,2027-01-02,2027-01-02,2027-07-01,BAUTO,"Halvorsen Roofing, Inc",Stanwick Fire and Marine,DB,753.78,10,75.38,MCL-15
SFM94999848,NRA,2027-01-03,2027-03-12,,Comm Auto,"Boyne Freight, Corp",Stanwick Fire and Marine,Direct Bill,$0.00,0.12,$0.00,GBY-22
KC1027895,Renew,2027-01-03,01/14/2027,01/14/2028,HO,"Rasmussen, Ingrid",KEMWOOD CAS,AB,2515.08,12,301.81,MCL-01
SFM09679669,Policy Change,2027-01-05,2026-12-30,,WC,"Kowalczyk Plumbing & Heating, LLC",Stanwick Fire & Marine,A,-7428.57,.175,-1300,MCL-01
KC4204142,PCH,2027-01-05,2027-01-04,2027-03-07,PROP,"Renfro Fabrication, Co",Kemwood Casualty,DIRECT BILL,-$950.24,20,-190.05,TRW-02
SFM43701039,Endorsement,2027-01-08,2027-01-02,2027-08-11,Auto,"Wexler Electrical, Corp",STANWICK F&M,D,"9,310.48",15,"$1,396.57",MCL-01
SFM58385555,REN,2027-01-10,01/13/2027,2028-01-13,CGL,"Boyne Millwork, Inc",Stanwick Fire and Marine,A,"$31,557.89",10,"3,155.79",HFN-04
KC7844848,PCH,2027-01-14,01/11/2027,2027-02-16,Personal Auto,Priya Sandoval,Kemwood,D,-436.26,0.1,-43.63,GBY-06
VN143773193,AUD,2027-01-15,2026-11-26,,Work Comp,"Halvorsen Bakery, LLC",Valebrook National,AB,10887.91,15,1633.19,TRW-02
VN421218214,RWL,2027-01-17,01/26/2027,2028-01-26,Personal Auto,Bartholomew Rasmussen,Valebrook,D,961.19,0.125,120.15,
KC5639249,Premium Audit,2027-01-18,2026-10-12,,WORK,"Bramble Contracting, Co",Kemwood Casualty,AB,"$13,088.35",12.5,1636.04,MCL-01
NS-448674,END,2027-01-19,2027-01-18,,Commercial Auto,"Rennick Auto Body, LLC",Northgate Specialty,AB,-13407.7,0.15,-2011.15,GBY-06
KC7077510,REN,2027-01-20,2027-01-26,01/26/2028,PAUTO,Josefa Bhattacharya,Kemwood Casualty,Direct Bill,921.07,15,138.16,HFN-11
NS-362057,PCH,2027-01-21,2027-01-21,,Comm Auto,"Arbogast Bakery, Co",Northgate Specialty Lines,Agency Bill,1571.1,17.5,274.94,TRW-02
VN807791927,RWL,2027-01-22,2027-01-29,2028-01-29,Personal Auto,"Rasmussen, Freya",Valebrook National,Direct Bill,"$2,780.82",20,556.16,
KC3272643,END,2027-01-22,2027-01-18,,Commercial Auto,"Standish Produce, LLC",Kemwood Casualty,AGENCY BILL,-$856.41,15,-128.46,HFN-04
NS-149141,PCH,2027-01-24,2027-01-22,2027-10-12,GL,Fairweather Fabrication,NORTHGATE SPEC,Direct Bill,-2993.97,17.5,-$523.94,GBY-06
PI-0428293,Renewal,2027-01-24,2027-02-06,2028-02-06,PROP,"Underhill Freight, LLC",Pelham Indemnity,A,"32,588.04",12.5,4073.51,TRW-02
SFM70975814,Renew,2027-01-24,01/26/2027,2028-01-26,CAUTO,"Ferraro Fabrication, LLC",Stanwick Fire & Marine,Agency,"$20,672.75",0.12,"$2,480.73",MCL-15
SFM43292813,CAN,2027-01-31,01/30/2027,,Personal Auto,Beatriz Guerrero,STANWICK F&M,DB,-65.99,10,-6.6,GBY-06
PI-5980246,NRA,2027-01-31,04/01/2027,,Commercial Auto,"Petrossian Machine Works, LLC",Pelham Indemnity,AB,0,17.5,0,GBY-22
VN329113948,Endorsement,2027-02-01,2027-01-23,2028-01-06,Auto,Amara Petrakis,Valebrook National,D,-498.89,15,-74.83,MCL-01
KC0823088,PCH,2027-02-02,2027-01-25,2027-03-08,WORKERS COMPENSATION,"Renfro Cabinetry, LLC",KEMWOOD CAS,AB,"$11,638.15",0.12,"$1,396.58",MCL-01
PI-9685329,PCH,2027-02-02,02/02/2027,2027-10-27,General Liability,"Dupree Fabrication, LLC",Pelham Indemnity,Agency,185.96,10,18.6,
PI-2527603,REN,2027-02-07,2027-02-09,02/09/2028,CPROP,Dupree Auto Body,Pelham Indemnity Group,DB,19051.14,15,2857.67,MCL-01
SFM37808329,RWL,2027-02-07,2027-02-25,2028-02-25,GL,"Calloway Bakery, LLC",Stanwick Fire & Marine,Direct Bill,66061.13,15,"9,909.17",GBY-06
KC4296054,PCH,2027-02-08,2027-02-08,2027-07-13,CPROP,Rennick Freight,Kemwood Casualty,DB,323.71,10,32.37,HFN-04
VN071133188,REN,2027-02-08,2027-02-15,2028-02-15,Gen Liab,Standish Electrical,Valebrook,Agency,56307.88,17.5,9853.88,TRW-08
SFM43292813,Reinstate,2027-02-13,2027-02-15,2027-03-22,Auto,Beatriz Guerrero,STANWICK F&M,D,65.99,10,6.6,GBY-06
SFM51027869,REN,2027-02-14,2027-02-15,2028-02-15,CGL,"Trask Bakery, LLC",Stanwick Fire & Marine,D,13956.3,17.5,"2,442.35",TRW-02
VN376382480,RWL,2027-02-14,2027-03-01,2028-02-29,Comm Auto,"Marchetti Millwork, LLC",Valebrook,Agency Bill,65674.25,12,7880.91,GBY-06
PI-2304482,Premium Audit,2027-02-14,2026-12-08,,WC,"Wexler Cold Storage, Inc",Pelham Ind.,A,"$6,109.46",15,916.42,MCL-15
SFM49730754,Policy Change,2027-02-17,2027-02-12,,PROP,"Bramble Printing, Ltd",Stanwick Fire & Marine,Agency,$887.51,12,106.5,TRW-08
AM-72563690,PCH,2027-02-17,2027-02-16,,Comm Umbrella,"Kessler Roofing, LLC",ARDSLEY MUTUAL INS CO,Agency Bill,2481.85,12%,297.82,TRW-08
VN911846037,REN,2027-02-18,2027-02-19,2028-02-19,BAUTO,Bramble Cabinetry,Valebrook National,A,"$28,206.56",10,"2,820.66",TRW-02
NS-851871,Audit,2027-02-18,2026-11-22,,WORK,"Ashby Haulage, LLC",NORTHGATE SPEC,Agency Bill,-1330.86,10,-133.09,TRW-08
KC2252474,END,2027-02-18,2027-02-18,2027-06-12,GL,Marchetti Foundry,KEMWOOD CAS,A,2462.12,.15,369.32,GBY-22
NS-054810,PAB,2027-02-20,2026-10-29,,Work Comp,"Dupree Cabinetry, Co",Northgate Specialty Lines,AB,"-3,895.41",.125,-486.93,MCL-15
NS-811413,Renew,2027-02-22,02/28/2027,2028-02-28,Comm Auto,"Ashby Printing, LLC",Northgate Specialty Lines,AB,67194.3,12,"$8,063.32",TRW-02
SFM10953232,RWL,2027-02-22,2027-03-12,2028-03-11,Commercial Auto,"Nyquist Haulage, LLC",Stanwick Fire and Marine,Agency Bill,14771.43,.12,"$1,772.57",
KC6394210,REN,2027-02-23,2027-02-23,2028-02-23,Auto,Noor Lindgren,Kemwood Casualty Co,Direct Bill,2863.96,10,286.40,GBY-22
PI-9967983,Renewal,2027-02-24,2027-03-06,2028-03-05,GL,Trask Machine Works,Pelham Indemnity Group,DB,64724.34,12,7766.92,HFN-11
KC0823088,RWL,2027-02-26,2027-03-08,2028-03-07,Work Comp,"Renfro Cabinetry, LLC",KEMWOOD CAS,Agency,69750.69,12,8370.08,MCL-01
VN935476750,REN,2027-02-27,2027-03-04,2028-03-03,CGL,"Petrossian Auto Body, Corp",VALEBROOK NATL,AB,"$39,067.50",15,"5,860.13",MCL-15
VN025350399,PCH,2027-03-01,2027-03-01,,Workers Comp,"Ostrander Produce, LLC",Valebrook National,Agency Bill,2932.97,12,351.96,MCL-01
NS-890029,RWL,2027-03-01,2027-03-16,2028-03-15,BAUTO,Trask Haulage,NORTHGATE SPEC,AB,17399,10,1739.9,GBY-22
KC9089444,PAB,2027-03-02,2027-01-07,,WORK,"Boyne Foundry, Inc",KEMWOOD CAS,Agency,3680,15,552,
KC6081013,PCH,2027-03-02,2027-02-26,2027-05-25,Commercial Auto,"Rennick Roofing, LLC",KEMWOOD CAS,Direct,$964.47,0.175,168.78,
NS-682740,REW,2027-03-03,2027-02-19,2028-02-19,PAUTO,Ingrid Oyelaran,Northgate Specialty,DB,2922.15,10,292.22,MCL-01
NS-795288,Audit,2027-03-04,2027-01-14,,WORKERS COMPENSATION,Dupree Excavating,NORTHGATE SPEC,D,"$11,191.65",12,"$1,343.00",HFN-04
PI-1270836,Renewal,2027-03-04,2027-03-05,2028-03-04,HOME,Bartholomew Castellanos,Pelham Indemnity,D,512.28,0.2,102.46,GBY-22
SFM59163534,RWL,2027-03-05,2027-03-23,2028-03-22,Gen Liab,"Renfro Fabrication, Ltd",Stanwick Fire & Marine,Agency Bill,47724.1,12.5,5965.51,GBY-06
VN424249654,Endorsement,2027-03-10,2027-03-10,2027-03-31,CGL,"Bramble Welding, Co",VALEBROOK NATL,A,"-1,004.35",0.12,-120.52,
PI-0345778,PCH,2027-03-17,2027-03-13,,WORKERS COMPENSATION,"Kowalczyk Produce, LLC",Pelham Indemnity Group,A,"-$1,321.31",10%,-132.13,MCL-15
KC5488737,endorsement,2027-03-19,03/15/2027,2027-08-07,Comm Prop,"Boyne Millwork, LLC",Kemwood,AB,-1559.08,12,-187.09,HFN-11
PI-5590287,PCH,2027-03-22,03/21/2027,2027-05-29,PROP,"Nyquist Freight, Ltd",PELHAM IND,Agency Bill,1605.01,10,160.5,
KC8631460,AUD,2027-03-25,2027-01-20,,Workers Comp,"Delacroix Contracting, Inc",Kemwood,Direct Bill,-2069.68,10%,-206.97,MCL-01
AM-83900656,Endorsement,2027-03-26,2027-03-19,,Work Comp,RENNICK ROOFING CORP,Ardsley Mutual,A,"2,410.63",,289.28,MCL-15
VN424249654,RWL,2027-03-29,2027-03-31,03/30/2028,CGL,"Bramble Welding, Co",Valebrook National,AB,"$47,634.44",12,5716.13,
AM-69651506,endorsement,2027-03-29,2027-03-21,2027-11-19,HO3,"Guerrero, Yolanda",Ardsley Mutual,D,-388.59,0.175,-$68.00,TRW-02
NS-178123,Non-Renewal,2027-03-29,2027-06-03,,GL,Fairweather Landscaping,Northgate Specialty,A,$0.00,10,0,GBY-22
AM-37211964,XLC,2027-03-31,03/30/2027,,Personal Auto,Osman Aldridge,ARDSLEY MUTUAL INS CO,DB,"-$1,104.91",10,-110.49,HFN-11
VN680433614,RWL,2027-03-31,2027-04-01,2028-03-31,WC,"Boyne Millwork, LLC",VALEBROOK NATL,DB,8491.04,17.5,1485.93,GBY-06
KC9439020,AUD,2027-04-03,2026-12-21,,Workers Comp,"Tolliver Produce, Ltd",Kemwood,Agency Bill,"$6,625.78",12,$795.09,HFN-11
NS-362057,XLC,2027-04-04,2027-03-26,,CAUTO,"Arbogast Bakery, Co",NORTHGATE SPEC,Agency Bill,-2466.54,17.5,-$431.64,TRW-02
AM-37211964,endorsement,2027-04-08,04/02/2027,,Personal Auto,Osman Aldridge,ARDSLEY MUTUAL INS CO,DIRECT BILL,160.60,10,16.06,HFN-11
NS-893231,Policy Change,2027-04-08,2027-04-01,,Commercial Auto,"Wexler Excavating, Co",Northgate Specialty,DB,"-9,704.12",,-970.41,HFN-04
KC4758763,Renew,2027-04-13,2027-04-26,04/25/2028,CPROP,"Ashby Millwork, LLC",KEMWOOD CAS,Agency,69692.29,15,10453.84,GBY-06
SFM43975110,END,2027-04-16,2027-04-10,2027-06-01,GL,UNDERHILL AUTO BODY LLC,Stanwick F & M,DB,-8758.66,10,-875.87,TRW-08
AM-44597277,Renewal,2027-04-16,04/18/2027,04/17/2028,CAUTO,"Renfro Printing, LLC",Ardsley Mutual Insurance Company,AB,"19,371.77",10,"1,937.18",MCL-15
KC6309188,Policy Change,2027-04-17,04/08/2027,2027-07-10,WORK,ARBOGAST AUTO BODY LLC,Kemwood,DB,6494.57,15,$974.19,
SFM36750713,Audit,2027-04-18,2027-01-27,,WORK,"Marchetti Cabinetry, Inc",Stanwick Fire & Marine,DB,"$2,950.54",12,$354.06,GBY-22
KC0099920,endorsement,2027-04-20,2027-04-15,,CAUTO,"Lindqvist Printing, Inc",Kemwood,D,"-2,300.71",15%,-345.11,GBY-06
AM-37211964,REI,2027-04-20,2027-04-18,2027-10-01,Personal Auto,Osman Aldridge,Ardsley Mut,D,1104.91,0.1,110.49,HFN-11
AM-02158373,PCH,2027-04-24,2027-04-17,,CPROP,"Tolliver Contracting, LLC",Ardsley Mutual Insurance Company,DB,12733.6,10,"1,273.36",TRW-02
VN860746249,RWL,2027-04-24,2027-05-04,2028-05-03,CPROP,"Wexler Dairy, Corp",Valebrook National,Agency,"37,058.21",,5558.73,MCL-15
SFM37808329,endorsement,2027-04-27,2027-04-22,2028-02-25,CGL,"Calloway Bakery, LLC",Stanwick F & M,D,-11102.66,15,"-1,665.40",GBY-06
SFM60462661,Endorsement,2027-04-27,2027-04-18,,PAUTO,Amara Castellanos,Stanwick Fire & Marine,Direct Bill,$436.34,12%,52.36,TRW-08
SFM59163534,PCH,2027-04-30,2027-04-23,2028-03-22,CGL,"Renfro Fabrication, Ltd",Stanwick Fire & Marine,Agency Bill,7963.08,12.5,995.39,GBY-06
KC0823088,Audit,2027-05-01,2027-03-08,,Workers Comp,"Renfro Cabinetry, LLC",KEMWOOD CAS,Agency Bill,"-10,026.20",.12,-1203.14,MCL-01
KC4965333,Endorsement,2027-05-01,04/28/2027,2027-12-04,GL,"Underhill Landscaping, Corp",Kemwood Casualty Co,A,"-$3,029.63",.1,-302.96,GBY-06
VN680433614,Policy Change,2027-05-01,04/26/2027,,WC,"Boyne Millwork, LLC",Valebrook National,Direct,-$204.53,17.5,-$35.79,
NS-893231,RWL,2027-05-02,2027-05-09,2028-05-08,BAUTO,"Wexler Excavating, Co",Northgate Specialty,D,75720.08,10,7572.01,HFN-04
AM-37211964,Endorsement,2027-05-03,2027-05-03,2027-10-01,Personal Auto,Osman Aldridge,Ardsley Mutual,DB,-$311.86,,-31.19,HFN-11
VN172181737,RWL,2027-05-12,05/15/2027,2028-05-14,WC,"Halvorsen Excavating, LLC",Valebrook,AB,83882.08,20,16776.42,GBY-22
AM-34421217,endorsement,2027-05-13,2027-05-13,2027-07-09,Comm Prop,"Halvorsen Landscaping, LLC",ARDSLEY MUTUAL INS CO,D,1701.66,15%,255.25,GBY-06
PI-3926801,Policy Change,2027-05-14,2027-05-10,2027-10-02,Gen Liab,"Kowalczyk Freight, Corp",PELHAM IND,AB,$968.98,15,145.35,HFN-04
NS-448674,PCH,2027-05-14,2027-05-08,,Auto,"Rennick Auto Body, LLC",NORTHGATE SPEC,Agency Bill,"-$12,308.08",.15,-1846.21,GBY-06
KC9864090,Cancellation,2027-05-15,2027-05-03,,Commercial Auto,"Delacroix Auto Body, LLC",Kemwood Casualty,Direct,"-$7,428.75",.15,"-$1,114.31",HFN-11
VN117189056,RWL,2027-05-15,2027-05-21,2028-05-20,Gen Liab,DUPREE FREIGHT LTD,Valebrook Nat'l,D,"$13,550.59",10,1355.06,TRW-02
VN377092888,Renew,2027-05-16,2027-05-18,2028-05-17,Workers Comp,"Lindqvist Foundry, LLC",Valebrook National,Direct Bill,49449.11,15,"7,417.37",TRW-02
KC2252474,PCH,2027-05-17,2027-05-08,,Gen Liab,Marchetti Foundry,Kemwood Casualty Co,Agency,-2653.36,15,-398,GBY-22
PI-2527603,XLC,2027-05-21,2027-05-17,,CPROP,Dupree Auto Body,Pelham Indemnity,Direct,"-$13,988.23",15,-2098.23,MCL-01
SFM58385555,Endorsement,2027-05-23,2027-05-18,,CGL,"Boyne Millwork, Inc",STANWICK F&M,AGENCY BILL,858.95,10,85.9,HFN-04
AM-10696476,RWL,2027-05-25,2027-05-30,2028-05-29,BAUTO,"Boyne Contracting, Inc",Ardsley Mutual,A,19060.89,15,"2,859.13",HFN-04
AM-37211964,Endorsement,2027-05-27,2027-05-24,,Personal Auto,Osman Aldridge,Ardsley Mut,D,373.75,10,37.38,
PI-0821547,PAB,2027-05-29,2027-03-04,,Workers Comp,"Bramble Dairy, Corp",Pelham Indemnity,DIRECT BILL,-1099.22,,-164.88,HFN-11
AM-90977648,REN,2027-06-01,06/11/2027,06/10/2028,PROP,"Ostrander Millwork, Co",Ardsley Mutual Insurance Company,D,4967.71,15,745.16,GBY-22
SFM03944926,RWL,2027-06-02,2027-06-16,2028-06-15,General Liability,"Boyne Dairy, Inc",Stanwick Fire & Marine,Direct Bill,64456.92,12.5,8057.12,
AM-35923862,PAB,2027-06-02,2027-03-02,,WORK,Marchetti Produce,Ardsley Mut,Direct,2693.79,20,$538.76,
NS-690349,RWL,2027-06-07,2027-06-21,2028-06-20,CAUTO,Ferraro Printing,NORTHGATE SPEC,DIRECT BILL,52728.96,,"5,272.90",GBY-22
KC4296054,Endorsement,2027-06-08,06/02/2027,2027-07-13,PROP,Rennick Freight,KEMWOOD CAS,Direct Bill,-551.21,10,-55.12,HFN-04
KC2252474,Renewal,2027-06-08,2027-06-12,2028-06-11,CGL,MARCHETTI FOUNDRY,Kemwood Casualty,A,17198.93,15,2579.84,GBY-22
VN680433614,Audit,2027-06-14,2027-04-01,,Work Comp,"Boyne Millwork, LLC",Valebrook Nat'l,DIRECT BILL,"-$1,620.86",17.5,-283.65,GBY-06
VN860746249,Cancel,2027-06-19,2027-06-17,,PROP,"Wexler Dairy, Corp",Valebrook,Agency,"-32,590.92",,"-4,888.64",MCL-15
VN071133188,Endorsement,2027-06-21,2027-06-21,,General Liability,Standish Electrical,Valebrook,A,3713.07,17.5,649.79,TRW-08
KC6814603,XLC,2027-06-23,2027-06-14,,CPROP,"Boyne Machine Works, Corp",Kemwood Casualty,D,"-$27,860.67",15,"-4,179.10",GBY-06
KC6309188,RWL,2027-06-27,2027-07-10,2028-07-09,WC,"Arbogast Auto Body, LLC",KEMWOOD CAS,Direct Bill,"$45,107.89",0.15,6766.18,
VN377092888,PAB,2027-07-01,2027-05-18,,WORK,"Lindqvist Foundry, LLC",VALEBROOK NATL,Direct,-7368.72,15,"-$1,105.31",TRW-02
PI-0345778,PAB,2027-07-11,2027-04-14,,Work Comp,"Kowalczyk Produce, LLC",Pelham Indemnity Group,Agency Bill,-4760.12,10,-476.01,MCL-15
PI-9967983,Cancel,2027-07-15,2027-07-09,,CGL,Trask Machine Works,Pelham Indemnity Group,D,"-$42,558.47",,-5107.02,HFN-11
SFM43701039,Policy Change,2027-07-20,2027-07-17,,BAUTO,"Wexler Electrical, Corp",Stanwick Fire and Marine,Direct Bill,"$9,025.39",15,"1,353.81",MCL-01
KC3272643,Endorsement,2027-07-20,07/13/2027,,Auto,"Standish Produce, LLC",KEMWOOD CAS,Agency Bill,-$981.52,15,-147.23,HFN-04
PI-4496495,Audit,2027-07-23,2027-04-05,,WC,"Fairweather Plumbing & Heating, Co",Pelham Indemnity,Direct Bill,-7991.94,12.5,-998.99,TRW-02
NS-543238,END,2027-07-25,2027-07-18,2028-01-11,WORK,Nyquist Millwork,Northgate Specialty,AB,1393.99,15,209.1,TRW-08
VN376382480,endorsement,2027-08-03,2027-08-02,2028-02-29,BAUTO,"Marchetti Millwork, LLC",Valebrook Nat'l,Agency Bill,-4457.55,12,-534.91,GBY-06
KC1027895,PCH,2027-08-03,07/25/2027,2028-01-14,Homeowners,Ingrid Rasmussen,Kemwood,Agency Bill,$178.74,12,21.45,MCL-01
VN117189056,XLC,2027-08-08,2027-07-31,,GL,"Dupree Freight, Ltd",Valebrook National,Direct,-10914.72,10,-1091.47,TRW-02
KC5639249,NON RENEW,2027-08-09,2027-10-12,,WORK,"Bramble Contracting, Co",Kemwood,Agency Bill,0,12.5,0,MCL-01
VN935476750,PCH,2027-08-09,2027-08-08,,GL,"Petrossian Auto Body, Corp",Valebrook National,AB,6545.05,15,981.76,MCL-15
KC4965333,Cancellation,2027-08-12,2027-08-06,,CGL,"Underhill Landscaping, Corp",Kemwood Casualty,AB,-7046.65,10%,-704.66,GBY-06
PI-1270836,PCH,2027-08-18,2027-08-15,2028-03-04,HOME,Bartholomew Castellanos,Pelham Indemnity Group,D,77.02,0.2,15.4,GBY-22
VN117189056,REI,2027-08-18,2027-08-27,2028-05-20,GL,"Dupree Freight, Ltd",VALEBROOK NATL,Direct,"10,914.72",10,"$1,091.47",TRW-02
KC4965333,REI,2027-08-22,2027-08-25,2027-12-04,General Liability,"Underhill Landscaping, Corp",Kemwood Casualty Co,AB,"7,046.65",10,704.67,GBY-06
KC7077510,Policy Change,2027-08-25,2027-08-17,2028-01-26,Auto,Josefa Bhattacharya,Kemwood Casualty,Direct Bill,-26.71,15,-4.01,HFN-11
KC1153023,REW,2027-08-27,2027-08-08,2028-08-07,CAUTO,"Halvorsen Landscaping, Co",Kemwood Casualty,D,"35,960.21",12,4315.23,HFN-11
SFM09679669,RWL,2027-09-11,2027-09-13,09/12/2028,WORK,"Kowalczyk Plumbing & Heating, LLC",Stanwick Fire and Marine,AB,65740.08,17.5,11504.51,MCL-01
KC5639249,END,2027-09-11,2027-09-05,2027-10-12,Workers Comp,"Bramble Contracting, Co",KEMWOOD CAS,AGENCY BILL,-2584.21,.125,-$323.03,
KC5639249,PCH,2027-09-15,2027-09-11,,WC,"Bramble Contracting, Co",Kemwood Casualty,Agency Bill,"-$2,196.98",12.5,-$274.62,MCL-01
VN421218214,END,2027-09-16,2027-09-15,2028-01-26,PAUTO,"Rasmussen, Bartholomew",Valebrook Nat'l,Direct Bill,$104.27,12.5,13.03,HFN-11
PI-7022799,endorsement,2027-09-20,2027-09-16,2027-12-29,HOME,Ingrid Thorne,Pelham Indemnity,Agency Bill,$148.62,0.15,22.29,TRW-02
KC2252474,Endorsement,2027-09-25,09/16/2027,,General Liability,Marchetti Foundry,Kemwood,AGENCY BILL,749.61,15,112.44,GBY-22
PI-3926801,Rewrite,2027-10-03,2027-10-02,10/01/2028,CGL,"Kowalczyk Freight, Corp",Pelham Ind.,A,10744.5,0.15,"1,611.68",HFN-04
KC4758763,Policy Change,2027-10-04,2027-09-25,,PROP,"Ashby Millwork, LLC",Kemwood Casualty,A,4634.67,15,$695.20,GBY-06
VN376382480,CAN,2027-10-14,2027-10-03,,BAUTO,"Marchetti Millwork, LLC",Valebrook National,Agency Bill,"-26,809.49",12,-3217.14,GBY-06
VN329113948,Policy Change,2027-10-19,2027-10-16,,Personal Auto,Amara Petrakis,Valebrook Nat'l,Direct Bill,76.96,15,11.54,
PI-9685329,REN,2027-10-22,2027-10-27,2028-10-26,General Liability,"Dupree Fabrication, LLC",PELHAM IND,A,"$6,357.58",0.1,$635.76,TRW-08
SFM58385555,Policy Change,2027-10-26,2027-10-20,2028-01-13,GL,"Boyne Millwork, Inc",Stanwick Fire & Marine,AB,-4138.85,10,-413.89,HFN-04
NS-867070,PAB,2027-10-31,2027-07-10,,Work Comp,Standish Machine Works,NORTHGATE SPEC,A,-1043.7,12,-125.24,TRW-08
KC3272643,Cancellation,2027-11-01,2027-10-21,,CAUTO,"Standish Produce, LLC",Kemwood,Agency Bill,-843.44,15,-126.52,HFN-04
KC6309188,AUD,2027-11-04,07/10/2027,,WORK,"Arbogast Auto Body, LLC",Kemwood Casualty Co,Direct Bill,-3507.26,15,-$526.09,HFN-04
VN329113948,endorsement,2027-11-05,10/28/2027,2028-01-06,PPA,Amara Petrakis,Valebrook Nat'l,Direct Bill,$178.09,15,$26.71,MCL-01
KC4965333,RWL,2027-11-17,2027-12-04,2028-12-03,CGL,UNDERHILL LANDSCAPING CORP,Kemwood Casualty,Agency,23253.89,10,2325.39,GBY-06
NS-107783,Premium Audit,2027-11-20,2027-10-04,,WC,"Calloway Millwork, Ltd",Northgate Specialty Lines,Agency,-1692,15,-253.8,HFN-04
VN197290074,RWL,2027-11-23,2027-11-29,2028-11-28,General Liability,"Rennick Printing, Inc",Valebrook National,A,76401.52,.15,"11,460.23",TRW-02
PI-3210456,REW,2027-11-25,2027-11-23,2028-11-22,Homeowners,Rutger Petrakis,Pelham Ind.,DB,"1,788.55",0.15,268.28,TRW-08
KC2252474,CAN,2027-11-30,2027-11-20,,CGL,Marchetti Foundry,Kemwood,Agency Bill,"-$9,612.55",15,-1441.88,GBY-22
AM-10696476,XLN,2027-11-30,11/24/2027,,CAUTO,"Boyne Contracting, Inc",ARDSLEY MUTUAL INS CO,AGENCY BILL,-9765.44,0.15,-1464.82,HFN-04
KC0823088,Endorsement,2027-12-04,12/04/2027,,Workers Comp,RENFRO CABINETRY LLC,Kemwood Casualty,Agency Bill,"$6,731.38",,$807.77,
KC0823088,END,2027-12-10,2027-12-10,03/07/2028,WORK,"Renfro Cabinetry, LLC",Kemwood Casualty Co,Agency Bill,-8275.35,12,-993.04,MCL-01
VN329113948,Cancellation,2027-12-13,2027-12-03,,PAUTO,Amara Petrakis,Valebrook Nat'l,DB,-269.85,15,-40.48,MCL-01
PI-7022799,RWL,2027-12-17,12/29/2027,12/28/2028,HOME,"Thorne, Ingrid",Pelham Indemnity Group,A,1982.47,15,297.37,TRW-02
SFM70975814,XLN,2027-12-21,2027-12-10,,Commercial Auto,"Ferraro Fabrication, LLC",Stanwick Fire & Marine,Agency,-2661.97,12,-319.44,MCL-15
VN172181737,END,2027-12-26,2027-12-18,,WORKERS COMPENSATION,"Halvorsen Excavating, LLC",Valebrook National,Agency,-6703.61,20,-1340.72,GBY-22
SFM58385555,RWL,2027-12-30,2028-01-13,2029-01-12,GL,"Boyne Millwork, Inc",Stanwick Fire & Marine,Agency Bill,37129.34,0.1,3712.93,HFN-04
SFM88352497,RWL,2028-01-02,2028-01-04,2029-01-03,CGL,"Ostrander Cold Storage, LLC",STANWICK F&M,A,60650.72,20,12130.14,TRW-02
SFM09679669,Audit,2028-01-04,2027-09-13,,Work Comp,"Kowalczyk Plumbing & Heating, LLC",Stanwick Fire and Marine,Agency Bill,"$13,130.81",17.5,"$2,297.89",
PI-2527603,Endorsement,2028-01-05,2027-12-28,2028-02-09,PROP,Dupree Auto Body,Pelham Indemnity,DB,"2,579.46",15,386.92,MCL-01
VN329113948,REI,2028-01-11,2027-12-25,2028-01-06,Personal Auto,Amara Petrakis,Valebrook Nat'l,D,269.85,15,40.48,MCL-01
VN680433614,endorsement,2028-01-14,2028-01-06,03/31/2028,WC,"Boyne Millwork, LLC",Valebrook Nat'l,Direct Bill,-1379.26,17.5,-241.37,GBY-06
VN935476750,endorsement,2028-01-17,2028-01-15,,Gen Liab,"Petrossian Auto Body, Corp",Valebrook National,Agency,"$4,174.54",.15,626.18,MCL-15
PI-0428293,RWL,2028-01-19,2028-02-06,2029-02-05,PROP,"Underhill Freight, LLC",Pelham Indemnity,AB,39146.99,.125,4893.37,TRW-02
PI-9685329,PCH,2028-01-19,2028-01-13,10/26/2028,Gen Liab,"Dupree Fabrication, LLC",Pelham Indemnity,AGENCY BILL,128.32,10,12.83,TRW-08
NS-690349,endorsement,2028-01-20,2028-01-17,,CAUTO,Ferraro Printing,Northgate Specialty Lines,Direct Bill,"-$3,488.83",10,-348.88,GBY-22
KC7077510,REN,2028-01-20,2028-01-26,2029-01-25,Personal Auto,Josefa Bhattacharya,Kemwood Casualty Co,Direct,1061.15,15,159.17,HFN-11
KC6394210,Renew,2028-02-05,2028-02-23,2029-02-22,Auto,Noor Lindgren,Kemwood Casualty,DIRECT BILL,3304.47,.1,330.45,GBY-22
KC0823088,Endorsement,2028-02-11,2028-02-07,2028-03-07,Work Comp,"Renfro Cabinetry, LLC",Kemwood Casualty,Agency Bill,2131.44,12,255.77,MCL-01
VN424249654,NON RENEW,2028-02-11,03/30/2028,,CGL,"Bramble Welding, Co",Valebrook,A,0,12,$0.00,MCL-01
VN911846037,Renew,2028-02-19,2028-02-19,2029-02-18,Commercial Auto,BRAMBLE CABINETRY,Valebrook National,AGENCY BILL,30209.06,10,3020.91,TRW-02
VN935476750,Renewal,2028-02-23,2028-03-03,03/03/2029,CGL,"Petrossian Auto Body, Corp",Valebrook National,A,"41,711.00",15,"$6,256.65",MCL-15
SFM10953232,RWL,2028-02-25,2028-03-11,2029-03-11,CAUTO,"Nyquist Haulage, LLC",STANWICK F&M,Agency,"$16,013.51",12,1921.62,MCL-15
AM-90977648,PCH,2028-02-28,02/19/2028,2028-06-10,CPROP,OSTRANDER MILLWORK CO,ardsley mutual,Direct,$752.09,15,112.81,GBY-22
NS-690349,CAN,2028-03-03,02/26/2028,,Commercial Auto,Ferraro Printing,NORTHGATE SPEC,Direct Bill,-16613.23,10,"-$1,661.32",GBY-22
KC0823088,RWL,2028-03-05,03/07/2028,2029-03-07,Workers Comp,"Renfro Cabinetry, LLC",Kemwood,A,70202.41,12,8424.29,MCL-01
VN197290074,END,2028-03-08,2028-03-04,,General Liability,"Rennick Printing, Inc",Valebrook,Agency,"$8,356.76",,1253.51,TRW-02
AM-10696476,PCH,2028-03-12,03/10/2028,2028-05-29,CAUTO,"Boyne Contracting, Inc",ARDSLEY MUTUAL INS CO,A,"$3,577.56",15,536.63,HFN-04
VN197290074,PCH,2028-04-17,2028-04-08,2028-11-28,GL,"Rennick Printing, Inc",Valebrook National,AGENCY BILL,"7,453.47",15,1118.02,TRW-02
KC6309188,Cancellation,2028-04-18,2028-04-14,,WORK,"Arbogast Auto Body, LLC",Kemwood Casualty Co,DIRECT BILL,-10628.16,15,-1594.22,HFN-04
KC0823088,AUD,2028-04-29,2028-03-07,,WORK,"Renfro Cabinetry, LLC",Kemwood Casualty,Agency Bill,14510.76,12,"$1,741.29",MCL-01
NS-543238,AUD,2028-05-02,01/11/2028,,Work Comp,Nyquist Millwork,NORTHGATE SPEC,Agency Bill,"1,943.24",15,291.49,TRW-08
KC4758763,REW,2028-05-04,2028-04-25,2029-04-25,CPROP,"Ashby Millwork, LLC",Kemwood Casualty,A,60205.77,15,9030.87,GBY-06
VN377092888,RWL,2028-05-06,2028-05-17,05/17/2029,WC,"Lindqvist Foundry, LLC",Valebrook National,Direct,"$50,981.61",0.15,7647.24,TRW-02
NS-893231,RWL,2028-05-06,2028-05-08,2029-05-08,BAUTO,"Wexler Excavating, Co",Northgate Specialty Lines,D,74672.24,.1,"7,467.22",HFN-04
KC0823088,endorsement,2028-05-08,2028-05-01,2029-03-07,WORK,"Renfro Cabinetry, LLC",Kemwood,A,-4957.68,12,-$594.92,MCL-01
SFM09679669,Policy Change,2028-05-09,2028-04-30,,Workers Comp,"Kowalczyk Plumbing & Heating, LLC",Stanwick F & M,A,"8,643.29",17.5,1512.58,MCL-01
VN680433614,PAB,2028-05-14,2028-03-31,,Workers Comp,"Boyne Millwork, LLC",Valebrook,DIRECT BILL,1418,17.5,248.15,GBY-06
PI-9685329,END,2028-06-13,2028-06-11,,Gen Liab,"Dupree Fabrication, LLC",Pelham Indemnity Group,A,"-1,053.18",10,-105.32,TRW-08
NS-893231,XLC,2028-06-18,2028-06-08,,CAUTO,"Wexler Excavating, Co",Northgate Specialty,DB,-68330.21,10,-6833.02,HFN-04
KC6394210,CAN,2028-06-23,2028-06-15,,Personal Auto,Noor Lindgren,Kemwood Casualty,Direct Bill,"-2,281.44",0.1,-$228.14,GBY-22
KC6394210,Reinstate,2028-07-05,2028-07-12,2029-02-22,PAUTO,Noor Lindgren,KEMWOOD CAS,Direct,2281.44,.1,228.14,GBY-22
VN172181737,Audit,2028-07-10,2028-05-14,,Workers Comp,"Halvorsen Excavating, LLC",Valebrook,Agency,8162.12,20,1632.42,GBY-22
NS-893231,REI,2028-07-15,2028-07-08,2029-05-08,CAUTO,"Wexler Excavating, Co",Northgate Specialty,Direct Bill,"68,330.21",,"$6,833.02",HFN-04
PI-0428293,END,2028-07-23,2028-07-16,2029-02-05,Commercial Property,"Underhill Freight, LLC",Pelham Indemnity Group,Agency,6162.89,12.5,770.36,TRW-02
SFM09679669,PCH,2028-08-20,2028-08-13,2028-09-12,WORK,"Kowalczyk Plumbing & Heating, LLC",Stanwick Fire and Marine,Agency,10938.61,17.5,"1,914.26",MCL-01
VN377092888,PAB,2028-09-01,2028-05-17,,WORK,"Lindqvist Foundry, LLC",VALEBROOK NATL,Direct,"-7,343.22",15,-1101.48,TRW-02
KC0823088,PCH,2028-09-10,2028-09-09,2029-03-07,WORK,RENFRO CABINETRY LLC,Kemwood Casualty,A,11922.81,12,"$1,430.74",MCL-01
KC4965333,Endorsement,2028-09-18,2028-09-13,2028-12-03,General Liability,"Underhill Landscaping, Corp",Kemwood Casualty,Agency Bill,"-$3,166.33",10,-316.63,GBY-06
KC6309188,Audit,2028-09-23,2028-07-09,,Workers Comp,"Arbogast Auto Body, LLC",Kemwood Casualty,Direct Bill,8705.46,15%,1305.82,HFN-04
SFM09679669,AUD,2028-10-17,2028-09-12,,WC,"Kowalczyk Plumbing & Heating, LLC",Stanwick Fire & Marine,AB,"$14,378.72",17.5,"$2,516.28",MCL-01
SFM58385555,NRA,2028-11-08,2029-01-12,,GL,"Boyne Millwork, Inc",Stanwick F & M,A,0,10,0.00,HFN-04
PI-0428293,PCH,2028-11-30,11/25/2028,2029-02-05,Comm Prop,"Underhill Freight, LLC",Pelham Ind.,A,"6,436.20",12.5,$804.53,TRW-02
VN911846037,Cancellation,2028-12-12,2028-12-04,,BAUTO,Bramble Cabinetry,Valebrook National,Agency,"-$6,290.11",10,-629.01,TRW-02
NS-893231,Policy Change,2029-03-22,2029-03-14,,CAUTO,"Wexler Excavating, Co",Northgate Specialty Lines,DIRECT BILL,5654.96,10,565.5,HFN-04
KC0823088,PAB,2029-04-06,2029-03-07,,WC,"Renfro Cabinetry, LLC",KEMWOOD CAS,A,"-11,552.22",12,-1386.27,
VN377092888,PAB,2029-07-25,2029-05-17,,Work Comp,"Lindqvist Foundry, LLC",Valebrook National,Direct Bill,9630.2,15,"$1,444.53",TRW-02
